date,symbol,price,position,gross_return,cost,net_return,turnover
2019-01-02,ES=F,2511.0,0.0,0.0,0.0,0.0,0.0
2019-01-03,ES=F,2447.75,0.0,-0.0,0.0,-0.0,0.0
2019-01-04,ES=F,2531.25,0.0,0.0,0.0,0.0,0.0
2019-01-07,ES=F,2550.5,0.0,0.0,0.0,0.0,0.0
2019-01-08,ES=F,2572.5,0.0,0.0,0.0,0.0,0.0
2019-01-09,ES=F,2582.5,0.0,0.0,0.0,0.0,0.0
2019-01-10,ES=F,2594.0,0.0,0.0,0.0,0.0,0.0
2019-01-11,ES=F,2595.0,0.0,0.0,0.0,0.0,0.0
2019-01-14,ES=F,2580.5,0.0,-0.0,0.0,-0.0,0.0
2019-01-15,ES=F,2605.5,0.0,0.0,0.0,0.0,0.0
2019-01-16,ES=F,2613.25,0.0,0.0,0.0,0.0,0.0
2019-01-17,ES=F,2635.25,0.0,0.0,0.0,0.0,0.0
2019-01-18,ES=F,2671.5,0.0,0.0,0.0,0.0,0.0
2019-01-22,ES=F,2632.0,0.0,-0.0,0.0,-0.0,0.0
2019-01-23,ES=F,2638.25,0.0,0.0,0.0,0.0,0.0
2019-01-24,ES=F,2634.0,0.0,-0.0,0.0,-0.0,0.0
2019-01-25,ES=F,2663.5,0.0,0.0,0.0,0.0,0.0
2019-01-28,ES=F,2642.0,0.0,-0.0,0.0,-0.0,0.0
2019-01-29,ES=F,2640.25,0.0,-0.0,0.0,-0.0,0.0
2019-01-30,ES=F,2682.5,0.0,0.0,0.0,0.0,0.0
2019-01-31,ES=F,2704.5,0.0,0.0,0.0,0.0,0.0
2019-02-01,ES=F,2704.25,0.0,-0.0,0.0,-0.0,0.0
2019-02-04,ES=F,2721.25,0.0,0.0,0.0,0.0,0.0
2019-02-05,ES=F,2731.0,0.0,0.0,0.0,0.0,0.0
2019-02-06,ES=F,2729.5,0.0,-0.0,0.0,-0.0,0.0
2019-02-07,ES=F,2704.0,0.0,-0.0,0.0,-0.0,0.0
2019-02-08,ES=F,2706.25,0.0,0.0,0.0,0.0,0.0
2019-02-11,ES=F,2708.25,0.0,0.0,0.0,0.0,0.0
2019-02-12,ES=F,2744.75,0.0,0.0,0.0,0.0,0.0
2019-02-13,ES=F,2749.5,0.0,0.0,0.0,0.0,0.0
2019-02-14,ES=F,2743.5,0.0,-0.0,0.0,-0.0,0.0
2019-02-15,ES=F,2777.0,0.0,0.0,0.0,0.0,0.0
2019-02-19,ES=F,2778.75,0.0,0.0,0.0,0.0,0.0
2019-02-20,ES=F,2787.0,0.0,0.0,0.0,0.0,0.0
2019-02-21,ES=F,2774.25,0.0,-0.0,0.0,-0.0,0.0
2019-02-22,ES=F,2791.25,0.0,0.0,0.0,0.0,0.0
2019-02-25,ES=F,2797.0,0.0,0.0,0.0,0.0,0.0
2019-02-26,ES=F,2791.5,0.0,-0.0,0.0,-0.0,0.0
2019-02-27,ES=F,2795.0,0.0,0.0,0.0,0.0,0.0
2019-02-28,ES=F,2784.75,0.0,-0.0,0.0,-0.0,0.0
2019-03-01,ES=F,2805.0,0.0,0.0,0.0,0.0,0.0
2019-03-04,ES=F,2791.5,0.0,-0.0,0.0,-0.0,0.0
2019-03-05,ES=F,2791.5,0.0,0.0,0.0,0.0,0.0
2019-03-06,ES=F,2771.5,0.0,-0.0,0.0,-0.0,0.0
2019-03-07,ES=F,2750.0,0.0,-0.0,0.0,-0.0,0.0
2019-03-08,ES=F,2747.0,0.0,-0.0,0.0,-0.0,0.0
2019-03-11,ES=F,2784.0,0.0,0.0,0.0,0.0,0.0
2019-03-12,ES=F,2792.0,0.0,0.0,0.0,0.0,0.0
2019-03-13,ES=F,2814.5,0.0,0.0,0.0,0.0,0.0
2019-03-14,ES=F,2807.25,0.0,-0.0,0.0,-0.0,0.0
2019-03-15,ES=F,2811.889892578125,0.0,0.0,0.0,0.0,0.0
2019-03-18,ES=F,2840.5,0.0,0.0,0.0,0.0,0.0
2019-03-19,ES=F,2836.5,0.0,-0.0,0.0,-0.0,0.0
2019-03-20,ES=F,2827.0,0.0,-0.0,0.0,-0.0,0.0
2019-03-21,ES=F,2862.5,0.0,0.0,0.0,0.0,0.0
2019-03-22,ES=F,2810.75,0.0,-0.0,0.0,-0.0,0.0
2019-03-25,ES=F,2807.0,0.0,-0.0,0.0,-0.0,0.0
2019-03-26,ES=F,2823.0,0.0,0.0,0.0,0.0,0.0
2019-03-27,ES=F,2810.5,0.0,-0.0,0.0,-0.0,0.0
2019-03-28,ES=F,2821.0,0.0,0.0,0.0,0.0,0.0
2019-03-29,ES=F,2837.75,0.0,0.0,0.0,0.0,0.0
2019-04-01,ES=F,2870.5,0.0,0.0,0.0,0.0,0.0
2019-04-02,ES=F,2867.0,0.0,-0.0,0.0,-0.0,0.0
2019-04-03,ES=F,2879.75,0.0,0.0,0.0,0.0,0.0
2019-04-04,ES=F,2882.75,0.0,0.0,0.0,0.0,0.0
2019-04-05,ES=F,2896.0,0.0,0.0,0.0,0.0,0.0
2019-04-08,ES=F,2898.25,0.0,0.0,0.0,0.0,0.0
2019-04-09,ES=F,2882.5,0.0,-0.0,0.0,-0.0,0.0
2019-04-10,ES=F,2894.5,0.0,0.0,0.0,0.0,0.0
2019-04-11,ES=F,2891.75,0.0,-0.0,0.0,-0.0,0.0
2019-04-12,ES=F,2912.5,0.0,0.0,0.0,0.0,0.0
2019-04-15,ES=F,2909.5,0.0,-0.0,0.0,-0.0,0.0
2019-04-16,ES=F,2911.5,0.0,0.0,0.0,0.0,0.0
2019-04-17,ES=F,2900.5,0.0,-0.0,0.0,-0.0,0.0
2019-04-18,ES=F,2910.0,0.0,0.0,0.0,0.0,0.0
2019-04-22,ES=F,2912.5,0.0,0.0,0.0,0.0,0.0
2019-04-23,ES=F,2938.0,0.0,0.0,0.0,0.0,0.0
2019-04-24,ES=F,2930.75,0.0,-0.0,0.0,-0.0,0.0
2019-04-25,ES=F,2926.25,0.0,-0.0,0.0,-0.0,0.0
2019-04-26,ES=F,2941.5,0.0,0.0,0.0,0.0,0.0
2019-04-29,ES=F,2943.0,0.0,0.0,0.0,0.0,0.0
2019-04-30,ES=F,2948.5,0.0,0.0,0.0,0.0,0.0
2019-05-01,ES=F,2923.0,0.0,-0.0,0.0,-0.0,0.0
2019-05-02,ES=F,2917.5,0.0,-0.0,0.0,-0.0,0.0
2019-05-03,ES=F,2947.5,0.0,0.0,0.0,0.0,0.0
2019-05-06,ES=F,2932.5,0.0,-0.0,0.0,-0.0,0.0
2019-05-07,ES=F,2890.75,0.0,-0.0,0.0,-0.0,0.0
2019-05-08,ES=F,2887.25,0.0,-0.0,0.0,-0.0,0.0
2019-05-09,ES=F,2872.75,0.0,-0.0,0.0,-0.0,0.0
2019-05-10,ES=F,2887.0,0.0,0.0,0.0,0.0,0.0
2019-05-13,ES=F,2807.0,0.0,-0.0,0.0,-0.0,0.0
2019-05-14,ES=F,2839.25,0.0,0.0,0.0,0.0,0.0
2019-05-15,ES=F,2855.0,0.0,0.0,0.0,0.0,0.0
2019-05-16,ES=F,2878.5,0.0,0.0,0.0,0.0,0.0
2019-05-17,ES=F,2862.0,0.0,-0.0,0.0,-0.0,0.0
2019-05-20,ES=F,2844.0,0.0,-0.0,0.0,-0.0,0.0
2019-05-21,ES=F,2866.0,0.0,0.0,0.0,0.0,0.0
2019-05-22,ES=F,2857.5,0.0,-0.0,0.0,-0.0,0.0
2019-05-23,ES=F,2819.5,0.0,-0.0,0.0,-0.0,0.0
2019-05-24,ES=F,2831.75,0.0,0.0,0.0,0.0,0.0
2019-05-28,ES=F,2805.0,0.8118432325498715,-0.007669040865439792,0.0001623686465099743,-0.007831409511949767,0.8118432325498715
2019-05-29,ES=F,2780.0,0.8010446804045372,-0.007139435654229386,2.1597104290668414e-06,-0.007141595364658453,0.010798552145334206
2019-05-30,ES=F,2790.5,0.796721640769411,0.003009200441754898,8.646079270252516e-07,0.0030083358338278726,0.004323039635126258
2019-05-31,ES=F,2752.5,0.7959185752265181,-0.010838525661568805,1.606131085785778e-07,-0.010838686274677383,0.000803065542892889
2019-06-03,ES=F,2749.5,0.7703592506702812,-0.0008396286110847875,5.111864911247377e-06,-0.0008447404759960349,0.025559324556236884
2019-06-04,ES=F,2805.0,0.808179956417462,0.016313507030794448,7.5641411494361544e-06,0.01630594288964501,0.03782070574718077
2019-06-05,ES=F,2827.75,0.7091461043034888,0.005751541487666407,1.9806770422794642e-05,0.005731734717243612,0.0990338521139732
2019-06-06,ES=F,2845.75,0.7195434508941576,0.0045802429903969,2.0794693181337643e-06,0.004578163521078766,0.010397346590668821
2019-06-07,ES=F,2875.0,0.7112105530188152,0.007310167328753584,1.6665795750684832e-06,0.007308500749178515,0.008332897875342415
2019-06-10,ES=F,2889.25,0.697584591160968,0.0034575931909718183,2.7251923715694295e-06,0.003454867998600249,0.013625961857847146
2019-06-11,ES=F,2887.0,0.6975901957086625,-0.0005432475349466049,1.1209095388986512e-09,-0.0005432486558561438,5.604547694493256e-06
2019-06-12,ES=F,2881.0,0.8615444923046678,-0.0017905323705673932,3.279085931920105e-05,-0.0018233232298865943,0.16395429659600524
2019-06-13,ES=F,2894.5,0.8902486207548315,0.004171591940364521,5.740825690032736e-06,0.004165851114674489,0.02870412845016368
2019-06-14,ES=F,2890.5,0.8925826699353092,-0.0012334878838283956,4.6680983609554973e-07,-0.001233954693664491,0.0023340491804777486
2019-06-17,ES=F,2892.0,0.9107178488364696,0.0004726091587111077,3.6270357802320688e-06,0.00046898212293087566,0.018135178901160343
2019-06-18,ES=F,2921.75,0.9233943332370119,0.009498956228838522,2.535296880108473e-06,0.009496420931958413,0.012676484400542365
2019-06-19,ES=F,2929.0,0.9118579799071204,0.0022626748881069184,2.3072706659783117e-06,0.00226036761744094,0.011536353329891558
2019-06-20,ES=F,2955.75,0.9256038780305619,0.008453364198469688,2.749179624688303e-06,0.008450615018845,0.013745898123441513
2019-06-21,ES=F,2953.89990234375,0.9119756184852419,-0.0005708344597197212,2.7256519090639975e-06,-0.0005735601116287852,0.013628259545319987
2019-06-24,ES=F,2952.0,0.9986741682621378,-0.0006423316482114079,1.7339709955379192e-05,-0.0006596713581667872,0.08669854977689595
2019-06-25,ES=F,2922.0,0.9970083775725029,-0.010132198959070124,3.33158137926981e-07,-0.01013253211720805,0.001665790689634905
2019-06-26,ES=F,2918.0,0.9897013003418661,-0.0013548272420833046,1.4614154461273677e-06,-0.001356288657529432,0.007307077230636838
2019-06-27,ES=F,2931.0,1.0,0.0044551062371487316,2.0597399316267807e-06,0.004453046497217105,0.010298699658133903
2019-06-28,ES=F,2944.25,1.0,0.004520641419310856,0.0,0.004520641419310856,0.0
2019-07-01,ES=F,2967.75,1.0,0.00798165916617144,0.0,0.00798165916617144,0.0
2019-07-02,ES=F,2979.5,1.0,0.003959228371662071,0.0,0.003959228371662071,0.0
2019-07-03,ES=F,3000.25,1.0,0.006964255747608616,0.0,0.006964255747608616,0.0
2019-07-05,ES=F,2990.5,1.0,-0.003249729189234274,0.0,-0.003249729189234274,0.0
2019-07-08,ES=F,2978.5,1.0,-0.0040127069051998365,0.0,-0.0040127069051998365,0.0
2019-07-09,ES=F,2982.0,1.0,0.001175088131609936,0.0,0.001175088131609936,0.0
2019-07-10,ES=F,2997.5,1.0,0.005197853789403073,0.0,0.005197853789403073,0.0
2019-07-11,ES=F,3004.0,1.0,0.00216847372810669,0.0,0.00216847372810669,0.0
2019-07-12,ES=F,3015.5,1.0,0.0038282290279627595,0.0,0.0038282290279627595,0.0
2019-07-15,ES=F,3017.25,1.0,0.0005803349361630517,0.0,0.0005803349361630517,0.0
2019-07-16,ES=F,3007.0,1.0,-0.0033971331510481706,0.0,-0.0033971331510481706,0.0
2019-07-17,ES=F,2985.0,1.0,-0.0073162620552045254,0.0,-0.0073162620552045254,0.0
2019-07-18,ES=F,2997.5,1.0,0.0041876046901172526,0.0,0.0041876046901172526,0.0
2019-07-19,ES=F,2977.0,1.0,-0.006839032527105937,0.0,-0.006839032527105937,0.0
2019-07-22,ES=F,2989.0,1.0,0.004030903594222313,0.0,0.004030903594222313,0.0
2019-07-23,ES=F,3008.0,1.0,0.00635664101706257,0.0,0.00635664101706257,0.0
2019-07-24,ES=F,3021.5,1.0,0.004488031914893664,0.0,0.004488031914893664,0.0
2019-07-25,ES=F,3006.5,1.0,-0.004964421644878425,0.0,-0.004964421644878425,0.0
2019-07-26,ES=F,3024.5,1.0,0.005987028105770786,0.0,0.005987028105770786,0.0
2019-07-29,ES=F,3021.75,1.0,-0.0009092411968920633,0.0,-0.0009092411968920633,0.0
2019-07-30,ES=F,3012.25,1.0,-0.0031438735831885722,0.0,-0.0031438735831885722,0.0
2019-07-31,ES=F,2982.25,1.0,-0.009959332724707393,0.0,-0.009959332724707393,0.0
2019-08-01,ES=F,2952.0,1.0,-0.01014334814318052,0.0,-0.01014334814318052,0.0
2019-08-02,ES=F,2932.5,1.0,-0.0066056910569105565,0.0,-0.0066056910569105565,0.0
2019-08-05,ES=F,2830.0,1.0,-0.03495311167945436,0.0,-0.03495311167945436,0.0
2019-08-06,ES=F,2876.0,0.8280605302202905,0.01345964112725559,3.438789395594191e-05,0.013425253233299647,0.17193946977970953
2019-08-07,ES=F,2880.5,0.7570765993348647,0.0011845774328953583,1.4196786177085153e-05,0.001170380646718273,0.07098393088542576
2019-08-08,ES=F,2940.0,0.764395619442387,0.015789459939879222,1.4638040215044557e-06,0.015787996135857716,0.007319020107522278
2019-08-09,ES=F,2919.75,0.6854361099322589,-0.004721116063308964,1.579190190202562e-05,-0.0047369079652109895,0.07895950951012809
2019-08-12,ES=F,2880.25,0.6846915252227612,-0.009262887317852212,1.489169418995351e-07,-0.009263036234794112,0.0007445847094976754
2019-08-13,ES=F,2932.0,0.6672677695663276,0.011988927028923678,3.484751131286723e-06,0.01198544227779239,0.017423755656433615
2019-08-14,ES=F,2840.75,0.6222473915605182,-0.019365646139119157,9.004075601161877e-06,-0.019374650214720318,0.04502037800580938
2019-08-15,ES=F,2848.5,0.5497250801682096,0.0014997340038030796,1.4504462278461716e-05,0.001485229541524618,0.07252231139230858
2019-08-16,ES=F,2891.5,0.5509751698427626,0.008317336248284662,2.5001793491059576e-07,0.008317086230349751,0.0012500896745529788
2019-08-19,ES=F,2923.75,0.5325781446190747,0.005940046745275814,3.6794050447375827e-06,0.0059363673402310765,0.018397025223687913
2019-08-20,ES=F,2898.25,0.5245102860247838,-0.0045746087365992425,1.6135717188581867e-06,-0.004576222308318101,0.008067858594290933
2019-08-21,ES=F,2929.25,0.5248776233011903,0.005614148649128566,7.346745528129529e-08,0.0056140751816732845,0.0003673372764064764
2019-08-22,ES=F,2922.25,0.5178052606976019,-0.0012373941537537564,1.414472520717669e-06,-0.001238808626274474,0.007072362603588345
2019-08-23,ES=F,2855.5,0.5185260344097721,-0.011844165556284484,1.441547424340328e-07,-0.011844309711026919,0.0007207737121701641
2019-08-26,ES=F,2883.25,0.49740498455855164,0.004833825362108108,4.224209970244087e-06,0.004829601152137864,0.02112104985122043
2019-08-27,ES=F,2865.5,-0.4896994287571317,0.003014710781388738,0.00019742088266313666,0.002817289898725601,0.9871044133156833
2019-08-28,ES=F,2889.75,-0.4889731564493204,-0.004138055851996489,1.4525446156226086e-07,-0.004138201106458051,0.0007262723078113043
2019-08-29,ES=F,2926.75,-0.48679247534760384,-0.006232830379050542,4.3613622034330837e-07,-0.006233266515270885,0.0021806811017165417
2019-08-30,ES=F,2924.75,-0.4817547482289485,0.0003292079940063027,1.0075454237310712e-06,0.00032820044858257165,0.005037727118655355
2019-09-03,ES=F,2906.0,-0.4837880720217144,0.0031014706728462868,4.0666475855318797e-07,0.0031010640080877338,0.0020333237927659398
2019-09-04,ES=F,2938.5,-0.558637499717455,-0.006247666462772629,1.496988553914812e-05,-0.006262636348311777,0.0748494276957406
2019-09-05,ES=F,2972.0,-0.5685060361228218,-0.006481181626719196,1.973707281073356e-06,-0.00648315533400027,0.009868536405366779
2019-09-06,ES=F,2980.75,-0.5606510542568977,-0.0016506381980981551,1.57099637318483e-06,-0.00165220919447134,0.007854981865924149
2019-09-09,ES=F,2978.25,-0.5920138731160882,0.0004965309679745712,6.2725637718381135e-06,0.0004902584042027331,0.03136281885919057
2019-09-10,ES=F,2978.5,-0.5973399161361946,-5.01418547919118e-05,1.0652086040212839e-06,-5.120706339593308e-05,0.005326043020106419
2019-09-11,ES=F,3002.0,-0.6191307371101278,-0.004884865644481448,4.358164194786629e-06,-0.004889223808676234,0.021790820973933145
2019-09-12,ES=F,3011.75,0.6445242678289775,0.002093308331556469,0.00025273100098782106,0.0018405773305686477,1.2636550049391053
2019-09-13,ES=F,3006.5,0.8327214771987592,-0.0014515772409043,3.763944187395634e-05,-0.0014892166827782565,0.18819720936978168
2019-09-16,ES=F,2999.0,0.8274316975771938,-0.002064107012083425,1.057955924313081e-06,-0.002065164968007738,0.005289779621565405
2019-09-17,ES=F,3005.5,0.8646369657681011,0.0018740047607510625,7.441053638181461e-06,0.001866563707112881,0.037205268190907304
2019-09-18,ES=F,3006.25,0.8913379980794502,0.00022242671720499495,5.340206462269826e-06,0.00021708651074272512,0.026701032311349127
2019-09-19,ES=F,3006.0,0.9259161398412239,-7.69992631884902e-05,6.9156283523547305e-06,-8.391489154084493e-05,0.03457814176177365
2019-09-20,ES=F,3013.610107421875,0.9550214411753019,0.0024177697130864724,5.8210602668155925e-06,0.002411948652819657,0.02910530133407796
2019-09-23,ES=F,2997.0,0.9602307453164228,-0.005292501438793507,1.041860828224195e-06,-0.0052935432996217315,0.005209304141120974
2019-09-24,ES=F,2970.25,1.0,-0.008925592258925641,7.953850936715434e-06,-0.008933546109862356,0.03976925468357717
2019-09-25,ES=F,2986.25,1.0,0.005386751956905966,0.0,0.005386751956905966,0.0
2019-09-26,ES=F,2980.5,1.0,-0.001925491837588944,0.0,-0.001925491837588944,0.0
2019-09-27,ES=F,2963.75,1.0,-0.005619862439188106,0.0,-0.005619862439188106,0.0
2019-09-30,ES=F,2978.5,1.0,0.004976803036693456,0.0,0.004976803036693456,0.0
2019-10-01,ES=F,2937.75,1.0,-0.01368138324660062,0.0,-0.01368138324660062,0.0
2019-10-02,ES=F,2880.5,1.0,-0.0194877031741979,0.0,-0.0194877031741979,0.0
2019-10-03,ES=F,2911.75,1.0,0.010848810970317757,0.0,0.010848810970317757,0.0
2019-10-04,ES=F,2951.0,1.0,0.013479866059929568,0.0,0.013479866059929568,0.0
2019-10-07,ES=F,2937.5,0.9947475681215427,-0.004550692026310024,1.0504863756914507e-06,-0.004551742512685715,0.005252431878457253
2019-10-08,ES=F,2892.5,0.9879294912660505,-0.01513423901513954,1.363615371098459e-06,-0.015135602630510638,0.006818076855492294
2019-10-09,ES=F,2919.0,0.9121981626596308,0.00835721739342441,1.5146265721283925e-05,0.008342071127703125,0.07573132860641962
2019-10-10,ES=F,2941.0,0.9039301865645208,0.006812766051531204,1.6535952190219973e-06,0.006811112456312182,0.008267976095109986
2019-10-11,ES=F,2970.75,0.8860403659030687,0.00896283607127375,3.5779641322904347e-06,0.00895925810714146,0.01788982066145217
2019-10-14,ES=F,2965.5,0.8517525213318049,-0.0015052430318916155,6.8575689142527545e-06,-0.0015121006008058683,0.03428784457126377
2019-10-15,ES=F,2997.75,0.8523787889412991,0.009269673223185558,1.2525352189884931e-07,0.00926954796966366,0.0006262676094942465
2019-10-16,ES=F,2991.5,0.821889483810697,-0.001713554924132083,6.097861026120421e-06,-0.0017196527851582035,0.030489305130602107
2019-10-17,ES=F,2998.0,0.8210146686159233,0.0017839195540709533,1.7496303895474519e-07,0.0017837445910319986,0.0008748151947737259
2019-10-18,ES=F,2988.25,0.8197157614385246,-0.002665853460315433,2.5978143547973345e-07,-0.0026661132417509126,0.0012989071773986671
2019-10-21,ES=F,3006.5,0.8193673431437866,0.005004083999790518,6.968365894761686e-08,0.005004014316131571,0.0003484182947380843
2019-10-22,ES=F,2994.5,0.8172110593095017,-0.003261777053621863,4.3125676685698e-07,-0.00326220831038872,0.0021562838342849
2019-10-23,ES=F,3005.75,0.8336785408505971,0.003132036595281175,3.2934963082190906e-06,0.003128743098972956,0.016467481541095452
2019-10-24,ES=F,3004.25,0.8371414230848976,-0.0004177699857364768,6.925764468600937e-07,-0.00041846256218333686,0.0034628822343004684
2019-10-25,ES=F,3020.25,0.8383260140374625,0.004464747016592961,2.3691819051299135e-07,0.004464510098402448,0.0011845909525649567
2019-10-28,ES=F,3036.25,0.8432120038780812,0.004466978581921868,9.77197968123722e-07,0.0044660013839537445,0.00488598984061861
2019-10-29,ES=F,3035.75,0.8425155135424228,-0.00013874277703459858,1.392980671316657e-07,-0.00013888207510173023,0.0006964903356583285
2019-10-30,ES=F,3047.75,0.9078340744393035,0.003588572475754543,1.3063712179376141e-05,0.003575508763575167,0.0653185608968807
2019-10-31,ES=F,3035.75,1.0,-0.003937330817816442,1.8433185112139296e-05,-0.0039557640029285815,0.09216592556069647
2019-11-01,ES=F,3063.25,1.0,0.009058716956271029,0.0,0.009058716956271029,0.0
2019-11-04,ES=F,3075.75,1.0,0.004080633314290427,0.0,0.004080633314290427,0.0
2019-11-05,ES=F,3072.0,1.0,-0.0012192148256522373,0.0,-0.0012192148256522373,0.0
2019-11-06,ES=F,3075.5,1.0,0.0011393229166667407,0.0,0.0011393229166667407,0.0
2019-11-07,ES=F,3086.0,1.0,0.003414079011542892,0.0,0.003414079011542892,0.0
2019-11-08,ES=F,3090.5,1.0,0.0014581983149708488,0.0,0.0014581983149708488,0.0
2019-11-11,ES=F,3087.5,1.0,-0.0009707167125060367,0.0,-0.0009707167125060367,0.0
2019-11-12,ES=F,3092.0,1.0,0.0014574898785424395,0.0,0.0014574898785424395,0.0
2019-11-13,ES=F,3095.5,1.0,0.0011319534282017152,0.0,0.0011319534282017152,0.0
2019-11-14,ES=F,3097.0,1.0,0.0004845743821677573,0.0,0.0004845743821677573,0.0
2019-11-15,ES=F,3118.25,1.0,0.006861478850500591,0.0,0.006861478850500591,0.0
2019-11-18,ES=F,3121.75,1.0,0.0011224244367833425,0.0,0.0011224244367833425,0.0
2019-11-19,ES=F,3118.5,1.0,-0.0010410827260350919,0.0,-0.0010410827260350919,0.0
2019-11-20,ES=F,3109.0,1.0,-0.0030463363796696674,0.0,-0.0030463363796696674,0.0
2019-11-21,ES=F,3104.0,1.0,-0.0016082341588935511,0.0,-0.0016082341588935511,0.0
2019-11-22,ES=F,3111.5,1.0,0.0024162371134019978,0.0,0.0024162371134019978,0.0
2019-11-25,ES=F,3132.75,1.0,0.006829503454925279,0.0,0.006829503454925279,0.0
2019-11-26,ES=F,3143.75,1.0,0.0035112919958502076,0.0,0.0035112919958502076,0.0
2019-11-27,ES=F,3153.75,1.0,0.0031809145129224614,0.0,0.0031809145129224614,0.0
2019-11-29,ES=F,3143.75,1.0,-0.0031708283789140257,0.0,-0.0031708283789140257,0.0
2019-12-02,ES=F,3114.25,1.0,-0.009383697813121317,0.0,-0.009383697813121317,0.0
2019-12-03,ES=F,3091.0,1.0,-0.0074656819458939205,0.0,-0.0074656819458939205,0.0
2019-12-04,ES=F,3111.0,1.0,0.006470397929472682,0.0,0.006470397929472682,0.0
2019-12-05,ES=F,3117.75,1.0,0.002169720347155346,0.0,0.002169720347155346,0.0
2019-12-06,ES=F,3146.0,1.0,0.009061021570042405,0.0,0.009061021570042405,0.0
2019-12-09,ES=F,3134.5,1.0,-0.003655435473617241,0.0,-0.003655435473617241,0.0
2019-12-10,ES=F,3136.0,1.0,0.00047854522252355203,0.0,0.00047854522252355203,0.0
2019-12-11,ES=F,3143.0,1.0,0.0022321428571427937,0.0,0.0022321428571427937,0.0
2019-12-12,ES=F,3168.0,1.0,0.00795418390073177,0.0,0.00795418390073177,0.0
2019-12-13,ES=F,3172.0,1.0,0.0012626262626262985,0.0,0.0012626262626262985,0.0
2019-12-16,ES=F,3194.25,1.0,0.0070145018915510615,0.0,0.0070145018915510615,0.0
2019-12-17,ES=F,3192.0,1.0,-0.0007043907020427564,0.0,-0.0007043907020427564,0.0
2019-12-18,ES=F,3194.75,1.0,0.0008615288220550354,0.0,0.0008615288220550354,0.0
2019-12-19,ES=F,3207.0,1.0,0.0038344158384850946,0.0,0.0038344158384850946,0.0
2019-12-20,ES=F,3231.02001953125,1.0,0.007489872008497045,0.0,0.007489872008497045,0.0
2019-12-23,ES=F,3227.25,1.0,-0.0011668202327625998,0.0,-0.0011668202327625998,0.0
2019-12-24,ES=F,3225.75,1.0,-0.0004647920055774746,0.0,-0.0004647920055774746,0.0
2019-12-26,ES=F,3244.5,1.0,0.005812601720530219,0.0,0.005812601720530219,0.0
2019-12-27,ES=F,3237.5,1.0,-0.0021574973031284195,0.0,-0.0021574973031284195,0.0
2019-12-30,ES=F,3223.5,1.0,-0.00432432432432428,0.0,-0.00432432432432428,0.0
2019-12-31,ES=F,3231.0,1.0,0.00232666356444855,0.0,0.00232666356444855,0.0
2020-01-02,ES=F,3259.0,1.0,0.008666047663262066,0.0,0.008666047663262066,0.0
2020-01-03,ES=F,3235.5,1.0,-0.007210800859159261,0.0,-0.007210800859159261,0.0
2020-01-06,ES=F,3243.5,1.0,0.002472569927368218,0.0,0.002472569927368218,0.0
2020-01-07,ES=F,3235.25,1.0,-0.0025435486357330284,0.0,-0.0025435486357330284,0.0
2020-01-08,ES=F,3260.25,1.0,0.007727378100610416,0.0,0.007727378100610416,0.0
2020-01-09,ES=F,3276.0,1.0,0.004830917874396157,0.0,0.004830917874396157,0.0
2020-01-10,ES=F,3264.75,1.0,-0.003434065934065922,0.0,-0.003434065934065922,0.0
2020-01-13,ES=F,3289.75,1.0,0.007657554177195713,0.0,0.007657554177195713,0.0
2020-01-14,ES=F,3288.0,1.0,-0.0005319553157534518,0.0,-0.0005319553157534518,0.0
2020-01-15,ES=F,3293.75,1.0,0.0017487834549878567,0.0,0.0017487834549878567,0.0
2020-01-16,ES=F,3316.5,1.0,0.0069070208728652105,0.0,0.0069070208728652105,0.0
2020-01-17,ES=F,3325.0,1.0,0.0025629428614504235,0.0,0.0025629428614504235,0.0
2020-01-21,ES=F,3319.5,1.0,-0.0016541353383459079,0.0,-0.0016541353383459079,0.0
2020-01-22,ES=F,3319.75,1.0,7.531254707027202e-05,0.0,7.531254707027202e-05,0.0
2020-01-23,ES=F,3326.0,1.0,0.0018826718879434434,0.0,0.0018826718879434434,0.0
2020-01-24,ES=F,3293.5,1.0,-0.009771497294046916,0.0,-0.009771497294046916,0.0
2020-01-27,ES=F,3239.5,1.0,-0.016395931379990847,0.0,-0.016395931379990847,0.0
2020-01-28,ES=F,3278.25,1.0,0.011961722488038173,0.0,0.011961722488038173,0.0
2020-01-29,ES=F,3272.5,1.0,-0.0017539845954396283,0.0,-0.0017539845954396283,0.0
2020-01-30,ES=F,3289.75,1.0,0.005271199388846348,0.0,0.005271199388846348,0.0
2020-01-31,ES=F,3224.0,1.0,-0.019986321149023434,0.0,-0.019986321149023434,0.0
2020-02-03,ES=F,3245.5,0.9700633791234579,0.006469095115122396,5.987324175308429e-06,0.006463107790947087,0.02993662087654214
2020-02-04,ES=F,3299.5,0.971271960803623,0.016160433179292964,2.417163360330266e-07,0.01616019146295693,0.0012085816801651328
2020-02-05,ES=F,3335.0,0.8826590920614031,0.009496710946561461,1.7722573748443972e-05,0.009478988372813017,0.08861286874221985
2020-02-06,ES=F,3345.25,0.8604556377121267,0.002644578796566468,4.44069086985528e-06,0.0026401381056966127,0.022203454349276397
2020-02-07,ES=F,3325.5,0.8709127449933504,-0.005141776164298197,2.0914214562447242e-06,-0.005143867585754442,0.010457107281223621
2020-02-10,ES=F,3353.0,0.8611899535905067,0.007121552766122098,1.9445582805687422e-06,0.007119608207841529,0.009722791402843711
2020-02-11,ES=F,3357.5,0.8525803213499087,0.001144232462294882,1.721926448119593e-06,0.0011425105358467626,0.008609632240597964
2020-02-12,ES=F,3380.5,0.8640536813729316,0.005919057236508561,2.294672004604581e-06,0.0059167625645039565,0.011473360023022905
2020-02-13,ES=F,3377.5,0.8561768295364556,-0.0007598078652889462,1.5753703672952036e-06,-0.0007613832356562414,0.007876851836476018
2020-02-14,ES=F,3381.0,0.8548326162344794,0.0008858369080150456,2.6884266039524096e-07,0.0008855680653546504,0.0013442133019762048
2020-02-18,ES=F,3369.25,0.8640375094399821,-0.0030027922910144697,1.8409786411005548e-06,-0.00300463326965557,0.009204893205502773
2020-02-19,ES=F,3387.25,0.8596167165373376,0.0045924466565769135,8.841585805289043e-07,0.004591562497996385,0.004420792902644521
2020-02-20,ES=F,3369.25,0.855872295347663,-0.004548144163040174,7.488842379349326e-07,-0.0045488930472781085,0.0037444211896746626
2020-02-21,ES=F,3339.25,0.845610311431057,-0.0075293639067839525,2.0523967833211868e-06,-0.007531416303567274,0.010261983916605932
2020-02-24,ES=F,3226.25,0.8235540878288854,-0.02786901607386809,4.411244720434327e-06,-0.027873427318588523,0.022056223602171632
2020-02-25,ES=F,3132.5,0.6485223783628195,-0.018845090421236554,3.500634189321319e-05,-0.018880096763129767,0.17503170946606594
2020-02-26,ES=F,3110.25,0.5920430894925669,-0.0042052541871379434,1.129585777405051e-05,-0.004216550044911994,0.05647928887025255
2020-02-27,ES=F,2957.0,0.608269798328686,-0.029971014096574607,3.2453417672238196e-06,-0.02997425943834183,0.016226708836119097
2020-02-28,ES=F,2951.0,0.470691418814212,-0.0009550722059131969,2.75156759028948e-05,-0.0009825878818160918,0.137578379514474
2020-03-02,ES=F,3065.0,0.47523832105261316,0.01835891853608873,9.093804476802304e-07,0.01835800915564105,0.0045469022384011515
2020-03-03,ES=F,2997.0,0.4160794964505676,-0.009231127490583541,1.1831764920409117e-05,-0.00924295925550395,0.05915882460204558
2020-03-04,ES=F,3114.75,0.40782338443143484,0.016023090929863693,1.6512224038265466e-06,0.016021439707459867,0.008256112019132733
2020-03-05,ES=F,3015.5,0.37141084980425443,-0.011834826821758482,7.282506925436084e-06,-0.011842109328683919,0.036412534627180415
2020-03-06,ES=F,2964.0,0.3590304164720917,-0.006131675161105212,2.476086666432542e-06,-0.006134151247771644,0.01238043333216271
2020-03-09,ES=F,2747.75,0.3576523397580443,-0.026093899619661638,2.7561534280948765e-07,-0.026094175235004447,0.0013780767140474381
2020-03-10,ES=F,2865.75,0.29403422559272707,0.012627072557525914,1.2723622833063443e-05,0.01261434893469285,0.06361811416531721
2020-03-11,ES=F,2740.25,-0.27092737852751153,0.011864742564844336,0.00011299232082404771,0.011751750244020288,0.5649616041202385
2020-03-12,ES=F,2469.0,-0.26149303368928817,0.02588449425717339,1.8868689676446726e-06,0.025882607388205747,0.009434344838223363
2020-03-13,ES=F,2696.0,-0.21887836475695518,-0.020123689266840373,8.522933786466596e-06,-0.020132212200626838,0.04261466893233298
2020-03-16,ES=F,2416.25,-0.18159362840168125,0.018843033214158145,7.4569472710547875e-06,0.01883557626688709,0.037284736355273934
2020-03-17,ES=F,2495.5,-0.1635845032711095,-0.005365368601856359,3.6018250261143527e-06,-0.005368970426882473,0.018009125130571763
2020-03-18,ES=F,2414.0,-0.1596557087997951,0.005214161597749265,7.85758894262878e-07,0.005213375838855002,0.00392879447131439
2020-03-19,ES=F,2403.25,-0.15979829239725873,0.0007116121140308658,2.851671949272716e-08,0.0007115835973113731,0.0001425835974636358
2020-03-20,ES=F,2437.97998046875,-0.15976524446996265,-0.002308808413617772,6.609585459216305e-09,-0.002308815023203231,3.3047927296081525e-05
2020-03-23,ES=F,2220.5,-0.15830160167004315,0.01412129283881711,2.9272855998390136e-07,0.014121000110257126,0.0014636427999195067
2020-03-24,ES=F,2438.0,-0.15019025999972946,-0.014711272933997373,1.6222683340627376e-06,-0.014712895202331436,0.008111341670313688
2020-03-25,ES=F,2467.0,-0.1347061075049716,-0.0016023285962445315,3.0968304989515695e-06,-0.001605425426743483,0.015484152494757847
2020-03-26,ES=F,2608.0,-0.13418946155821598,-0.007669523339971004,1.0332918935112567e-07,-0.007669626669160355,0.0005166459467556284
2020-03-27,ES=F,2524.0,-0.13173858224965138,0.0042431138454642366,4.901758617129216e-07,0.004242623669602524,0.0024508793085646075
2020-03-30,ES=F,2611.25,-0.13103377416907847,-0.004529594610242498,1.4096161611458214e-07,-0.0045297355718586126,0.0007048080805729107
2020-03-31,ES=F,2569.75,-0.1313774904534356,0.0020879524571824097,6.874325687142858e-08,0.002087883713925538,0.00034371628435714285
2020-04-01,ES=F,2448.0,-0.13153871811602305,0.006232061068440824,3.224553251748863e-08,0.006232028822908306,0.00016122766258744314
2020-04-02,ES=F,2516.5,-0.13225490655429428,-0.00370076025284688,1.4323768765424627e-07,-0.003700903490534534,0.0007161884382712314
2020-04-03,ES=F,2482.75,-0.13142812492006287,0.0017626462213598789,1.6535632684628322e-07,0.0017624808650330325,0.000826781634231416
2020-04-06,ES=F,2644.5,-0.13148645070510728,-0.008566280697432717,1.1665157008883266e-08,-0.008566292362589725,5.832578504441632e-05
2020-04-07,ES=F,2642.0,-0.13154307776591379,0.00012435533916233375,1.1325412161300452e-08,0.00012434401375017244,5.662706080650226e-05
2020-04-08,ES=F,2735.0,-0.13354070155446948,-0.0047007135672088056,3.995247577111394e-07,-0.004701113091966517,0.001997623788555697
2020-04-09,ES=F,2779.75,-0.13417574533113402,-0.0021953801109938728,1.2700875533290802e-07,-0.0021955071197492055,0.00063504377666454
2020-04-13,ES=F,2759.25,-0.14693226477827476,0.0010835907646207866,2.5513038894281473e-06,0.0010810394607313584,0.012756519447140735
2020-04-14,ES=F,2843.0,-0.15850248367009243,-0.004810938844747745,2.314043778363534e-06,-0.004813252888526108,0.011570218891817668
2020-04-15,ES=F,2775.0,-0.18300286387936268,0.004377134978472275,4.900076041854051e-06,0.004372234902430421,0.024500380209270256
2020-04-16,ES=F,2787.5,-0.18204961469038086,-0.0008200433094161216,1.906498377963639e-07,-0.000820233959253918,0.0009532491889818195
2020-04-17,ES=F,2870.0,-0.1863544931885456,-0.005515424462082499,8.609756996329488e-07,-0.005516285437782132,0.004304878498164744
2020-04-20,ES=F,2806.5,-0.18564873138048477,0.004107559039254638,1.4115236161216795e-07,0.0041074178868930255,0.0007057618080608397
2020-04-21,ES=F,2732.0,-0.18310843604176683,0.004860708528455953,5.080590677435881e-07,0.004860200469388209,0.0025402953387179406
2020-04-22,ES=F,2788.5,-0.2111025413703168,-0.0043657736410771825,5.598821065709997e-06,-0.004371372462142893,0.027994105328549984
2020-04-23,ES=F,2780.75,-0.25277144269979923,0.0007025205956332964,8.333780265896485e-06,0.0006941868153673999,0.04166890132948242
2020-04-24,ES=F,2829.5,-0.25230458765951175,-0.004423212675861273,9.337100805749677e-08,-0.004423306046869331,0.0004668550402874838
2020-04-27,ES=F,2869.0,-0.2721844101715736,-0.0037997116811369996,3.975964502412366e-06,-0.0038036876456394118,0.01987982251206183
2020-04-28,ES=F,2867.25,-0.285054981593808,0.0001738745966500995,2.5741142844468825e-06,0.00017130048236565262,0.012870571422234411
2020-04-29,ES=F,2941.0,-0.2933010278830408,-0.007544145367991731,1.6492092578465622e-06,-0.007545794577249578,0.008246046289232811
2020-04-30,ES=F,2902.5,-0.2943567373632561,0.0038533608937386474,2.1114189604306556e-07,0.0038531497518426044,0.0010557094802153277
2020-05-01,ES=F,2821.75,-0.32880222705656315,0.009147555498645142,6.889097938661404e-06,0.00914066640070648,0.03444548969330702
2020-05-04,ES=F,2825.25,-0.31676368163220703,-0.00039290259084350773,2.4077090848712235e-06,-0.00039531029992837896,0.012038545424356117
2020-05-05,ES=F,2858.25,-0.3219721814139532,-0.003760758158272851,1.0416999563492291e-06,-0.0037617998582292,0.005208499781746145
2020-05-06,ES=F,2833.5,-0.39047094676622734,0.0033811443829140555,1.3699753070454835e-05,0.0033674446298436007,0.06849876535227417
2020-05-07,ES=F,2880.0,-0.38702504293640644,-0.006351390328760536,6.891807659641813e-07,-0.006352079509526501,0.0034459038298209066
2020-05-08,ES=F,2928.5,-0.4105261400691599,-0.006913374233803593,4.7002194265506894e-06,-0.006918074453230143,0.023501097132753446
2020-05-11,ES=F,2922.75,-0.4101261711725028,0.0008052673669940081,7.999377933142205e-08,0.0008051873732146767,0.0003999688966571102
2020-05-12,ES=F,2852.5,-0.4126260837428027,0.009917708453659016,4.999825140599823e-07,0.009917208471144955,0.0024999125702999114
2020-05-13,ES=F,2813.0,-0.4176228863025809,0.00578303383311198,9.993605119556382e-07,0.005782034472600024,0.004996802559778191
2020-05-14,ES=F,2847.0,-0.4307069264121397,-0.0052058426939255885,2.616808021911765e-06,-0.0052084595019475,0.013084040109558825
2020-05-15,ES=F,2846.5,-0.42690328584772425,7.497423355246207e-05,7.607281128830912e-07,7.421350543957897e-05,0.003803640564415456
2020-05-18,ES=F,2948.0,-0.45906841776049445,-0.016369381486980583,6.433026382554041e-06,-0.016375814513363136,0.032165131912770206
2020-05-19,ES=F,2918.75,-0.4339207063987749,0.004305353006161541,5.029542272343912e-06,0.004300323463889198,0.02514771136171956
2020-05-20,ES=F,2968.5,-0.46163620014207835,-0.007868574203706536,5.543098748660691e-06,-0.007874117302455196,0.027715493743303454
2020-05-21,ES=F,2937.0,-0.46656793777814254,0.004950948303861058,9.863475272128385e-07,0.0049499619563338456,0.004931737636064193
2020-05-22,ES=F,2953.0,-0.45991742608535124,-0.0025055086201448947,1.3301023385582589e-06,-0.002506838722483453,0.006650511692791294
2020-05-26,ES=F,2994.5,-0.4693760764683481,-0.006596378995406882,1.891730076599374e-06,-0.006598270725483481,0.00945865038299687
2020-05-27,ES=F,3035.5,-0.4692768747511539,-0.0064252302103179944,1.9840343438837226e-08,-0.006425250050661433,9.920171719418613e-05
2020-05-28,ES=F,3038.0,-0.4642993252332002,-0.00038239114250801563,9.955099035907412e-07,-0.0003833866524116064,0.0049775495179537055
2020-05-29,ES=F,3042.0,-0.49008270200822834,-0.0006452701803926613,5.156675355005625e-06,-0.0006504268557476669,0.025783376775028122
2020-06-01,ES=F,3054.0,-0.5023871161162369,-0.0019818032193934495,2.4608828216017066e-06,-0.001984264102215051,0.012304414108008532
2020-06-02,ES=F,3077.0,-0.5663760704364562,-0.004265438644413401,1.2797790864043868e-05,-0.004278236435277445,0.06398895432021934
2020-06-03,ES=F,3117.75,-0.5661989095461744,-0.007498409348068471,3.543217805637156e-08,-0.007498444780246527,0.00017716089028185777
2020-06-04,ES=F,3110.5,-0.5642093051177471,0.0013120094497967303,3.979208856854433e-07,0.0013116115289110448,0.0019896044284272163
2020-06-05,ES=F,3186.75,0.5745338580193003,0.014083975783305428,0.0002277486326274095,0.013856227150678017,1.1387431631370475
2020-06-08,ES=F,3227.5,0.5547630150378566,0.007093933588387094,3.9541685962887436e-06,0.007089979419790805,0.019770842981443715
2020-06-09,ES=F,3205.5,0.5607620189029722,-0.0038223902140558886,1.1998007730231076e-06,-0.003823590014828912,0.0059990038651155375
2020-06-10,ES=F,3186.0,0.5539747905342953,-0.0033699917065726937,1.3574456737353691e-06,-0.003371349152246429,0.006787228368676845
2020-06-11,ES=F,3010.25,0.6174484561226764,-0.034060441357049706,1.2694733117676216e-05,-0.034073136090167384,0.06347366558838108
2020-06-12,ES=F,3034.75,0.4283786625664196,0.0034865134898686974,3.781395871125136e-05,0.003448699531157446,0.1890697935562568
2020-06-15,ES=F,3073.0,0.4301985258359822,0.005422223778969073,3.6397265391252547e-07,0.00542185980631516,0.0018198632695626271
2020-06-16,ES=F,3128.75,0.4279550291831714,0.007763909169203288,4.486993305621634e-07,0.007763460469872726,0.002243496652810817
2020-06-17,ES=F,3118.0,0.45909337583973353,-0.0015773883468724278,6.227669331312424e-06,-0.0015836160162037403,0.03113834665656212
2020-06-18,ES=F,3109.0,0.4646622118709919,-0.0013412315288130034,1.11376720625167e-06,-0.0013423452960192551,0.005568836031258351
2020-06-19,ES=F,3161.260009765625,0.4720709000815498,0.007935165599333946,1.4817376421115802e-06,0.007933683861691835,0.007408688210557901
2020-06-22,ES=F,3110.75,0.47215272141815806,-0.007543966170459252,1.6364267321655745e-08,-0.007543982534726573,8.182133660827873e-05
2020-06-23,ES=F,3118.5,0.4561415215740919,0.0011364130168606732,3.2022399688132365e-06,0.00113321077689186,0.016011199844066182
2020-06-24,ES=F,3049.0,0.46183043641875543,-0.01029251734202453,1.13778296893271e-06,-0.010293655124993462,0.005688914844663551
2020-06-25,ES=F,3070.75,0.4454835051277853,0.0031778505203441747,3.2693862581940293e-06,0.0031745811340859807,0.016346931290970146
2020-06-26,ES=F,3007.0,0.443807907757965,-0.009213629933915274,3.3511947396405176e-07,-0.009213965053389239,0.0016755973698202586
2020-06-29,ES=F,3047.75,0.42804908884632914,0.005800798260887231,3.1517637823271772e-06,0.005797646497104904,0.015758818911635886
2020-06-30,ES=F,3090.25,0.4222817585628788,0.005888598060511004,1.153466056690067e-06,0.005887444594454314,0.005767330283450334
2020-07-01,ES=F,3103.0,0.4179063435944335,0.0017242313343027607,8.750829936890582e-07,0.0017233562513090717,0.00437541496844529
2020-07-02,ES=F,3129.0,0.42296424173662683,0.0035440123381090165,1.0115796284386635e-06,0.003543000758480578,0.005057898142193318
2020-07-06,ES=F,3172.0,0.4209700101432132,0.005785142357353196,3.9884631868272183e-07,0.005784743511034513,0.001994231593413609
2020-07-07,ES=F,3136.5,0.43495185579713114,-0.004867840756872035,2.7963691307835826e-06,-0.004870637126002818,0.013981845653917913
2020-07-08,ES=F,3163.5,0.43752152451743587,0.003766325892546051,5.13933744060946e-07,0.00376581195880199,0.0025696687203047297
2020-07-09,ES=F,3141.0,0.4355151075130829,-0.0030975469951143764,4.0128340087058904e-07,-0.003097948278515247,0.002006417004352945
2020-07-10,ES=F,3178.5,0.43506457730859915,0.005194180722404453,9.010604089675357e-08,0.005194090616363556,0.0004505302044837678
2020-07-13,ES=F,3148.25,0.6185471782358165,-0.005886755432321377,3.6696520185443476e-05,-0.0059234519525068205,0.18348260092721735
2020-07-14,ES=F,3183.5,0.6077039561754289,0.006804276806220572,2.168644412077514e-06,0.006802108161808494,0.01084322206038757
2020-07-15,ES=F,3219.5,0.6104922510885994,0.006903634691122891,5.576589826340906e-07,0.006903077032140257,0.0027882949131704526
2020-07-16,ES=F,3194.5,0.6290624685316601,-0.004884783883612797,3.7140434886121513e-06,-0.004888497927101409,0.018570217443060755
2020-07-17,ES=F,3214.0,0.6225678555384415,0.003800304643292997,1.298922598643726e-06,0.0037990057206943534,0.006494612993218629
2020-07-20,ES=F,3245.25,0.6223828813339103,0.006051482589198667,3.699484090624594e-08,0.006051445594357761,0.0001849742045312297
2020-07-21,ES=F,3251.25,0.6406576489691204,0.0011844837512717326,3.6549535270420156e-06,0.0011808287977446905,0.018274767635210076
2020-07-22,ES=F,3265.5,0.6805720610664414,0.002982899460268085,7.98288241946421e-06,0.002974916577848621,0.03991441209732105
2020-07-23,ES=F,3227.5,0.6799902029011348,-0.007912916156865178,1.1637163306132959e-07,-0.007913032528498239,0.0005818581653066479
2020-07-24,ES=F,3204.0,0.7458752288106719,-0.005430849845716735,1.3177005181907432e-05,-0.005444026850898643,0.06588502590953715
2020-07-27,ES=F,3232.25,0.7325608691830557,0.006459065091891866,2.662871925523236e-06,0.006456402219966342,0.013314359627616179
2020-07-28,ES=F,3213.0,0.8441766071834391,-0.005027581309701067,2.2323147600076678e-05,-0.005049904457301143,0.11161573800038338
2020-07-29,ES=F,3252.5,0.8506931723101637,0.01045825717592641,1.3033130253449211e-06,0.010456953862901065,0.006516565126724605
2020-07-30,ES=F,3248.75,0.8601667788802667,-0.0009917372546659935,1.8947213140205978e-06,-0.000993631975980014,0.009473606570102988
2020-07-31,ES=F,3263.5,0.8572943580326307,0.003892294507420177,5.744841695272119e-07,0.00389172002325065,0.002872420847636059
2020-08-03,ES=F,3288.5,0.8663653410248282,0.0066367806114970285,1.8141965984395104e-06,0.0066349664148985885,0.009070982992197552
2020-08-04,ES=F,3300.0,0.8981731091760157,0.003140942908780311,6.3615536302374936e-06,0.0031345813551500734,0.031807768151187465
2020-08-05,ES=F,3316.0,0.9604960785789635,0.004656950684019247,1.2464593880589559e-05,0.004644486090138657,0.06232296940294779
2020-08-06,ES=F,3344.25,0.9731228392982599,0.008290325756989066,2.5253521438592943e-06,0.008287800404845207,0.01262676071929647
2020-08-07,ES=F,3344.75,1.0,0.00014951035359200837,5.375432140348013e-06,0.00014413492145166036,0.026877160701740066
2020-08-10,ES=F,3352.75,1.0,0.002391808057403466,0.0,0.002391808057403466,0.0
2020-08-11,ES=F,3330.0,1.0,-0.006785474610394471,0.0,-0.006785474610394471,0.0
2020-08-12,ES=F,3370.0,1.0,0.012012012012011963,0.0,0.012012012012011963,0.0
2020-08-13,ES=F,3367.75,1.0,-0.0006676557863501964,0.0,-0.0006676557863501964,0.0
2020-08-14,ES=F,3361.5,1.0,-0.0018558384678197815,0.0,-0.0018558384678197815,0.0
2020-08-17,ES=F,3379.75,1.0,0.005429123903019528,0.0,0.005429123903019528,0.0
2020-08-18,ES=F,3387.0,1.0,0.0021451290775944543,0.0,0.0021451290775944543,0.0
2020-08-19,ES=F,3372.75,1.0,-0.004207263064659017,0.0,-0.004207263064659017,0.0
2020-08-20,ES=F,3380.75,1.0,0.002371951671484629,0.0,0.002371951671484629,0.0
2020-08-21,ES=F,3392.5,1.0,0.0034755601567699745,0.0,0.0034755601567699745,0.0
2020-08-24,ES=F,3427.5,1.0,0.010316875460574693,0.0,0.010316875460574693,0.0
2020-08-25,ES=F,3443.0,1.0,0.004522246535375585,0.0,0.004522246535375585,0.0
2020-08-26,ES=F,3480.25,1.0,0.010819053151321478,0.0,0.010819053151321478,0.0
2020-08-27,ES=F,3485.25,1.0,0.0014366783995403143,0.0,0.0014366783995403143,0.0
2020-08-28,ES=F,3504.5,1.0,0.005523276665949428,0.0,0.005523276665949428,0.0
2020-08-31,ES=F,3499.0,1.0,-0.0015694107575974225,0.0,-0.0015694107575974225,0.0
2020-09-01,ES=F,3527.0,1.0,0.008002286367533529,0.0,0.008002286367533529,0.0
2020-09-02,ES=F,3579.25,1.0,0.014814289764672584,0.0,0.014814289764672584,0.0
2020-09-03,ES=F,3461.5,1.0,-0.03289795348187474,0.0,-0.03289795348187474,0.0
2020-09-04,ES=F,3417.5,0.7856704326591188,-0.009986855131301849,4.286591346817623e-05,-0.010029721044770025,0.21432956734088116
2020-09-08,ES=F,3335.5,0.746600448602726,-0.01791404148805373,7.813996811278568e-06,-0.01792185548486501,0.03906998405639284
2020-09-09,ES=F,3400.25,0.6573271222256166,0.01276028516387606,1.7854665275421878e-05,0.012742430498600637,0.08927332637710939
2020-09-10,ES=F,3340.5,0.6222628357036935,-0.010934550234040366,7.012857304384635e-06,-0.01094156309134475,0.03506428652192317
2020-09-11,ES=F,3333.75,0.6034464042424238,-0.0012193573502877974,3.7632862922539314e-06,-0.0012231206365800513,0.018816431461269656
2020-09-14,ES=F,3382.5,0.6031994183574425,0.00882068890736418,4.9397176996257566e-08,0.008820639510187184,0.0002469858849812878
2020-09-15,ES=F,3405.25,0.5839128904670324,0.003927278125092442,3.857305578082016e-06,0.0039234208195143595,0.019286527890410077
2020-09-16,ES=F,3389.5,0.5826410300868162,-0.0026948377428580215,2.5437207604324107e-07,-0.0026950921149340645,0.0012718603802162054
2020-09-17,ES=F,3361.5,0.5808547147967766,-0.0047983277811800215,3.5726305800791726e-07,-0.0047986850442380295,0.0017863152900395862
2020-09-18,ES=F,3353.60009765625,0.5765551217001663,-0.001354969256944862,8.599186193220643e-07,-0.001355829175564184,0.004299593096610321
2020-09-21,ES=F,3275.0,0.576720995605035,-0.013516914734898113,3.317478097373261e-08,-0.013516947909679087,0.00016587390486866305
2020-09-22,ES=F,3299.25,0.5399462474291856,0.003998075267223682,7.354949635169872e-06,0.003990720317588512,0.03677474817584936
2020-09-23,ES=F,3231.25,0.5442474512294083,-0.01121734536140024,8.602407600445394e-07,-0.011218205602160284,0.004301203800222697
2020-09-24,ES=F,3238.0,0.5253925367062408,0.0010975317981483808,3.770982904633513e-06,0.0010937608152437473,0.018854914523167565
2020-09-25,ES=F,3287.25,0.5365232366383176,0.008160521743186265,2.2261399864153652e-06,0.008158295603199849,0.011130699932076826
2020-09-28,ES=F,3346.0,0.516353055887137,0.009228303911588477,4.0340361502361205e-06,0.009224269875438241,0.0201701807511806
2020-09-29,ES=F,3333.75,0.49644185211349673,-0.0018175172410012763,3.98224075472805e-06,-0.0018214994817560043,0.01991120377364025
2020-09-30,ES=F,3352.0,0.49635943750458694,0.0027172282668042405,1.6482921781957316e-08,0.0027172117838824587,8.241460890978658e-05
2020-10-01,ES=F,3367.75,0.49883971027966967,0.0023438918367853943,4.960545550165452e-07,0.0023433957822303775,0.002480272775082726
2020-10-02,ES=F,3339.25,0.513090587717886,-0.004342092420743739,2.8501754876432584e-06,-0.004344942596231382,0.014250877438216292
2020-10-05,ES=F,3393.0,0.5760643325248374,0.00927257853506321,1.2594748961390279e-05,0.00925998378610182,0.06297374480695139
2020-10-06,ES=F,3353.25,0.5635588771880586,-0.006602259171301285,2.5010910673557432e-06,-0.006604760262368641,0.012505455336778715
2020-10-07,ES=F,3406.75,0.6014761746592097,0.009596354385824964,7.583459494230205e-06,0.009588770926330734,0.037917297471151024
2020-10-08,ES=F,3437.5,0.6132871006532908,0.005535650794771809,2.362185198816236e-06,0.005533288609572993,0.011810925994081178
2020-10-09,ES=F,3473.25,0.6427074411149338,0.00668415738759529,5.884068092328599e-06,0.006678273319502961,0.02942034046164299
2020-10-12,ES=F,3532.75,0.6359552057902492,0.010894503633346259,1.3504470649369216e-06,0.010893153186281323,0.006752235324684608
2020-10-13,ES=F,3504.75,0.6283658601350216,-0.004980325266090322,1.517869131045524e-06,-0.004981843135221368,0.0075893456552276195
2020-10-14,ES=F,3481.0,0.6206178699196261,-0.004205627908007999,1.5495980430791035e-06,-0.004207177506051078,0.007747990215395517
2020-10-15,ES=F,3475.5,0.6174198688646232,-0.0009755269401768064,6.396002110005794e-07,-0.000976166540387807,0.003198001055002897
2020-10-16,ES=F,3462.25,0.6265553229124016,-0.002388680198126711,1.8270908095556761e-06,-0.002390507288936267,0.00913545404777838
2020-10-19,ES=F,3422.75,0.6250543260579172,-0.007131098528207855,3.0019937089686976e-07,-0.007131398727578751,0.0015009968544843488
2020-10-20,ES=F,3432.25,0.6817828385858162,0.0018923196162632953,1.1345702505579803e-05,0.0018809739137577155,0.05672851252789901
2020-10-21,ES=F,3432.5,0.6855825776106891,4.993681823961641e-05,7.599478049745701e-07,4.9176870434641836e-05,0.00379973902487285
2020-10-22,ES=F,3449.25,0.7753698377036518,0.0037836692735720456,1.7957452018592537e-05,0.003765711821553453,0.08978726009296267
2020-10-23,ES=F,3451.75,0.7749811353809306,0.0005617026421548519,7.774046454422923e-08,0.0005616249016903077,0.00038870232272114613
2020-10-26,ES=F,3393.5,0.8070554733577827,-0.013619462974749285,6.4148675953704215e-06,-0.013625877842344656,0.03207433797685211
2020-10-27,ES=F,3383.0,0.7897114119332427,-0.0024434860248413563,3.4688122849080073e-06,-0.0024469548371262645,0.017344061424540036
2020-10-28,ES=F,3263.5,0.7907254575136486,-0.02793133082260745,2.028091160811929e-07,-0.027931533631723533,0.0010140455804059645
2020-10-29,ES=F,3302.25,0.6145564641478659,0.007297092993941975,3.523379867315655e-05,0.007261859195268819,0.17616899336578273
2020-10-30,ES=F,3264.75,0.6013446035257177,-0.006828805400019473,2.642372124429637e-06,-0.006831447772143903,0.013211860622148186
2020-11-02,ES=F,3300.5,0.5964853472484649,0.0065316949733157026,9.71851255450562e-07,0.006530723122060252,0.00485925627725281
2020-11-03,ES=F,3361.5,0.6110482492451451,0.01129342317950422,2.91258039933604e-06,0.011290510599104886,0.0145629019966802
2020-11-04,ES=F,3435.0,0.5886381033314094,0.01287071265651001,4.482029182747139e-06,0.012866230627327264,0.02241014591373569
2020-11-05,ES=F,3504.75,0.5699895611841154,0.01157402384063811,3.7297084294588115e-06,0.011570294132208652,0.018648542147294056
2020-11-06,ES=F,3500.75,0.546194448134139,-0.0006233762158603435,4.759022609995279e-06,-0.0006281352384703388,0.02379511304997639
2020-11-09,ES=F,3544.0,0.5526463317154707,0.0068276665990699556,1.2903767162663506e-06,0.00682637622235369,0.006451883581331752
2020-11-10,ES=F,3541.0,0.5630738944275826,-0.0004766426871565088,2.0855125424223744e-06,-0.0004787281996989312,0.01042756271211187
2020-11-11,ES=F,3568.0,0.5684726626237846,0.004334583984987882,1.0797536392403995e-06,0.004333504231348642,0.005398768196201997
2020-11-12,ES=F,3532.5,0.5697252583232558,-0.005668510838137772,2.5051913989424524e-07,-0.005668761357277666,0.0012525956994712262
2020-11-13,ES=F,3582.0,0.5606315239649045,0.007855983138361717,1.8187468716702738e-06,0.007854164391490046,0.009093734358351369
2020-11-16,ES=F,3623.0,0.5506023618243645,0.006302260422891928,2.0058324281079897e-06,0.00630025459046382,0.010029162140539949
2020-11-17,ES=F,3606.75,0.5586153115298393,-0.00250551995924918,1.6025899410949674e-06,-0.002507122549190275,0.008012949705474837
2020-11-18,ES=F,3565.0,0.5546571633184186,-0.006420444047561905,7.916296422841418e-07,-0.006421235677204189,0.003958148211420709
2020-11-19,ES=F,3580.0,0.5411877570633755,0.002277087336872593,2.6938812510086232e-06,0.0022743934556215843,0.013469406255043115
2020-11-20,ES=F,3554.25,0.5414272410960375,-0.0038943439827438314,4.789680653238815e-08,-0.0038943918795503636,0.00023948403266194074
2020-11-23,ES=F,3576.0,0.5360160091047809,0.003280114847866361,1.0822463982513186e-06,0.0032790326014681096,0.005411231991256593
2020-11-24,ES=F,3632.75,0.5609460856059978,0.008902038690755195,4.986015300243385e-06,0.008897052675454951,0.024930076501216925
2020-11-25,ES=F,3627.25,0.5518028938175401,-0.0008354320875360422,1.8286383576915366e-06,-0.0008372607258937337,0.009143191788457683
2020-11-27,ES=F,3636.5,0.7202360861998737,0.0018367037831273306,3.368663847646671e-05,0.0018030171446508638,0.16843319238233356
2020-11-30,ES=F,3623.25,0.7266999640690424,-0.002647813701062768,1.2927755738337376e-06,-0.0026491064766366017,0.006463877869168688
2020-12-01,ES=F,3660.5,0.761644259170503,0.007830331512896239,6.9888590202921375e-06,0.007823342653875947,0.03494429510146069
2020-12-02,ES=F,3667.25,0.7630354232410402,0.0014070452416000733,2.782328141074375e-07,0.0014067670087859658,0.0013911640705371875
2020-12-03,ES=F,3664.5,0.8001129105714849,-0.0005999892300965707,7.415497466088939e-06,-0.0006074047275626596,0.03707748733044469
2020-12-04,ES=F,3698.0,0.878326997452602,0.008029459520988366,1.5642817376223418e-05,0.008013816703612143,0.07821408688111708
2020-12-07,ES=F,3690.75,0.9680316873657119,-0.0018978447088700092,1.7940937982621974e-05,-0.0019157856468526313,0.08970468991310987
2020-12-08,ES=F,3702.0,0.9652811749321744,0.0029423323763427887,5.501024867075044e-07,0.002941782273856081,0.002750512433537522
2020-12-09,ES=F,3672.5,1.0,-0.007968665586169599,6.943765013565129e-06,-0.007975609351183164,0.03471882506782564
2020-12-10,ES=F,3668.5,0.9676926020459593,-0.001053987857912574,6.4614795908081395e-06,-0.0010604493375033822,0.032307397954040695
2020-12-11,ES=F,3661.25,0.9791588645441743,-0.0019350965702453927,2.293252499643006e-06,-0.0019373898227450356,0.01146626249821503
2020-12-14,ES=F,3646.5,1.0,-0.004028678729941948,4.168227091165134e-06,-0.004032846957033113,0.020841135455825666
2020-12-15,ES=F,3694.5,1.0,0.013163307280954273,0.0,0.013163307280954273,0.0
2020-12-16,ES=F,3700.75,1.0,0.0016917038841521848,0.0,0.0016917038841521848,0.0
2020-12-17,ES=F,3721.25,1.0,0.0055394176856042865,0.0,0.0055394176856042865,0.0
2020-12-18,ES=F,3726.25,1.0,0.0013436345314075115,0.0,0.0013436345314075115,0.0
2020-12-21,ES=F,3685.75,1.0,-0.010868835961086898,0.0,-0.010868835961086898,0.0
2020-12-22,ES=F,3677.25,1.0,-0.0023061792036899176,0.0,-0.0023061792036899176,0.0
2020-12-23,ES=F,3681.5,1.0,0.0011557549799443567,0.0,0.0011557549799443567,0.0
2020-12-24,ES=F,3695.0,1.0,0.003666983566481097,0.0,0.003666983566481097,0.0
2020-12-28,ES=F,3727.5,1.0,0.008795669824086527,0.0,0.008795669824086527,0.0
2020-12-29,ES=F,3720.0,1.0,-0.002012072434607659,0.0,-0.002012072434607659,0.0
2020-12-30,ES=F,3724.25,1.0,0.001142473118279641,0.0,0.001142473118279641,0.0
2020-12-31,ES=F,3748.75,1.0,0.006578505739410545,0.0,0.006578505739410545,0.0
2021-01-04,ES=F,3692.25,1.0,-0.0150716905635212,0.0,-0.0150716905635212,0.0
2021-01-05,ES=F,3718.25,1.0,0.007041776694427515,0.0,0.007041776694427515,0.0
2021-01-06,ES=F,3740.5,1.0,0.005983997848450162,0.0,0.005983997848450162,0.0
2021-01-07,ES=F,3795.5,1.0,0.014703916588691301,0.0,0.014703916588691301,0.0
2021-01-08,ES=F,3817.5,1.0,0.0057963377684100426,0.0,0.0057963377684100426,0.0
2021-01-11,ES=F,3792.0,1.0,-0.0066797642436149385,0.0,-0.0066797642436149385,0.0
2021-01-12,ES=F,3794.5,1.0,0.0006592827004219259,0.0,0.0006592827004219259,0.0
2021-01-13,ES=F,3803.75,1.0,0.0024377388325207416,0.0,0.0024377388325207416,0.0
2021-01-14,ES=F,3791.25,1.0,-0.0032862306933947316,0.0,-0.0032862306933947316,0.0
2021-01-15,ES=F,3762.25,1.0,-0.007649192218925127,0.0,-0.007649192218925127,0.0
2021-01-19,ES=F,3790.5,1.0,0.007508804571732419,0.0,0.007508804571732419,0.0
2021-01-20,ES=F,3845.0,1.0,0.014378050389130648,0.0,0.014378050389130648,0.0
2021-01-21,ES=F,3846.0,0.9930647654364313,0.00025827432130983867,1.3870469127137408e-06,0.00025688727439712494,0.006935234563568704
2021-01-22,ES=F,3834.25,1.0,-0.0030551222048882387,1.3870469127137408e-06,-0.0030565092518009523,0.006935234563568704
2021-01-25,ES=F,3848.5,1.0,0.00371650257547107,0.0,0.00371650257547107,0.0
2021-01-26,ES=F,3842.5,1.0,-0.0015590489801221574,0.0,-0.0015590489801221574,0.0
2021-01-27,ES=F,3744.25,1.0,-0.025569290826285007,0.0,-0.025569290826285007,0.0
2021-01-28,ES=F,3779.25,0.8266542124609948,0.007727287824299861,3.466915750780104e-05,0.00769261866679206,0.1733457875390052
2021-01-29,ES=F,3705.25,0.8096863303663149,-0.01585414789895014,3.3935764189359843e-06,-0.015857541475369073,0.01696788209467992
2021-02-01,ES=F,3765.75,0.7310500591126482,0.011936719135366125,1.5727254250733335e-05,0.011920991881115391,0.07863627125366668
2021-02-02,ES=F,3818.25,0.695747450567726,0.009699725461011884,7.060521708984435e-06,0.0096926649393029,0.035302608544922176
2021-02-03,ES=F,3823.5,0.7096266912038913,0.0009757192768468522,2.7758481272330606e-06,0.0009729434287196191,0.013879240636165302
2021-02-04,ES=F,3864.5,0.7143039218567667,0.007659594820485807,9.354461305750795e-07,0.0076586593743552325,0.004677230652875397
2021-02-05,ES=F,3880.25,0.7042692588133349,0.0028702913252192683,2.0069326086863626e-06,0.002868284392610582,0.010034663043431813
2021-02-08,ES=F,3908.0,0.7316654832211127,0.0052325796429060325,5.479244881555557e-06,0.005227100398024477,0.02739622440777778
2021-02-09,ES=F,3905.5,0.7292245134135801,-0.000466494698959589,4.881939615065223e-07,-0.0004669828929210955,0.0024409698075326114
2021-02-10,ES=F,3903.0,0.7397718285675847,-0.0004735448909023109,2.1094630308009288e-06,-0.0004756543539331118,0.010547315154004644
2021-02-11,ES=F,3912.0,0.7390887034440828,0.0017042783323077226,1.3662502470037642e-07,0.0017041417072830222,0.000683125123501882
2021-02-12,ES=F,3931.0,0.7391311718316488,0.0035898497609410823,8.493677513188303e-09,0.003589841267263569,4.246838756594151e-05
2021-02-16,ES=F,3927.75,0.7416613104874318,-0.0006131771200926547,5.060277311565998e-07,-0.0006136831478238113,0.0025301386557829986
2021-02-17,ES=F,3928.0,0.7574254337555194,4.8209880577647785e-05,3.1528246536175256e-06,4.505705592403026e-05,0.015764123268087626
2021-02-18,ES=F,3909.5,0.7624787659309163,-0.0035911041674444558,1.0106664350793882e-06,-0.0035921148338795353,0.005053332175396941
2021-02-19,ES=F,3903.0,0.7896168617243277,-0.0013128301831968185,5.427619158682262e-06,-0.0013182578023555008,0.02713809579341131
2021-02-22,ES=F,3873.5,0.7883514606776618,-0.005958587776067383,2.5308020933316744e-07,-0.005958840856276716,0.0012654010466658372
2021-02-23,ES=F,3878.0,0.7770611464630189,0.0009027430383589952,2.2580628429285765e-06,0.0009004849755160667,0.011290314214642883
2021-02-24,ES=F,3922.5,0.7791103641871779,0.008940281383787912,4.0984354483180056e-07,0.008939871540243081,0.0020492177241590026
2021-02-25,ES=F,3828.0,0.7573850850905176,-0.018246753484016266,4.345055819332067e-06,-0.018251098539835597,0.021725279096660333
2021-02-26,ES=F,3809.25,0.7723944664854849,-0.00378328010621806,3.001876278993465e-06,-0.003786281982497053,0.015009381394967325
2021-03-01,ES=F,3898.75,0.7807186800199064,0.018343327915411625,1.6648427068842952e-06,0.01834166307270474,0.008324213534421476
2021-03-02,ES=F,3867.5,0.7729792727309541,-0.006195729983415782,1.5478814577904567e-06,-0.006197277864873572,0.0077394072889522825
2021-03-03,ES=F,3816.75,0.7952400913158963,-0.010435277216362403,4.452163716988445e-06,-0.010439729380079392,0.02226081858494222
2021-03-04,ES=F,3765.5,0.7917744981133107,-0.010631674337671393,6.93118640517132e-07,-0.01063236745631191,0.0034655932025856595
2021-03-05,ES=F,3839.0,0.7575911435962464,0.014787664069665094,6.836670903412868e-06,0.014780827398761682,0.034183354517064335
2021-03-08,ES=F,3819.25,0.7101844351751654,-0.003653592757152746,9.481341684216193e-06,-0.003663074098836962,0.04740670842108097
2021-03-09,ES=F,3873.25,0.7100988129653936,0.010040017254731009,1.712444195436369e-08,0.010040000130289054,8.562220977181845e-05
2021-03-10,ES=F,3896.5,0.68676960295299,0.004122479382600426,4.665842002480702e-06,0.004117813540597945,0.023329210012403512
2021-03-11,ES=F,3936.75,0.6813715351266091,0.007038420194750611,1.0796135652761941e-06,0.007037340581185335,0.00539806782638097
2021-03-12,ES=F,3942.25,0.667749346795695,0.0009329069428783318,2.724437666182822e-06,0.0009301825052121489,0.013622188330914109
2021-03-15,ES=F,3967.5,0.6680762408526817,0.004279009469599969,6.537881139734303e-08,0.004278944090788571,0.00032689405698671514
2021-03-16,ES=F,3962.5,0.6660085236473228,-0.0008393302125360412,4.135434410717842e-07,-0.0008397437559771129,0.002067717205358921
2021-03-17,ES=F,3974.0,0.6658338788766363,0.0019323885443738693,3.492895413730324e-08,0.001932353615419732,0.00017464477068651618
2021-03-18,ES=F,3916.5,0.6651698421446286,-0.009624374917794668,1.3280734640153114e-07,-0.00962450772514107,0.0006640367320076557
2021-03-19,ES=F,3912.6201171875,0.6413956851786838,-0.000635398977387063,4.754831393188952e-06,-0.0006401538087802519,0.02377415696594476
2021-03-22,ES=F,3930.0,0.6416288838459111,0.0028501194791109284,4.663973344545269e-08,0.002850072839377483,0.00023319866722726346
2021-03-23,ES=F,3899.75,0.6473933225305853,-0.004983116541106909,1.152887736934849e-06,-0.0049842694288438445,0.005764438684674245
2021-03-24,ES=F,3880.75,0.6394674045189178,-0.003115553736998388,1.5851836023335064e-06,-0.0031171389206007217,0.007925918011667532
2021-03-25,ES=F,3900.5,0.6524201139441129,0.0033203110868766077,2.5905418850390218e-06,0.003317720544991569,0.012952709425195108
2021-03-26,ES=F,3964.75,0.7350609868261139,0.012108106243706684,1.652817457640019e-05,0.012091578069130283,0.08264087288200095
2021-03-29,ES=F,3959.0,0.705319548306879,-0.0010229112561358584,5.948287703846966e-06,-0.0010288595438397055,0.02974143851923483
2021-03-30,ES=F,3947.75,0.7926402249231378,-0.0022523876055532467,1.746413532325175e-05,-0.0022698517408764984,0.08732067661625875
2021-03-31,ES=F,3967.5,0.8074043396964219,0.0040393225784319,2.95282295465682e-06,0.004036369755477243,0.014764114773284098
2021-04-01,ES=F,4010.0,0.8584852140777645,0.00919612390631508,1.0216174876268514e-05,0.009185907731438812,0.05108087438134257
2021-04-05,ES=F,4067.75,0.9165176387231516,0.01319922534570134,1.1606484929077432e-05,0.013187618860772262,0.05803242464538716
2021-04-06,ES=F,4064.0,0.9685744274234938,-0.0008929147815962659,1.0411357740068428e-05,-0.0009033261393363343,0.05205678870034214
2021-04-07,ES=F,4070.0,0.9896103567016332,0.0014610389124533058,4.207185855627893e-06,0.0014568317265976779,0.021035929278139465
2021-04-08,ES=F,4089.0,1.0,0.004668304668304701,2.077928659673356e-06,0.004666226739645028,0.01038964329836678
2021-04-09,ES=F,4119.5,1.0,0.007459036439227296,0.0,0.007459036439227296,0.0
2021-04-12,ES=F,4120.25,1.0,0.0001820609297245035,0.0,0.0001820609297245035,0.0
2021-04-13,ES=F,4132.75,1.0,0.003033796492931229,0.0,0.003033796492931229,0.0
2021-04-14,ES=F,4118.0,1.0,-0.003569052083963409,0.0,-0.003569052083963409,0.0
2021-04-15,ES=F,4162.5,1.0,0.010806216610004915,0.0,0.010806216610004915,0.0
2021-04-16,ES=F,4176.25,1.0,0.0033033033033031955,0.0,0.0033033033033031955,0.0
2021-04-19,ES=F,4155.5,1.0,-0.004968572283747363,0.0,-0.004968572283747363,0.0
2021-04-20,ES=F,4126.5,1.0,-0.0069787029238358445,0.0,-0.0069787029238358445,0.0
2021-04-21,ES=F,4164.75,1.0,0.009269356597600975,0.0,0.009269356597600975,0.0
2021-04-22,ES=F,4127.75,1.0,-0.008884086679872727,0.0,-0.008884086679872727,0.0
2021-04-23,ES=F,4171.5,1.0,0.010598994609654078,0.0,0.010598994609654078,0.0
2021-04-26,ES=F,4179.5,1.0,0.001917775380558595,0.0,0.001917775380558595,0.0
2021-04-27,ES=F,4179.0,1.0,-0.00011963153487259959,0.0,-0.00011963153487259959,0.0
2021-04-28,ES=F,4176.25,1.0,-0.0006580521655898952,0.0,-0.0006580521655898952,0.0
2021-04-29,ES=F,4203.5,1.0,0.006524992517210393,0.0,0.006524992517210393,0.0
2021-04-30,ES=F,4174.5,1.0,-0.006899012727489051,0.0,-0.006899012727489051,0.0
2021-05-03,ES=F,4185.75,1.0,0.0026949335249730755,0.0,0.0026949335249730755,0.0
2021-05-04,ES=F,4158.25,1.0,-0.006569909813056163,0.0,-0.006569909813056163,0.0
2021-05-05,ES=F,4160.0,1.0,0.000420850117236915,0.0,0.000420850117236915,0.0
2021-05-06,ES=F,4194.25,1.0,0.008233173076923173,0.0,0.008233173076923173,0.0
2021-05-07,ES=F,4225.25,1.0,0.007391071109256631,0.0,0.007391071109256631,0.0
2021-05-10,ES=F,4183.5,1.0,-0.009881072125909718,0.0,-0.009881072125909718,0.0
2021-05-11,ES=F,4146.25,1.0,-0.008904027727978936,0.0,-0.008904027727978936,0.0
2021-05-12,ES=F,4058.75,1.0,-0.021103406692794646,0.0,-0.021103406692794646,0.0
2021-05-13,ES=F,4107.0,0.9172663926920595,0.010904367957472643,1.654672146158811e-05,0.010887821236011055,0.08273360730794055
2021-05-14,ES=F,4169.0,0.9086172970041178,0.013716647775567322,1.72981913758834e-06,0.013714917956429734,0.0086490956879417
2021-05-17,ES=F,4157.75,0.8426998584054163,-0.002274016168640207,1.3183487719740295e-05,-0.0022871996563599475,0.06591743859870147
2021-05-18,ES=F,4123.0,0.8473063477337243,-0.007081689756177457,9.212978656615967e-07,-0.007082611054043119,0.004606489328307983
2021-05-19,ES=F,4111.5,0.8417092260373962,-0.0023477215860853904,1.1194243392656178e-06,-0.002348841010424656,0.005597121696328089
2021-05-20,ES=F,4154.25,0.864932236091279,0.008993275712733116,4.6446020107765664e-06,0.00898863111072234,0.02322301005388283
2021-05-21,ES=F,4151.75,0.8554857313086001,-0.0005148256191302056,1.889300956535789e-06,-0.0005167149200867413,0.009446504782678944
2021-05-24,ES=F,4193.75,0.8873702274274707,0.008976828940074302,6.376899223774136e-06,0.008970452040850528,0.031884496118870675
2021-05-25,ES=F,4185.5,0.8586839373469326,-0.0016892143029775895,5.737258016107628e-06,-0.0016949515609936971,0.028686290080538135
2021-05-26,ES=F,4193.0,0.8574519231579817,0.0015364686235060845,2.464028377901828e-07,0.0015362222206682942,0.001232014188950914
2021-05-27,ES=F,4199.0,0.8569266557469363,0.0012262246445222844,1.0505348220908317e-07,0.0012261195910400753,0.0005252674110454159
2021-05-28,ES=F,4202.5,0.8679807782853473,0.0007234895746603655,2.2108245076821967e-06,0.0007212787501526834,0.011054122538410982
2021-06-01,ES=F,4198.5,0.882543985036415,-0.0008400180702309703,2.912641350213541e-06,-0.0008429307115811839,0.014563206751067703
2021-06-02,ES=F,4206.25,0.8838446191302765,0.0016314864352172636,2.601268187722994e-07,0.0016312263083984914,0.0013006340938614969
2021-06-03,ES=F,4191.25,0.8982266260070618,-0.0032031855905155135,2.876401375357074e-06,-0.0032060619918908707,0.01438200687678537
2021-06-04,ES=F,4228.25,0.8930075674062621,0.007883395167081734,1.0438117201599484e-06,0.007882351355361573,0.005219058600799742
2021-06-07,ES=F,4225.5,0.8900187616081258,-0.0005788568780044398,5.977611596272636e-07,-0.000579454639164067,0.002988805798136318
2021-06-08,ES=F,4225.75,0.90597184949969,5.360145837770217e-05,3.190617578312849e-06,5.041084079938932e-05,0.015953087891564244
2021-06-09,ES=F,4218.5,0.9415808672113024,-0.0016154437170400361,7.12180354232248e-06,-0.0016225655205823585,0.0356090177116124
2021-06-10,ES=F,4238.0,0.9749015426710451,0.004506478625598158,6.664135091948542e-06,0.004499814490506209,0.03332067545974271
2021-06-11,ES=F,4245.75,1.0,0.0018286927796129504,5.0196914657909766e-06,0.0018236730881471593,0.025098457328954882
2021-06-14,ES=F,4254.75,1.0,0.002119766825649183,0.0,0.002119766825649183,0.0
2021-06-15,ES=F,4246.5,1.0,-0.0019390093424995758,0.0,-0.0019390093424995758,0.0
2021-06-16,ES=F,4223.0,1.0,-0.005533969151065632,0.0,-0.005533969151065632,0.0
2021-06-17,ES=F,4222.25,1.0,-0.0001775988633673231,0.0,-0.0001775988633673231,0.0
2021-06-18,ES=F,4187.25,1.0,-0.008289419148558186,0.0,-0.008289419148558186,0.0
2021-06-21,ES=F,4213.75,1.0,0.006328736043943017,0.0,0.006328736043943017,0.0
2021-06-22,ES=F,4236.25,1.0,0.005339661821417874,0.0,0.005339661821417874,0.0
2021-06-23,ES=F,4231.5,1.0,-0.0011212747123044986,0.0,-0.0011212747123044986,0.0
2021-06-24,ES=F,4256.0,1.0,0.005789909015715411,0.0,0.005789909015715411,0.0
2021-06-25,ES=F,4271.25,1.0,0.0035831766917293617,0.0,0.0035831766917293617,0.0
2021-06-28,ES=F,4280.5,1.0,0.002165642376353416,0.0,0.002165642376353416,0.0
2021-06-29,ES=F,4282.0,1.0,0.0003504263520617279,0.0,0.0003504263520617279,0.0
2021-06-30,ES=F,4288.5,1.0,0.001517982251284522,0.0,0.001517982251284522,0.0
2021-07-01,ES=F,4310.75,1.0,0.005188294275387584,0.0,0.005188294275387584,0.0
2021-07-02,ES=F,4342.75,1.0,0.0074233022095921974,0.0,0.0074233022095921974,0.0
2021-07-06,ES=F,4334.0,1.0,-0.0020148523401071206,0.0,-0.0020148523401071206,0.0
2021-07-07,ES=F,4349.75,1.0,0.0036340562990309078,0.0,0.0036340562990309078,0.0
2021-07-08,ES=F,4313.0,1.0,-0.008448761423070272,0.0,-0.008448761423070272,0.0
2021-07-09,ES=F,4360.0,1.0,0.010897287271041112,0.0,0.010897287271041112,0.0
2021-07-12,ES=F,4376.5,1.0,0.0037844036697247674,0.0,0.0037844036697247674,0.0
2021-07-13,ES=F,4361.25,1.0,-0.0034845195932823314,0.0,-0.0034845195932823314,0.0
2021-07-14,ES=F,4367.75,1.0,0.0014903983949556832,0.0,0.0014903983949556832,0.0
2021-07-15,ES=F,4352.0,1.0,-0.0036059756167362567,0.0,-0.0036059756167362567,0.0
2021-07-16,ES=F,4318.5,1.0,-0.0076976102941176405,0.0,-0.0076976102941176405,0.0
2021-07-19,ES=F,4251.25,1.0,-0.01557253676044923,0.0,-0.01557253676044923,0.0
2021-07-20,ES=F,4315.5,1.0,0.015113201999412018,0.0,0.015113201999412018,0.0
2021-07-21,ES=F,4350.5,1.0,0.008110300081102917,0.0,0.008110300081102917,0.0
2021-07-22,ES=F,4359.5,1.0,0.0020687277324444864,0.0,0.0020687277324444864,0.0
2021-07-23,ES=F,4403.0,1.0,0.0099782085101503,0.0,0.0099782085101503,0.0
2021-07-26,ES=F,4414.25,1.0,0.002555076084487906,0.0,0.002555076084487906,0.0
2021-07-27,ES=F,4394.5,1.0,-0.004474146230956544,0.0,-0.004474146230956544,0.0
2021-07-28,ES=F,4393.75,1.0,-0.00017066788030495328,0.0,-0.00017066788030495328,0.0
2021-07-29,ES=F,4411.75,1.0,0.004096728307254605,0.0,0.004096728307254605,0.0
2021-07-30,ES=F,4389.5,1.0,-0.005043350144500525,0.0,-0.005043350144500525,0.0
2021-08-02,ES=F,4379.75,1.0,-0.0022212097049777446,0.0,-0.0022212097049777446,0.0
2021-08-03,ES=F,4415.0,1.0,0.008048404589303004,0.0,0.008048404589303004,0.0
2021-08-04,ES=F,4394.75,1.0,-0.004586636466591187,0.0,-0.004586636466591187,0.0
2021-08-05,ES=F,4421.5,1.0,0.006086808123328957,0.0,0.006086808123328957,0.0
2021-08-06,ES=F,4429.5,1.0,0.0018093407214745394,0.0,0.0018093407214745394,0.0
2021-08-09,ES=F,4425.75,1.0,-0.0008465966813410164,0.0,-0.0008465966813410164,0.0
2021-08-10,ES=F,4430.0,1.0,0.0009602892165170296,0.0,0.0009602892165170296,0.0
2021-08-11,ES=F,4440.5,1.0,0.002370203160270812,0.0,0.002370203160270812,0.0
2021-08-12,ES=F,4454.5,1.0,0.003152798108321031,0.0,0.003152798108321031,0.0
2021-08-13,ES=F,4462.5,1.0,0.0017959366932316367,0.0,0.0017959366932316367,0.0
2021-08-16,ES=F,4474.0,1.0,0.0025770308123249652,0.0,0.0025770308123249652,0.0
2021-08-17,ES=F,4443.5,1.0,-0.0068171658471166685,0.0,-0.0068171658471166685,0.0
2021-08-18,ES=F,4394.5,1.0,-0.011027343310453519,0.0,-0.011027343310453519,0.0
2021-08-19,ES=F,4401.5,1.0,0.001592900216179416,0.0,0.001592900216179416,0.0
2021-08-20,ES=F,4437.0,1.0,0.008065432239009462,0.0,0.008065432239009462,0.0
2021-08-23,ES=F,4475.5,1.0,0.008677034032003705,0.0,0.008677034032003705,0.0
2021-08-24,ES=F,4482.5,1.0,0.0015640710535136382,0.0,0.0015640710535136382,0.0
2021-08-25,ES=F,4493.0,1.0,0.0023424428332403657,0.0,0.0023424428332403657,0.0
2021-08-26,ES=F,4466.5,1.0,-0.005898063654573793,0.0,-0.005898063654573793,0.0
2021-08-27,ES=F,4505.5,1.0,0.008731669092130412,0.0,0.008731669092130412,0.0
2021-08-30,ES=F,4525.25,1.0,0.004383531239596117,0.0,0.004383531239596117,0.0
2021-08-31,ES=F,4520.5,1.0,-0.001049665764322416,0.0,-0.001049665764322416,0.0
2021-09-01,ES=F,4521.25,1.0,0.00016591085056960608,0.0,0.00016591085056960608,0.0
2021-09-02,ES=F,4535.25,1.0,0.0030964888028752746,0.0,0.0030964888028752746,0.0
2021-09-03,ES=F,4534.5,1.0,-0.00016537125847526646,0.0,-0.00016537125847526646,0.0
2021-09-07,ES=F,4519.25,1.0,-0.0033631050832506615,0.0,-0.0033631050832506615,0.0
2021-09-08,ES=F,4512.5,1.0,-0.0014936106654864778,0.0,-0.0014936106654864778,0.0
2021-09-09,ES=F,4492.25,1.0,-0.004487534626038792,0.0,-0.004487534626038792,0.0
2021-09-10,ES=F,4458.25,1.0,-0.007568590350047311,0.0,-0.007568590350047311,0.0
2021-09-13,ES=F,4469.0,1.0,0.0024112600235517423,0.0,0.0024112600235517423,0.0
2021-09-14,ES=F,4444.5,1.0,-0.005482210785410557,0.0,-0.005482210785410557,0.0
2021-09-15,ES=F,4481.75,1.0,0.008381145235684562,0.0,0.008381145235684562,0.0
2021-09-16,ES=F,4474.25,1.0,-0.0016734534501031684,0.0,-0.0016734534501031684,0.0
2021-09-17,ES=F,4464.330078125,1.0,-0.0022171139017712616,0.0,-0.0022171139017712616,0.0
2021-09-20,ES=F,4348.25,1.0,-0.026001679108313858,0.0,-0.026001679108313858,0.0
2021-09-21,ES=F,4343.25,1.0,-0.0011498878859310668,0.0,-0.0011498878859310668,0.0
2021-09-22,ES=F,4384.0,1.0,0.009382374949634453,0.0,0.009382374949634453,0.0
2021-09-23,ES=F,4438.0,1.0,0.012317518248175174,0.0,0.012317518248175174,0.0
2021-09-24,ES=F,4445.75,0.9538510979280391,0.0016656931070171978,9.229780414392175e-06,0.0016564633266028057,0.04614890207196087
2021-09-27,ES=F,4433.0,0.9637732225993094,-0.0027640125036588643,1.9844249342540587e-06,-0.0027659969285931184,0.009922124671270294
2021-09-28,ES=F,4343.5,0.996472820916968,-0.020118275991894544,6.539919663531713e-06,-0.020124815911558076,0.03269959831765856
2021-09-29,ES=F,4349.75,0.8815088522341817,0.0012684310639953446,2.299279373655725e-05,0.0012454382702587873,0.11496396868278624
2021-09-30,ES=F,4297.75,0.8783299270610809,-0.010500179598178339,6.357850346201621e-07,-0.010500815383212958,0.0031789251731008106
2021-10-01,ES=F,4343.75,0.8528547048542664,0.00912833841505343,5.095044441362906e-06,0.009123243370612068,0.02547522220681453
2021-10-04,ES=F,4291.25,0.8172255057881714,-0.009877257911684374,7.125839813218993e-06,-0.009884383751497593,0.03562919906609496
2021-10-05,ES=F,4334.0,0.7968569880767612,0.007938394696249764,4.0737035422820476e-06,0.007934320992707482,0.02036851771141024
2021-10-06,ES=F,4354.0,0.7653535969779469,0.003531857854074508,6.300678219762857e-06,0.003525557175854745,0.03150339109881428
2021-10-07,ES=F,4390.0,0.7572200664391603,0.006260891683925155,1.6267061077573254e-06,0.006259264977817398,0.008133530538786626
2021-10-08,ES=F,4382.25,0.7416834151908192,-0.0013093499926489247,3.107330249668228e-06,-0.0013124573228985928,0.015536651248341138
2021-10-11,ES=F,4351.0,0.749499196032623,-0.005344708740035256,1.5631561683607799e-06,-0.005346271896203617,0.007815780841803899
2021-10-12,ES=F,4340.75,0.7449249323646566,-0.0017548794660394548,9.148527335932855e-07,-0.001755794318773048,0.004574263667966427
2021-10-13,ES=F,4355.0,0.7480107072526735,0.0024556015845995606,6.171549776033736e-07,0.0024549844296219573,0.003085774888016868
2021-10-14,ES=F,4429.0,0.7616069813113191,0.012941197845473571,2.7192548117291218e-06,0.012938478590661842,0.013596274058645608
2021-10-15,ES=F,4462.5,0.7063745356339463,0.005342864516535837,1.104648913547457e-05,0.005331818027400362,0.05523244567737284
2021-10-18,ES=F,4477.5,0.6978461336839585,0.00234570128969397,1.7056803899975437e-06,0.0023439956093039725,0.008528401949987718
2021-10-19,ES=F,4511.25,0.8356447620165461,0.006298829864446401,2.7559725666517522e-05,0.006271270138779884,0.1377986283325876
2021-10-20,ES=F,4528.0,0.8291991875842839,0.003078766725860162,1.2891148864524472e-06,0.0030774776109737095,0.0064455744322622355
2021-10-21,ES=F,4541.75,0.8429643036895949,0.002559796637749909,2.7530232210621896e-06,0.002557043614528847,0.013765116105310948
2021-10-22,ES=F,4536.5,0.8751251552756335,-0.0010115940034562054,6.43217031720773e-06,-0.0010180261737734132,0.03216085158603865
2021-10-25,ES=F,4558.0,0.8737230840094917,0.004140867696727395,2.8041425322835604e-07,0.004140587282474167,0.00140207126614178
2021-10-26,ES=F,4565.25,0.875070825568799,0.0013918963329033942,2.695483118614561e-07,0.0013916267845915328,0.0013477415593072806
2021-10-27,ES=F,4544.5,1.0,-0.004545205629483573,2.4985834886240202e-05,-0.004570191464369813,0.124929174431201
2021-10-28,ES=F,4587.5,1.0,0.009461987017273632,0.0,0.009461987017273632,0.0
2021-10-29,ES=F,4597.0,1.0,0.002070844686648421,0.0,0.002070844686648421,0.0
2021-11-01,ES=F,4605.75,1.0,0.0019034152708288232,0.0,0.0019034152708288232,0.0
2021-11-02,ES=F,4623.5,1.0,0.003853878304293623,0.0,0.003853878304293623,0.0
2021-11-03,ES=F,4652.25,1.0,0.0062182329404130154,0.0,0.0062182329404130154,0.0
2021-11-04,ES=F,4673.25,1.0,0.004513944865387698,0.0,0.004513944865387698,0.0
2021-11-05,ES=F,4690.25,1.0,0.0036377253517358987,0.0,0.0036377253517358987,0.0
2021-11-08,ES=F,4694.0,1.0,0.0007995309418473706,0.0,0.0007995309418473706,0.0
2021-11-09,ES=F,4678.25,1.0,-0.0033553472518108585,0.0,-0.0033553472518108585,0.0
2021-11-10,ES=F,4642.0,1.0,-0.0077486239512638555,0.0,-0.0077486239512638555,0.0
2021-11-11,ES=F,4643.0,1.0,0.00021542438604060798,0.0,0.00021542438604060798,0.0
2021-11-12,ES=F,4678.25,1.0,0.007592074090027934,0.0,0.007592074090027934,0.0
2021-11-15,ES=F,4679.0,1.0,0.0001603163576122668,0.0,0.0001603163576122668,0.0
2021-11-16,ES=F,4696.0,1.0,0.0036332549690105687,0.0,0.0036332549690105687,0.0
2021-11-17,ES=F,4686.25,1.0,-0.00207623509369681,0.0,-0.00207623509369681,0.0
2021-11-18,ES=F,4701.5,1.0,0.0032542011202987275,0.0,0.0032542011202987275,0.0
2021-11-19,ES=F,4694.5,1.0,-0.0014888865255769934,0.0,-0.0014888865255769934,0.0
2021-11-22,ES=F,4679.75,1.0,-0.0031419746511875957,0.0,-0.0031419746511875957,0.0
2021-11-23,ES=F,4688.5,1.0,0.0018697579998931957,0.0,0.0018697579998931957,0.0
2021-11-24,ES=F,4699.0,1.0,0.0022395222352564748,0.0,0.0022395222352564748,0.0
2021-11-26,ES=F,4595.75,1.0,-0.02197276016173655,0.0,-0.02197276016173655,0.0
2021-11-29,ES=F,4651.0,1.0,0.012021976826415814,0.0,0.012021976826415814,0.0
2021-11-30,ES=F,4566.25,1.0,-0.01822188776607181,0.0,-0.01822188776607181,0.0
2021-12-01,ES=F,4508.5,0.9672140036485825,-0.012232490273354655,6.557199270283509e-06,-0.012239047472624939,0.032785996351417546
2021-12-02,ES=F,4575.75,0.9235350218085424,0.01377569706479414,8.735796368008009e-06,0.013766961268426133,0.04367898184004004
2021-12-03,ES=F,4537.5,0.8610995885278183,-0.007198177186513439,1.2487086656144819e-05,-0.0072106642731695845,0.062435433280724095
2021-12-06,ES=F,4590.0,0.8553261262503052,0.009896335345044934,1.1546924555026151e-06,0.009895180652589432,0.005773462277513075
2021-12-07,ES=F,4685.0,0.8193404188380204,0.016958026097954673,7.1971414824569595e-06,0.016950828956472215,0.035985707412284795
2021-12-08,ES=F,4699.0,0.7288096657902763,0.0021778730674628893,1.8106150609548832e-05,0.0021597669168533407,0.09053075304774416
2021-12-09,ES=F,4667.0,0.7294552288321637,-0.004967560613455875,1.2911260837749072e-07,-0.004967689726064252,0.0006455630418874536
2021-12-10,ES=F,4711.0,0.73188309025563,0.006900119128186843,4.855722846932587e-07,0.0068996335559021495,0.002427861423466293
2021-12-13,ES=F,4668.75,0.7187532700079989,-0.006446046626584132,2.6259640495262195e-06,-0.006448672590633658,0.013129820247631097
2021-12-14,ES=F,4637.0,0.7131339060947951,-0.004849692426990055,1.123872782640767e-06,-0.004850816299772696,0.005619363913203834
2021-12-15,ES=F,4709.5,0.706381756073828,0.011044355685864262,1.350430004193415e-06,0.011043005255860069,0.006752150020967074
2021-12-16,ES=F,4668.75,0.6729136871391967,-0.005822535885109272,6.693613786926256e-06,-0.005829229498896198,0.03346806893463128
2021-12-17,ES=F,4636.4599609375,0.6636292814929343,-0.004589797145365622,1.8568811292524857e-06,-0.004591654026494875,0.009284405646262428
2021-12-20,ES=F,4558.5,0.6598780989526531,-0.011095549460424643,7.502365080562345e-07,-0.0110962996969327,0.0037511825402811727
2021-12-21,ES=F,4640.75,0.6305929908151658,0.011377925522550665,5.857021627497461e-06,0.011372068500923167,0.029285108137487303
2021-12-22,ES=F,4686.0,0.5951568793013193,0.005803124233881325,7.087222302769303e-06,0.005796037011578555,0.03543611151384651
2021-12-23,ES=F,4715.75,0.5866903045364436,0.003724719709765053,1.6933149529751558e-06,0.003723026394812078,0.008466574764875778
2021-12-27,ES=F,4782.25,0.583710752818302,0.008231302563201363,5.959103436283142e-07,0.008230706652857736,0.002979551718141571
2021-12-28,ES=F,4778.5,0.6186216382509208,-0.0004850919846183143,6.982177086523756e-06,-0.000492074161704838,0.03491088543261878
2021-12-29,ES=F,4784.5,0.6291606243759057,0.0007899892740934283,2.107797224996988e-06,0.0007878814768684314,0.01053898612498494
2021-12-30,ES=F,4772.25,0.6785435699935949,-0.001737309798813139,9.876589123537839e-06,-0.0017471863879366767,0.04938294561768919
2021-12-31,ES=F,4758.5,0.7087203645175902,-0.0020419938209685264,6.035358904799071e-06,-0.0020480291798733257,0.030176794523995354
2022-01-03,ES=F,4786.0,0.7293142215035527,0.004214803213480584,4.1187713971925e-06,0.004210684442083392,0.0205938569859625
2022-01-04,ES=F,4784.25,0.7475247346536865,-0.00027333227865523744,3.642102630026756e-06,-0.0002769743812852642,0.018210513150133778
2022-01-05,ES=F,4692.5,0.761797176181283,-0.014609372611095319,2.8544883055192873e-06,-0.014612227099400838,0.014272441527596436
2022-01-06,ES=F,4687.5,0.7561987712004953,-0.0008057525532237435,1.119680996157535e-06,-0.000806872234219901,0.005598404980787675
2022-01-07,ES=F,4667.75,0.7576335429039888,-0.003192162660768774,2.8695434069869745e-07,-0.003192449615109473,0.001434771703493487
2022-01-10,ES=F,4662.25,0.763131057499551,-0.0008991957187611691,1.0995029191124495e-06,-0.0009002952216802815,0.005497514595562247
2022-01-11,ES=F,4705.0,0.7816549823571025,0.007167301302110755,3.7047849715103e-06,0.007163596517139245,0.0185239248575515
2022-01-12,ES=F,4716.25,0.7807448708948711,0.0018668182354021805,1.8202229244628222e-07,0.0018666362131097341,0.000910111462231411
2022-01-13,ES=F,4652.0,0.7919602811421435,-0.010788963278745324,2.24308204945447e-06,-0.010791206360794779,0.01121541024727235
2022-01-14,ES=F,4654.75,0.8029189207781499,0.00047464037664226005,2.1917279272012816e-06,0.00047244864871505876,0.010958639636006406
2022-01-18,ES=F,4571.25,0.8188385819834181,-0.014688870851413188,3.1839322410536444e-06,-0.014692054783654242,0.01591966120526822
2022-01-19,ES=F,4524.25,0.7616607962466609,-0.00783113096496429,1.1435557147351427e-05,-0.00784256652211164,0.057177785736757136
2022-01-20,ES=F,4474.75,0.7969373016268186,-0.008719322855838568,7.055301076031539e-06,-0.0087263781569146,0.0352765053801577
2022-01-21,ES=F,4390.0,0.8636036356486932,-0.016356312223303342,1.3333266804374922e-05,-0.016369645490107717,0.06666633402187461
2022-01-24,ES=F,4403.75,0.8315846935050709,0.0026046217621173047,6.403788428724467e-06,0.00259821797368858,0.03201894214362233
2022-01-25,ES=F,4349.0,0.8449053940966169,-0.010504358859333459,2.6641401183091997e-06,-0.010507022999451767,0.013320700591545998
2022-01-26,ES=F,4341.5,0.9227345762996133,-0.0015912874964927389,1.556583644059928e-05,-0.0016068533329333381,0.0778291822029964
2022-01-27,ES=F,4317.75,0.9249875673937361,-0.005060107042635344,4.5059821882456055e-07,-0.005060557640854169,0.0022529910941228026
2022-01-28,ES=F,4423.25,0.9383651074948076,0.022928034008616077,2.6755080202143014e-06,0.022925358500595863,0.013377540101071506
2022-01-31,ES=F,4504.25,0.7330884038736809,0.013424554504893108,4.105534072422534e-05,0.013383499164168883,0.2052767036211267
2022-02-01,ES=F,4535.0,0.6643309336796773,0.0045353113638564365,1.3751494038800716e-05,0.004521559869817636,0.06875747019400358
2022-02-02,ES=F,4577.25,-0.6619371593558034,-0.006166889742620281,0.0002652536186070962,-0.006432143361227377,1.3262680930354809
2022-02-03,ES=F,4469.0,-0.6457033344625713,0.015270607014162092,3.2467649786464214e-06,0.015267360249183445,0.016233824893232107
2022-02-04,ES=F,4492.5,-0.626417792023357,-0.0032939848092523186,3.8571084878428646e-06,-0.0032978419177401614,0.01928554243921432
2022-02-07,ES=F,4475.75,-0.6206463020647862,0.0023140401913378183,1.1542979917141594e-06,0.002312885893346104,0.005771489958570797
2022-02-08,ES=F,4512.5,-0.620842668543149,-0.005097685989825294,3.927329567254834e-08,-0.005097725263120967,0.00019636647836274168
2022-02-09,ES=F,4577.75,-0.6106680224197525,-0.008830158108119456,2.034929224679294e-06,-0.008832193037344135,0.010174646123396469
2022-02-10,ES=F,4497.5,-0.5971748962209353,0.010468742378183613,2.6986252397634304e-06,0.01046604375294385,0.013493126198817151
2022-02-11,ES=F,4409.5,-0.5768033478718898,0.011285979902774078,4.0743096698091065e-06,0.011281905593104269,0.020371548349045532
2022-02-14,ES=F,4394.0,-0.5631707228243342,0.001979622679164808,2.7265250095111162e-06,0.0019768961541552967,0.01363262504755558
2022-02-15,ES=F,4464.5,-0.563957714978061,-0.00904847949612046,1.573984307453591e-07,-0.009048636894551206,0.0007869921537267954
2022-02-16,ES=F,4470.0,-0.5587413886530985,-0.0006883363506758014,1.043265264992499e-06,-0.000689379615940794,0.005216326324962495
2022-02-17,ES=F,4374.5,-0.565401975754504,0.012079617155381443,1.3321174202810983e-06,0.012078285037961161,0.006660587101405491
2022-02-18,ES=F,4343.5,-0.541636612896936,0.003838320950921238,4.753072571513606e-06,0.0038335678783497245,0.02376536285756803
2022-02-22,ES=F,4300.0,-0.5630743101475835,0.005639169446625953,4.287539450129497e-06,0.005634881907175823,0.02143769725064748
2022-02-23,ES=F,4222.0,-0.557668416481528,0.010115845694316065,1.0811787332110967e-06,0.010114764515582854,0.0054058936660554835
2022-02-24,ES=F,4284.0,-0.545889682841334,-0.008016380941772362,2.355746728038799e-06,-0.008018736688500401,0.011778733640193995
2022-02-25,ES=F,4380.0,-0.5292686984140431,-0.011860362989670392,3.3241968854581753e-06,-0.01186368718655585,0.016620984427290875
2022-02-28,ES=F,4368.0,-0.5014713152716526,0.0013738940144428782,5.5594766284781105e-06,0.0013683345378144001,0.027797383142390553
2022-03-01,ES=F,4303.75,-0.5369917437180239,0.007898745314533665,7.1040856892742756e-06,0.007891641228844391,0.03552042844637138
2022-03-02,ES=F,4381.75,-0.5516950384658774,-0.009998771536529352,2.9406589495706958e-06,-0.010001712195478922,0.01470329474785348
2022-03-03,ES=F,4359.25,-0.5292821515144145,0.002717829271198586,4.482577390292586e-06,0.002713346693808293,0.02241288695146293
2022-03-04,ES=F,4327.25,-0.537076751649676,0.003942525905325397,1.5589200270523129e-06,0.003940966985298344,0.007794600135261565
2022-03-07,ES=F,4198.5,-0.5698366849653242,0.01695452612843848,6.551986663129639e-06,0.01694797414177535,0.03275993331564819
2022-03-08,ES=F,4168.75,-0.5210640900082969,0.0036921892765861405,9.75451899140547e-06,0.003682434757594735,0.04877259495702735
2022-03-09,ES=F,4275.25,-0.5202140615854599,-0.013290026400923905,1.7000568456739808e-07,-0.013290196406608473,0.0008500284228369903
2022-03-10,ES=F,4257.25,-0.482326447784828,0.002030729445091364,7.577522760126377e-06,0.002023151922331238,0.03788761380063188
2022-03-11,ES=F,4201.5,-0.4980292848291276,0.006521846879845868,3.140567408859918e-06,0.006518706312437008,0.01570283704429959
2022-03-14,ES=F,4172.0,-0.5038418906253096,0.0035376260319996715,1.162521159236396e-06,0.003536463510840435,0.00581260579618198
2022-03-15,ES=F,4262.0,-0.5189903453616881,-0.011195860758042223,3.0296909472756985e-06,-0.011198890448989498,0.015148454736378492
2022-03-16,ES=F,4358.0,-0.4880549545393415,-0.0109932603556492,6.187078164469318e-06,-0.01099944743381367,0.030935390822346587
2022-03-17,ES=F,4410.25,-0.4750623941588971,-0.005695734303534244,2.598512076088877e-06,-0.005698332815610332,0.012992560380444385
2022-03-18,ES=F,4409.35009765625,-0.4677449397003939,9.54423825210832e-05,1.4634908917006474e-06,9.397889162938255e-05,0.007317454458503236
2022-03-21,ES=F,4452.25,-0.48959500936321493,-0.0047634181057279465,4.37001393256421e-06,-0.004767788119660511,0.021850069662821048
2022-03-22,ES=F,4505.0,-0.4889311836810099,-0.005792828331556722,1.327651364410043e-07,-0.005792961096693163,0.0006638256822050215
2022-03-23,ES=F,4447.5,-0.4911523271815046,0.006268869880785038,4.4422870009893646e-07,0.006268425652084938,0.0022211435004946822
2022-03-24,ES=F,4512.5,-0.5015236132551055,-0.007329743645099895,2.074257214720188e-06,-0.007331817902314615,0.010371286073600938
2022-03-25,ES=F,4536.5,-0.5016158811655002,-0.002667873938608711,1.8453582078925557e-08,-0.00266789239219079,9.226791039462778e-05
2022-03-28,ES=F,4568.0,-0.5250046947581061,-0.0036454640989485804,4.677762718521184e-06,-0.003650141861667102,0.023388813592605917
2022-03-29,ES=F,4625.5,-0.5250054319830058,-0.006608540354427114,1.4744497993657292e-10,-0.006608540501872094,7.372248996828645e-07
2022-03-30,ES=F,4596.0,-0.5397317454162923,0.003442241160908132,2.945262686657313e-06,0.0034392958982214744,0.014726313433286564
2022-03-31,ES=F,4530.75,-0.5493398693524454,0.007799048406276578,1.921624787230614e-06,0.007797126781489347,0.009608123936153068
2022-04-01,ES=F,4539.25,-0.5343061919557193,-0.0010023953278428034,3.006735479345224e-06,-0.0010054020633221486,0.01503367739672612
2022-04-04,ES=F,4577.75,-0.5405576665739081,-0.004584781662850735,1.2502949236377737e-06,-0.004586031957774373,0.006251474618188868
2022-04-05,ES=F,4520.25,-0.6350115601472891,0.007976225156128917,1.8890778714676194e-05,0.00795733437741424,0.09445389357338096
2022-04-06,ES=F,4475.75,-0.6184024520521679,0.006087917508173548,3.3218216190242347e-06,0.006084595686554524,0.016609108095121172
2022-04-07,ES=F,4496.25,-0.6551720722074172,-0.003000843988214669,7.353924031049864e-06,-0.003008197912245719,0.036769620155249316
2022-04-08,ES=F,4483.5,-0.6604158987945514,0.0018727389957477023,1.0487653174268363e-06,0.0018716902304302754,0.005243826587134182
2022-04-11,ES=F,4409.0,-0.6909051123993315,0.011480412818947308,6.097842720956015e-06,0.011474314976226353,0.030489213604780074
2022-04-12,ES=F,4393.0,-0.6530285795391528,0.0023698020577514857,7.5753065720357345e-06,0.00236222675117945,0.03787653286017867
2022-04-13,ES=F,4442.25,-0.6990345998122158,-0.007836889151092985,9.2012040546126e-06,-0.007846090355147597,0.046006020273063
2022-04-14,ES=F,4387.5,-0.7585248324384265,0.009348693697113792,1.1898046525242135e-05,0.00933679565058855,0.05949023262621067
2022-04-18,ES=F,4386.75,-0.7533107315651415,0.0001287710652248435,1.042820174657e-06,0.0001277282450501865,0.005214100873284999
2022-04-19,ES=F,4459.25,-0.7533104861011785,-0.012449993786364678,4.9092792608895764e-11,-0.01244999383545747,2.454639630444788e-07
2022-04-20,ES=F,4455.5,-0.7219144190045391,0.0006070929127693901,6.2792134193278674e-06,0.0006008136993500622,0.031396067096639335
2022-04-21,ES=F,4390.5,-0.7469126771476432,0.010896492877252082,4.999651628620816e-06,0.010891493225623461,0.02499825814310408
2022-04-22,ES=F,4267.25,-0.7383261880391782,0.020726273243555127,1.7172978216930092e-06,0.020724555945733435,0.008586489108465045
2022-04-25,ES=F,4292.75,-0.6722003589392888,-0.004016898272412465,1.322516581997788e-05,-0.0040301234382324426,0.0661258290998894
2022-04-26,ES=F,4170.5,-0.6707454012681475,0.019101654022486963,2.909915342282465e-07,0.019101363030952733,0.0014549576711412326
2022-04-27,ES=F,4180.25,-0.6121863139717448,-0.0014311992713642425,1.171181745928054e-05,-0.001442911088823523,0.05855908729640269
2022-04-28,ES=F,4283.5,-0.6389095662632449,-0.015780733859620803,5.344650458300016e-06,-0.015786078510079102,0.026723252291500077
2022-04-29,ES=F,4127.5,-0.5610895084655241,0.02043421578630131,1.5564011559544167e-05,0.020418651774741767,0.07782005779772083
2022-05-02,ES=F,4151.0,-0.49963528740050683,-0.0028446830415292572,1.229084421300345e-05,-0.002856973885742261,0.061454221065017245
2022-05-03,ES=F,4169.25,-0.4962438646200143,-0.002181751512723492,6.782845560985074e-07,-0.0021824297972795905,0.0033914227804925368
2022-05-04,ES=F,4295.25,-0.5010679188510209,-0.015142905264790741,9.64810846201314e-07,-0.015143870075636943,0.004824054231006569
2022-05-05,ES=F,4143.25,-0.4515466283605585,0.015979299810442885,9.904258098092478e-06,0.015969395552344792,0.04952129049046239
2022-05-06,ES=F,4119.5,-0.41597242358453423,0.0023844433862626577,7.114840955204849e-06,0.002377328545307453,0.03557420477602424
2022-05-09,ES=F,3987.5,-0.4181771791515754,0.013399535780557843,4.409511134082278e-07,0.013399094829444435,0.002204755567041139
2022-05-10,ES=F,3996.75,-0.396596146058309,-0.000920003599006743,4.316206618653274e-06,-0.0009243198056253963,0.021581033093266366
2022-05-11,ES=F,3930.25,-0.39863737676621086,0.006632735486320913,4.0824614158037067e-07,0.0066323272401793325,0.0020412307079018532
2022-05-12,ES=F,3927.25,-0.39501451787540964,0.00030151861933114146,7.245717781602434e-07,0.0003007940475529812,0.003622858890801217
2022-05-13,ES=F,4019.75,-0.40224009928254056,-0.009474112721022342,1.4451162814261842e-06,-0.009475557837303769,0.007225581407130921
2022-05-16,ES=F,4004.75,-0.3820454458467435,0.0014256313670504693,4.038930687159415e-06,0.00142159243636331,0.020194653435797072
2022-05-17,ES=F,4084.75,-0.3824470954583289,-0.007639869564059257,8.032992231707948e-08,-0.007639949893981575,0.00040164961158539736
2022-05-18,ES=F,3922.75,-0.3787018468924692,0.015019205385049285,7.490497131719343e-07,0.015018456335336113,0.0037452485658596713
2022-05-19,ES=F,3897.75,-0.3535796666832297,0.0022533915409039046,5.024436041847902e-06,0.002248367104862057,0.02512218020923951
2022-05-20,ES=F,3899.5,-0.35504064816501196,-0.00015940507582288944,2.921962963564506e-07,-0.00015969727211924588,0.001460981481782253
2022-05-23,ES=F,3971.75,-0.3653193720732805,-0.006768643321526959,2.0557447816537123e-06,-0.006770699066308613,0.010278723908268561
2022-05-24,ES=F,3940.5,-0.35693263003021614,0.0028083702872648626,1.6773484086128777e-06,0.0028066929388562496,0.008386742043064388
2022-05-25,ES=F,3976.75,-0.3699411170370188,-0.0034032141841370293,2.601697401360537e-06,-0.00340581588153839,0.013008487006802683
2022-05-26,ES=F,4055.75,-0.36746781934956313,-0.007299920218423481,4.946595374911378e-07,-0.007300414877960972,0.002473297687455689
2022-05-27,ES=F,4155.75,-0.3727603541861153,-0.009190910539015358,1.0585069673104353e-06,-0.009191969045982669,0.005292534836552176
2022-05-31,ES=F,4131.25,-0.38707268858086236,0.0022819661601951695,2.86246687894941e-06,0.00227910369331622,0.01431233439474705
2022-06-01,ES=F,4099.0,-0.38687035870002806,0.0030200469756310766,4.04659761668591e-08,0.00302000650965491,0.00020232988083429548
2022-06-02,ES=F,4175.25,-0.3860362705813401,-0.0071810845649736875,1.668176237375918e-07,-0.007181251382597425,0.000834088118687959
2022-06-03,ES=F,4107.0,-0.40178152592467026,0.006567652031461288,3.1490510686660313e-06,0.006564502980392622,0.015745255343330156
2022-06-06,ES=F,4120.5,-0.43201060257350665,-0.0014200494606141547,6.0458153297672795e-06,-0.001426095275943922,0.030229076648836395
2022-06-07,ES=F,4158.75,-0.4327523182748169,-0.004017176598473881,1.4834314026205275e-07,-0.004017324941614143,0.0007417157013102638
2022-06-08,ES=F,4114.0,-0.47511069204862816,0.0051124023971568615,8.47167475476225e-06,0.0051039307224020995,0.04235837377381124
2022-06-09,ES=F,4016.25,-0.4677661468624884,0.01111427828288968,1.4689090372279502e-06,0.011112809373852452,0.00734454518613975
2022-06-10,ES=F,3899.0,-0.454570304436399,0.01327067991165085,2.63916848521788e-06,0.013268040743165633,0.0131958424260894
2022-06-13,ES=F,3750.5,-0.4221953216732789,0.016080021869320817,6.4749965526240245e-06,0.016073546872768192,0.03237498276312012
2022-06-14,ES=F,3736.75,-0.40140865828771743,0.0014716355289844476,4.157332677112291e-06,0.0014674781963073353,0.020786663385561455
2022-06-15,ES=F,3789.25,-0.4014102080831643,-0.005639669746267746,3.0995908937292426e-10,-0.005639670056226836,1.5497954468646213e-06
2022-06-16,ES=F,3668.25,-0.40844674086027294,0.013042701232194512,1.407306555421728e-06,0.01304129392563909,0.0070365327771086394
2022-06-17,ES=F,3663.760009765625,-0.42425321450675707,0.0005192919757479879,3.1612947292968266e-06,0.000516130681018691,0.01580647364648413
2022-06-21,ES=F,3767.75,-0.4245076223106522,-0.012048972471132586,5.088156077902584e-08,-0.012049023352693365,0.0002544078038951292
2022-06-22,ES=F,3762.75,-0.39643025604325427,0.0005260835459402218,5.615473253479586e-06,0.0005204680726867422,0.02807736626739793
2022-06-23,ES=F,3799.75,-0.40846375345268027,-0.004016519534316391,2.4066994818851997e-06,-0.004018926233798277,0.012033497409425997
2022-06-24,ES=F,3916.25,-0.40526430029999805,-0.012425367717599823,6.398906305364439e-07,-0.01242600760823036,0.003199453152682219
2022-06-27,ES=F,3903.75,-0.38128310753463956,0.0012169904485625222,4.796238553071697e-06,0.0012121942100094506,0.023981192765358483
2022-06-28,ES=F,3825.5,-0.39235100204750967,0.007864608622534137,2.2135789025740205e-06,0.007862395043631563,0.011067894512870102
2022-06-29,ES=F,3821.25,-0.4051014144307604,0.00045005385213192325,2.5500824766501506e-06,0.0004475037696552731,0.012750412383250753
2022-06-30,ES=F,3789.5,-0.4050084722774544,0.0033651341824819363,1.858843066120386e-08,0.0033651155940512753,9.294215330601929e-05
2022-07-01,ES=F,3827.25,-0.4048821415537059,-0.004033329157844681,2.526614474970268e-08,-0.004033354423989431,0.0001263307237485134
2022-07-05,ES=F,3834.0,-0.41435778560709013,-0.0007307897453387602,1.8951288106768494e-06,-0.0007326848741494371,0.009475644053384247
2022-07-06,ES=F,3848.25,-0.41844113759530316,-0.001555238969935559,8.166703976426049e-07,-0.0015560556403332016,0.004083351988213024
2022-07-07,ES=F,3905.0,-0.41825504161940497,-0.00616799158368119,3.7219195179638565e-08,-0.006168028802876369,0.00018609597589819282
2022-07-08,ES=F,3901.25,-0.41306189099783874,0.00039666634858949413,1.0386301243132445e-06,0.00039562771846518086,0.005193150621566223
2022-07-11,ES=F,3856.75,-0.4149670601656839,0.0047333634546294166,3.8103383356903334e-07,0.004732982420795847,0.0019051691678451665
2022-07-12,ES=F,3823.75,-0.4274058449571144,0.00365706693033894,2.487756958286103e-06,0.003654579173380654,0.012438784791430513
2022-07-13,ES=F,3804.5,-0.4544851695989807,0.0022880260254410957,5.41586492837326e-06,0.0022826101605127225,0.027079324641866298
2022-07-14,ES=F,3793.25,-0.5274350993449868,0.0015596385510923912,1.4589985949201212e-05,0.00154504856514319,0.07294992974600606
2022-07-15,ES=F,3865.0,-0.5278130596321197,-0.009983678119977529,7.559205742657671e-08,-0.009983753712034955,0.00037796028713288354
2022-07-18,ES=F,3833.75,-0.5183649881726241,0.004191178753012806,1.889614291899111e-06,0.004189289138720907,0.009448071459495555
2022-07-19,ES=F,3937.5,-0.5959203747301851,-0.01612696155937573,1.55110773115122e-05,-0.01614247263668724,0.077555386557561
2022-07-20,ES=F,3962.5,-0.5498861060209028,-0.0034913403556882596,9.206853741856458e-06,-0.003500547209430116,0.04603426870928229
2022-07-21,ES=F,4001.25,-0.6020320213941528,-0.005887379389028036,1.0429183074649995e-05,-0.0058978085721026864,0.052145915373249974
2022-07-22,ES=F,3965.0,-0.599195615423955,0.005428513854200166,5.672811940395484e-07,0.005427946573006126,0.0028364059701977418
2022-07-25,ES=F,3970.0,-0.5911882539243978,-0.0007455085169286436,1.6014722999114551e-06,-0.0007471099892285551,0.008007361499557275
2022-07-26,ES=F,3923.25,-0.6874430346089183,0.008095204500747336,1.9250956136904108e-05,0.008075953544610432,0.09625478068452054
2022-07-27,ES=F,4024.5,-0.6686910402604017,-0.017257367699322127,3.75039886970332e-06,-0.017261118098191832,0.0187519943485166
2022-07-28,ES=F,4073.5,-0.6522548871142553,-0.00794148079726631,3.2872306292292877e-06,-0.007944768027895538,0.016436153146146437
2022-07-29,ES=F,4133.5,-0.644042241152798,-0.009486322442412704,1.6425291922914642e-06,-0.009487964971604996,0.008212645961457321
2022-08-01,ES=F,4120.5,-0.6474915754956961,0.0020363833268281445,6.898668685796361e-07,0.002035693459959565,0.0034493343428981804
2022-08-02,ES=F,4093.75,-0.6453675909973275,0.004189681606401747,4.247968996737184e-07,0.004189256809502074,0.002123984498368592
2022-08-03,ES=F,4156.25,-0.6341636390745483,-0.00968188761945877,2.2407903845558464e-06,-0.009684128409843324,0.011203951922779232
2022-08-04,ES=F,4152.25,-0.6196029872436979,0.0005963096418586058,2.912130366170085e-06,0.0005933975114924357,0.014560651830850424
2022-08-05,ES=F,4146.75,-0.6308694395315211,0.000835638971021311,2.2532904575646386e-06,0.0008333856805637464,0.011266452287823192
2022-08-08,ES=F,4141.75,-0.6305272732025035,0.0007602668031621053,6.843326580352471e-08,0.0007601983698963018,0.00034216632901762356
2022-08-09,ES=F,4124.5,-0.6533911725504048,0.002721312905533751,4.572779869580268e-06,0.0027167401256641705,0.02286389934790134
2022-08-10,ES=F,4210.0,-0.6645026507930932,-0.01377499736763479,2.2222956485376865e-06,-0.013777219663283328,0.011111478242688433
2022-08-11,ES=F,4209.75,-0.6434136148544871,3.8207459314431746e-05,4.2178071877212236e-06,3.3989652126710524e-05,0.021089035938606115
2022-08-12,ES=F,4281.0,-0.6480045228490549,-0.010967473663042944,9.181815989135478e-07,-0.010968391844641857,0.004590907994567739
2022-08-15,ES=F,4298.25,-0.6540976264387218,-0.0026356421527839024,1.2186207179333943e-06,-0.002636860773501836,0.0060931035896669705
2022-08-16,ES=F,4307.75,-0.6776210375069102,-0.0014976792546537343,4.704682213637668e-06,-0.001502383936867372,0.023523411068188338
2022-08-17,ES=F,4276.75,0.7524198006012559,-0.005414662832949667,0.0002860081676216332,-0.005700671000571301,1.430040838108166
2022-08-18,ES=F,4286.5,0.7300400969294423,0.0016643224282602597,4.475940734362727e-06,0.001659846487525897,0.022379703671813633
2022-08-19,ES=F,4231.5,0.7360902140648786,-0.009444759541250073,1.21002342708727e-06,-0.00944596956467716,0.00605011713543635
2022-08-22,ES=F,4141.25,0.7178980397583368,-0.015311425756396053,3.6384348613083707e-06,-0.015315064191257362,0.018192174306541853
2022-08-23,ES=F,4130.5,0.639451135398322,-0.0016599093765244483,1.5689380872002958e-05,-0.0016755987573964513,0.07844690436001478
2022-08-24,ES=F,4142.75,0.6606173533280207,0.001959221057563986,4.2332435859397504e-06,0.001954987813978046,0.02116621792969875
2022-08-25,ES=F,4201.0,0.7455404111892621,0.010482826371799989,1.6984611572248266e-05,0.01046584176022774,0.08492305786124132
2022-08-26,ES=F,4059.5,0.7377545028893397,-0.02484938399401135,1.5571816599844636e-06,-0.024850941175671337,0.007785908299922317
2022-08-29,ES=F,4031.25,0.6116806577177039,-0.00425667658098908,2.521476903432718e-05,-0.004281891350023407,0.1260738451716359
2022-08-30,ES=F,3987.5,0.608550017706872,-0.006604418796818791,6.261280021663707e-07,-0.006605044924820958,0.0031306400108318533
2022-08-31,ES=F,3956.5,0.6021624840702391,-0.004681388590890919,1.2775067273265829e-06,-0.004682666097618246,0.006387533636632914
2022-09-01,ES=F,3968.75,0.6282252985427164,0.0019450928616576157,5.212562894495454e-06,0.0019398802987631203,0.02606281447247727
2022-09-02,ES=F,3924.5,0.6252943132474864,-0.006971785413845977,5.861970590459898e-07,-0.0069723716109050225,0.0029309852952299487
2022-09-06,ES=F,3910.5,0.6174418825346885,-0.0022026210614054533,1.5704861425595908e-06,-0.002204191547548013,0.007852430712797953
2022-09-07,ES=F,3980.0,0.6176110357555721,0.010976593014962904,3.383064417672444e-08,0.010976559184318727,0.00016915322088362217
2022-09-08,ES=F,4005.5,0.5803560462970173,0.003718361603159267,7.450997891710953e-06,0.003710910605267556,0.037254989458554766
2022-09-09,ES=F,4067.25,0.6228840201094387,0.0096025685287125,8.50559476248427e-06,0.009594062933950015,0.04252797381242135
2022-09-12,ES=F,4110.75,0.5933666397075621,0.00634616726959962,5.903476080375314e-06,0.006340263793519245,0.02951738040187657
2022-09-13,ES=F,3931.25,0.6119776246767017,-0.026722613544844093,3.7221969938279198e-06,-0.02672633574183792,0.0186109849691396
2022-09-14,ES=F,3947.5,0.49617061983228405,0.0020509437385754564,2.3161400968883527e-05,0.002027782337606573,0.11580700484441764
2022-09-15,ES=F,3902.0,0.49464440472362786,-0.005701411124743514,3.052430217312385e-07,-0.005701716367765245,0.0015262151086561926
2022-09-16,ES=F,3871.239990234375,0.49236110067195366,-0.0038813511698829206,4.566608103348413e-07,-0.003881807830693255,0.0022833040516742065
2022-09-19,ES=F,3917.25,0.4943984608726231,0.005875966891807746,4.0747204013389386e-07,0.005875559419767613,0.002037360200669469
2022-09-20,ES=F,3872.75,0.48457812956892926,-0.005504812500049092,1.964066260738773e-06,-0.00550677656630983,0.009820331303693863
2022-09-21,ES=F,3806.25,-0.4978746963302287,0.008549136222570603,0.0001964905651798316,0.00835264565739077,0.9824528258991579
2022-09-22,ES=F,3772.0,-0.4882604906065963,0.0043935426740954586,1.922841144726473e-06,0.004391619832950732,0.009614205723632363
2022-09-23,ES=F,3709.0,-0.489779496854073,0.00818030442783846,3.038012494953391e-07,0.008180000626588965,0.0015190062474766952
2022-09-26,ES=F,3670.0,-0.5029575678541509,0.00528858051936152,2.635614200015579e-06,0.005285944905161505,0.013178071000077896
2022-09-27,ES=F,3661.0,-0.5520948687316153,0.0013539111222301086,9.827460175492874e-06,0.0013440836620546158,0.049137300877464374
2022-09-28,ES=F,3732.0,-0.5520168254420587,-0.010705598089698428,1.5608657911325707e-08,-0.010705613698356339,7.804328955662854e-05
2022-09-29,ES=F,3654.25,-0.518683191981964,0.010805899832957603,6.666726692018932e-06,0.010799233106265583,0.03333363346009466
2022-09-30,ES=F,3601.5,-0.5023056479419193,0.007250905912002802,3.2755088080089315e-06,0.007247630403194792,0.016377544040044656
2022-10-03,ES=F,3690.25,-0.499644026798046,-0.012312482959413156,5.323242287746722e-07,-0.012313015283641931,0.0026616211438733606
2022-10-04,ES=F,3803.25,-0.462826109948849,-0.014172305514320116,7.3635833698394e-06,-0.014179669097689956,0.036817916849197
2022-10-05,ES=F,3794.0,-0.4224891433407703,0.0010275486954321063,8.067393321615734e-06,0.0010194813021104905,0.04033696660807867
2022-10-06,ES=F,3756.75,-0.4356144377750484,0.004276920876942696,2.6250588868556136e-06,0.00427429581805584,0.013125294434278068
2022-10-07,ES=F,3653.25,-0.436720733646004,0.012031834945727382,2.2125917419112407e-07,0.012031613686553191,0.0011062958709556203
2022-10-10,ES=F,3625.25,-0.43076171716982453,0.0033015337249723167,1.1918032952358938e-06,0.0033003419216770806,0.005959016476179468
2022-10-11,ES=F,3599.25,-0.4402785640288657,0.003157642277015535,1.903369371808239e-06,0.003155738907643727,0.009516846859041195
2022-10-12,ES=F,3588.5,-0.5084763951788912,0.0015186834057576031,1.3639566230005096e-05,0.001505043839527598,0.06819783115002548
2022-10-13,ES=F,3681.75,-0.5126582135788823,-0.013321827620518586,8.3636367999822e-07,-0.013322663984198584,0.0041818183999911
2022-10-14,ES=F,3597.5,-0.47020090771034895,0.01075967311050365,8.491461173706672e-06,0.010751181649329944,0.04245730586853336
2022-10-17,ES=F,3689.25,-0.45434563605879014,-0.011587550273354823,3.1710543303117625e-06,-0.011590721327685136,0.01585527165155881
2022-10-18,ES=F,3732.75,-0.43170749380208434,-0.005090269290612096,4.527628451341159e-06,-0.005094796919063437,0.022638142256705795
2022-10-19,ES=F,3707.25,-0.4277243831752987,0.002921966853116349,7.966221253571271e-07,0.002921170230990992,0.003983110626785635
2022-10-20,ES=F,3675.25,-0.43541439266751636,0.003758381702167512,1.5380018984435306e-06,0.0037568437002690686,0.007690009492217653
2022-10-21,ES=F,3764.0,-0.4356173103422435,-0.01051929427736183,4.058353494542644e-08,-0.010519334860896776,0.00020291767472713218
2022-10-24,ES=F,3809.25,-0.42466802170373674,-0.005105267795455353,2.1898577277013497e-06,-0.005107457653183054,0.010949288638506749
2022-10-25,ES=F,3870.25,-0.4257352646233634,-0.006817575938052193,2.1344858392533528e-07,-0.006817789386636118,0.0010672429196266764
2022-10-26,ES=F,3841.0,-0.4204753801791738,0.0031778063097321506,1.0519768888379244e-06,0.0031767543328433128,0.005259884444189622
2022-10-27,ES=F,3819.5,-0.4270197290673324,0.0023902432113896495,1.308869777631716e-06,0.002388934341612018,0.00654434888815858
2022-10-28,ES=F,3911.25,-0.44372190118388816,-0.010658851795685768,3.340434423311156e-06,-0.010662192230109079,0.01670217211655578
2022-10-31,ES=F,3883.0,-0.4394530752806058,0.0031740618412725015,8.537651806564739e-07,0.003173208076091845,0.0042688259032823694
2022-11-01,ES=F,3866.0,-0.45236509018935,0.0019804806935922927,2.5824029817488438e-06,0.001977898290610544,0.012912014908744218
2022-11-02,ES=F,3768.75,-0.4882913825342145,0.012283066981751758,7.1852584689729e-06,0.012275881723282785,0.0359262923448645
2022-11-03,ES=F,3727.75,-0.45847691958557957,0.0049877422760885625,5.9628925897269874e-06,0.0049817793834988355,0.029814462948634934
2022-11-04,ES=F,3779.5,-0.4575739839885896,-0.006352210762902474,1.8058711939799022e-07,-0.006352391350021872,0.0009029355969899511
2022-11-07,ES=F,3815.25,-0.48657698520254966,-0.004602494303741501,5.8006002427920095e-06,-0.004608294903984293,0.029003001213960045
2022-11-08,ES=F,3835.25,-0.4889261993251788,-0.002563010022017865,4.698428245258235e-07,-0.002563479864842391,0.0023492141226291174
2022-11-09,ES=F,3755.5,-0.49402184047014946,0.010272665869889674,1.0191282289941374e-06,0.01027164674166068,0.005095641144970686
2022-11-10,ES=F,3961.0,-0.4684569268335899,-0.025633843286993134,5.11298272731191e-06,-0.025638956269720445,0.02556491363655955
2022-11-11,ES=F,4000.25,-0.39439922460529364,-0.003908146822963355,1.4811540445659255e-05,-0.0039229583634090145,0.07405770222829627
2022-11-14,ES=F,3966.0,-0.41562581806494947,0.0035585736563276127,4.245318691931166e-06,0.0035543283376356814,0.02122659345965583
2022-11-15,ES=F,3999.5,-0.42409433981816635,-0.003582239128570023,1.6937043506433769e-06,-0.0035839328329206666,0.008468521753216884
2022-11-16,ES=F,3968.5,-0.42553515037868817,0.0032983097041478704,2.881621121043621e-07,0.003298021542035766,0.0014408105605218102
2022-11-17,ES=F,3955.25,-0.4248621387751287,0.0014185267327127202,1.3460232071189628e-07,0.0014183921303920083,0.0006730116035594813
2022-11-18,ES=F,3974.0,-0.4283441763201496,-0.0020305804452316967,6.964075090041822e-07,-0.002031276852740701,0.0034820375450209107
2022-11-21,ES=F,3958.0,-0.4439711831883299,0.0017875035055393204,3.125401373636061e-06,0.0017843781041656844,0.015627006868180304
2022-11-22,ES=F,4010.25,-0.445873242065109,-0.00588602246030872,3.804117753558156e-07,-0.005886402872084076,0.001902058876779078
2022-11-23,ES=F,4033.0,-0.4486517561747342,-0.002545184827124272,5.557028219250415e-07,-0.002545740529946197,0.0027785141096252075
2022-11-25,ES=F,4032.5,-0.45202569379404933,5.6040874509539815e-05,6.747875238630297e-07,5.5366086985676784e-05,0.0033739376193151482
2022-11-28,ES=F,3970.25,-0.45451310530374645,0.0070163523385389235,4.974823019394226e-07,0.007015854856236984,0.0024874115096971128
2022-11-29,ES=F,3962.0,-0.462586044081589,0.0009612328855042262,1.6145877555685085e-06,0.0009596182977486576,0.008072938777842542
2022-11-30,ES=F,4081.25,-0.46512867611543657,-0.013999645286917132,5.085264067695161e-07,-0.014000153813323903,0.0025426320338475805
2022-12-01,ES=F,4081.75,0.43529620389842627,5.332878455109369e-05,0.00018008497600277256,-0.00012675619145167887,0.9004248800138628
2022-12-02,ES=F,4075.5,0.4678149818596636,-0.0007163210967411018,6.5037555922474625e-06,-0.0007228248523333492,0.03251877796123731
2022-12-05,ES=F,4003.25,0.4769204647124769,-0.00845479170052179,1.8210965705626637e-06,-0.008456612797092353,0.009105482852813318
2022-12-06,ES=F,3945.0,0.4606186126452926,-0.006702312917401667,3.260370413436864e-06,-0.006705573287815104,0.01630185206718432
2022-12-07,ES=F,3936.75,0.45076512111447553,-0.0009426647019503997,1.97069830616341e-06,-0.0009446354002565631,0.009853491530817049
2022-12-08,ES=F,3965.75,0.4507340531450538,0.0033203245167223033,6.213593884341062e-09,0.003320318303128419,3.106796942170531e-05
2022-12-09,ES=F,3936.25,0.4721690631514872,-0.0035123210900759893,4.287002001286677e-06,-0.003516608092077276,0.021435010006433386
2022-12-12,ES=F,3991.75,0.6975475539532509,0.009835221148150022,4.507569816035273e-05,0.009790145449989669,0.22537849080176364
2022-12-13,ES=F,4022.25,0.6828957131911575,0.0052178416114060785,2.9303681524186723e-06,0.005214911243253659,0.01465184076209336
2022-12-14,ES=F,3998.0,0.6866296362624522,-0.004139665281711591,7.467846142589441e-07,-0.004140412066325851,0.0037339230712947202
2022-12-15,ES=F,3897.0,0.6899588682570333,-0.01743017651174599,6.658463989162256e-07,-0.017430842358144908,0.0033292319945811277
2022-12-16,ES=F,3871.469970703125,0.6208491398034445,-0.004067307346194892,1.3821945690717774e-05,-0.00408112929188561,0.06910972845358887
2022-12-19,ES=F,3845.5,0.618155905814799,-0.004146613788937247,5.386467977291032e-07,-0.004147152435734975,0.002693233988645516
2022-12-20,ES=F,3849.25,0.6188615836539615,0.0006034926378110094,1.411355678325066e-07,0.0006033515022431769,0.0007056778391625329
2022-12-21,ES=F,3905.75,0.6189475338755231,0.009085025826840806,1.7190044312331843e-08,0.009085008636796494,8.595022156165921e-05
2022-12-22,ES=F,3849.25,0.6143352071316147,-0.008886881956842134,9.22465348781687e-07,-0.008887804422190917,0.004612326743908435
2022-12-23,ES=F,3869.75,0.603789446230752,0.003215609183017545,2.1091521801725358e-06,0.0032135000308373724,0.010545760900862677
2022-12-27,ES=F,3855.0,0.5989001251828915,-0.0022827771423083046,9.778642095721103e-07,-0.0022837550065178767,0.004889321047860551
2022-12-28,ES=F,3807.5,0.6170347680447272,-0.007602892732068597,3.6269285723671497e-06,-0.007606519660640964,0.018134642861835748
2022-12-29,ES=F,3871.75,0.6056765118399183,0.01022054258324751,2.271651240961781e-06,0.010218270932006548,0.011358256204808903
2022-12-30,ES=F,3861.0,0.6850915347721005,-0.001902171885788116,1.5883004586436435e-05,-0.0019180548903745525,0.07941502293218217
2023-01-03,ES=F,3846.0,0.6861673024962506,-0.0026657626359605805,2.1515354483001572e-07,-0.0026659777895054106,0.0010757677241500785
2023-01-04,ES=F,3874.5,-0.6862112346902687,-0.005085028650200938,0.0002744757074373038,-0.005359504357638242,1.3723785371865191
2023-01-05,ES=F,3829.0,-0.7082244000162384,0.008316998374174428,4.402633065193951e-06,0.008312595741109234,0.022013165325969752
2023-01-06,ES=F,3915.5,-0.7186059882944658,-0.01623385165512446,2.0763176556454655e-06,-0.016235927972780104,0.010381588278227327
2023-01-09,ES=F,3913.75,-0.6435445093482581,0.0002876268398312911,1.5012295789241526e-05,0.0002726145440420496,0.07506147894620763
2023-01-10,ES=F,3940.75,-0.6506892682029286,-0.004488945446561235,1.428951770934095e-06,-0.0044903743983321694,0.007144758854670474
2023-01-11,ES=F,3990.0,0.6508141980582997,0.00813362919605947,0.00026030069325224563,0.007873328502807225,1.3015034662612281
2023-01-12,ES=F,4003.5,0.6559813756043295,0.0022194858573079197,1.03343550920596e-06,0.0022184524217987137,0.0051671775460298
2023-01-13,ES=F,4018.25,0.6619223284194596,0.002438704719417297,1.188190563026037e-06,0.002437516528854271,0.005940952815130185
2023-01-17,ES=F,4009.5,0.6650171116482506,-0.0014481178938398722,6.189566457581953e-07,-0.0014487368504856304,0.003094783228790976
2023-01-18,ES=F,3945.75,0.7736458387704414,-0.01230076623559436,2.1725745424438148e-05,-0.012322491981018797,0.10862872712219074
2023-01-19,ES=F,3915.5,0.7303620212805646,-0.005599303337448448,8.65676349797535e-06,-0.005607960100946423,0.04328381748987675
2023-01-20,ES=F,3988.5,0.7277080325079296,0.013567280391541035,5.307977545270015e-07,0.013566749593786507,0.0026539887726350075
2023-01-23,ES=F,4036.5,0.6822400077165572,0.008210485237656958,9.09360495827447e-06,0.008201391632698684,0.04546802479137235
2023-01-24,ES=F,4032.75,0.6909105541414378,-0.0006418715664636085,1.7341092849761043e-06,-0.0006436056757485846,0.00867054642488052
2023-01-25,ES=F,4032.0,0.7324380542213691,-0.0001362168596282967,8.305500015986267e-06,-0.00014452235964428295,0.041527500079931334
2023-01-26,ES=F,4075.5,0.7330515940599237,0.007908666751390538,1.227079677109222e-07,0.007908544043422828,0.0006135398385546109
2023-01-27,ES=F,4084.25,0.7279973958595671,0.0015629928140770428,1.010839640071315e-06,0.0015619819744369715,0.005054198200356574
2023-01-30,ES=F,4032.5,0.772203013276512,-0.009784294775554777,8.841123483388969e-06,-0.009793135899038167,0.04420561741694484
2023-01-31,ES=F,4090.0,0.7637544969022505,0.010890485696684288,1.6897032748522944e-06,0.010888795993409436,0.008448516374261472
2023-02-01,ES=F,4132.25,0.743164448882531,0.007676943267796283,4.118009603943907e-06,0.007672825258192339,0.02059004801971953
2023-02-02,ES=F,4191.5,0.7435196331888412,0.010660908286390937,7.103686126204157e-08,0.010660837249529676,0.0003551843063102078
2023-02-03,ES=F,4147.75,0.7265432474689745,-0.007583506400278604,3.395277143973341e-06,-0.007586901677422577,0.016976385719866705
2023-02-06,ES=F,4123.5,0.7332587771845026,-0.0042870291957625905,1.343105943105627e-06,-0.004288372301705696,0.006715529715528135
2023-02-07,ES=F,4175.75,0.788143233722044,0.009986779183212587,1.0976891307508275e-05,0.009975802291905079,0.05488445653754137
2023-02-08,ES=F,4130.5,0.7710326992327057,-0.008355200775975591,3.422106897867661e-06,-0.00835862288287346,0.017110534489338303
2023-02-09,ES=F,4091.75,0.7388857096483212,-0.006931805168592768,6.4293979168768895e-06,-0.006938234566509645,0.032146989584384444
2023-02-10,ES=F,4099.75,0.7365694703645495,0.0014401064979327324,4.6324785675435635e-07,0.001439643250075978,0.0023162392837717816
2023-02-13,ES=F,4147.25,0.737265932048551,0.008542016408880172,1.3929233680030074e-07,0.008541877116543372,0.0006964616840015037
2023-02-14,ES=F,4145.5,0.7206737938528947,-0.0003041000998836731,3.3184276391312607e-06,-0.00030741852752280436,0.016592138195656303
2023-02-15,ES=F,4158.25,0.722393235604237,0.0022218100962378964,3.43888350268462e-07,0.0022214662078876278,0.00171944175134231
2023-02-16,ES=F,4099.75,0.783181407153122,-0.01101812356603324,1.2157634309777011e-05,-0.011030281200343018,0.06078817154888505
2023-02-17,ES=F,4087.5,0.7494829684099852,-0.0022394454205798666,6.739687748627366e-06,-0.002246185108328494,0.03369843874313683
2023-02-21,ES=F,4005.75,0.8025759472453244,-0.016051518944906504,1.0618595767067851e-05,-0.016062137540673573,0.053092978835339255
2023-02-22,ES=F,3999.0,0.7449186418282034,-0.001255245792258697,1.15314610834242e-05,-0.0012667772533421211,0.057657305417120996
2023-02-23,ES=F,4018.75,0.7446569688190235,0.0036776631993437497,5.233460183597938e-08,0.003677610864741914,0.0002616730091798969
2023-02-24,ES=F,3975.75,0.7398584976493728,-0.0079163708613183,9.596942339301417e-07,-0.007917330555552231,0.004798471169650709
2023-02-27,ES=F,3988.0,0.7452000212256662,0.002296095141800819,1.0683047152586723e-06,0.0022950268370855605,0.005341523576293361
2023-02-28,ES=F,3975.5,0.743925485994721,-0.0023317624310265762,2.549070461890457e-07,-0.002332017338072765,0.0012745352309452285
2023-03-01,ES=F,3956.5,0.7692090591092452,-0.0036762601240286005,5.056714622904846e-06,-0.0036813168386515055,0.025283573114524227
2023-03-02,ES=F,3984.75,0.8180742716552609,0.005841172292243426,9.773042509203146e-06,0.005831399249734223,0.048865212546015724
2023-03-03,ES=F,4049.75,0.8344943401877142,0.013612430419022851,3.2840137064906517e-06,0.013609146405316361,0.016420068532453258
2023-03-06,ES=F,4052.5,0.8178909412289141,0.0005553923299905562,3.320679791760006e-06,0.0005520716501987962,0.01660339895880003
2023-03-07,ES=F,3989.75,0.837073061119793,-0.012961464425729045,3.8364239781757625e-06,-0.01296530084970722,0.019182119890878813
2023-03-08,ES=F,3995.0,0.7945296738962236,0.0010454992889166374,8.508677444713864e-06,0.0010369906114719237,0.04254338722356932
2023-03-09,ES=F,3920.0,0.842858231762843,-0.015823371059377568,9.665711573323877e-06,-0.01583303677095089,0.04832855786661938
2023-03-10,ES=F,3862.75,0.7954608611476476,-0.011617381199158875,9.47947412303909e-06,-0.011626860673281914,0.047397370615195444
2023-03-13,ES=F,3856.75,0.7749023814123207,-0.001203653948216666,4.111695947065375e-06,-0.0012077656441637314,0.020558479735326873
2023-03-14,ES=F,3920.5,0.7793927322733764,0.012882942032132699,8.980701722111296e-07,0.012882043961960488,0.0044903508610556475
2023-03-15,ES=F,3892.75,0.7468633122137879,-0.005286432065790709,6.505884011917695e-06,-0.0052929379498026265,0.032529420059588476
2023-03-16,ES=F,3960.5,0.7448631813279699,0.012963709597320716,4.000261771635927e-07,0.012963309571143552,0.0020001308858179634
2023-03-17,ES=F,3957.050048828125,0.6855723466139537,-0.000597195081582135,1.1858166942803239e-05,-0.0006090532485249383,0.059290834714016194
2023-03-20,ES=F,3983.0,0.7067055058136273,0.004634506296979905,4.226631839934725e-06,0.00463027966513997,0.021133159199673623
2023-03-21,ES=F,4035.75,-0.6972897306118273,-0.009234756035594758,0.00028079904728509097,-0.009515555082879849,1.4039952364254547
2023-03-22,ES=F,3970.5,-0.7286089374945105,0.01178014821817926,6.263841376536639e-06,0.011773884376802723,0.03131920688268319
2023-03-23,ES=F,3978.0,-0.6881699270389448,-0.0012999054156384137,8.08780209111315e-06,-0.0013079932177295268,0.04043901045556575
2023-03-24,ES=F,4001.25,-0.6914875388167475,-0.00404149956699078,6.635223555605529e-07,-0.004042163089346341,0.0033176117778027647
2023-03-27,ES=F,4007.25,-0.703226795584611,-0.0010545106587959963,2.3478513535726943e-06,-0.001056858510149569,0.01173925676786347
2023-03-28,ES=F,4001.5,-0.7041683282957774,0.001010410602707751,1.8830654223327414e-07,0.0010102222961655175,0.0009415327111663707
2023-03-29,ES=F,4057.5,-0.7055355870914867,-0.009873795545951029,2.734517591418628e-07,-0.009874068997710171,0.001367258795709314
2023-03-30,ES=F,4080.0,-0.6848214524129649,-0.0037975311594065078,4.142826935704358e-06,-0.003801673986342212,0.02071413467852179
2023-03-31,ES=F,4137.75,-0.6871008352917242,-0.009725508146592423,4.558765757518568e-07,-0.009725964023168174,0.002279382878759284
2023-04-03,ES=F,4153.75,-0.6958676985124927,-0.002690806157017726,1.7533726441537169e-06,-0.0026925595296618796,0.008766863220768584
2023-04-04,ES=F,4129.0,-0.6948747194786133,0.004140391045945431,1.9859580677588085e-07,0.004140192450138655,0.0009929790338794042
2023-04-05,ES=F,4117.25,0.7319054304555178,-0.0020828018425411506,0.0002853560299868263,-0.002368157872527977,1.4267801499341313
2023-04-06,ES=F,4132.0,0.7284591250234546,0.0026096963007094316,6.892610864126515e-07,0.002609007039623019,0.003446305432063257
2023-04-10,ES=F,4136.25,0.8153194659701493,0.0008386030325200637,1.737206818933894e-05,0.0008212309643307248,0.0868603409466947
2023-04-11,ES=F,4136.5,0.8999814546972222,5.439597792063725e-05,1.6932397745414597e-05,3.7463580175222647e-05,0.08466198872707298
2023-04-12,ES=F,4119.0,0.9043863859892661,-0.0038261239586152443,8.80986258408778e-07,-0.003827004944873653,0.00440493129204389
2023-04-13,ES=F,4172.75,0.9495657924210241,0.012391153518482738,9.0358812863516e-06,0.012382117637196386,0.045179406431757996
2023-04-14,ES=F,4163.75,0.9498957475565855,-0.002048783590679837,6.599102711226657e-08,-0.0020488495817069493,0.0003299551355613328
2023-04-17,ES=F,4176.75,1.0,0.003122185529870869,1.0020850488682908e-05,0.003112164679382186,0.05010425244341454
2023-04-18,ES=F,4180.0,1.0,0.0007781169569640589,0.0,0.0007781169569640589,0.0
2023-04-19,ES=F,4178.5,1.0,-0.0003588516746411141,0.0,-0.0003588516746411141,0.0
2023-04-20,ES=F,4152.5,1.0,-0.006222328586813486,0.0,-0.006222328586813486,0.0
2023-04-21,ES=F,4156.75,1.0,0.00102347983142681,0.0,0.00102347983142681,0.0
2023-04-24,ES=F,4159.5,1.0,0.0006615745474227719,0.0,0.0006615745474227719,0.0
2023-04-25,ES=F,4093.25,1.0,-0.015927395119605725,0.0,-0.015927395119605725,0.0
2023-04-26,ES=F,4076.0,1.0,-0.004214255176204773,0.0,-0.004214255176204773,0.0
2023-04-27,ES=F,4153.75,1.0,0.019075073601570125,0.0,0.019075073601570125,0.0
2023-04-28,ES=F,4188.5,0.9953817518430592,0.00832729843552126,9.236496313881571e-07,0.008326374785889872,0.004618248156940785
2023-05-01,ES=F,4185.75,0.9818299700203746,-0.0006446299194355982,2.7103563645369147e-06,-0.0006473402758001351,0.013551781822684572
2023-05-02,ES=F,4136.75,1.0,-0.011706384757809274,3.6340059959250715e-06,-0.011710018763805199,0.018170029979625357
2023-05-03,ES=F,4107.5,0.9998707012298876,-0.0070698538734451,2.5859754022472537e-08,-0.007069879733199122,0.00012929877011236268
2023-05-04,ES=F,4075.75,0.9937874947583796,-0.007681741438485322,1.2166412943016126e-06,-0.007682958079779623,0.0060832064715080625
2023-05-05,ES=F,4150.25,0.9737191518644395,0.017798460851107256,4.013668578788021e-06,0.01779444718252847,0.020068342893940105
2023-05-08,ES=F,4152.75,0.8643097654631035,0.0005206371697266213,2.1881877280267205e-05,0.0004987552924463542,0.10940938640133602
2023-05-09,ES=F,4134.0,0.8644464708897177,-0.0039030452902732034,2.7341085322851733e-08,-0.0039030726313585263,0.00013670542661425866
2023-05-10,ES=F,4152.0,0.85843196792608,0.003737729903887052,1.2029005927275405e-06,0.0037365270032943244,0.006014502963637702
2023-05-11,ES=F,4143.75,0.8591992913276744,-0.0017072240253982185,1.5346468031887107e-07,-0.0017073774900785374,0.0007673234015943553
2023-05-12,ES=F,4138.0,0.9088340232979597,-0.0012611271514843035,9.926946394057068e-06,-0.0012710540978783606,0.04963473197028534
2023-05-15,ES=F,4150.0,0.9095813574817305,0.0026377419743307214,1.4946683675416405e-07,0.0026375925074939672,0.0007473341837708203
2023-05-16,ES=F,4123.0,0.9100635191897727,-0.005920895185090109,9.643234160843228e-08,-0.005920991617431717,0.0004821617080421614
2023-05-17,ES=F,4171.5,0.8987715602139723,0.01057250076894926,2.258391795160075e-06,0.0105702423771541,0.011291958975800376
2023-05-18,ES=F,4212.0,0.855516138899455,0.008305981931062667,8.651084262903464e-06,0.008297330846799763,0.04325542131451732
2023-05-19,ES=F,4204.75,0.8436369327550075,-0.0014521290984030614,2.375841228889497e-06,-0.001454504939631951,0.011879206144447485
2023-05-22,ES=F,4205.0,0.8421528091093894,5.007151490036436e-05,2.968247291236237e-07,4.977469017124074e-05,0.0014841236456181184
2023-05-23,ES=F,4158.75,0.8420776683597121,-0.009261853070543837,1.502814993545876e-08,-0.009261868098693773,7.514074967729378e-05
2023-05-24,ES=F,4126.0,0.8811250107907569,-0.0069388263548896744,7.80946848620896e-06,-0.006946635823375884,0.039047342431044796
2023-05-25,ES=F,4159.75,0.8666261027566559,0.007088858693174358,2.8997816068202067e-06,0.007085958911567538,0.014498908034101032
2023-05-26,ES=F,4213.25,0.9627805314868988,0.012382657235302482,1.9230885746048586e-05,0.012363426349556434,0.09615442873024294
2023-05-30,ES=F,4215.0,0.9282308214622098,0.00038554653475561464,6.909942004937797e-06,0.00037863659275067684,0.034549710024688984
2023-05-31,ES=F,4190.5,0.9285874026508038,-0.0053974831233557915,7.131623771878815e-08,-0.005397554439593511,0.0003565811885939407
2023-06-01,ES=F,4228.0,0.9694928976930187,0.008675810443500302,8.181099008442993e-06,0.008667629344491858,0.04090549504221497
2023-06-02,ES=F,4288.0,0.9712531913419806,0.013783157871456718,3.520587297923816e-07,0.013782805812726926,0.001760293648961908
2023-06-05,ES=F,4281.0,0.950733674873631,-0.0015520372490940553,4.10390329366992e-06,-0.0015561411523877253,0.020519516468349597
2023-06-06,ES=F,4289.75,1.0,0.002043914973137051,9.853265025273795e-06,0.0020340617081117773,0.04926632512636897
2023-06-07,ES=F,4274.25,1.0,-0.003613264176234088,0.0,-0.003613264176234088,0.0
2023-06-08,ES=F,4298.25,1.0,0.005615020178978858,0.0,0.005615020178978858,0.0
2023-06-09,ES=F,4304.75,1.0,0.0015122433548537817,0.0,0.0015122433548537817,0.0
2023-06-12,ES=F,4342.75,1.0,0.008827458040536529,0.0,0.008827458040536529,0.0
2023-06-13,ES=F,4371.75,1.0,0.006677796327211993,0.0,0.006677796327211993,0.0
2023-06-14,ES=F,4374.25,1.0,0.000571853376794218,0.0,0.000571853376794218,0.0
2023-06-15,ES=F,4426.5,1.0,0.011944904840829773,0.0,0.011944904840829773,0.0
2023-06-16,ES=F,4453.35009765625,1.0,0.006065762488704385,0.0,0.006065762488704385,0.0
2023-06-20,ES=F,4434.75,1.0,-0.00417665291261049,0.0,-0.00417665291261049,0.0
2023-06-21,ES=F,4409.25,1.0,-0.005750042279722645,0.0,-0.005750042279722645,0.0
2023-06-22,ES=F,4423.75,1.0,0.003288541135113787,0.0,0.003288541135113787,0.0
2023-06-23,ES=F,4389.0,1.0,-0.007855326363379489,0.0,-0.007855326363379489,0.0
2023-06-26,ES=F,4370.25,1.0,-0.0042720437457279825,0.0,-0.0042720437457279825,0.0
2023-06-27,ES=F,4418.75,1.0,0.011097763285853102,0.0,0.011097763285853102,0.0
2023-06-28,ES=F,4417.5,1.0,-0.00028288543140031486,0.0,-0.00028288543140031486,0.0
2023-06-29,ES=F,4435.75,1.0,0.004131295981890215,0.0,0.004131295981890215,0.0
2023-06-30,ES=F,4488.25,1.0,0.011835653497153764,0.0,0.011835653497153764,0.0
2023-07-03,ES=F,4492.25,1.0,0.0008912159527656449,0.0,0.0008912159527656449,0.0
2023-07-05,ES=F,4483.75,1.0,-0.0018921475875117721,0.0,-0.0018921475875117721,0.0
2023-07-06,ES=F,4447.0,1.0,-0.00819626428770559,0.0,-0.00819626428770559,0.0
2023-07-07,ES=F,4434.0,1.0,-0.002923319091522325,0.0,-0.002923319091522325,0.0
2023-07-10,ES=F,4444.25,1.0,0.0023116824537663394,0.0,0.0023116824537663394,0.0
2023-07-11,ES=F,4473.5,1.0,0.006581537942284887,0.0,0.006581537942284887,0.0
2023-07-12,ES=F,4507.5,1.0,0.007600312954062716,0.0,0.007600312954062716,0.0
2023-07-13,ES=F,4543.5,1.0,0.00798668885191356,0.0,0.00798668885191356,0.0
2023-07-14,ES=F,4536.75,1.0,-0.0014856388246946572,0.0,-0.0014856388246946572,0.0
2023-07-17,ES=F,4553.75,1.0,0.003747175841736894,0.0,0.003747175841736894,0.0
2023-07-18,ES=F,4587.75,1.0,0.007466373867691445,0.0,0.007466373867691445,0.0
2023-07-19,ES=F,4597.0,1.0,0.0020162388970628164,0.0,0.0020162388970628164,0.0
2023-07-20,ES=F,4565.5,1.0,-0.00685229497498363,0.0,-0.00685229497498363,0.0
2023-07-21,ES=F,4564.75,1.0,-0.0001642755448472144,0.0,-0.0001642755448472144,0.0
2023-07-24,ES=F,4583.5,1.0,0.0041075633933951305,0.0,0.0041075633933951305,0.0
2023-07-25,ES=F,4596.0,1.0,0.002727173557325102,0.0,0.002727173557325102,0.0
2023-07-26,ES=F,4595.25,1.0,-0.00016318537859005833,0.0,-0.00016318537859005833,0.0
2023-07-27,ES=F,4564.25,1.0,-0.0067460965127033035,0.0,-0.0067460965127033035,0.0
2023-07-28,ES=F,4606.5,1.0,0.009256723448540338,0.0,0.009256723448540338,0.0
2023-07-31,ES=F,4614.5,1.0,0.0017366764354715958,0.0,0.0017366764354715958,0.0
2023-08-01,ES=F,4601.25,1.0,-0.0028713836818723415,0.0,-0.0028713836818723415,0.0
2023-08-02,ES=F,4537.25,1.0,-0.013909263787014403,0.0,-0.013909263787014403,0.0
2023-08-03,ES=F,4521.75,1.0,-0.0034161661799547716,0.0,-0.0034161661799547716,0.0
2023-08-04,ES=F,4498.0,1.0,-0.0052523912202133705,0.0,-0.0052523912202133705,0.0
2023-08-07,ES=F,4537.75,1.0,0.008837261004891017,0.0,0.008837261004891017,0.0
2023-08-08,ES=F,4518.5,1.0,-0.004242190512919408,0.0,-0.004242190512919408,0.0
2023-08-09,ES=F,4485.75,1.0,-0.007247980524510367,0.0,-0.007247980524510367,0.0
2023-08-10,ES=F,4485.75,1.0,0.0,0.0,0.0,0.0
2023-08-11,ES=F,4480.75,1.0,-0.001114640806999967,0.0,-0.001114640806999967,0.0
2023-08-14,ES=F,4506.0,1.0,0.005635217318529229,0.0,0.005635217318529229,0.0
2023-08-15,ES=F,4454.0,1.0,-0.011540168664003536,0.0,-0.011540168664003536,0.0
2023-08-16,ES=F,4420.0,1.0,-0.007633587786259555,0.0,-0.007633587786259555,0.0
2023-08-17,ES=F,4384.5,1.0,-0.008031674208144768,0.0,-0.008031674208144768,0.0
2023-08-18,ES=F,4382.75,1.0,-0.0003991333105257677,0.0,-0.0003991333105257677,0.0
2023-08-21,ES=F,4412.5,1.0,0.0067879755861046664,0.0,0.0067879755861046664,0.0
2023-08-22,ES=F,4399.25,1.0,-0.0030028328611898525,0.0,-0.0030028328611898525,0.0
2023-08-23,ES=F,4447.0,1.0,0.0108541228618515,0.0,0.0108541228618515,0.0
2023-08-24,ES=F,4386.0,1.0,-0.013717112660220354,0.0,-0.013717112660220354,0.0
2023-08-25,ES=F,4414.25,1.0,0.006440948472412167,0.0,0.006440948472412167,0.0
2023-08-28,ES=F,4442.25,1.0,0.006343093390723142,0.0,0.006343093390723142,0.0
2023-08-29,ES=F,4506.75,1.0,0.01451966908661162,0.0,0.01451966908661162,0.0
2023-08-30,ES=F,4524.25,0.9362138974293807,0.0036353787552035792,1.275722051412387e-05,0.0036226215346894554,0.06378610257061934
2023-08-31,ES=F,4516.0,0.9988817445490196,-0.0018214675123013988,1.2533569423927783e-05,-0.0018340010817253266,0.06266784711963891
2023-09-01,ES=F,4521.5,1.0,0.001217891939769622,2.2365109019608644e-07,0.001217668288679426,0.0011182554509804321
2023-09-05,ES=F,4502.5,1.0,-0.004202145305761351,0.0,-0.004202145305761351,0.0
2023-09-06,ES=F,4471.5,1.0,-0.006885063853414808,0.0,-0.006885063853414808,0.0
2023-09-07,ES=F,4456.25,1.0,-0.0034104886503411036,0.0,-0.0034104886503411036,0.0
2023-09-08,ES=F,4461.75,1.0,0.0012342215988778715,0.0,0.0012342215988778715,0.0
2023-09-11,ES=F,4490.25,1.0,0.00638762817280214,0.0,0.00638762817280214,0.0
2023-09-12,ES=F,4465.0,1.0,-0.0056232949167640545,0.0,-0.0056232949167640545,0.0
2023-09-13,ES=F,4468.75,1.0,0.0008398656215005129,0.0,0.0008398656215005129,0.0
2023-09-14,ES=F,4506.0,1.0,0.008335664335664239,0.0,0.008335664335664239,0.0
2023-09-15,ES=F,4491.72021484375,1.0,-0.0031690601767088156,0.0,-0.0031690601767088156,0.0
2023-09-18,ES=F,4501.5,1.0,0.002177291703060913,0.0,0.002177291703060913,0.0
2023-09-19,ES=F,4490.0,1.0,-0.0025547039875597477,0.0,-0.0025547039875597477,0.0
2023-09-20,ES=F,4447.0,1.0,-0.009576837416481077,0.0,-0.009576837416481077,0.0
2023-09-21,ES=F,4372.0,1.0,-0.016865302451090636,0.0,-0.016865302451090636,0.0
2023-09-22,ES=F,4361.0,1.0,-0.0025160109789570395,0.0,-0.0025160109789570395,0.0
2023-09-25,ES=F,4378.75,1.0,0.004070167392799862,0.0,0.004070167392799862,0.0
2023-09-26,ES=F,4314.75,1.0,-0.014616043391378786,0.0,-0.014616043391378786,0.0
2023-09-27,ES=F,4313.5,1.0,-0.0002897039225910891,0.0,-0.0002897039225910891,0.0
2023-09-28,ES=F,4337.5,1.0,0.005563927205285646,0.0,0.005563927205285646,0.0
2023-09-29,ES=F,4325.5,1.0,-0.0027665706051873684,0.0,-0.0027665706051873684,0.0
2023-10-02,ES=F,4324.25,1.0,-0.0002889839324933252,0.0,-0.0002889839324933252,0.0
2023-10-03,ES=F,4264.75,1.0,-0.013759611493322499,0.0,-0.013759611493322499,0.0
2023-10-04,ES=F,4297.75,1.0,0.007737850987748374,0.0,0.007737850987748374,0.0
2023-10-05,ES=F,4290.75,-1.0,0.0016287592344831348,0.0004,0.0012287592344831348,2.0
2023-10-06,ES=F,4341.5,-1.0,-0.011827769038047053,0.0,-0.011827769038047053,0.0
2023-10-09,ES=F,4368.75,-0.9877220121133913,-0.006199568082480642,2.4555975773217444e-06,-0.006202023680057964,0.012277987886608721
2023-10-10,ES=F,4391.5,-0.9884406725650925,-0.0051472447040585255,1.4373209034024283e-07,-0.005147388436148865,0.0007186604517012141
2023-10-11,ES=F,4409.75,-0.9806395569116683,-0.004075298170018857,1.5602231306848458e-06,-0.0040768583931495425,0.007801115653424229
2023-10-12,ES=F,4380.5,-0.9719604269391706,0.006447041779686065,1.7358259944995292e-06,0.006445305953691566,0.008679129972497646
2023-10-13,ES=F,4357.25,-0.9951261372893485,0.005281744707676642,4.633142070035579e-06,0.005277111565606606,0.023165710350177893
2023-10-16,ES=F,4401.0,-0.989998248645898,-0.00994031175127846,1.0255777286900969e-06,-0.00994133732900715,0.0051278886434504845
2023-10-17,ES=F,4401.75,-0.9439999523311514,-0.00016087252084722012,9.199659262949322e-06,-0.00017007218011016943,0.04599829631474661
2023-10-18,ES=F,4342.25,-0.9443293482625537,0.012764831310642781,6.587918628044864e-08,0.012764765431456502,0.0003293959314022432
2023-10-19,ES=F,4303.0,-0.9152730377848173,0.008273237776050248,5.8112620955472764e-06,0.0082674265139547,0.02905631047773638
2023-10-20,ES=F,4248.5,-0.9855765497712459,0.012482900758199605,1.406070239728572e-05,0.01246884005580232,0.07030351198642859
2023-10-23,ES=F,4241.75,-0.934047772205791,0.0014840114069410812,1.0305755513090964e-05,0.0014737056514279902,0.05152877756545482
2023-10-24,ES=F,4271.25,-0.9449498308722453,-0.006571820595445487,2.1804117332908436e-06,-0.006574001007178778,0.010902058666454217
2023-10-25,ES=F,4209.75,-0.9932262704538042,0.014301063068869517,9.655287916311784e-06,0.014291407780953206,0.048276439581558916
2023-10-26,ES=F,4156.5,-0.9227200861273198,0.01167167755479057,1.4101236865296875e-05,0.011657576317925272,0.07050618432648437
2023-10-27,ES=F,4137.75,-0.8997634785065011,0.004058839220978465,4.591321524163749e-06,0.004054247899454301,0.022956607620818748
2023-10-30,ES=F,4185.75,-0.8980985691828856,-0.010418399207486799,3.329818647231031e-07,-0.010418732189351522,0.0016649093236155155
2023-10-31,ES=F,4212.25,-0.8461614308737785,-0.005357051404922747,1.0387427661821415e-05,-0.0053674388325845685,0.05193713830910707
2023-11-01,ES=F,4256.0,-0.8756466147716289,-0.00909479242596207,5.897036779570075e-06,-0.00910068946274164,0.029485183897850376
2023-11-02,ES=F,4335.75,-0.8611140421065991,-0.016135771818139393,2.906514533005944e-06,-0.0161386783326724,0.01453257266502972
2023-11-03,ES=F,4376.0,-0.778176990333422,-0.007224038254262789,1.6587410354635423e-05,-0.007240625664617424,0.08293705177317712
2023-11-06,ES=F,4384.25,-0.7889405329378918,-0.0014873764617773322,2.1527085208939536e-06,-0.0014895291702982261,0.010763542604469767
2023-11-07,ES=F,4396.0,-0.7961109428245204,-0.002133615459471488,1.4340819773257296e-06,-0.0021350495414488137,0.007170409886628648
2023-11-08,ES=F,4399.5,-0.8003680229064818,-0.0006372356870273869,8.514160163922702e-07,-0.0006380871030437792,0.004257080081961351
2023-11-09,ES=F,4362.25,-0.8041079688485686,0.006808278631573812,7.47989188417364e-07,0.006807530642385395,0.0037399459420868197
2023-11-10,ES=F,4430.5,-0.7979784464861657,-0.012484848179879911,1.225904472480588e-06,-0.012486074084352391,0.006129522362402939
2023-11-13,ES=F,4425.25,-0.7566286643954967,0.0008965806315486554,8.269956418133794e-06,0.0008883106751305216,0.041349782090668974
2023-11-14,ES=F,4511.0,-0.7734463481719167,-0.014987407345515326,3.3635367552840026e-06,-0.01499077088227061,0.01681768377642001
2023-11-15,ES=F,4519.25,-0.7118976170889381,-0.001301963054973163,1.230974621659573e-05,-0.0013142728011897586,0.06154873108297865
2023-11-16,ES=F,4523.25,-0.7513353858456104,-0.0006650089159445406,7.887553751334476e-06,-0.000672896469695875,0.039437768756672376
2023-11-17,ES=F,4527.5,-0.7759770132827781,-0.0007291001617093466,4.928325487433538e-06,-0.0007340284871967802,0.02464162743716769
2023-11-20,ES=F,4562.25,-0.8297612202086861,-0.006368680817725372,1.0756841385181604e-05,-0.006379437659110553,0.05378420692590802
2023-11-21,ES=F,4551.25,-0.8316896776426645,0.002005279512098061,3.8569148679568067e-07,0.0020048938206112654,0.0019284574339784033
2023-11-22,ES=F,4567.25,-0.8261637213979198,-0.0029043931979932823,1.1051912489489446e-06,-0.002905498389242231,0.005525956244744723
2023-11-23,ES=F,4569.5,-0.9207789904270511,-0.000453610537732996,1.892305380582626e-05,-0.0004725335915388223,0.09461526902913131
2023-11-24,ES=F,4568.25,-1.0,0.0002735529051318686,1.5844201914589774e-05,0.00025770870321727883,0.07922100957294886
2023-11-27,ES=F,4561.0,-1.0,0.00158704098943796,0.0,0.00158704098943796,0.0
2023-11-28,ES=F,4563.0,1.0,0.00043850032887515766,0.0004,3.8500328875157644e-05,2.0
2023-11-29,ES=F,4559.25,1.0,-0.0008218277449046907,0.0,-0.0008218277449046907,0.0
2023-11-30,ES=F,4576.75,1.0,0.0038383506059109784,0.0,0.0038383506059109784,0.0
2023-12-01,ES=F,4600.75,1.0,0.005243895777571339,0.0,0.005243895777571339,0.0
2023-12-04,ES=F,4576.5,1.0,-0.005270879747867219,0.0,-0.005270879747867219,0.0
2023-12-05,ES=F,4575.0,1.0,-0.00032776138970824764,0.0,-0.00032776138970824764,0.0
2023-12-06,ES=F,4556.0,1.0,-0.00415300546448083,0.0,-0.00415300546448083,0.0
2023-12-07,ES=F,4589.5,1.0,0.007352941176470562,0.0,0.007352941176470562,0.0
2023-12-08,ES=F,4607.5,1.0,0.003921995860115546,0.0,0.003921995860115546,0.0
2023-12-11,ES=F,4626.0,1.0,0.004015192620727026,0.0,0.004015192620727026,0.0
2023-12-12,ES=F,4645.75,1.0,0.004269347168179838,0.0,0.004269347168179838,0.0
2023-12-13,ES=F,4708.25,1.0,0.013453156110423414,0.0,0.013453156110423414,0.0
2023-12-14,ES=F,4721.75,1.0,0.002867307385971518,0.0,0.002867307385971518,0.0
2023-12-15,ES=F,4694.27001953125,1.0,-0.005819871968814505,0.0,-0.005819871968814505,0.0
2023-12-18,ES=F,4793.0,1.0,0.021032019900425025,0.0,0.021032019900425025,0.0
2023-12-19,ES=F,4820.25,1.0,0.005685374504485807,0.0,0.005685374504485807,0.0
2023-12-20,ES=F,4749.75,1.0,-0.014625797417146424,0.0,-0.014625797417146424,0.0
2023-12-21,ES=F,4796.75,1.0,0.00989525764513921,0.0,0.00989525764513921,0.0
2023-12-22,ES=F,4805.25,1.0,0.0017720331474435635,0.0,0.0017720331474435635,0.0
2023-12-26,ES=F,4825.0,1.0,0.004110087924665828,0.0,0.004110087924665828,0.0
2023-12-27,ES=F,4833.5,1.0,0.0017616580310881869,0.0,0.0017616580310881869,0.0
2023-12-28,ES=F,4832.25,1.0,-0.0002586117720078107,0.0,-0.0002586117720078107,0.0
2023-12-29,ES=F,4820.0,1.0,-0.00253505095969786,0.0,-0.00253505095969786,0.0
2024-01-02,ES=F,4787.25,1.0,-0.0067946058091286066,0.0,-0.0067946058091286066,0.0
2024-01-03,ES=F,4746.5,0.9956348973172824,-0.008475037248039979,8.730205365435229e-07,-0.008475910268576522,0.004365102682717614
2024-01-04,ES=F,4729.5,0.9718071982773429,-0.003480611475974845,4.765539807987907e-06,-0.0034853770157828325,0.02382769903993953
2024-01-05,ES=F,4734.75,0.9622078940488744,0.0010681026416653264,1.9198608456936884e-06,0.0010661827808196326,0.009599304228468442
2024-01-08,ES=F,4801.25,0.9762352074035366,0.01371131343626069,2.805462670932446e-06,0.013708507973589757,0.01402731335466223
2024-01-09,ES=F,4792.75,0.9326214316713329,-0.0016510871479732488,8.722755146440742e-06,-0.0016598099031196894,0.04361377573220371
2024-01-10,ES=F,4820.25,0.9283184537401893,0.005326536430620254,8.605955862287296e-07,0.005325675835034025,0.004302977931143648
2024-01-11,ES=F,4815.5,0.924927552826315,-0.0009114477207458243,6.781801827748569e-07,-0.0009121259009285992,0.003390900913874284
2024-01-12,ES=F,4816.5,0.9237701413712995,0.00019183265317654325,2.3148229100309337e-07,0.00019160117088554016,0.0011574114550154668
2024-01-16,ES=F,4798.5,0.9767137081801093,-0.0036501290869390413,1.0588713361761949e-05,-0.003660717800300803,0.05294356680880974
2024-01-17,ES=F,4771.25,0.9690676602175843,-0.0055031976119472945,1.5292095925049987e-06,-0.0055047268215397994,0.007646047962524993
2024-01-18,ES=F,4811.25,0.9698084528630392,0.008130435025312301,1.4815852909098037e-07,0.00813028686678321,0.0007407926454549019
2024-01-19,ES=F,4869.5,1.0,0.012107040789815615,6.038309427392163e-06,0.012101002480388224,0.030191547136960817
2024-01-22,ES=F,4881.0,1.0,0.0023616387719478382,0.0,0.0023616387719478382,0.0
2024-01-23,ES=F,4895.0,1.0,0.002868264699856571,0.0,0.002868264699856571,0.0
2024-01-24,ES=F,4898.0,1.0,0.0006128702757917104,0.0,0.0006128702757917104,0.0
2024-01-25,ES=F,4923.25,1.0,0.005155165373621928,0.0,0.005155165373621928,0.0
2024-01-26,ES=F,4916.25,1.0,-0.0014218250139643729,0.0,-0.0014218250139643729,0.0
2024-01-29,ES=F,4954.5,1.0,0.0077803203661326314,0.0,0.0077803203661326314,0.0
2024-01-30,ES=F,4951.0,1.0,-0.0007064284993439918,0.0,-0.0007064284993439918,0.0
2024-01-31,ES=F,4870.5,1.0,-0.016259341547162243,0.0,-0.016259341547162243,0.0
2024-02-01,ES=F,4928.5,1.0,0.011908428292783046,0.0,0.011908428292783046,0.0
2024-02-02,ES=F,4980.25,1.0,0.010500152176118549,0.0,0.010500152176118549,0.0
2024-02-05,ES=F,4962.0,1.0,-0.0036644746749661117,0.0,-0.0036644746749661117,0.0
2024-02-06,ES=F,4974.75,1.0,0.002569528415961253,0.0,0.002569528415961253,0.0
2024-02-07,ES=F,5015.25,1.0,0.008141112618724522,0.0,0.008141112618724522,0.0
2024-02-08,ES=F,5017.75,1.0,0.0004984796371068079,0.0,0.0004984796371068079,0.0
2024-02-09,ES=F,5044.0,1.0,0.0052314284290768676,0.0,0.0052314284290768676,0.0
2024-02-12,ES=F,5041.25,1.0,-0.0005452022204599505,0.0,-0.0005452022204599505,0.0
2024-02-13,ES=F,4971.25,1.0,-0.01388544507810563,0.0,-0.01388544507810563,0.0
2024-02-14,ES=F,5018.0,1.0,0.009404073422177417,0.0,0.009404073422177417,0.0
2024-02-15,ES=F,5046.5,1.0,0.005679553607014665,0.0,0.005679553607014665,0.0
2024-02-16,ES=F,5019.75,1.0,-0.00530070345784206,0.0,-0.00530070345784206,0.0
2024-02-20,ES=F,4991.5,1.0,-0.005627770307286228,0.0,-0.005627770307286228,0.0
2024-02-21,ES=F,4996.25,1.0,0.000951617750175382,0.0,0.000951617750175382,0.0
2024-02-22,ES=F,5097.75,1.0,0.02031523642732047,0.0,0.02031523642732047,0.0
2024-02-23,ES=F,5101.5,0.8957852035707852,0.0006589563068786583,2.0842959285842965e-05,0.0006381133475928153,0.10421479642921483
2024-02-26,ES=F,5080.25,0.898633144062526,-0.003743203824625805,5.695880983481727e-07,-0.003743773412724153,0.0028479404917408635
2024-02-27,ES=F,5090.0,0.8908263741526659,0.0017096712067296727,1.5613539819720358e-06,0.0017081098527477008,0.007806769909860178
2024-02-28,ES=F,5081.0,0.9031060102573777,-0.0015968475623410999,2.4559272209423666e-06,-0.0015993034895620422,0.012279636104711833
2024-02-29,ES=F,5103.75,0.9013349794482887,0.004035695883182096,3.5420616181780495e-07,0.004035341677020278,0.0017710308090890248
2024-03-01,ES=F,5146.0,1.0,0.008278226794024013,1.9733004110342267e-05,0.008258493789913671,0.09866502055171134
2024-03-04,ES=F,5138.25,1.0,-0.001506024096385561,0.0,-0.001506024096385561,0.0
2024-03-05,ES=F,5085.75,1.0,-0.010217486498321438,0.0,-0.010217486498321438,0.0
2024-03-06,ES=F,5111.75,1.0,0.005112323649412609,0.0,0.005112323649412609,0.0
2024-03-07,ES=F,5161.75,1.0,0.009781386022399419,0.0,0.009781386022399419,0.0
2024-03-08,ES=F,5129.0,1.0,-0.006344747420932828,0.0,-0.006344747420932828,0.0
2024-03-11,ES=F,5123.0,0.9878301797284128,-0.0011555821950419577,2.4339640543174393e-06,-0.0011580161590962752,0.012169820271587195
2024-03-12,ES=F,5177.25,0.9936285826529296,0.010522028227390458,1.1596805849033665e-06,0.010520868546805555,0.005798402924516832
2024-03-13,ES=F,5168.0,0.9580054274570725,-0.001711632662895917,7.124631039171426e-06,-0.0017187572939350885,0.035623155195857126
2024-03-14,ES=F,5153.75,1.0,-0.0027573529411765163,8.398914508585499e-06,-0.0027657518556851017,0.04199457254292749
2024-03-15,ES=F,5101.669921875,1.0,-0.01010527831675967,0.0,-0.01010527831675967,0.0
2024-03-18,ES=F,5214.75,1.0,0.022165306626391823,0.0,0.022165306626391823,0.0
2024-03-19,ES=F,5241.75,0.8819001938351444,0.004566145114060921,2.361996123297112e-05,0.00454252515282795,0.1180998061648556
2024-03-20,ES=F,5286.75,0.8981560846783216,0.007710597378838129,3.251178168635449e-06,0.0077073462006694935,0.016255890843177245
2024-03-21,ES=F,5302.5,0.8881943029254309,0.0026460604853786726,1.9923563505781504e-06,0.0026440681290280945,0.009961781752890753
2024-03-22,ES=F,5293.25,1.0,-0.0017444601603017196,2.2361139414913822e-05,-0.0017668212997166335,0.11180569707456911
2024-03-25,ES=F,5278.25,1.0,-0.0028337977612997722,0.0,-0.0028337977612997722,0.0
2024-03-26,ES=F,5265.25,1.0,-0.0024629375266423947,0.0,-0.0024629375266423947,0.0
2024-03-27,ES=F,5308.25,0.9989153504954346,0.008157895650026897,2.1692990091308763e-07,0.008157678720125985,0.001084649504565438
2024-03-28,ES=F,5308.5,0.9884381601951172,4.6551978533171134e-05,2.0954380600634706e-06,4.4456540473107664e-05,0.010477190300317352
2024-04-01,ES=F,5295.25,0.9890145736512792,-0.002468577394909963,1.1528269123239899e-07,-0.0024686926776011954,0.0005764134561619949
2024-04-02,ES=F,5260.5,0.9997930219451462,-0.006561126955780013,2.1556896587733965e-06,-0.006563282645438786,0.010778448293866982
2024-04-03,ES=F,5266.5,0.9768755667829712,0.0011142008175454151,4.5834910324350055e-06,0.00110961732651298,0.022917455162175027
2024-04-04,ES=F,5197.25,1.0,-0.013149150289566092,4.624886643405768e-06,-0.013153775176209498,0.02312443321702884
2024-04-05,ES=F,5253.0,0.9540698491479379,0.010234141919283696,9.18603017041242e-06,0.010224955889113284,0.04593015085206209
2024-04-08,ES=F,5253.25,0.9474089618072458,4.5088947354223395e-05,1.332177468138429e-06,4.3756769886084964e-05,0.006660887340692145
2024-04-09,ES=F,5260.25,0.9681252750617678,0.0012900351069209902,4.143262650904411e-06,0.0012858918442700859,0.020716313254522056
2024-04-10,ES=F,5207.75,0.9705364184017131,-0.009686452538584698,4.822286679890598e-07,-0.009686934767252686,0.0024111433399452986
2024-04-11,ES=F,5243.25,0.9618634930823761,0.00655679592999374,1.734585063867411e-06,0.006555061344929872,0.008672925319337055
2024-04-12,ES=F,5167.5,0.9488964677301226,-0.01370884612226323,2.593405070450694e-06,-0.01371143952733368,0.01296702535225347
2024-04-15,ES=F,5104.0,0.8783938619332976,-0.01079400294780157,1.4100521159365e-05,-0.010808103468960936,0.07050260579682499
2024-04-16,ES=F,5092.5,0.8641049869817475,-0.00194694501377156,2.8577749903100137e-06,-0.0019498027887618699,0.014288874951550068
2024-04-17,ES=F,5062.25,1.0,-0.005940108001963651,2.7179002603650495e-05,-0.005967287004567301,0.13589501301825246
2024-04-18,ES=F,5049.0,1.0,-0.002617413205590391,0.0,-0.002617413205590391,0.0
2024-04-19,ES=F,5003.75,1.0,-0.008962170726876661,0.0,-0.008962170726876661,0.0
2024-04-22,ES=F,5047.5,1.0,0.008743442418186254,0.0,0.008743442418186254,0.0
2024-04-23,ES=F,5106.5,1.0,0.011688954928182227,0.0,0.011688954928182227,0.0
2024-04-24,ES=F,5107.5,0.9731176236114636,0.00019056450085414071,5.376475277707283e-06,0.00018518802557643344,0.02688237638853641
2024-04-25,ES=F,5082.25,0.9722133003228408,-0.004806340838600395,1.808646577245554e-07,-0.0048065217032581195,0.000904323288622777
2024-04-26,ES=F,5131.5,1.0,0.009690589797825666,5.5573399354318376e-06,0.009685032457890234,0.027786699677159188
2024-04-29,ES=F,5147.0,0.9562444799858266,0.0028883931481595232,8.751104002834676e-06,0.0028796420441566887,0.04375552001417338
2024-04-30,ES=F,5067.0,0.9487892805789018,-0.014747064784595278,1.4910398813849703e-06,-0.014748555824476664,0.007455199406924851
2024-05-01,ES=F,5046.5,0.8911393404194744,-0.003605359478705244,1.1529988031885475e-05,-0.0036168894667371297,0.05764994015942737
2024-05-02,ES=F,5091.5,0.8927917706195119,0.007961087818860181,3.3048604000749383e-07,0.007960757332820175,0.001652430200037469
2024-05-03,ES=F,5154.75,0.9007609282498142,0.01118985146063066,1.5938315260604742e-06,0.011188257629104598,0.00796915763030237
2024-05-06,ES=F,5206.5,0.887478156611143,0.00890964539592158,2.6565543277342396e-06,0.008906988841593844,0.013282771638671198
2024-05-07,ES=F,5213.75,0.8545650888305215,0.001189973474315128,6.582613556124306e-06,0.0011833908607590037,0.03291306778062153
2024-05-08,ES=F,5212.75,0.8545071635023997,-0.00016389492467083782,1.1585065624353241e-08,-0.00016390650973646217,5.7925328121766206e-05
2024-05-09,ES=F,5239.0,0.882116262110619,0.004442099061033748,5.52181972164385e-06,0.0044365772413121046,0.02760909860821925
2024-05-10,ES=F,5246.25,0.8884806998426374,0.0012295256869363676,1.2728875464036894e-06,0.001228252799389964,0.006364437732018446
2024-05-13,ES=F,5245.5,0.9644908756398126,-0.00013788289859042468,1.5202035159435035e-05,-0.00015308493374985971,0.07601017579717517
2024-05-14,ES=F,5269.5,1.0,0.004575350300257464,7.101824872037477e-06,0.004568248475385426,0.03550912436018738
2024-05-15,ES=F,5333.0,1.0,0.01205047917259705,0.0,0.01205047917259705,0.0
2024-05-16,ES=F,5320.25,1.0,-0.0023907744234014094,0.0,-0.0023907744234014094,0.0
2024-05-17,ES=F,5327.25,1.0,0.0013157276443775956,0.0,0.0013157276443775956,0.0
2024-05-20,ES=F,5331.75,1.0,0.000844713501337413,0.0,0.000844713501337413,0.0
2024-05-21,ES=F,5345.25,1.0,0.002532001688001051,0.0,0.002532001688001051,0.0
2024-05-22,ES=F,5328.0,1.0,-0.003227164304756558,0.0,-0.003227164304756558,0.0
2024-05-23,ES=F,5285.25,1.0,-0.008023648648648685,0.0,-0.008023648648648685,0.0
2024-05-24,ES=F,5321.5,1.0,0.006858710562414272,0.0,0.006858710562414272,0.0
2024-05-28,ES=F,5324.75,1.0,0.0006107300573146013,0.0,0.0006107300573146013,0.0
2024-05-29,ES=F,5284.0,1.0,-0.007652941452650386,0.0,-0.007652941452650386,0.0
2024-05-30,ES=F,5253.0,1.0,-0.005866767600302802,0.0,-0.005866767600302802,0.0
2024-05-31,ES=F,5295.5,1.0,0.008090614886731462,0.0,0.008090614886731462,0.0
2024-06-03,ES=F,5297.25,1.0,0.00033046926635815765,0.0,0.00033046926635815765,0.0
2024-06-04,ES=F,5304.0,1.0,0.001274246071074625,0.0,0.001274246071074625,0.0
2024-06-05,ES=F,5366.0,1.0,0.011689291101055765,0.0,0.011689291101055765,0.0
2024-06-06,ES=F,5364.0,1.0,-0.000372717107715248,0.0,-0.000372717107715248,0.0
2024-06-07,ES=F,5355.75,1.0,-0.0015380313199104823,0.0,-0.0015380313199104823,0.0
2024-06-10,ES=F,5371.25,1.0,0.0028940857956401,0.0,0.0028940857956401,0.0
2024-06-11,ES=F,5384.0,1.0,0.0023737491272981526,0.0,0.0023737491272981526,0.0
2024-06-12,ES=F,5427.5,1.0,0.008079494799405618,0.0,0.008079494799405618,0.0
2024-06-13,ES=F,5438.5,1.0,0.0020267157991709084,0.0,0.0020267157991709084,0.0
2024-06-14,ES=F,5437.5,1.0,-0.00018387423002663716,0.0,-0.00018387423002663716,0.0
2024-06-17,ES=F,5478.5,1.0,0.007540229885057537,0.0,0.007540229885057537,0.0
2024-06-18,ES=F,5491.0,1.0,0.0022816464360682076,0.0,0.0022816464360682076,0.0
2024-06-20,ES=F,5476.75,1.0,-0.002595155709342545,0.0,-0.002595155709342545,0.0
2024-06-21,ES=F,5471.89013671875,1.0,-0.0008873626295248238,0.0,-0.0008873626295248238,0.0
2024-06-24,ES=F,5517.0,1.0,0.008243927080798574,0.0,0.008243927080798574,0.0
2024-06-25,ES=F,5537.0,1.0,0.0036251586006887937,0.0,0.0036251586006887937,0.0
2024-06-26,ES=F,5543.5,1.0,0.0011739208957919356,0.0,0.0011739208957919356,0.0
2024-06-27,ES=F,5546.0,1.0,0.0004509786236133184,0.0,0.0004509786236133184,0.0
2024-06-28,ES=F,5521.5,1.0,-0.004417598269022771,0.0,-0.004417598269022771,0.0
2024-07-01,ES=F,5533.75,1.0,0.0022186000181110277,0.0,0.0022186000181110277,0.0
2024-07-02,ES=F,5568.75,1.0,0.006324824937881113,0.0,0.006324824937881113,0.0
2024-07-03,ES=F,5590.25,1.0,0.0038608305274971944,0.0,0.0038608305274971944,0.0
2024-07-05,ES=F,5621.5,1.0,0.0055900898886454,0.0,0.0055900898886454,0.0
2024-07-08,ES=F,5625.25,1.0,0.0006670817397491646,0.0,0.0006670817397491646,0.0
2024-07-09,ES=F,5631.25,1.0,0.0010666192613661973,0.0,0.0010666192613661973,0.0
2024-07-10,ES=F,5688.0,1.0,0.010077691453939996,0.0,0.010077691453939996,0.0
2024-07-11,ES=F,5639.75,1.0,-0.008482770745429025,0.0,-0.008482770745429025,0.0
2024-07-12,ES=F,5664.75,1.0,0.004432820603750276,0.0,0.004432820603750276,0.0
2024-07-15,ES=F,5683.0,1.0,0.0032216779204730095,0.0,0.0032216779204730095,0.0
2024-07-16,ES=F,5717.25,1.0,0.0060267464367411705,0.0,0.0060267464367411705,0.0
2024-07-17,ES=F,5639.0,1.0,-0.013686650050286464,0.0,-0.013686650050286464,0.0
2024-07-18,ES=F,5594.5,1.0,-0.007891470118815413,0.0,-0.007891470118815413,0.0
2024-07-19,ES=F,5553.75,1.0,-0.007283939583519583,0.0,-0.007283939583519583,0.0
2024-07-22,ES=F,5610.75,1.0,0.010263335584064892,0.0,0.010263335584064892,0.0
2024-07-23,ES=F,5599.25,1.0,-0.0020496368578175606,0.0,-0.0020496368578175606,0.0
2024-07-24,ES=F,5472.0,1.0,-0.022726257980979603,0.0,-0.022726257980979603,0.0
2024-07-25,ES=F,5441.25,0.9463641278985363,-0.005318109819605308,1.0727174420292741e-05,-0.0053288369940256005,0.0536358721014637
2024-07-26,ES=F,5499.0,0.9389217627907819,0.009965124153671992,1.4884730215508847e-06,0.00996363568065044,0.007442365107754423
2024-07-29,ES=F,5503.0,0.8965207820990826,0.0006521336840146398,8.480196138339858e-06,0.0006436534878762999,0.042400980691699286
2024-07-30,ES=F,5472.5,0.9017038556888044,-0.004997631764221028,1.036614717944362e-06,-0.004998668378938973,0.005183073589721809
2024-07-31,ES=F,5558.0,0.8951277328801224,0.013985092948606762,1.3152245617364055e-06,0.013983777724045025,0.006576122808682028
2024-08-01,ES=F,5480.25,0.835858515458134,-0.011692695137975875,1.1853843484397664e-05,-0.011704548981460273,0.05926921742198832
2024-08-02,ES=F,5376.0,0.7971173744643986,-0.015163448070418983,7.748228198747099e-06,-0.01517119629861773,0.03874114099373549
2024-08-05,ES=F,5217.5,0.7462323062597643,-0.02200108269013625,1.0177013640926848e-05,-0.022011259703777174,0.05088506820463423
2024-08-06,ES=F,5266.25,0.6453294905949607,0.006029671809584023,2.0180563132960727e-05,0.006009491246451062,0.10090281566480364
2024-08-07,ES=F,5227.5,0.6290630015668869,-0.004628756954325504,3.253297805614763e-06,-0.00463201025213112,0.016266489028073816
2024-08-08,ES=F,5348.25,0.6492413348685067,0.01499682279968866,4.035666660323955e-06,0.014992787133028337,0.020178333301619777
2024-08-09,ES=F,5370.25,0.5810707030368564,0.002390231471380457,1.3634126366330057e-05,0.002376597345014127,0.06817063183165029
2024-08-12,ES=F,5369.75,0.5814463667494724,-5.4135875122169794e-05,7.513274252319847e-08,-5.4211007864692994e-05,0.0003756637126159923
2024-08-13,ES=F,5459.0,0.5838721782819765,0.00970447263125215,4.851623065008193e-07,0.009703987468945649,0.0024258115325040963
2024-08-14,ES=F,5477.0,0.5599532163873521,0.0018463377715648023,4.783792378924879e-06,0.0018415539791858775,0.02391896189462439
2024-08-15,ES=F,5567.5,0.5690469890361297,0.009402730054367326,1.8187545297555286e-06,0.009400911299837571,0.009093772648777643
2024-08-16,ES=F,5578.25,0.5500683471699022,0.001062098739483861,3.7957283732455106e-06,0.0010583030111106155,0.018978641866227552
2024-08-19,ES=F,5630.0,0.5538097643010124,0.005137750244714269,7.482834262220406e-07,0.005137001961288047,0.003741417131110203
2024-08-20,ES=F,5619.75,0.5552047599948192,-0.0010108079555855682,2.7899913876137107e-07,-0.0010110869547243296,0.0013949956938068553
2024-08-21,ES=F,5641.5,0.5552804077991742,0.0021490900608802373,1.5129560870996706e-08,0.002149074931319366,7.564780435498353e-05
2024-08-22,ES=F,5594.0,0.6018624772536838,-0.005067529499166897,9.31641389090192e-06,-0.0050768459130577995,0.0465820694545096
2024-08-23,ES=F,5652.5,0.5973437872714891,0.0062468022086846755,9.03737996438947e-07,0.006245898470688236,0.004518689982194735
2024-08-26,ES=F,5637.0,0.5976075112490358,-0.0016387291330137355,5.274479550934075e-08,-0.0016387818778092447,0.00026372397754670374
2024-08-27,ES=F,5644.75,0.596072379563101,0.0008195069969157763,3.070263371869553e-07,0.0008191999705785893,0.0015351316859347763
2024-08-28,ES=F,5610.25,0.6006640224174156,-0.0036711827403163974,9.183285708629141e-07,-0.00367210106888726,0.00459164285431457
2024-08-29,ES=F,5610.0,0.6163827223359254,-2.7466811743478493e-05,3.1437399837019654e-06,-3.0610551727180456e-05,0.015718699918509826
2024-08-30,ES=F,5661.0,0.6403041644518488,0.005820946949562228,4.7842884231846796e-06,0.005816162661139043,0.023921442115923397
2024-09-03,ES=F,5541.75,0.6902054629178658,-0.01453930426655279,9.980259693203398e-06,-0.014549284526245994,0.049901298466016986
2024-09-04,ES=F,5530.0,0.7704273468271573,-0.0016335131186392556,1.6044376781858305e-05,-0.001649557495421114,0.08022188390929152
2024-09-05,ES=F,5512.25,0.7742678604828254,-0.0024852178161971347,7.68102731133613e-07,-0.002485985918928268,0.0038405136556680652
2024-09-06,ES=F,5419.5,0.787899114600385,-0.013257316500373803,2.7262508235119222e-06,-0.013260042751197316,0.01363125411755961
2024-09-09,ES=F,5479.5,0.813590886258203,0.00900737211467695,5.1383543315636e-06,0.009002233760345386,0.025691771657817997
2024-09-10,ES=F,5504.0,0.7924357107392849,0.003543147169105212,4.2310351037836204e-06,0.0035389161340014285,0.0211551755189181
2024-09-11,ES=F,5561.25,0.7904126315803336,0.008221497666783146,4.0461583179025596e-07,0.008221093050951355,0.0020230791589512798
2024-09-12,ES=F,5602.25,0.8259574737607795,0.006089324598640967,7.108968436089192e-06,0.006082215630204877,0.03554484218044596
2024-09-13,ES=F,5629.75,0.8175238270082867,0.0040130135646799375,1.6867293504985615e-06,0.004011326835329439,0.008433646752492807
2024-09-16,ES=F,5638.0,0.8782828812604384,0.0012870613740216482,1.2151810850430334e-05,0.0012749095631712178,0.06075905425215167
2024-09-17,ES=F,5639.0,0.878591076681607,0.00015583381991513177,6.163908423371112e-08,0.00015577218083089807,0.0003081954211685556
2024-09-18,ES=F,5620.75,0.9032708045897958,-0.002923336085079562,4.935945581637769e-06,-0.0029282720306611997,0.024679727908188842
2024-09-19,ES=F,5717.75,0.9008989892669593,0.015547249381113742,4.7436306456729583e-07,0.015546775018049176,0.002371815322836479
2024-09-20,ES=F,5699.990234375,0.8245859292394364,-0.00256122650360114,1.5262612005504584e-05,-0.002576489115606645,0.07631306002752292
2024-09-23,ES=F,5776.75,0.8423749057283876,0.01134396686193305,3.557795297790234e-06,0.011340409066635259,0.01778897648895117
2024-09-24,ES=F,5792.0,0.8257160835904527,0.0021798018392269213,3.331764427586981e-06,0.0021764700747993345,0.016658822137934903
2024-09-25,ES=F,5779.0,0.829225882681409,-0.0018611768775653095,7.019598181912556e-07,-0.0018618788373835006,0.003509799090956278
2024-09-26,ES=F,5804.5,0.8260959396773421,0.0036451715628606956,6.259886008133764e-07,0.003644545574259882,0.003129943004066882
2024-09-27,ES=F,5791.25,0.8384683037612016,-0.0019139813980249961,2.474472816771911e-06,-0.0019164558708417681,0.012372364083859555
2024-09-30,ES=F,5814.25,0.835195436591049,0.0033169859773959287,6.545734340305254e-07,0.0033163314039618983,0.003272867170152627
2024-10-01,ES=F,5759.75,0.848631794629483,-0.007954668754750297,2.6872716076868032e-06,-0.007957356026357984,0.013436358038434015
2024-10-02,ES=F,5760.25,0.9791616569360606,8.500036086076241e-05,2.610597246131552e-05,5.889438839944689e-05,0.1305298623065776
2024-10-03,ES=F,5749.5,0.9847066404206023,-0.0018376973889191303,1.1089966969083376e-06,-0.0018388063856160386,0.005544983484541688
2024-10-04,ES=F,5800.0,0.9899597518838307,0.008695185228303964,1.0506222926456756e-06,0.008694134606011318,0.005253111463228377
2024-10-07,ES=F,5744.75,1.0,-0.009525862068965552,2.008049623233865e-06,-0.009527870118588785,0.010040248116169326
2024-10-08,ES=F,5800.5,1.0,0.009704512816049338,0.0,0.009704512816049338,0.0
2024-10-09,ES=F,5841.25,1.0,0.007025256443410122,0.0,0.007025256443410122,0.0
2024-10-10,ES=F,5829.0,1.0,-0.0020971538626149977,0.0,-0.0020971538626149977,0.0
2024-10-11,ES=F,5859.75,1.0,0.005275347400926389,0.0,0.005275347400926389,0.0
2024-10-14,ES=F,5908.25,1.0,0.008276803617901729,0.0,0.008276803617901729,0.0
2024-10-15,ES=F,5862.75,1.0,-0.007701095925189305,0.0,-0.007701095925189305,0.0
2024-10-16,ES=F,5887.0,1.0,0.004136284166986526,0.0,0.004136284166986526,0.0
2024-10-17,ES=F,5887.0,1.0,0.0,0.0,0.0,0.0
2024-10-18,ES=F,5906.0,1.0,0.0032274503142517563,0.0,0.0032274503142517563,0.0
2024-10-21,ES=F,5896.25,1.0,-0.0016508635286149875,0.0,-0.0016508635286149875,0.0
2024-10-22,ES=F,5892.5,1.0,-0.0006359974560101733,0.0,-0.0006359974560101733,0.0
2024-10-23,ES=F,5837.75,1.0,-0.009291472210437024,0.0,-0.009291472210437024,0.0
2024-10-24,ES=F,5849.0,1.0,0.001927112329236369,0.0,0.001927112329236369,0.0
2024-10-25,ES=F,5846.0,1.0,-0.0005129081894340581,0.0,-0.0005129081894340581,0.0
2024-10-28,ES=F,5861.5,1.0,0.002651385562777886,0.0,0.002651385562777886,0.0
2024-10-29,ES=F,5871.0,1.0,0.0016207455429497752,0.0,0.0016207455429497752,0.0
2024-10-30,ES=F,5852.0,1.0,-0.003236245954692518,0.0,-0.003236245954692518,0.0
2024-10-31,ES=F,5738.5,1.0,-0.019395078605604965,0.0,-0.019395078605604965,0.0
2024-11-01,ES=F,5758.25,1.0,0.0034416659405767103,0.0,0.0034416659405767103,0.0
2024-11-04,ES=F,5743.25,1.0,-0.0026049581035905156,0.0,-0.0026049581035905156,0.0
2024-11-05,ES=F,5812.25,1.0,0.012014103512819396,0.0,0.012014103512819396,0.0
2024-11-06,ES=F,5958.25,1.0,0.025119359972471944,0.0,0.025119359972471944,0.0
2024-11-07,ES=F,6003.75,0.8877601437119462,0.006779354095395976,2.2447971257610756e-05,0.006756906124138365,0.11223985628805377
2024-11-08,ES=F,6025.25,0.8789655176236177,0.0031476591511818038,1.7589252176656966e-06,0.003145900225964138,0.008794626088328483
2024-11-11,ES=F,6031.75,0.8819561982540229,0.0009514485355216194,5.981361260810391e-07,0.0009508503993955384,0.002990680630405196
2024-11-12,ES=F,6013.0,0.8971496728933275,-0.0027888351418327607,3.038694927860908e-06,-0.0027918738367606216,0.015193474639304538
2024-11-13,ES=F,6016.0,0.9169057587004307,0.00045746171230691434,3.951217161420639e-06,0.0004535104951454937,0.019756085807103196
2024-11-14,ES=F,5978.25,0.9196378042953117,-0.005770666075822522,5.464091189762099e-07,-0.005771212484941498,0.0027320455948810496
2024-11-15,ES=F,5896.5,0.9026193275883647,-0.012342931464951943,3.4036953413894014e-06,-0.012346335160293332,0.017018476706947006
2024-11-18,ES=F,5920.0,0.8472112227487077,0.0033764883803264027,1.1081620967931393e-05,0.0033654067593584715,0.05540810483965697
2024-11-19,ES=F,5938.75,0.8440288221124835,0.0026732331781435044,6.364801272448429e-07,0.0026725966980162595,0.003182400636224214
2024-11-20,ES=F,5937.75,0.8421750459672935,-0.00014181015297277537,3.707552290380001e-07,-0.00014218090820181337,0.0018537761451900003
2024-11-21,ES=F,5970.5,0.8691112079087895,0.004793632614881574,5.387232388299191e-06,0.004788245382493275,0.02693616194149595
2024-11-22,ES=F,5987.0,0.8635090480078691,0.0023863829314345643,1.120431980184078e-06,0.00238526249945438,0.005602159900920389
2024-11-25,ES=F,6006.5,0.8635521136830626,0.0028126384193786157,8.6131350387042e-09,0.002812629806243577,4.3065675193521e-05
2024-11-26,ES=F,6038.25,0.8629696270508069,0.0045616058701179575,1.1649732645113709e-07,0.004561489372791506,0.0005824866322556854
2024-11-27,ES=F,6015.0,0.8586719595728509,-0.003306276331729978,8.595334955912027e-07,-0.0033071358652255693,0.004297667477956013
2024-11-29,ES=F,6051.5,0.8569851533613209,0.005200325535775184,3.373612423060113e-07,0.005199988174532879,0.0016868062115300564
2024-12-02,ES=F,6061.75,1.0,0.001693794926877601,2.860296932773583e-05,0.001665191957549865,0.14301484663867914
2024-12-03,ES=F,6063.25,1.0,0.00024745329319086906,0.0,0.00024745329319086906,0.0
2024-12-04,ES=F,6098.5,1.0,0.005813713767369055,0.0,0.005813713767369055,0.0
2024-12-05,ES=F,6088.75,1.0,-0.0015987537919160966,0.0,-0.0015987537919160966,0.0
2024-12-06,ES=F,6099.0,1.0,0.001683432560049214,0.0,0.001683432560049214,0.0
2024-12-09,ES=F,6065.75,1.0,-0.005451713395638658,0.0,-0.005451713395638658,0.0
2024-12-10,ES=F,6046.25,1.0,-0.003214771462720978,0.0,-0.003214771462720978,0.0
2024-12-11,ES=F,6092.75,1.0,0.007690717386809931,0.0,0.007690717386809931,0.0
2024-12-12,ES=F,6060.75,1.0,-0.00525214394156992,0.0,-0.00525214394156992,0.0
2024-12-13,ES=F,6055.5,1.0,-0.0008662294270510573,0.0,-0.0008662294270510573,0.0
2024-12-16,ES=F,6080.5,1.0,0.00412847824291962,0.0,0.00412847824291962,0.0
2024-12-17,ES=F,6053.75,1.0,-0.004399309267330009,0.0,-0.004399309267330009,0.0
2024-12-18,ES=F,5872.25,1.0,-0.029981416477390055,0.0,-0.029981416477390055,0.0
2024-12-19,ES=F,5868.75,0.964878463646426,-0.0005750904036378885,7.024307270714792e-06,-0.0005821147109086034,0.03512153635357396
2024-12-20,ES=F,5840.259765625,0.964932332498525,-0.00468432772036612,1.0773770419780783e-08,-0.00468433849413654,5.386885209890391e-05
2024-12-23,ES=F,6036.0,0.9743867628977063,0.03265722775964291,1.8908860798362737e-06,0.03265533687356307,0.009454430399181368
2024-12-24,ES=F,6098.0,0.6991524539346584,0.0071814864386927,5.5046861792609586e-05,0.00712643957690009,0.2752343089630479
2024-12-26,ES=F,6095.25,0.6866519475264051,-0.0003096577329776222,2.5001012816506576e-06,-0.00031215783425927286,0.012500506408253287
2024-12-27,ES=F,6027.0,0.6895042647348409,-0.0077205473226123755,5.704634416871634e-07,-0.0077211177860540625,0.0028523172084358173
2024-12-30,ES=F,5958.75,0.6734954601045564,-0.007626690750312895,3.201760926056907e-06,-0.007629892511238952,0.016008804630284534
2024-12-31,ES=F,5935.75,0.662804018159778,-0.0025583373052527627,2.1382883889556892e-06,-0.0025604755936417182,0.010691441944778446
2025-01-02,ES=F,5916.5,0.6624688074270375,-0.0021484268277758103,6.704214654809083e-08,-0.0021484938699223586,0.0003352107327404541
2025-01-03,ES=F,5989.5,0.662091084015926,0.008169128561339044,7.554468222230604e-08,0.008169053016656823,0.0003777234111115302
2025-01-06,ES=F,6020.5,0.6460071515258364,0.003343554837181928,3.2167864980179094e-06,0.0033403380506839097,0.016083932490089548
2025-01-07,ES=F,5954.25,0.6421236495291024,-0.007065973221709693,7.767003993468081e-07,-0.00706674992210904,0.00388350199673404
2025-01-08,ES=F,5959.25,0.6311014956805865,0.0005299588492929555,2.2044307697031806e-06,0.0005277544185232523,0.011022153848515903
2025-01-09,ES=F,5944.75,0.6329563010055385,-0.001540104268923169,3.7096106499039383e-07,-0.0015404752299881593,0.0018548053249519691
2025-01-10,ES=F,5866.25,0.6333085282515648,-0.008362793972454296,7.044544920526975e-08,-0.008362864417903501,0.0003522272460263487
2025-01-13,ES=F,5874.5,0.6266366714105632,0.0008812704093989851,1.3343713682003157e-06,0.0008799360380307848,0.006671856841001578
2025-01-14,ES=F,5882.25,0.6270233740744059,0.0008272076175123857,7.734053276853282e-08,0.0008271302769796171,0.00038670266384266405
2025-01-15,ES=F,5989.0,0.6262428314811607,0.011364940670766073,1.561085186490452e-07,0.011364784562247425,0.0007805425932452259
2025-01-16,ES=F,5975.5,0.5925244350654012,-0.0013356286313880416,6.743679283151893e-06,-0.0013423723106711935,0.033718396415759466
2025-01-17,ES=F,6033.5,0.5935829637166166,0.005761494752834679,2.117057302430725e-07,0.005761283047104436,0.0010585286512153624
2025-01-21,ES=F,6084.25,0.6892927683452305,0.005797896410627342,1.914196092572278e-05,0.005778754449701619,0.09570980462861389
2025-01-22,ES=F,6120.5,0.6835133315551154,0.004072376754550274,1.1558873580230112e-06,0.004071220867192251,0.005779436790115056
2025-01-23,ES=F,6152.0,0.6883494591696535,0.0035426857223828765,9.672255229076221e-07,0.0035417184968599687,0.0048361276145381105
2025-01-24,ES=F,6133.25,0.8998396893136608,-0.002742521809920549,4.229804602880145e-05,-0.0027848198559493505,0.21149023014400725
2025-01-27,ES=F,6046.75,0.9260560741967022,-0.013060587847880794,5.243276976608291e-06,-0.013065831124857402,0.026216384883041455
2025-01-28,ES=F,6097.0,0.8640408764260104,0.007180395094952926,1.2403039554138374e-05,0.007167992055398788,0.062015197770691866
2025-01-29,ES=F,6067.5,0.8818651501500219,-0.0042668561471913835,3.564854744802304e-06,-0.0042704210019361855,0.01782427372401152
2025-01-30,ES=F,6099.25,0.9185012620136258,0.004806331284537819,7.327222372720788e-06,0.0047990040621650985,0.03663611186360394
2025-01-31,ES=F,6067.25,0.9214711260800214,-0.004834541301727415,5.939728132791089e-07,-0.004835135274540694,0.0029698640663955445
2025-02-03,ES=F,6022.25,0.9139008794757831,-0.0067782833369995354,1.5140493208476437e-06,-0.006779797386320383,0.007570246604238218
2025-02-04,ES=F,6063.0,0.9366468603504645,0.00633789025020242,4.549196174936277e-06,0.006333341054027484,0.022745980874681382
2025-02-05,ES=F,6086.5,0.9302770392045457,0.0036057249581571606,1.273964229183755e-06,0.0036044509939279767,0.006369821145918775
2025-02-06,ES=F,6106.0,0.9791695896819441,0.003137075001856158,9.778510095479677e-06,0.0031272964917606785,0.04889255047739838
2025-02-07,ES=F,6049.5,0.9775542112098802,-0.009045498351352457,3.2307569441278886e-07,-0.009045821427046869,0.0016153784720639441
2025-02-10,ES=F,6088.75,0.9411223960908001,0.006106133407151606,7.286363023816023e-06,0.00609884704412779,0.03643181511908011
2025-02-11,ES=F,6092.25,1.0,0.0005748306302606476,1.1775520781839988e-05,0.0005630551094788077,0.05887760390919994
2025-02-12,ES=F,6072.75,1.0,-0.0032007878862488903,0.0,-0.0032007878862488903,0.0
2025-02-13,ES=F,6135.25,1.0,0.010291877650158598,0.0,0.010291877650158598,0.0
2025-02-14,ES=F,6132.0,1.0,-0.000529725765046285,0.0,-0.000529725765046285,0.0
2025-02-18,ES=F,6146.75,1.0,0.0024054142204827933,0.0,0.0024054142204827933,0.0
2025-02-19,ES=F,6163.0,1.0,0.0026436734859884847,0.0,0.0026436734859884847,0.0
2025-02-20,ES=F,6136.5,1.0,-0.004299853967223766,0.0,-0.004299853967223766,0.0
2025-02-21,ES=F,6029.0,1.0,-0.017518129226757884,0.0,-0.017518129226757884,0.0
2025-02-24,ES=F,6000.75,1.0,-0.004685685851716692,0.0,-0.004685685851716692,0.0
2025-02-25,ES=F,5970.0,1.0,-0.0051243594550680616,0.0,-0.0051243594550680616,0.0
2025-02-26,ES=F,5970.75,1.0,0.00012562814070360417,0.0,0.00012562814070360417,0.0
2025-02-27,ES=F,5876.25,1.0,-0.01582715739228735,0.0,-0.01582715739228735,0.0
2025-02-28,ES=F,5963.25,1.0,0.014805360561582548,0.0,0.014805360561582548,0.0
2025-03-03,ES=F,5860.75,0.9638639526542676,-0.01656748503702885,7.227209469146479e-06,-0.016574712246497994,0.03613604734573239
2025-03-04,ES=F,5789.5,0.8833061244795796,-0.010738482509776017,1.611156563493761e-05,-0.010754594075410955,0.08055782817468804
2025-03-05,ES=F,5851.25,0.861354494346206,0.00918708697225638,4.390326026674707e-06,0.009182696646229706,0.021951630133373534
2025-03-06,ES=F,5746.25,0.8392356425265071,-0.015059985894515439,4.423770363939794e-06,-0.015064409664879378,0.02211885181969897
2025-03-07,ES=F,5776.0,0.7902374273796924,0.004091287964245586,9.799643029362937e-06,0.004081488321216223,0.04899821514681468
2025-03-10,ES=F,5620.75,0.7843662319246253,-0.021082558432530867,1.1742390910134182e-06,-0.02108373267162188,0.005871195455067091
2025-03-11,ES=F,5577.0,-0.692557819514081,0.005390633741714387,0.0002953848102877413,0.005095248931426645,1.4769240514387063
2025-03-12,ES=F,5604.75,-0.7067452063515761,-0.0035166181596298727,2.8374773674990194e-06,-0.003519455636997372,0.014187386837495097
2025-03-13,ES=F,5527.5,-0.6974334874974624,0.00961269225374527,1.8623437708227499e-06,0.009610829909974448,0.009311718854113749
2025-03-14,ES=F,5640.0,-0.6848266255535209,-0.013938126707330831,2.5213723887882903e-06,-0.01394064807971962,0.01260686194394145
2025-03-17,ES=F,5680.25,-0.6351103798178287,-0.004532480990721255,9.943249147138445e-06,-0.004542424239868394,0.04971624573569222
2025-03-18,ES=F,5618.0,-0.6230225016240117,0.006827718978230666,2.4175756387633917e-06,0.006825301402591902,0.012087878193816959
2025-03-19,ES=F,5678.5,-0.622464549197129,-0.006703293917128171,1.1159048537654481e-07,-0.0067034055076135475,0.0005579524268827241
2025-03-20,ES=F,5662.5,-0.6045500222563851,0.001703407652743164,3.5829053881487827e-06,0.0016998247473550153,0.017914526940743913
2025-03-21,ES=F,5617.7998046875,-0.6044322002378042,0.004771432654091663,2.356440371618085e-08,0.004771409089687946,0.00011782201858090424
2025-03-24,ES=F,5815.5,-0.62192480849601,-0.021886621165595206,3.4985216516411513e-06,-0.021890119687246846,0.017492608258205755
2025-03-25,ES=F,5826.5,-0.5115687338103683,-0.0009676306546150379,2.2071214937128336e-05,-0.0009897018695521661,0.11035607468564168
2025-03-26,ES=F,5759.5,-0.5118433970451437,0.00588578179044446,5.493264695508593e-08,0.005885726857797506,0.00027466323477542964
2025-03-27,ES=F,5739.25,-0.5060916794136807,0.0017793830207703714,1.1503435262925965e-06,0.0017782326772440788,0.0057517176314629825
2025-03-28,ES=F,5623.0,-0.5180818853273197,0.010493883202387252,2.3980411827277947e-06,0.010491485161204524,0.011990205913638974
2025-03-31,ES=F,5653.25,-0.5148043312930994,-0.0027694879995760597,6.555108068440508e-07,-0.0027701435103829036,0.0032775540342202536
2025-04-01,ES=F,5674.5,-0.5249088797127532,-0.0019730798556398155,2.0209096839307605e-06,-0.0019751007653237462,0.010104548419653803
2025-04-02,ES=F,5712.25,-0.5308485095596652,-0.0035315060773420197,1.1879259693823974e-06,-0.0035326940033114022,0.005939629846911987
2025-04-03,ES=F,5432.75,-0.5359976261825112,0.026226327019652836,1.0298233245692013e-06,0.026225297196328268,0.005149116622846006
2025-04-04,ES=F,5110.25,-0.4388627730163806,0.026051860346561623,1.9426970633226127e-05,0.026032433375928397,0.09713485316613063
2025-04-07,ES=F,5097.25,-0.3587406233441715,0.0009126027304875762,1.602442993444182e-05,0.0008965783005531344,0.0801221496722091
2025-04-08,ES=F,5020.25,-0.3683980295495379,0.005565088680232367,1.931481241073274e-06,0.005563157198991294,0.00965740620536637
2025-04-09,ES=F,5491.0,-0.3663017379939668,-0.03434819842849659,4.192583111142123e-07,-0.034348617686807706,0.0020962915555710615
2025-04-10,ES=F,5302.0,-0.25349971616267347,0.008725450073710662,2.256040436625867e-05,0.008702889669344403,0.11280202183129334
2025-04-11,ES=F,5391.25,-0.24699404608484524,-0.004157717580737893,1.301134015565647e-06,-0.004159018714753458,0.006505670077828235
2025-04-14,ES=F,5440.75,-0.24794150707181978,-0.0022764858984568002,1.894921973949082e-07,-0.0022766753906541953,0.000947460986974541
2025-04-15,ES=F,5428.25,-0.24767182589595552,0.0005690204151448586,5.393623517285229e-08,0.0005689664789096857,0.00026968117586426144
2025-04-16,ES=F,5305.75,-0.24826706592441644,0.005602674080180725,1.1904800569218499e-07,0.005602555032175033,0.0005952400284609249
2025-04-17,ES=F,5312.75,-0.24658591184379963,-0.00032532655758498564,3.362308161233618e-07,-0.000325662788401109,0.001681154080616809
2025-04-21,ES=F,5184.75,-0.2464733757019851,0.00593827906260487,2.250722836290575e-08,0.005938256555376507,0.00011253614181452876
2025-04-22,ES=F,5314.75,-0.24378699882003999,-0.006112601349458524,5.372753763890237e-07,-0.006113138624834914,0.0026863768819451184
2025-04-23,ES=F,5401.75,-0.24825764738871192,-0.004063862895304168,8.941297137343874e-07,-0.004064757025017902,0.004470648568671937
2025-04-24,ES=F,5511.25,-0.24581223085265572,-0.004982910960034395,4.89083307211241e-07,-0.004983400043341606,0.0024454165360562052
2025-04-25,ES=F,5549.75,-0.24301011068053915,-0.0016975984143707626,5.604240344233125e-07,-0.001698158838405186,0.0028021201721165623
2025-04-28,ES=F,5553.0,-0.24258970147761555,-0.0001420634316504804,8.408184058472102e-08,-0.00014214751349106515,0.00042040920292360506
2025-04-29,ES=F,5583.75,-0.24500932670640213,-0.0013567507286551008,4.839250457573163e-07,-0.0013572346537008581,0.0024196252287865816
2025-04-30,ES=F,5587.0,-0.24499792747114746,-0.00014260009210321738,2.279847050934425e-09,-0.00014260237195026833,1.1399235254672124e-05
2025-05-01,ES=F,5623.25,-0.24509605063657874,-0.0015902509102516582,1.9624633086257062e-08,-0.0015902705348847445,9.81231654312853e-05
2025-05-02,ES=F,5709.0,-0.24511061908091242,-0.0037377380671654867,2.9136888667347097e-09,-0.0037377409808543533,1.4568444333673547e-05
2025-05-05,ES=F,5671.75,-0.26163501963499713,0.0017071123631815922,3.3048801108169438e-06,0.0017038074830707753,0.016524400554084717
2025-05-06,ES=F,5625.75,-0.29917035758710925,0.002426382765285316,7.507067590422423e-06,0.0024188756976948936,0.03753533795211211
2025-05-07,ES=F,5652.0,-0.2977816349385332,-0.001389462368064058,2.7774452971520705e-07,-0.001389740112593773,0.0013887226485760351
2025-05-08,ES=F,5684.5,-0.30292363407575323,-0.0017418644917660939,1.0283998274440044e-06,-0.001742892891593538,0.005141999137220021
2025-05-09,ES=F,5678.0,-0.5092603866410288,0.0005823190277362233,4.1267350513055114e-05,0.0005410516772231682,0.20633675256527556
2025-05-12,ES=F,5865.0,-0.612618702178407,-0.02017606504180388,2.0671663107475636e-05,-0.020196736704911355,0.10335831553737818
2025-05-13,ES=F,5904.5,-0.5542332524161074,-0.0037326877187444335,1.1677089952459908e-05,-0.0037443648086968933,0.058385449762299535
2025-05-14,ES=F,5908.5,-0.5555891173653539,-0.0003763835158712019,2.7117298984928876e-07,-0.0003766546888610512,0.0013558649492464436
2025-05-15,ES=F,5933.25,-0.5578686331535678,-0.0023368449979776474,4.5590315764278966e-07,-0.00233730090113529,0.0022795157882139483
2025-05-16,ES=F,5975.5,-0.6264175765291711,-0.0044606484824265165,1.3709788675120649e-05,-0.004474358271101637,0.06854894337560324
2025-05-19,ES=F,5982.5,-0.6284262101133953,-0.000736169939050106,4.017267168448413e-07,-0.0007365716657669508,0.0020086335842242065
2025-05-20,ES=F,5959.75,-0.7594744294118033,0.0028880974958827446,2.620964385968161e-05,0.0028618878520230632,0.13104821929840804
2025-05-21,ES=F,5861.25,-0.8097358957306755,0.013382941520948283,1.0052293263774436e-05,0.013372889227684509,0.05026146631887218
2025-05-22,ES=F,5856.75,-0.7421702207438999,0.0005698043921258672,1.3513134997355114e-05,0.000556291257128512,0.06756567498677557
2025-05-23,ES=F,5817.0,-0.7931586420404678,0.005383199901158274,1.0197684259313579e-05,0.005373002216898961,0.05098842129656789
2025-05-27,ES=F,5934.25,-0.7777101867959996,-0.015675867182711117,3.0896910488936502e-06,-0.01567895687376001,0.015448455244468251
2025-05-28,ES=F,5902.75,-0.723659546825441,0.003841306942747806,1.0810127994111718e-05,0.0038304968147536943,0.05405063997055859
2025-05-29,ES=F,5922.75,0.7131269232284588,0.0024162531810714705,0.00028735729401078,0.0021288958870606905,1.4367864700539
2025-05-30,ES=F,5916.0,0.713949734931192,-0.0008136694459137381,1.6456234054662568e-07,-0.0008138340082542847,0.0008228117027331283
2025-06-02,ES=F,5947.25,0.7136761302496544,0.0037698409517074594,5.47209363075174e-08,0.003769786230771152,0.000273604681537587
2025-06-03,ES=F,5981.5,0.7401859931726263,0.0042627046561288795,5.301972584594394e-06,0.004257402683544285,0.026509862922971972
2025-06-04,ES=F,5981.0,0.7526457384992765,-6.291446447373809e-05,2.4919490653300348e-06,-6.540641353906812e-05,0.012459745326650173
2025-06-05,ES=F,5946.0,0.7745574850019062,-0.004532605245789416,4.382349300525946e-06,-0.004536987595089942,0.021911746502629725
2025-06-06,ES=F,6006.75,0.7602383108876644,0.0077673187666372845,2.863834822848377e-06,0.007764454931814436,0.014319174114241884
2025-06-09,ES=F,6010.25,0.7513227950620469,0.00043777912893278547,1.7831031651234896e-06,0.000435996025767662,0.008915515825617448
2025-06-10,ES=F,6045.0,0.753338718342437,0.004355645848741637,4.031846560780261e-07,0.004355242664085559,0.0020159232803901306
2025-06-11,ES=F,6029.0,1.0,-0.002646815550041315,4.93322563315126e-05,-0.0026961478063728273,0.24666128165756296
2025-06-12,ES=F,6049.5,1.0,0.003400232210980292,0.0,0.003400232210980292,0.0
2025-06-13,ES=F,5979.25,1.0,-0.011612529961153806,0.0,-0.011612529961153806,0.0
2025-06-16,ES=F,6035.75,0.9690552709662962,0.009156938212918879,6.188945806740765e-06,0.009150749267112138,0.03094472903370382
2025-06-17,ES=F,5985.0,0.9548912669021631,-0.008028949475257426,2.8328008128266192e-06,-0.008031782276070253,0.014164004064133096
2025-06-18,ES=F,5981.5,0.9275606645446246,-0.0005424331371606352,5.466120471507697e-06,-0.000547899257632143,0.02733060235753848
2025-06-20,ES=F,6010.2099609375,0.9328371367324353,0.0044774250199177594,1.0552944375621376e-06,0.004476369725480198,0.005276472187810688
2025-06-23,ES=F,6077.0,1.0,0.011112763031007722,1.3432572653512943e-05,0.01109933045835421,0.06716286326756471
2025-06-24,ES=F,6146.25,1.0,0.011395425374362445,0.0,0.011395425374362445,0.0
2025-06-25,ES=F,6147.0,1.0,0.00012202562538132788,0.0,0.00012202562538132788,0.0
2025-06-26,ES=F,6195.0,1.0,0.007808687164470474,0.0,0.007808687164470474,0.0
2025-06-27,ES=F,6223.75,1.0,0.004640839386602202,0.0,0.004640839386602202,0.0
2025-06-30,ES=F,6253.75,1.0,0.004820245029122372,0.0,0.004820245029122372,0.0
2025-07-01,ES=F,6248.75,1.0,-0.00079952028782726,0.0,-0.00079952028782726,0.0
2025-07-02,ES=F,6275.0,1.0,0.0042008401680335705,0.0,0.0042008401680335705,0.0
2025-07-03,ES=F,6324.25,1.0,0.007848605577689183,0.0,0.007848605577689183,0.0
2025-07-04,ES=F,6283.5,1.0,-0.00644345179270267,0.0,-0.00644345179270267,0.0
2025-07-07,ES=F,6276.0,1.0,-0.001193602291716389,0.0,-0.001193602291716389,0.0
2025-07-08,ES=F,6272.0,1.0,-0.0006373486297004405,0.0,-0.0006373486297004405,0.0
2025-07-09,ES=F,6307.25,1.0,0.005620216836734748,0.0,0.005620216836734748,0.0
2025-07-10,ES=F,6324.25,1.0,0.002695310951682517,0.0,0.002695310951682517,0.0
2025-07-11,ES=F,6300.0,1.0,-0.0038344467723445685,0.0,-0.0038344467723445685,0.0
2025-07-14,ES=F,6311.0,1.0,0.0017460317460318286,0.0,0.0017460317460318286,0.0
2025-07-15,ES=F,6284.0,1.0,-0.004278244335287562,0.0,-0.004278244335287562,0.0
2025-07-16,ES=F,6303.25,1.0,0.003063335455124161,0.0,0.003063335455124161,0.0
2025-07-17,ES=F,6340.5,1.0,0.005909649783841564,0.0,0.005909649783841564,0.0
2025-07-18,ES=F,6334.75,1.0,-0.0009068685434903134,0.0,-0.0009068685434903134,0.0
2025-07-21,ES=F,6344.75,1.0,0.0015785942618098403,0.0,0.0015785942618098403,0.0
2025-07-22,ES=F,6346.75,1.0,0.0003152212459118786,0.0,0.0003152212459118786,0.0
2025-07-23,ES=F,6396.25,1.0,0.007799267341552785,0.0,0.007799267341552785,0.0
2025-07-24,ES=F,6401.5,1.0,0.0008207934336526002,0.0,0.0008207934336526002,0.0
2025-07-25,ES=F,6425.0,1.0,0.003671014605951761,0.0,0.003671014605951761,0.0
2025-07-28,ES=F,6422.75,1.0,-0.00035019455252915943,0.0,-0.00035019455252915943,0.0
2025-07-29,ES=F,6406.0,1.0,-0.0026079171694367576,0.0,-0.0026079171694367576,0.0
2025-07-30,ES=F,6396.25,1.0,-0.0015220106150484192,0.0,-0.0015220106150484192,0.0
2025-07-31,ES=F,6374.25,1.0,-0.0034395153410201607,0.0,-0.0034395153410201607,0.0
2025-08-01,ES=F,6264.5,1.0,-0.01721771188767307,0.0,-0.01721771188767307,0.0
2025-08-04,ES=F,6356.0,1.0,0.014606113815947008,0.0,0.014606113815947008,0.0
2025-08-05,ES=F,6325.25,1.0,-0.004837948395217118,0.0,-0.004837948395217118,0.0
2025-08-06,ES=F,6371.0,1.0,0.007232915695031927,0.0,0.007232915695031927,0.0
2025-08-07,ES=F,6366.5,1.0,-0.0007063255375922006,0.0,-0.0007063255375922006,0.0
2025-08-08,ES=F,6413.5,1.0,0.007382392209220212,0.0,0.007382392209220212,0.0
2025-08-11,ES=F,6399.75,1.0,-0.002143915178919431,0.0,-0.002143915178919431,0.0
2025-08-12,ES=F,6468.5,1.0,0.010742607133091164,0.0,0.010742607133091164,0.0
2025-08-13,ES=F,6488.75,1.0,0.003130555770271215,0.0,0.003130555770271215,0.0
2025-08-14,ES=F,6490.5,1.0,0.0002696975534579593,0.0,0.0002696975534579593,0.0
2025-08-15,ES=F,6471.5,1.0,-0.0029273553655342344,0.0,-0.0029273553655342344,0.0
2025-08-18,ES=F,6469.25,1.0,-0.0003476782816966839,0.0,-0.0003476782816966839,0.0
2025-08-19,ES=F,6432.5,1.0,-0.005680720330795697,0.0,-0.005680720330795697,0.0
2025-08-20,ES=F,6413.25,1.0,-0.0029926156237854995,0.0,-0.0029926156237854995,0.0
2025-08-21,ES=F,6388.25,1.0,-0.0038981795501500383,0.0,-0.0038981795501500383,0.0
2025-08-22,ES=F,6483.25,1.0,0.014871052322623646,0.0,0.014871052322623646,0.0
2025-08-25,ES=F,6455.5,1.0,-0.00428026067173104,0.0,-0.00428026067173104,0.0
2025-08-26,ES=F,6482.5,1.0,0.00418248005576638,0.0,0.00418248005576638,0.0
2025-08-27,ES=F,6496.0,1.0,0.002082529888160378,0.0,0.002082529888160378,0.0
2025-08-28,ES=F,6517.5,1.0,0.0033097290640393684,0.0,0.0033097290640393684,0.0
2025-08-29,ES=F,6472.75,1.0,-0.006866129650939801,0.0,-0.006866129650939801,0.0
2025-09-02,ES=F,6425.5,1.0,-0.007299833919122478,0.0,-0.007299833919122478,0.0
2025-09-03,ES=F,6457.25,1.0,0.004941249708193984,0.0,0.004941249708193984,0.0
2025-09-04,ES=F,6510.75,1.0,0.008285260753416734,0.0,0.008285260753416734,0.0
2025-09-05,ES=F,6489.75,1.0,-0.0032254348577352987,0.0,-0.0032254348577352987,0.0
2025-09-08,ES=F,6506.0,1.0,0.002503948534227085,0.0,0.002503948534227085,0.0
2025-09-09,ES=F,6521.75,1.0,0.0024208422994158596,0.0,0.0024208422994158596,0.0
2025-09-10,ES=F,6539.75,1.0,0.0027599954000077087,0.0,0.0027599954000077087,0.0
2025-09-11,ES=F,6592.5,1.0,0.00806605757100809,0.0,0.00806605757100809,0.0
2025-09-12,ES=F,6588.25,1.0,-0.0006446719757300379,0.0,-0.0006446719757300379,0.0
2025-09-15,ES=F,6621.5,1.0,0.005046863734679219,0.0,0.005046863734679219,0.0
2025-09-16,ES=F,6610.75,1.0,-0.0016234992071283427,0.0,-0.0016234992071283427,0.0
2025-09-17,ES=F,6601.25,1.0,-0.0014370532844231176,0.0,-0.0014370532844231176,0.0
2025-09-18,ES=F,6635.0,1.0,0.005112668055292646,0.0,0.005112668055292646,0.0
2025-09-19,ES=F,6658.77001953125,1.0,0.0035825198992087692,0.0,0.0035825198992087692,0.0
2025-09-22,ES=F,6752.5,1.0,0.014076170252738107,0.0,0.014076170252738107,0.0
2025-09-23,ES=F,6715.0,1.0,-0.005553498704183646,0.0,-0.005553498704183646,0.0
2025-09-24,ES=F,6692.25,1.0,-0.003387937453462442,0.0,-0.003387937453462442,0.0
2025-09-25,ES=F,6659.75,1.0,-0.004856363704284772,0.0,-0.004856363704284772,0.0
2025-09-26,ES=F,6696.5,1.0,0.005518225158602119,0.0,0.005518225158602119,0.0
2025-09-29,ES=F,6713.5,1.0,0.0025386395878443935,0.0,0.0025386395878443935,0.0
2025-09-30,ES=F,6738.75,1.0,0.0037610784240709183,0.0,0.0037610784240709183,0.0
2025-10-01,ES=F,6761.5,1.0,0.003375997032090572,0.0,0.003375997032090572,0.0
2025-10-02,ES=F,6766.75,1.0,0.0007764549286402023,0.0,0.0007764549286402023,0.0
2025-10-03,ES=F,6764.0,1.0,-0.00040639893597371746,0.0,-0.00040639893597371746,0.0
2025-10-06,ES=F,6788.75,1.0,0.003659077468953331,0.0,0.003659077468953331,0.0
2025-10-07,ES=F,6761.5,1.0,-0.0040139937396428405,0.0,-0.0040139937396428405,0.0
2025-10-08,ES=F,6801.25,1.0,0.005878873031132104,0.0,0.005878873031132104,0.0
2025-10-09,ES=F,6779.25,1.0,-0.0032346995037676463,0.0,-0.0032346995037676463,0.0
2025-10-10,ES=F,6595.25,1.0,-0.02714164546225617,0.0,-0.02714164546225617,0.0
2025-10-13,ES=F,6694.75,0.9728851149007447,0.014677543524904177,5.422977019851061e-06,0.014672120547884325,0.027114885099255304
2025-10-14,ES=F,6686.5,0.9025844287753514,-0.0011122628234656077,1.4060137225078662e-05,-0.0011263229606906864,0.07030068612539331
2025-10-15,ES=F,6715.0,0.9030940833270722,0.0038492756112797036,1.0193091034416124e-07,0.0038491736803693594,0.0005096545517208062
2025-10-16,ES=F,6668.75,0.9006612281015426,-0.006203362889009127,4.865710451059213e-07,-0.006203849460054233,0.0024328552255296065
2025-10-17,ES=F,6702.5,0.889535876337013,0.004501868540037441,2.225070352905911e-06,0.004499643469684535,0.011125351764529556
2025-10-20,ES=F,6773.75,0.8859207925992875,0.009417658556165493,7.230167475451133e-07,0.009416935539417947,0.0036150837377255662
2025-10-21,ES=F,6773.25,0.9123757542596916,-6.73464295449572e-05,5.290992332080835e-06,-7.263742187703803e-05,0.026454961660404175
2025-10-22,ES=F,6737.0,0.9240386404649497,-0.004945395595445976,2.332577241051603e-06,-0.004947728172687028,0.011662886205258016
2025-10-23,ES=F,6775.0,0.9176162890004012,0.005175808072141139,1.2844702929097009e-06,0.0051745236018482296,0.006422351464548504
2025-10-24,ES=F,6827.0,0.9193088784316968,0.007055950063239537,3.385178862591376e-07,0.007055611545353278,0.001692589431295688
2025-10-27,ES=F,6908.25,0.9111333567893062,0.010843648050260902,1.635104328478132e-06,0.010842012945932424,0.00817552164239066
2025-10-28,ES=F,6925.75,0.8761638778717465,0.0022195010115087167,6.993895783511928e-06,0.002212507115725205,0.03496947891755964
2025-10-29,ES=F,6922.75,0.8774018530330541,-0.0003800607239792698,2.4759503226150506e-07,-0.0003803083190115313,0.0012379751613075252
2025-10-30,ES=F,6855.5,0.8777616504646714,-0.008526881801848808,7.19594863234585e-08,-0.00852695376133513,0.0003597974316172925
2025-10-31,ES=F,6874.0,0.8459160452046053,0.0022827579077070313,6.369121052013216e-06,0.0022763887866550183,0.03184560526006608
2025-11-03,ES=F,6882.75,0.8452975011983286,0.0010759896909347413,1.2370880125534002e-07,0.001075865982133486,0.0006185440062767
2025-11-04,ES=F,6801.75,0.8474221489228815,-0.009972931468199933,4.2492954491057944e-07,-0.009973356397744843,0.002124647724552897
2025-11-05,ES=F,6825.25,0.8146381768900183,0.0028145693618430376,6.556794406572642e-06,0.002808012567436465,0.03278397203286321
2025-11-06,ES=F,6747.5,0.8197158595762997,-0.009337812985906307,1.0155365372562786e-06,-0.009338828522443563,0.005077682686281393
2025-11-07,ES=F,6753.75,0.7923427150615748,0.0007339224852367859,5.474628902944967e-06,0.0007284478563338409,0.027373144514724834
2025-11-10,ES=F,6856.75,1.0,0.015250786600037092,4.153145698768504e-05,0.015209255143049407,0.20765728493842517
2025-11-11,ES=F,6871.5,1.0,0.0021511649104897224,0.0,0.0021511649104897224,0.0
2025-11-12,ES=F,6875.75,1.0,0.0006184966892235355,0.0,0.0006184966892235355,0.0
2025-11-13,ES=F,6760.0,1.0,-0.01683452714249356,0.0,-0.01683452714249356,0.0
2025-11-14,ES=F,6755.25,0.937103819297172,-0.0006584679203641028,1.2579236140565599e-05,-0.0006710471565046684,0.06289618070282799
2025-11-17,ES=F,6692.0,0.9438615917461038,-0.008837459113717595,1.3515544897863664e-06,-0.00883881066820738,0.006757772448931831
2025-11-18,ES=F,6639.75,0.9544720049665553,-0.007452355388449235,2.122082644090284e-06,-0.007454477471093326,0.01061041322045142
2025-11-19,ES=F,6661.5,0.9363371381672074,0.0030671836673273403,3.6269733598695676e-06,0.0030635566939674706,0.018134866799347837
2025-11-20,ES=F,6557.5,0.9381494165468522,-0.0146464819216202,3.6245567592896323e-07,-0.01464684437729613,0.001812278379644816
2025-11-21,ES=F,6620.25,0.8831482600611986,0.008451018424527704,1.1000231297130725e-05,0.008440018193230573,0.055001156485653624
2025-11-24,ES=F,6721.25,0.8717651683394774,0.013299842453425007,2.2766183443442503e-06,0.013297565835080663,0.01138309172172125
2025-11-25,ES=F,6781.5,0.8439904712773324,0.0075656203674107384,5.5549394124289944e-06,0.007560065427998309,0.02777469706214497
2025-11-26,ES=F,6828.0,0.8215150991200572,0.005633038724335651,4.495074431455049e-06,0.005628543649904196,0.022475372157275242
2025-11-28,ES=F,6859.5,0.8075925999244271,0.003725712785240047,2.784499839126009e-06,0.003722928285400921,0.013922499195630045
2025-12-01,ES=F,6826.75,0.8229689136685792,-0.0039291831653394844,3.07526274883041e-06,-0.003932258428088315,0.015376313744152048
2025-12-02,ES=F,6840.25,0.8196271719497251,0.0016208249637560009,6.683483437708083e-07,0.00162015661541223,0.003341741718854041
2025-12-03,ES=F,6862.0,0.8189796114450809,0.0026041163040722995,1.2951210092884137e-07,0.002603986791971371,0.0006475605046442068
2025-12-04,ES=F,6866.75,0.8525588993227423,0.0005901566266078072,6.715857575532281e-06,0.0005834407690322749,0.0335792878776614
2025-12-05,ES=F,6878.25,0.8550600139770798,0.001432000605925133,5.002229308674888e-07,0.0014315003829942657,0.002501114654337444
2025-12-08,ES=F,6855.75,0.8975334895422118,-0.002935994404783115,8.494695113026408e-06,-0.0029444890998961415,0.042473475565132035
2025-12-09,ES=F,6848.25,0.8921045705301359,-0.0009759376113446604,1.0857838024151746e-06,-0.0009770233951470755,0.005428919012075872
2025-12-10,ES=F,6891.75,0.9690770810747114,0.006155565732376957,1.5394502108915086e-05,0.0061401712302680414,0.07697251054457543
2025-12-11,ES=F,6907.25,0.9553959975470122,0.0021487485706791665,2.736216705539829e-06,0.0021460123539736265,0.013681083527699145
2025-12-12,ES=F,6830.75,0.9538884702034235,-0.01056461948974796,3.015054687177443e-07,-0.010564920995216678,0.0015075273435887215
2025-12-15,ES=F,6823.0,1.0,-0.0011345752662591524,9.222305959315303e-06,-0.0011437975722184677,0.04611152979657651
2025-12-16,ES=F,6801.0,1.0,-0.0032243880990766582,0.0,-0.0032243880990766582,0.0
2025-12-17,ES=F,6726.5,1.0,-0.010954271430671958,0.0,-0.010954271430671958,0.0
2025-12-18,ES=F,6778.25,1.0,0.007693451274808583,0.0,0.007693451274808583,0.0
2025-12-19,ES=F,6796.5400390625,1.0,0.0026983423542212837,0.0,0.0026983423542212837,0.0
2025-12-22,ES=F,6930.25,1.0,0.01967323964385037,0.0,0.01967323964385037,0.0
2025-12-23,ES=F,6961.0,1.0,0.004437069369791935,0.0,0.004437069369791935,0.0
2025-12-24,ES=F,6982.5,1.0,0.0030886366901308193,0.0,0.0030886366901308193,0.0
2025-12-26,ES=F,6979.25,1.0,-0.00046544933762981966,0.0,-0.00046544933762981966,0.0
2025-12-29,ES=F,6955.0,1.0,-0.0034745853780850933,0.0,-0.0034745853780850933,0.0
2025-12-30,ES=F,6944.25,1.0,-0.0015456506110711477,0.0,-0.0015456506110711477,0.0
2025-12-31,ES=F,6892.5,1.0,-0.007452208661842485,0.0,-0.007452208661842485,0.0
2026-01-02,ES=F,6900.5,1.0,0.001160681900616689,0.0,0.001160681900616689,0.0
2026-01-05,ES=F,6943.75,1.0,0.006267661763640353,0.0,0.006267661763640353,0.0
2026-01-06,ES=F,6987.75,1.0,0.006336633663366342,0.0,0.006336633663366342,0.0
2026-01-07,ES=F,6963.25,1.0,-0.003506135737540661,0.0,-0.003506135737540661,0.0
2026-01-08,ES=F,6962.0,1.0,-0.0001795138764226767,0.0,-0.0001795138764226767,0.0
2026-01-09,ES=F,7005.0,1.0,0.006176386095949393,0.0,0.006176386095949393,0.0
2026-01-12,ES=F,7016.5,1.0,0.0016416845110636125,0.0,0.0016416845110636125,0.0
2026-01-13,ES=F,7001.75,1.0,-0.002102187700420477,0.0,-0.002102187700420477,0.0
2026-01-14,ES=F,6966.25,1.0,-0.00507016103117075,0.0,-0.00507016103117075,0.0
2026-01-15,ES=F,6981.75,1.0,0.0022250134577426195,0.0,0.0022250134577426195,0.0
2026-01-16,ES=F,6976.75,1.0,-0.0007161528270133166,0.0,-0.0007161528270133166,0.0
2026-01-20,ES=F,6829.5,1.0,-0.021105815745153578,0.0,-0.021105815745153578,0.0
2026-01-21,ES=F,6910.0,1.0,0.011787100080532964,0.0,0.011787100080532964,0.0
2026-01-22,ES=F,6945.0,0.9656310598753745,0.004891040100671152,6.87378802492511e-06,0.004884166312646227,0.03436894012462555
2026-01-23,ES=F,6945.75,1.0,0.0001079913606911731,6.87378802492511e-06,0.00010111757266624799,0.03436894012462555
2026-01-26,ES=F,6981.25,1.0,0.005111039124644501,0.0,0.005111039124644501,0.0
2026-01-27,ES=F,7008.5,1.0,0.003903312444046625,0.0,0.003903312444046625,0.0
2026-01-28,ES=F,7007.25,1.0,-0.00017835485481909608,0.0,-0.00017835485481909608,0.0
2026-01-29,ES=F,6992.75,1.0,-0.002069285382996222,0.0,-0.002069285382996222,0.0
2026-01-30,ES=F,6965.75,1.0,-0.003861141896964737,0.0,-0.003861141896964737,0.0
2026-02-02,ES=F,7002.5,1.0,0.0052758138032515944,0.0,0.0052758138032515944,0.0
2026-02-03,ES=F,6941.75,1.0,-0.008675473045340998,0.0,-0.008675473045340998,0.0
2026-02-04,ES=F,6906.25,1.0,-0.005113984225879609,0.0,-0.005113984225879609,0.0
2026-02-05,ES=F,6820.75,1.0,-0.012380090497737584,0.0,-0.012380090497737584,0.0
2026-02-06,ES=F,6952.75,1.0,0.01935271047905296,0.0,0.01935271047905296,0.0
2026-02-09,ES=F,6983.25,0.9021889273737863,0.003957680383287253,1.956221452524274e-05,0.0039381181687620104,0.09781107262621369
2026-02-10,ES=F,6961.5,0.9084135653432364,-0.002829340929540706,1.2449275938900107e-06,-0.0028305858571345964,0.006224637969450053
2026-02-11,ES=F,6960.5,0.9068677817112761,-0.0001302690198536627,3.0915672639204584e-07,-0.00013057817658005476,0.0015457836319602292
2026-02-12,ES=F,6851.0,0.9079090204175196,-0.014282887398278645,2.0824774124870162e-07,-0.014283095646019895,0.001041238706243508
2026-02-13,ES=F,6850.5,0.8459489361992111,-6.173908452775745e-05,1.2392016843661713e-05,-7.413110137141917e-05,0.061960084218308564
2026-02-17,ES=F,6860.5,0.8483047159031047,0.001238310657474823,4.711559407787336e-07,0.0012378395015340442,0.002355779703893668
2026-02-18,ES=F,6894.25,0.8468832919450651,0.0041662139936076625,2.842847916079361e-07,0.004165929708816055,0.0014214239580396804
2026-02-19,ES=F,6877.0,0.9841410716080463,-0.002462404682922586,2.745155593259625e-05,-0.0024898562388551825,0.13725777966298125
2026-02-20,ES=F,6923.25,1.0,0.0067253162716300885,3.1717856783907374e-06,0.0067221444859516975,0.015858928391953686
2026-02-23,ES=F,6851.5,1.0,-0.01036362979814398,0.0,-0.01036362979814398,0.0
2026-02-24,ES=F,6903.75,0.9880105742989571,0.007534635117437196,2.397885140208578e-06,0.007532237232296987,0.011989425701042888
2026-02-25,ES=F,6959.75,0.9735630284126583,0.007897089203854214,2.8895091772597636e-06,0.007894199694676954,0.014447545886298818
2026-02-26,ES=F,6920.0,0.9524237663900044,-0.005439684574015241,4.227852404530785e-06,-0.005443912426419771,0.021139262022653926
2026-02-27,ES=F,6889.0,0.9421801704013608,-0.004220749318272036,2.04871919772871e-06,-0.004222798037469764,0.01024359598864355
2026-03-02,ES=F,6888.25,0.9375918190119195,-0.00010207488231365214,9.176702778882718e-07,-0.00010299255259154042,0.0045883513894413586
2026-03-03,ES=F,6824.75,0.9413053210901405,-0.00867751430177828,7.427004156442153e-07,-0.008678257002193924,0.003713502078221076
2026-03-04,ES=F,6876.0,0.930064684690252,0.00698425804467211,2.2481272799776963e-06,0.006982009917392132,0.011240636399888482
2026-03-05,ES=F,6835.25,0.9270700068334956,-0.005494197611760501,5.98935571351289e-07,-0.005494796547331852,0.0029946778567564447
2026-03-06,ES=F,6743.75,0.9242186763404818,-0.012372043288124676,5.702660986027564e-07,-0.01237261355422328,0.0028513304930137817
2026-03-09,ES=F,6801.0,0.91573401212933,0.007773979194721624,1.6969328422303588e-06,0.007772282261879393,0.008484664211151793
2026-03-10,ES=F,6787.25,1.0,-0.002021761505660913,1.6853197574133994e-05,-0.002038614703235047,0.08426598787066997
2026-03-11,ES=F,6779.5,1.0,-0.0011418468451876995,0.0,-0.0011418468451876995,0.0
2026-03-12,ES=F,6677.5,-1.0,0.015045357327236553,0.0004,0.014645357327236553,2.0
2026-03-13,ES=F,6636.0,-0.9819035761036411,0.006102433307121148,3.619284779271781e-06,0.006098814022341876,0.018096423896358904
2026-03-16,ES=F,6704.75,-1.0,-0.01036015672091617,3.619284779271781e-06,-0.01036377600569544,0.018096423896358904
2026-03-17,ES=F,6721.75,-0.998856915477902,-0.002532617556676211,2.2861690441959848e-07,-0.0025328461735806304,0.0011430845220979924
2026-03-18,ES=F,6626.0,-0.9960389620993052,0.014188378118943456,5.63590675719361e-07,0.014187814528267737,0.0028179533785968047
2026-03-19,ES=F,6609.25,-0.9470278391941787,0.0023940109125419077,9.80222458102531e-06,0.0023842086879608823,0.04901112290512655
2026-03-20,ES=F,6594.6298828125,-0.9470170117627923,0.0020948669955786225,2.1654862772724217e-09,0.0020948648300923452,1.0827431386362107e-05
2026-03-23,ES=F,6634.75,-0.9778999765319666,-0.00594930456345538,6.176592953834859e-06,-0.005955481156409215,0.030882964769174293
2026-03-24,ES=F,6606.0,-0.9799592799494005,0.004246404054191177,4.118606834867755e-07,0.00424599219350769,0.0020593034174338776
2026-03-25,ES=F,6640.75,-1.0,-0.00526036936118679,4.008144010119908e-06,-0.005264377505196909,0.020040720050599536
2026-03-26,ES=F,6525.0,-1.0,0.017430260136279796,0.0,0.017430260136279796,0.0
2026-03-27,ES=F,6412.25,-0.9505174783498945,0.016424650679532707,9.896504330021094e-06,0.016414754175202686,0.04948252165010547
2026-03-30,ES=F,6388.25,-0.8844558142952978,0.003310373042705314,1.3212332810919336e-05,0.0032971607098943945,0.06606166405459668
2026-03-31,ES=F,6570.75,-0.8882367702468986,-0.025375213958448543,7.561911903201546e-07,-0.025375970149638865,0.003780955951600773
2026-04-01,ES=F,6617.75,-0.691539847631872,-0.004946524040436423,3.933938452300532e-05,-0.004985863424959429,0.19669692261502658
2026-04-02,ES=F,6622.25,-0.6924883727090999,-0.00047088476856802495,1.8970501544557373e-07,-0.00047107447358347054,0.0009485250772278686
2026-04-06,ES=F,6651.0,-0.6942911674946233,-0.0030142128529533716,3.60558957104673e-07,-0.003014573411910476,0.001802794785523365
2026-04-07,ES=F,6656.75,-0.7128876662591308,-0.0006163139499308527,3.719299752901506e-06,-0.0006200332496837542,0.01859649876450753
2026-04-08,ES=F,6823.75,-0.7265752220784218,-0.018227823200074548,2.7375111638582087e-06,-0.018230560711238405,0.013687555819291042
2026-04-09,ES=F,6863.25,-0.6379014207260811,-0.003692559973428167,1.7734760270468143e-05,-0.003710294733698635,0.08867380135234071
2026-04-10,ES=F,6855.25,-0.6350680558590208,0.0007402534436123021,5.666729734120634e-07,0.0007396867706388901,0.0028333648670603173
2026-04-13,ES=F,6922.75,-0.6655526509774525,-0.006553342903756705,6.0969190236863424e-06,-0.006559439822780392,0.030484595118431712
2026-04-14,ES=F,7004.75,-0.6654048514298337,-0.007881722988298994,2.9559909523757534e-08,-0.007881752548208517,0.00014779954761878766
2026-04-15,ES=F,7060.5,-0.6620301604121105,-0.0052690219412505805,6.749382035446505e-07,-0.005269696879454125,0.0033746910177232525
2026-04-16,ES=F,7077.0,-0.6581327068289079,-0.001538019922481018,7.794907166405186e-07,-0.0015387994131976586,0.0038974535832025925
2026-04-17,ES=F,7161.5,-0.6983282986904993,-0.008338101065330924,8.039118372318277e-06,-0.008346140183703242,0.040195591861591384
2026-04-20,ES=F,7148.0,-0.6941063691407399,0.0013084459936326517,8.443859099518836e-07,0.0013076016077226999,0.004221929549759418
2026-04-21,ES=F,7100.0,-0.6946942320983159,0.004664986449457062,1.1757259151521371e-07,0.004664868876865547,0.0005878629575760685
2026-04-22,ES=F,7171.25,-0.6798234009849214,-0.006822171453545876,2.974166222678898e-06,-0.006825145619768555,0.01487083111339449
2026-04-23,ES=F,7143.5,-0.6836642366958574,0.0026455196190776076,7.681671421871927e-07,0.0026447514519354204,0.0038408357109359637
2026-04-24,ES=F,7194.75,-0.6755140493271867,-0.004846377129980817,1.630037473734136e-06,-0.004848007167454551,0.00815018736867068
2026-04-27,ES=F,7206.0,0.7486743618974828,0.0011706572947422034,0.0002848376822449339,0.0008858196124972694,1.4241884112246694
2026-04-28,ES=F,7171.0,0.8618601034343976,-0.0041861093006111275,2.263714830738295e-05,-0.00420874644891851,0.11318574153691474
2026-04-29,ES=F,7168.0,0.8555863970316838,-0.0003579360188390789,1.2547412805427483e-06,-0.00035919076011962166,0.006273706402713741
2026-04-30,ES=F,7243.75,1.0,0.01056780133928581,2.8882720593663236e-05,0.010538918618692146,0.14441360296831618
2026-05-01,ES=F,7258.0,1.0,0.0019672131147541183,0.0,0.0019672131147541183,0.0
2026-05-04,ES=F,7230.25,1.0,-0.003823367318820603,0.0,-0.003823367318820603,0.0
2026-05-05,ES=F,7287.25,1.0,0.007883544829016875,0.0,0.007883544829016875,0.0
2026-05-06,ES=F,7389.5,1.0,0.0140313561357166,0.0,0.0140313561357166,0.0
2026-05-07,ES=F,7363.0,1.0,-0.0035861695649231917,0.0,-0.0035861695649231917,0.0
2026-05-08,ES=F,7419.0,1.0,0.007605595545294053,0.0,0.007605595545294053,0.0
2026-05-11,ES=F,7436.75,1.0,0.0023925057285347773,0.0,0.0023925057285347773,0.0
2026-05-12,ES=F,7426.5,1.0,-0.0013782902477560421,0.0,-0.0013782902477560421,0.0
2026-05-13,ES=F,7469.5,1.0,0.005790076078906692,0.0,0.005790076078906692,0.0
2026-05-14,ES=F,7525.5,1.0,0.007497155097396124,0.0,0.007497155097396124,0.0
2026-05-15,ES=F,7432.25,1.0,-0.012391203242309468,0.0,-0.012391203242309468,0.0
2026-05-18,ES=F,7425.75,1.0,-0.0008745669211880358,0.0,-0.0008745669211880358,0.0
2026-05-19,ES=F,7378.0,1.0,-0.006430326903006378,0.0,-0.006430326903006378,0.0
2026-05-20,ES=F,7451.75,1.0,0.009995933857414041,0.0,0.009995933857414041,0.0
2026-05-21,ES=F,7466.0,1.0,0.001912302479283312,0.0,0.001912302479283312,0.0
2026-05-22,ES=F,7491.0,1.0,0.00334851326011254,0.0,0.00334851326011254,0.0
2026-05-26,ES=F,7537.0,1.0,0.006140702175944535,0.0,0.006140702175944535,0.0
2026-05-27,ES=F,7540.0,1.0,0.0003980363539870524,0.0,0.0003980363539870524,0.0
2026-05-28,ES=F,7581.75,1.0,0.005537135278514516,0.0,0.005537135278514516,0.0
2026-05-29,ES=F,7595.75,1.0,0.0018465393873445812,0.0,0.0018465393873445812,0.0
2026-06-01,ES=F,7613.25,1.0,0.002303919955238154,0.0,0.002303919955238154,0.0
2026-06-02,ES=F,7623.75,1.0,0.001379174465569788,0.0,0.001379174465569788,0.0
2026-06-03,ES=F,7571.75,1.0,-0.006820790293490697,0.0,-0.006820790293490697,0.0
2026-06-04,ES=F,7601.0,1.0,0.00386304355003797,0.0,0.00386304355003797,0.0
2026-06-05,ES=F,7400.5,1.0,-0.026378108143665258,0.0,-0.026378108143665258,0.0
2026-06-08,ES=F,7416.0,0.9374714690955822,0.001963490003510695,1.2505706180883558e-05,0.0019509842973298112,0.06252853090441779
2026-06-09,ES=F,7392.75,0.9567258654483191,-0.002999443955187861,3.85087927054737e-06,-0.0030032948344584087,0.019254396352736847
2026-06-10,ES=F,7278.5,0.955692277309845,-0.014769584076649417,2.0671762769481907e-07,-0.01476979079427711,0.0010335881384740953
2026-06-11,ES=F,7396.0,0.8814782198323226,0.014230087357326074,1.4842811495504482e-05,0.01421524454583057,0.07421405747752241
2026-06-12,ES=F,7435.0,0.8168889142625285,0.004307553766392448,1.2917861113958807e-05,0.004294635905278489,0.06458930556979403
2026-06-15,ES=F,7561.25,0.8242996101573623,0.01399701759009651,1.4821391789667572e-06,0.013995535450917543,0.007410695894833785
2026-06-16,ES=F,7518.5,0.7953442344318564,-0.004496738769642806,5.791075145101177e-06,-0.004502529844787907,0.028955375725505883
2026-06-17,ES=F,7424.5,0.7869559745902736,-0.009838912231360719,1.6776519683165736e-06,-0.009840589883329035,0.008388259841582868
2026-06-18,ES=F,7508.43017578125,0.7623162927398486,0.008617595858383183,4.927936370084996e-06,0.008612667922013097,0.024639681850424977
2026-06-22,ES=F,7541.25,0.7571678349124951,0.0033096285993408385,1.0296915654707028e-06,0.0033085989077753677,0.005148457827353514
2026-06-23,ES=F,7437.5,0.7547039750559725,-0.010382965345540509,4.927719713045065e-07,-0.010383458117511813,0.0024638598565225323
2026-06-24,ES=F,7428.25,0.7225896942066762,-0.0008986829810301231,6.4228561698592705e-06,-0.0009051058371999823,0.03211428084929635
2026-06-25,ES=F,7423.25,0.7298563382151383,-0.0004912707153200037,1.4533288016924218e-06,-0.0004927240441216961,0.007266644008462109
2026-06-26,ES=F,7401.75,0.7300611390023719,-0.0021144801116156553,4.096015744672332e-08,-0.002114521071773102,0.0002048007872336166
2026-06-29,ES=F,7500.25,0.7366305052372207,0.009802831055610658,1.3138732469697657e-06,0.009801517182363688,0.006569366234848828
2026-06-30,ES=F,7548.25,0.7049699214557562,0.0045116571087465175,6.332116756292905e-06,0.004505324991990225,0.031660583781464524
2026-07-01,ES=F,7543.5,0.6989894456757169,-0.00043986352690490293,1.1960951560078703e-06,-0.0004410596220609108,0.0059804757800393515
2026-07-02,ES=F,7528.25,0.6994671346700486,-0.0014140483600077036,9.553779886635194e-08,-0.0014141438978065698,0.0004776889943317597
2026-07-06,ES=F,7591.5,0.7053916082102956,0.005926479489828427,1.184894708049389e-06,0.005925294595120378,0.005924473540246944
2026-07-07,ES=F,7551.25,0.6968389450785116,-0.003694627878470657,1.7105326263567867e-06,-0.003696338411097014,0.008552663131783933
2026-07-08,ES=F,7528.75,0.8287886466974114,-0.002469491084349159,2.638994032377995e-05,-0.002495881024672939,0.13194970161889974
2026-07-09,ES=F,7588.75,0.8253572557834823,0.006577643745244438,6.862781827858156e-07,0.006576957467061653,0.0034313909139290777
2026-07-10,ES=F,7620.25,0.8181172029873228,0.003395907348917906,1.4480105592318937e-06,0.0033944593383586743,0.0072400527961594685
2026-07-13,ES=F,7563.0,0.8991292420288414,-0.00675504728928198,1.620240780830371e-05,-0.006771249697090283,0.08101203904151855
2026-07-14,ES=F,7591.25,0.9405639557242934,0.0035132793533269825,8.28694273909041e-06,0.003504992410587892,0.04143471369545204
2026-07-15,ES=F,7614.75,0.9443864828176294,0.0029235082952364564,7.645054186671941e-07,0.002922743789817789,0.00382252709333597
2026-07-16,ES=F,7577.75,1.0,-0.004858990774483707,1.1122703436474124e-05,-0.0048701134779201806,0.05561351718237062
2026-07-17,ES=F,7497.75,1.0,-0.010557223450232578,0.0,-0.010557223450232578,0.0
2026-07-20,ES=F,7484.25,1.0,-0.0018005401620486694,0.0,-0.0018005401620486694,0.0
2026-07-21,ES=F,7545.75,1.0,0.00821725623809999,0.0,0.00821725623809999,0.0
2026-07-22,ES=F,7540.25,1.0,-0.0007288871218897874,0.0,-0.0007288871218897874,0.0
2026-07-23,ES=F,7445.0,1.0,-0.012632207154935182,0.0,-0.012632207154935182,0.0
2026-07-24,ES=F,7447.5,1.0,0.000335795836131636,0.0,0.000335795836131636,0.0
2026-07-27,ES=F,7448.25,1.0,0.00010070493454183982,0.0,0.00010070493454183982,0.0
2026-07-28,ES=F,7465.25,1.0,0.002282415332460541,0.0,0.002282415332460541,0.0
2026-07-29,ES=F,7351.25,1.0,-0.015270754495830707,0.0,-0.015270754495830707,0.0
2026-07-30,ES=F,7472.5,1.0,0.016493793572521787,0.0,0.016493793572521787,0.0
2026-07-31,ES=F,7519.25,0.9990862914015494,0.0062505565905683486,1.827417196901271e-07,0.006250373848848658,0.0009137085984506355
2026-08-03,ES=F,7628.25,0.9825014928114533,0.014242466032709173,3.316959718019219e-06,0.014239149072991153,0.016584798590096095
2026-08-04,ES=F,7765.5,0.9297840159245951,0.016728981900914364,1.0543495377371626e-05,0.01671843840553699,0.05271747688685813
2026-08-05,ES=F,7749.5,0.851111419419003,-0.0017536260009920963,1.5734519301118422e-05,-0.0017693605202932147,0.07867259650559211
2026-08-06,ES=F,7734.75,0.8530931307059058,-0.0016237336186737293,3.963422573805442e-07,-0.0016241299609311098,0.001981711286902721
2026-08-07,ES=F,7779.75,0.8628846141301179,0.0050201761706397405,1.9582966848424202e-06,0.005018217873954898,0.0097914834242121
2026-08-10,ES=F,7776.75,0.8592054804090106,-0.00033132381390495934,7.358267442214572e-07,-0.0003320596406491808,0.003679133721107286
2026-08-11,ES=F,7747.5,0.880554453706489,-0.0033119513641193064,4.269794659495685e-06,-0.003316221158778802,0.021348973297478424
2026-08-12,ES=F,7770.5,0.8749791173728209,0.002597550138699551,1.115067266733627e-06,0.0025964350714328174,0.005575336333668135
2026-08-13,ES=F,7822.5,0.8751264286175088,0.005856325112683933,2.946224893758398e-08,0.005856295650434996,0.0001473112446879199
2026-08-14,ES=F,7805.0,0.8780017488246155,-0.0019642097289141584,5.75064041421336e-07,-0.00196478479295558,0.0028753202071066797
2026-08-17,ES=F,7768.75,0.9216157291663913,-0.004280406173258404,8.722796068355177e-06,-0.004289128969326759,0.04361398034177588
2026-08-18,ES=F,7714.0,0.91165976370567,-0.00642489101372622,1.991193092144261e-06,-0.006426882206818365,0.009955965460721306
2026-08-19,ES=F,7729.0,0.9023425566919986,0.0017546199572699124,1.8634414027342895e-06,0.0017527565158671782,0.009317207013671447
2026-08-20,ES=F,7662.5,0.9033707689923537,-0.007772565162115581,2.056424600710205e-07,-0.007772770804575652,0.0010282123003551025
2026-08-21,ES=F,7691.25,0.9362391419651294,0.0035128059160193137,6.573674594555135e-06,0.0035062322414247584,0.03286837297277567
2026-08-24,ES=F,7669.75,0.9350511522253806,-0.0026138273717335246,2.3759794794975255e-07,-0.002614064969681474,0.0011879897397487627
2026-08-25,ES=F,7692.0,0.9290617900092039,0.002695214945429092,1.1978724432353484e-06,0.0026940170729858564,0.005989362216176741
2026-08-26,ES=F,7690.0,0.9285946944846725,-0.00024144427833714297,9.341910490627826e-08,-0.00024153769744204924,0.00046709552453139125
2026-08-27,ES=F,7742.5,1.0,0.006827048114434353,1.4281061103065507e-05,0.006812767053331287,0.07140530551532753
2026-08-28,ES=F,7722.0,1.0,-0.0026477236034871954,0.0,-0.0026477236034871954,0.0
2026-08-31,ES=F,7699.0,1.0,-0.002978502978502995,0.0,-0.002978502978502995,0.0
2026-09-01,ES=F,7642.75,1.0,-0.007306143655020136,0.0,-0.007306143655020136,0.0
2026-09-02,ES=F,7676.5,1.0,0.004415949756304993,0.0,0.004415949756304993,0.0
2026-09-03,ES=F,7754.75,1.0,0.010193447534683875,0.0,0.010193447534683875,0.0
2026-09-04,ES=F,7722.0,1.0,-0.004223218027660458,0.0,-0.004223218027660458,0.0
2026-09-07,ES=F,7722.0,1.0,0.0,0.0,0.0,0.0
2019-01-02,CL=F,46.540000915527344,0.0,0.0,0.0,0.0,0.0
2019-01-03,CL=F,47.09000015258789,0.0,0.0,0.0,0.0,0.0
2019-01-04,CL=F,47.959999084472656,0.0,0.0,0.0,0.0,0.0
2019-01-07,CL=F,48.52000045776367,0.0,0.0,0.0,0.0,0.0
2019-01-08,CL=F,49.779998779296875,0.0,0.0,0.0,0.0,0.0
2019-01-09,CL=F,52.36000061035156,0.0,0.0,0.0,0.0,0.0
2019-01-10,CL=F,52.59000015258789,0.0,0.0,0.0,0.0,0.0
2019-01-11,CL=F,51.59000015258789,0.0,-0.0,0.0,-0.0,0.0
2019-01-14,CL=F,50.5099983215332,0.0,-0.0,0.0,-0.0,0.0
2019-01-15,CL=F,52.11000061035156,0.0,0.0,0.0,0.0,0.0
2019-01-16,CL=F,52.310001373291016,0.0,0.0,0.0,0.0,0.0
2019-01-17,CL=F,52.06999969482422,0.0,-0.0,0.0,-0.0,0.0
2019-01-18,CL=F,53.79999923706055,0.0,0.0,0.0,0.0,0.0
2019-01-22,CL=F,52.56999969482422,0.0,-0.0,0.0,-0.0,0.0
2019-01-23,CL=F,52.619998931884766,0.0,0.0,0.0,0.0,0.0
2019-01-24,CL=F,53.130001068115234,0.0,0.0,0.0,0.0,0.0
2019-01-25,CL=F,53.689998626708984,0.0,0.0,0.0,0.0,0.0
2019-01-28,CL=F,51.9900016784668,0.0,-0.0,0.0,-0.0,0.0
2019-01-29,CL=F,53.310001373291016,0.0,0.0,0.0,0.0,0.0
2019-01-30,CL=F,54.22999954223633,0.0,0.0,0.0,0.0,0.0
2019-01-31,CL=F,53.790000915527344,0.0,-0.0,0.0,-0.0,0.0
2019-02-01,CL=F,55.2599983215332,0.0,0.0,0.0,0.0,0.0
2019-02-04,CL=F,54.560001373291016,0.0,-0.0,0.0,-0.0,0.0
2019-02-05,CL=F,53.65999984741211,0.0,-0.0,0.0,-0.0,0.0
2019-02-06,CL=F,54.0099983215332,0.0,0.0,0.0,0.0,0.0
2019-02-07,CL=F,52.63999938964844,0.0,-0.0,0.0,-0.0,0.0
2019-02-08,CL=F,52.720001220703125,0.0,0.0,0.0,0.0,0.0
2019-02-11,CL=F,52.40999984741211,0.0,-0.0,0.0,-0.0,0.0
2019-02-12,CL=F,53.099998474121094,0.0,0.0,0.0,0.0,0.0
2019-02-13,CL=F,53.900001525878906,0.0,0.0,0.0,0.0,0.0
2019-02-14,CL=F,54.40999984741211,0.0,0.0,0.0,0.0,0.0
2019-02-15,CL=F,55.59000015258789,0.0,0.0,0.0,0.0,0.0
2019-02-19,CL=F,56.09000015258789,0.0,0.0,0.0,0.0,0.0
2019-02-20,CL=F,56.91999816894531,0.0,0.0,0.0,0.0,0.0
2019-02-21,CL=F,56.959999084472656,0.0,0.0,0.0,0.0,0.0
2019-02-22,CL=F,57.2599983215332,0.0,0.0,0.0,0.0,0.0
2019-02-25,CL=F,55.47999954223633,0.0,-0.0,0.0,-0.0,0.0
2019-02-26,CL=F,55.5,0.0,0.0,0.0,0.0,0.0
2019-02-27,CL=F,56.939998626708984,0.0,0.0,0.0,0.0,0.0
2019-02-28,CL=F,57.220001220703125,0.0,0.0,0.0,0.0,0.0
2019-03-01,CL=F,55.79999923706055,0.0,-0.0,0.0,-0.0,0.0
2019-03-04,CL=F,56.59000015258789,0.0,0.0,0.0,0.0,0.0
2019-03-05,CL=F,56.560001373291016,0.0,-0.0,0.0,-0.0,0.0
2019-03-06,CL=F,56.220001220703125,0.0,-0.0,0.0,-0.0,0.0
2019-03-07,CL=F,56.65999984741211,0.0,0.0,0.0,0.0,0.0
2019-03-08,CL=F,56.06999969482422,0.0,-0.0,0.0,-0.0,0.0
2019-03-11,CL=F,56.790000915527344,0.0,0.0,0.0,0.0,0.0
2019-03-12,CL=F,56.869998931884766,0.0,0.0,0.0,0.0,0.0
2019-03-13,CL=F,58.2599983215332,0.0,0.0,0.0,0.0,0.0
2019-03-14,CL=F,58.61000061035156,0.0,0.0,0.0,0.0,0.0
2019-03-15,CL=F,58.52000045776367,0.0,-0.0,0.0,-0.0,0.0
2019-03-18,CL=F,59.09000015258789,0.0,0.0,0.0,0.0,0.0
2019-03-19,CL=F,59.029998779296875,0.0,-0.0,0.0,-0.0,0.0
2019-03-20,CL=F,59.83000183105469,0.0,0.0,0.0,0.0,0.0
2019-03-21,CL=F,59.97999954223633,0.0,0.0,0.0,0.0,0.0
2019-03-22,CL=F,59.040000915527344,0.0,-0.0,0.0,-0.0,0.0
2019-03-25,CL=F,58.81999969482422,0.0,-0.0,0.0,-0.0,0.0
2019-03-26,CL=F,59.939998626708984,0.0,0.0,0.0,0.0,0.0
2019-03-27,CL=F,59.40999984741211,0.0,-0.0,0.0,-0.0,0.0
2019-03-28,CL=F,59.29999923706055,0.0,-0.0,0.0,-0.0,0.0
2019-03-29,CL=F,60.13999938964844,0.0,0.0,0.0,0.0,0.0
2019-04-01,CL=F,61.59000015258789,0.0,0.0,0.0,0.0,0.0
2019-04-02,CL=F,62.58000183105469,0.0,0.0,0.0,0.0,0.0
2019-04-03,CL=F,62.459999084472656,0.0,-0.0,0.0,-0.0,0.0
2019-04-04,CL=F,62.099998474121094,0.0,-0.0,0.0,-0.0,0.0
2019-04-05,CL=F,63.08000183105469,0.0,0.0,0.0,0.0,0.0
2019-04-08,CL=F,64.4000015258789,0.0,0.0,0.0,0.0,0.0
2019-04-09,CL=F,63.97999954223633,0.0,-0.0,0.0,-0.0,0.0
2019-04-10,CL=F,64.61000061035156,0.0,0.0,0.0,0.0,0.0
2019-04-11,CL=F,63.58000183105469,0.0,-0.0,0.0,-0.0,0.0
2019-04-12,CL=F,63.88999938964844,0.0,0.0,0.0,0.0,0.0
2019-04-15,CL=F,63.400001525878906,0.0,-0.0,0.0,-0.0,0.0
2019-04-16,CL=F,64.05000305175781,0.0,0.0,0.0,0.0,0.0
2019-04-17,CL=F,63.7599983215332,0.0,-0.0,0.0,-0.0,0.0
2019-04-18,CL=F,64.0,0.0,0.0,0.0,0.0,0.0
2019-04-22,CL=F,65.69999694824219,0.0,0.0,0.0,0.0,0.0
2019-04-23,CL=F,66.30000305175781,0.0,0.0,0.0,0.0,0.0
2019-04-24,CL=F,65.88999938964844,0.0,-0.0,0.0,-0.0,0.0
2019-04-25,CL=F,65.20999908447266,0.0,-0.0,0.0,-0.0,0.0
2019-04-26,CL=F,63.29999923706055,0.0,-0.0,0.0,-0.0,0.0
2019-04-29,CL=F,63.5,0.0,0.0,0.0,0.0,0.0
2019-04-30,CL=F,63.90999984741211,0.0,0.0,0.0,0.0,0.0
2019-05-01,CL=F,63.599998474121094,0.0,-0.0,0.0,-0.0,0.0
2019-05-02,CL=F,61.810001373291016,0.0,-0.0,0.0,-0.0,0.0
2019-05-03,CL=F,61.939998626708984,0.0,0.0,0.0,0.0,0.0
2019-05-06,CL=F,62.25,0.0,0.0,0.0,0.0,0.0
2019-05-07,CL=F,61.400001525878906,0.0,-0.0,0.0,-0.0,0.0
2019-05-08,CL=F,62.119998931884766,0.0,0.0,0.0,0.0,0.0
2019-05-09,CL=F,61.70000076293945,0.0,-0.0,0.0,-0.0,0.0
2019-05-10,CL=F,61.65999984741211,0.0,-0.0,0.0,-0.0,0.0
2019-05-13,CL=F,61.040000915527344,0.0,-0.0,0.0,-0.0,0.0
2019-05-14,CL=F,61.779998779296875,0.0,0.0,0.0,0.0,0.0
2019-05-15,CL=F,62.02000045776367,0.0,0.0,0.0,0.0,0.0
2019-05-16,CL=F,62.869998931884766,0.0,0.0,0.0,0.0,0.0
2019-05-17,CL=F,62.7599983215332,0.0,-0.0,0.0,-0.0,0.0
2019-05-20,CL=F,63.099998474121094,0.0,0.0,0.0,0.0,0.0
2019-05-21,CL=F,62.9900016784668,0.0,-0.0,0.0,-0.0,0.0
2019-05-22,CL=F,61.41999816894531,0.0,-0.0,0.0,-0.0,0.0
2019-05-23,CL=F,57.90999984741211,0.0,-0.0,0.0,-0.0,0.0
2019-05-24,CL=F,58.630001068115234,0.0,0.0,0.0,0.0,0.0
2019-05-28,CL=F,59.13999938964844,0.454865063472448,0.003956684541511994,9.09730126944896e-05,0.003865711528817505,0.454865063472448
2019-05-29,CL=F,58.810001373291016,0.4506043762122959,-0.0025143481881411585,8.521374520304215e-07,-0.002515200325593189,0.004260687260152107
2019-05-30,CL=F,56.59000015258789,0.4546530022999088,-0.017162560730028028,8.097252175225834e-07,-0.01716337045524555,0.0040486260876129165
2019-05-31,CL=F,53.5,0.4157343819757971,-0.022700464751324097,7.783724064822339e-06,-0.02270824847538892,0.0389186203241117
2019-06-03,CL=F,53.25,0.3673787772990044,-0.0017167232584065426,9.671120935358535e-06,-0.001726394379341901,0.048355604676792674
2019-06-04,CL=F,53.47999954223633,0.3691139062834206,0.0015942916333943763,3.47025796883238e-07,0.001593944607597493,0.00173512898441619
2019-06-05,CL=F,51.68000030517578,0.3694762978930048,-0.01243562191495772,7.247832191683568e-08,-0.012435694393279637,0.0003623916095841784
2019-06-06,CL=F,52.59000015258789,0.35626591749085224,0.006273257133133959,2.642076080430511e-06,0.006270615057053528,0.013210380402152555
2019-06-07,CL=F,53.9900016784668,0.3510598238182457,0.009345584476027754,1.0412187345213099e-06,0.009344543257293232,0.005206093672606549
2019-06-10,CL=F,53.2599983215332,-0.3312063942863086,0.004478269534177636,0.00013645324362091086,0.0043418162905567255,0.6822662181045542
2019-06-11,CL=F,53.27000045776367,-0.33105226241749075,-6.217104642236931e-05,3.082637376357056e-08,-6.220187279613288e-05,0.0001541318688178528
2019-06-12,CL=F,51.13999938964844,-0.3304555877568752,0.013213267295630509,1.193349321231052e-07,0.013213147960698385,0.000596674660615526
2019-06-13,CL=F,52.279998779296875,-0.3208381627252527,-0.00715203977410976,1.92348500632451e-06,-0.007153963259116084,0.00961742503162255
2019-06-14,CL=F,52.5099983215332,-0.3098587877692271,-0.0013631863238116534,2.195874991205116e-06,-0.0013653821988028586,0.010979374956025578
2019-06-17,CL=F,51.93000030517578,-0.31418395581935593,0.0034703118829053047,8.650336100257672e-07,0.003469446849295279,0.004325168050128836
2019-06-18,CL=F,53.900001525878906,-0.3148171859497653,-0.011942812188998697,1.2664602608187804e-07,-0.011942938835024779,0.0006332301304093901
2019-06-19,CL=F,53.7599983215332,-0.2911506404638536,0.000756252717222494,4.733309097182348e-06,0.0007515194081253116,0.02366654548591174
2019-06-20,CL=F,56.650001525878906,-0.29124952928305353,-0.015656847082806912,1.977776383998986e-08,-0.015656866860570752,9.88888191999493e-05
2019-06-21,CL=F,57.43000030517578,-0.26222877655117743,-0.00361055816588094,5.80415054637522e-06,-0.003616362316427315,0.0290207527318761
2019-06-24,CL=F,57.900001525878906,-0.28772443063257735,-0.0023547071722936352,5.099130816279984e-06,-0.002359806303109915,0.02549565408139992
2019-06-25,CL=F,57.83000183105469,-0.2886574522844457,0.00034897984518388064,1.866043303736742e-07,0.00034879324085350697,0.0009330216518683709
2019-06-26,CL=F,59.380001068115234,-0.289552861903837,-0.007760793720027828,1.7908192387825485e-07,-0.007760972801951707,0.0008954096193912742
2019-06-27,CL=F,59.43000030517578,-0.2825391508244965,-0.00023790403716485308,1.4027422158681025e-06,-0.00023930677938072118,0.007013711079340512
2019-06-28,CL=F,58.470001220703125,-0.29936031170826327,0.004835699540495439,3.3642321767533568e-06,0.004832335308318686,0.016821160883766784
2019-07-01,CL=F,59.09000015258789,-0.34245409154682777,-0.0036312838472016347,8.618755967712899e-06,-0.0036399026031693478,0.043093779838564494
2019-07-02,CL=F,56.25,-0.34359264453528976,0.016513846004205215,2.2771059769239879e-07,0.01651361829360752,0.0011385529884619938
2019-07-03,CL=F,57.34000015258789,-0.30350835369878376,-0.005881318254993302,8.0168581673012e-06,-0.005889335113160603,0.040084290836506
2019-07-05,CL=F,57.5099983215332,-0.31933152544673243,-0.0009467348180676052,3.1646343495897345e-06,-0.0009498994524171949,0.015823171747948672
2019-07-08,CL=F,57.65999984741211,-0.32150746561449567,-0.0008385778443950549,4.3518803355264705e-07,-0.0008390130324286075,0.002175940167763235
2019-07-09,CL=F,57.83000183105469,-0.32906771339745106,-0.0009702074952885239,1.5120495565910775e-06,-0.000971719544845115,0.007560247782955387
2019-07-10,CL=F,60.43000030517578,-0.3339260053895939,-0.015013091423007144,9.716583984285654e-07,-0.015014063081405573,0.004858291992142827
2019-07-11,CL=F,60.20000076293945,-0.31150113529882867,0.0011855885845277784,4.4849740181530434e-06,0.0011811036105096255,0.022424870090765214
2019-07-12,CL=F,60.209999084472656,-0.3441503602936118,-5.715823778030573e-05,6.529844998956624e-06,-6.368808277926236e-05,0.03264922499478312
2019-07-15,CL=F,59.58000183105469,-0.3468276651380014,0.0036289732564147425,5.35460968877921e-07,0.0036284377954458645,0.0026773048443896053
2019-07-16,CL=F,57.619998931884766,-0.3415351495304481,0.011235479400391653,1.0585031215106566e-06,0.011234420897270142,0.005292515607553283
2019-07-17,CL=F,56.779998779296875,-0.3220147374567207,0.004694419188014161,3.90408241474548e-06,0.004690515105599416,0.0195204120737274
2019-07-18,CL=F,55.29999923706055,-0.33418666103840144,0.008710745262267606,2.4343847163361467e-06,0.00870831087755127,0.012171923581680733
2019-07-19,CL=F,55.630001068115234,-0.3221439291684945,-0.0019223885706224503,2.408546373981391e-06,-0.0019247971169964316,0.012042731869906953
2019-07-22,CL=F,56.220001220703125,-0.3732018815231574,-0.003958101075265905,1.0211590470932587e-05,-0.003968312665736838,0.05105795235466293
2019-07-23,CL=F,56.77000045776367,-0.37508158600392766,-0.003669416251482641,3.759408961540478e-07,-0.003669792192378795,0.001879704480770239
2019-07-24,CL=F,55.880001068115234,-0.3743598279953527,0.005868945142472562,1.4435160171498708e-07,0.005868800790870847,0.0007217580085749353
2019-07-25,CL=F,56.02000045776367,-0.3696027069159952,-0.0009259869790906718,9.514242158714993e-07,-0.0009269384033065433,0.004757121079357496
2019-07-26,CL=F,56.20000076293945,-0.389029835523244,-0.0012500087208935696,3.885425721449754e-06,-0.0012538941466150194,0.019427128607248767
2019-07-29,CL=F,56.869998931884766,-0.38845857272412804,-0.004631077026744541,1.1425255982319139e-07,-0.004631191279304365,0.0005712627991159569
2019-07-30,CL=F,58.04999923706055,-0.3887725205424077,-0.00806667314049823,6.278956365592947e-08,-0.008066735930061885,0.00031394781827964735
2019-07-31,CL=F,58.58000183105469,-0.380383125422194,-0.0034729379127476597,1.677879024042739e-06,-0.0034746157917717024,0.008389395120213694
2019-08-01,CL=F,53.95000076293945,-0.4522701299615203,0.03574617820664472,1.4377400907865257e-05,0.03573180080573685,0.07188700453932628
2019-08-02,CL=F,55.65999984741211,-0.31660184292139015,-0.01003501119336104,2.7133657408026026e-05,-0.010062144850769067,0.13566828704013012
2019-08-05,CL=F,54.689998626708984,-0.3022002001287868,0.005266521089206967,2.880328558520673e-06,0.005263640760648446,0.014401642792603364
2019-08-06,CL=F,53.630001068115234,-0.29952898164835273,0.005805448843442986,5.342436960868114e-07,0.005804914599746899,0.0026712184804340566
2019-08-07,CL=F,51.09000015258789,-0.296762228244041,0.014055124303958713,5.533506808623413e-07,0.01405457095327785,0.002766753404311706
2019-08-08,CL=F,52.540000915527344,-0.3068351205367396,-0.00870838045696026,2.0145784585397177e-06,-0.008710395035418799,0.010072892292698588
2019-08-09,CL=F,54.5,-0.29208158717968996,-0.010896072201900678,2.9507066714099306e-06,-0.010899022908572089,0.014753533357049653
2019-08-12,CL=F,54.93000030517578,-0.27422985726379223,-0.0021636499506741532,3.570345983179546e-06,-0.002167220296657333,0.01785172991589773
2019-08-13,CL=F,57.099998474121094,-0.2732954140516172,-0.010796478149978831,1.8688864243500137e-07,-0.010796665038621266,0.0009344432121750068
2019-08-14,CL=F,55.22999954223633,-0.2668602042004536,0.008739550090243332,1.2870419702327275e-06,0.0087382630482731,0.006435209851163637
2019-08-15,CL=F,54.470001220703125,-0.26012420474146636,0.0035794669678114056,1.347199891797446e-06,0.003578119767919608,0.00673599945898723
2019-08-16,CL=F,54.869998931884766,-0.263854439146247,-0.0019376017877432978,7.460468809561305e-07,-0.001938347834624254,0.0037302344047806524
2019-08-19,CL=F,56.209999084472656,-0.2637006849519382,-0.006439930106646889,3.0750838861759445e-08,-0.006439960857485751,0.00015375419430879722
2019-08-20,CL=F,56.34000015258789,-0.2599184516420682,-0.0006011328391154637,7.564466619739974e-07,-0.0006018892857774377,0.0037822333098699867
2019-08-21,CL=F,55.68000030517578,-0.26058813359975735,0.003052682427182168,1.3393639153782556e-07,0.00305254849079063,0.0006696819576891277
2019-08-22,CL=F,55.349998474121094,-0.26144172844026886,0.0015495015917119342,1.7071896810230138e-07,0.0015493308727438319,0.0008535948405115068
2019-08-23,CL=F,54.16999816894531,-0.2612117023611157,0.005568742493203764,4.600521583063566e-08,0.005568696487987934,0.0002300260791531783
2019-08-26,CL=F,53.63999938964844,-0.2581059719476292,0.0025253065291757715,6.211460826972993e-07,0.0025246853830930742,0.003105730413486496
2019-08-27,CL=F,54.93000030517578,-0.25909546707420017,-0.006231047605105019,1.9789902531419658e-07,-0.006231245504130333,0.0009894951265709828
2019-08-28,CL=F,55.779998779296875,-0.25785864067948777,-0.003990159291804205,2.4736527894247963e-07,-0.003990406657083148,0.001236826394712398
2019-08-29,CL=F,56.709999084472656,-0.25649286180619885,-0.0042764152917785835,2.731557746577851e-07,-0.004276688447553242,0.0013657788732889253
2019-08-30,CL=F,55.099998474121094,-0.3176230302967363,0.009017338756746233,1.2226033698107485e-05,0.009005112723048126,0.06113016849053743
2019-09-03,CL=F,53.939998626708984,-0.31825471890300167,0.006700098649531865,1.263377212530781e-07,0.006699972311810611,0.0006316886062653904
2019-09-04,CL=F,56.2599983215332,-0.3163368860393144,-0.013605886128247917,3.835665727374482e-07,-0.013606269694820655,0.001917832863687241
2019-09-05,CL=F,56.29999923706055,-0.29938353036686616,-0.00021286199192615507,3.3906711344896538e-06,-0.00021625266306064472,0.016953355672448267
2019-09-06,CL=F,56.52000045776367,-0.33586005826607407,-0.0013124267105730045,7.2953055798415826e-06,-0.0013197220161528462,0.03647652789920791
2019-09-09,CL=F,57.849998474121094,-0.3457191845806513,-0.008135276468240193,1.9718252629154498e-06,-0.008137248293503109,0.009859126314577249
2019-09-10,CL=F,57.400001525878906,-0.35992924910060375,0.0027997764554968823,2.8420129039904877e-06,0.0027969344425928916,0.014210064519952437
2019-09-11,CL=F,55.75,-0.35817816460053814,0.010296071470676576,3.502169000131228e-07,0.010295721253776563,0.0017510845000656139
2019-09-12,CL=F,55.09000015258789,-0.37170240567158963,0.004400422081183201,2.704848214210298e-06,0.004397717232968991,0.01352424107105149
2019-09-13,CL=F,54.849998474121094,-0.3940832027738753,0.0017168384436255719,4.476159420457138e-06,0.0017123622842051148,0.022380797102285688
2019-09-16,CL=F,62.900001525878906,-0.39887792925410265,-0.058540904960814884,9.58945296045466e-07,-0.05854186390611093,0.004794726480227329
2019-09-17,CL=F,59.34000015258789,-0.20367326257358842,0.011527457501989384,3.904093333610285e-05,0.01148841656865328,0.19520466668051423
2019-09-18,CL=F,58.11000061035156,-0.19187089219128428,0.003977099915013461,2.360474076460828e-06,0.003974739440937,0.01180237038230414
2019-09-19,CL=F,58.130001068115234,-0.19017367419234726,-6.545449145579534e-05,3.394435997874035e-07,-6.579393505558275e-05,0.0016972179989370173
2019-09-20,CL=F,58.09000015258789,-0.19077750515110992,0.00013127945514958492,1.2076619175253045e-07,0.0001311586889578324,0.0006038309587626522
2019-09-23,CL=F,58.63999938964844,-0.19097947977370272,-0.0018082039575459943,4.0394924518560864e-08,-0.001808244352470513,0.0002019746225928043
2019-09-24,CL=F,57.290000915527344,-0.192855894733626,0.004439890285224197,3.752829919846546e-07,0.0044395150022322125,0.0018764149599232727
2019-09-25,CL=F,56.4900016784668,-0.19115299076238548,0.0026692659160056685,3.4058079424810206e-07,0.0026689253352114206,0.0017029039712405103
2019-09-26,CL=F,56.40999984741211,0.19160907523565257,-0.0002713591150660267,7.655241319960762e-05,-0.0003479115282656343,0.3827620659980381
2019-09-27,CL=F,55.90999984741211,0.19216408024165416,-0.0017032802762050588,1.1100100120031709e-07,-0.001703391277206259,0.0005550050060015854
2019-09-30,CL=F,54.06999969482422,0.1926816798782521,-0.006341161175898045,1.035199273195897e-07,-0.0063412646958253644,0.0005175996365979485
2019-10-01,CL=F,53.619998931884766,0.1918230785529482,-0.001596458890057735,1.7172026506078188e-07,-0.0015966306103227957,0.0008586013253039093
2019-10-02,CL=F,52.63999938964844,0.1929969412657122,-0.003527357662458676,2.3477254255280246e-07,-0.003527592435001229,0.0011738627127640122
2019-10-03,CL=F,52.45000076293945,0.19841078633732484,-0.0007161431870334539,1.0827690143225267e-06,-0.0007172259560477764,0.005413845071612633
2019-10-04,CL=F,52.810001373291016,0.1984491218263322,0.0013620934974645702,7.667097801472567e-09,0.0013620858303667687,3.833548900736283e-05
2019-10-07,CL=F,52.75,0.1982842370810599,-0.00022528548035301356,3.297694905445847e-08,-0.00022531845730206803,0.00016488474527229235
2019-10-08,CL=F,52.630001068115234,-0.20077387592727894,0.00045673271396469515,7.981162260166777e-05,0.0003769210913630274,0.3990581130083388
2019-10-09,CL=F,52.59000015258789,-0.2008215860601272,0.000152632474577794,9.542026569653306e-09,0.00015262293255122436,4.771013284826653e-05
2019-10-10,CL=F,53.54999923706055,-0.20320084683281664,-0.0037093102558961037,4.758521545378869e-07,-0.0037097861080506414,0.0023792607726894344
2019-10-11,CL=F,54.70000076293945,-0.20216563014329125,-0.004341564639727485,2.0704333790507735e-07,-0.00434177168306539,0.0010352166895253867
2019-10-14,CL=F,53.59000015258789,-0.20056467187205185,0.004069961701787998,3.201916542478811e-07,0.00406964151013375,0.0016009582712394055
2019-10-15,CL=F,52.810001373291016,-0.43410550856469443,0.006318375924657643,4.670816733852852e-05,0.006271667757319114,0.23354083669264258
2019-10-16,CL=F,53.36000061035156,-0.5601370612073011,-0.005833647951184591,2.520631052852134e-05,-0.005858854261713112,0.12603155264260668
2019-10-17,CL=F,53.93000030517578,-0.5611673932231377,-0.005994475997446647,2.060664031673154e-07,-0.005994682063849815,0.001030332015836577
2019-10-18,CL=F,53.779998779296875,-0.5466920232587376,0.0015205755091895687,2.8950739928800263e-06,0.0015176804351966886,0.014475369964400131
2019-10-21,CL=F,53.310001373291016,-0.5472808019397106,0.0047828293623444615,1.1775573619461356e-07,0.0047827116066082665,0.0005887786809730677
2019-10-22,CL=F,54.15999984741211,-0.5596228087132311,-0.008922876031436964,2.4684013547040974e-06,-0.008925344432791669,0.012342006773520486
2019-10-23,CL=F,55.970001220703125,-0.5587355220115265,-0.018672674759906947,1.774573403409141e-07,-0.018672852217247286,0.0008872867017045705
2019-10-24,CL=F,56.22999954223633,-0.4916733944350882,-0.0022839781044772843,1.3412425515287674e-05,-0.002297390529992572,0.06706212757643837
2019-10-25,CL=F,56.65999984741211,-0.49053807196157223,-0.003751227500640111,2.270644947031886e-07,-0.0037514545651348144,0.0011353224735159428
2019-10-28,CL=F,55.810001373291016,-0.4922176950982137,0.007384120912382828,3.3592462732829897e-07,0.0073837849877555,0.0016796231366414949
2019-10-29,CL=F,55.540000915527344,-0.5473309774406615,0.0026479055871863524,1.1022656468489556e-05,0.0026368829307178627,0.05511328234244778
2019-10-30,CL=F,55.060001373291016,-0.5515524699520487,0.004766743405333397,8.442985022774296e-07,0.00476589910683112,0.004221492511387148
2019-10-31,CL=F,54.18000030517578,-0.5749642646206515,0.009189414354786082,4.682358933720576e-06,0.009184731995852362,0.02341179466860288
2019-11-01,CL=F,56.20000076293945,-0.552078242983749,-0.020583209621023293,4.5772043273805136e-06,-0.020587786825350674,0.022886021636902565
2019-11-04,CL=F,56.540000915527344,-0.48089674131709176,-0.0029093409823341136,1.4236300333331442e-05,-0.002923577282667445,0.07118150166665721
2019-11-05,CL=F,57.22999954223633,-0.4815701197128651,-0.005876949343570039,1.3467567915467217e-07,-0.005877084019249194,0.0006733783957733608
2019-11-06,CL=F,56.349998474121094,-0.4801543837637418,0.007383127275066083,2.831471898246618e-07,0.007382844127876259,0.001415735949123309
2019-11-07,CL=F,57.150001525878906,-0.4639857088094151,-0.006587222592206727,3.2337349908653447e-06,-0.006590456327197592,0.016168674954326723
2019-11-08,CL=F,57.2400016784668,-0.46856944417733043,-0.0007379058678569884,9.167470735830686e-07,-0.0007388226149305715,0.0045837353679153425
2019-11-11,CL=F,56.86000061035156,-0.48484876576166525,0.003218781332305507,3.2558643168669634e-06,0.00321552546798864,0.016279321584334816
2019-11-12,CL=F,56.79999923706055,-0.5085371348987099,0.0005366325384429507,4.7376738274089285e-06,0.0005318948646155418,0.02368836913704464
2019-11-13,CL=F,57.119998931884766,-0.526913862655995,-0.002968526012559447,3.6753455514570322e-06,-0.002972201358110904,0.01837672775728516
2019-11-14,CL=F,56.77000045776367,-0.5296233141944011,0.003245226808355594,5.418903076812143e-07,0.003244684918047913,0.0027094515384060713
2019-11-15,CL=F,57.720001220703125,-0.5278543252013544,-0.008833221906264708,3.537977986093344e-07,-0.008833575704063318,0.0017689889930466718
2019-11-18,CL=F,57.04999923706055,0.5185196968902066,-0.006018870722919816,0.00020927480441831225,-0.006228145527338128,1.0463740220915612
2019-11-19,CL=F,55.209999084472656,0.513774850589508,-0.016570478810215408,9.489692601397204e-07,-0.016571427779475546,0.004744846300698602
2019-11-20,CL=F,57.11000061035156,0.46274620538228356,0.015924986612946408,1.0205729041444889e-05,0.015914780883904963,0.05102864520722444
2019-11-21,CL=F,58.58000183105469,0.45994358460365226,0.011838865760743684,5.605241557262608e-07,0.011838305236587958,0.002802620778631304
2019-11-22,CL=F,57.77000045776367,0.4374269821550422,-0.006048420027059415,4.503320489722007e-06,-0.006052923347549137,0.022516602448610035
2019-11-25,CL=F,58.0099983215332,0.4301413319385188,0.001786965552470472,1.4571300433046886e-06,0.0017855084224271674,0.007285650216523443
2019-11-26,CL=F,58.40999984741211,0.4398326307163466,0.0030328172471704375,1.9382597555655634e-06,0.003030878987414872,0.009691298777827817
2019-11-27,CL=F,58.11000061035156,0.4410135075520567,-0.0022650867342002452,2.3617536714202193e-07,-0.0022653229095673873,0.0011808768357101096
2019-11-29,CL=F,55.16999816894531,0.4435738877012849,-0.022442063312481348,5.120760298456429e-07,-0.022442575388511195,0.002560380149228214
2019-12-02,CL=F,55.959999084472656,0.37220071016524675,0.005329688445702786,1.4274635507207635e-05,0.005315413810195579,0.07137317753603817
2019-12-03,CL=F,56.099998474121094,0.4015034693474799,0.0010044717936025288,5.860551836446626e-06,0.0009986112417660821,0.02930275918223313
2019-12-04,CL=F,58.43000030517578,0.4023904221120573,0.01671248566526186,1.7739055291547958e-07,0.01671230827470894,0.0008869527645773978
2019-12-05,CL=F,58.43000030517578,0.3644618625513224,0.0,7.5857119121469755e-06,-7.5857119121469755e-06,0.037928559560734876
2019-12-06,CL=F,59.20000076293945,0.3706932625833478,0.004885058709366537,1.246280006405076e-06,0.004883812429360132,0.00623140003202538
2019-12-09,CL=F,59.02000045776367,0.3712252770524826,-0.0011287274036699238,1.0640289382696234e-07,-0.0011288338065637508,0.0005320144691348117
2019-12-10,CL=F,59.2400016784668,0.3706914478554567,0.0013817785564195688,1.0676583940517625e-07,0.0013816717905801635,0.0005338291970258813
2019-12-11,CL=F,58.7599983215332,0.3722986023904898,-0.0030166200855135704,3.214309070066146e-07,-0.003016941516420577,0.001607154535033073
2019-12-12,CL=F,59.18000030517578,0.3701965190509134,0.0026460734646069706,4.204166679152799e-07,0.0026456530479390555,0.0021020833395763994
2019-12-13,CL=F,60.06999969482422,0.36989809243812716,0.005562843440425975,5.96853225572458e-08,0.005562783755103417,0.00029842661278622895
2019-12-16,CL=F,60.209999084472656,0.3680895476029733,0.0008578710215113312,3.6170896703077163e-07,0.0008575093125443005,0.001808544835153858
2019-12-17,CL=F,60.939998626708984,0.37247300731654925,0.0045159463373350365,8.76691942715191e-07,0.004515069645392321,0.0043834597135759545
2019-12-18,CL=F,60.93000030517578,0.37535631843656,-6.158407032854241e-05,5.766622240021447e-07,-6.216073255254456e-05,0.002883311120010723
2019-12-19,CL=F,61.220001220703125,0.41011745793994664,0.0019519848626396426,6.9522279006773325e-06,0.0019450326347389653,0.03476113950338666
2019-12-20,CL=F,60.439998626708984,0.4404053936202178,-0.0056111947498069,6.057587136054232e-06,-0.005617252336942954,0.03028793568027116
2019-12-23,CL=F,60.52000045776367,0.45185895880978477,0.0005981063021943067,2.2907130379133947e-06,0.0005958155891563933,0.011453565189566972
2019-12-24,CL=F,61.11000061035156,0.46241296069260185,0.004507992652076277,2.1108003765634153e-06,0.004505881851699714,0.010554001882817077
2019-12-26,CL=F,61.68000030517578,0.4603222822463239,0.004293627193267423,4.181356892555943e-07,0.004293209057578168,0.0020906784462779715
2019-12-27,CL=F,61.720001220703125,0.4592244208523633,0.0002978177233417702,2.1957227879211284e-07,0.0002975981510629781,0.0010978613939605641
2019-12-30,CL=F,61.68000030517578,0.4618209794559965,-0.00029930754411226573,5.19311720726634e-07,-0.00029982685583299236,0.00259655860363317
2019-12-31,CL=F,61.060001373291016,0.6959644923095191,-0.006995739943688274,4.682870257070452e-05,-0.0070425686462589785,0.23414351285352258
2020-01-02,CL=F,61.18000030517578,0.6759595740544851,0.001328438012765853,4.000983651006784e-06,0.001324437029114846,0.02000491825503392
2020-01-03,CL=F,63.04999923706055,0.675642961506597,0.02065138296911562,6.332250957763463e-08,0.020651319646606044,0.00031661254788817317
2020-01-06,CL=F,63.27000045776367,0.796060488323178,0.0027777046995058653,2.4083505363316207e-05,0.002753621194142549,0.12041752681658102
2020-01-07,CL=F,62.70000076293945,0.7994699532778626,-0.007202428103248088,6.818929909369276e-07,-0.007203109996239025,0.003409464954684638
2020-01-08,CL=F,59.61000061035156,0.7860080683534783,-0.038736284235950935,2.6923769848768767e-06,-0.038738976612935815,0.013461884924384382
2020-01-09,CL=F,59.560001373291016,0.5077651717831295,-0.00042589952919183194,5.564857931406975e-05,-0.0004815481085059017,0.27824289657034873
2020-01-10,CL=F,59.040000915527344,0.5082621172147613,-0.004437483672290985,9.938908632636245e-08,-0.004437583061377311,0.0004969454316318123
2020-01-13,CL=F,58.08000183105469,0.5076296346950558,-0.00825413240178794,1.2649650394109812e-07,-0.008254258898291882,0.0006324825197054906
2020-01-14,CL=F,58.22999954223633,0.49643373170940686,0.0012820923065115493,2.2391805971297975e-06,0.0012798531259144196,0.011195902985648987
2020-01-15,CL=F,57.810001373291016,0.5102473074998719,-0.0036802839866722126,2.76271515809301e-06,-0.0036830467018303054,0.013813575790465049
2020-01-16,CL=F,58.52000045776367,0.5094069053187412,0.006256329835817184,1.6808043622613678e-07,0.006256161755380958,0.0008404021811306839
2020-01-17,CL=F,58.540000915527344,0.5091500968617154,0.0001740129003417072,5.136169140516067e-08,0.00017396153865030203,0.00025680845702580335
2020-01-21,CL=F,58.34000015258789,0.5090339679807365,-0.0017391045501545582,2.3225776195778815e-08,-0.001739127775930754,0.00011612888097889407
2020-01-22,CL=F,56.7400016784668,0.5116613379127618,-0.014032522416626394,5.254739864050562e-07,-0.014033047890612799,0.002627369932025281
2020-01-23,CL=F,55.59000015258789,0.48408073640078725,-0.009811307173802205,5.516120302394912e-06,-0.0098168232941046,0.027580601511974556
2020-01-24,CL=F,54.189998626708984,0.4719065924101808,-0.011884690549255427,2.4348287981212913e-06,-0.011887125378053549,0.012174143990606456
2020-01-27,CL=F,53.13999938964844,0.46335947663966426,-0.00897817142066922,1.7094231541033067e-06,-0.008979880843823323,0.008547115770516533
2020-01-28,CL=F,53.47999954223633,0.467280229775787,0.002989750682157862,7.841506272245447e-07,0.0029889665315306377,0.003920753136122723
2020-01-29,CL=F,53.33000183105469,0.4618970761657611,-0.0012955030818883756,1.0766307220051786e-06,-0.0012965797126103808,0.0053831536100258925
2020-01-30,CL=F,52.13999938964844,0.4628917272554913,-0.010328938057902505,1.9893021794604728e-07,-0.010329136988120451,0.0009946510897302363
2020-01-31,CL=F,51.560001373291016,0.45383754837666496,-0.005048425026626318,1.8108357757652739e-06,-0.005050235862402083,0.009054178878826369
2020-02-03,CL=F,50.11000061035156,0.45760184716973257,-0.012868948988475605,7.528597586135222e-07,-0.012869701848234218,0.003764298793067611
2020-02-04,CL=F,49.61000061035156,-0.5242269691007095,0.005230761950863142,0.00019636576325408843,0.005034396187609053,0.981828816270442
2020-02-05,CL=F,50.75,-0.5391080933608546,-0.012388286430652993,2.9762248520290193e-06,-0.012391262655505022,0.014881124260145095
2020-02-06,CL=F,50.95000076293945,-0.4736198764712457,-0.0018664893918727058,1.3097643377921787e-05,-0.0018795870352506276,0.06548821688960893
2020-02-07,CL=F,50.31999969482422,-0.5598900171882661,0.006923087410672569,1.725402814340409e-05,0.006905833382529166,0.08627014071702044
2020-02-10,CL=F,49.56999969482422,-0.5624077740963098,0.008382468861891059,5.035513816087356e-07,0.00838196531050945,0.002517756908043678
2020-02-11,CL=F,49.939998626708984,-0.5592059827330471,-0.004174008827690279,6.403582726525415e-07,-0.004174649185962932,0.003201791363262707
2020-02-12,CL=F,51.16999816894531,-0.5465091410383608,-0.013460272562875932,2.5393683389372647e-06,-0.013462811931214869,0.012696841694686323
2020-02-13,CL=F,51.41999816894531,-0.49157263118891026,-0.0024016642992926857,1.0987301969890108e-05,-0.002412651601262576,0.05493650984945053
2020-02-14,CL=F,52.04999923706055,-0.48557654008734047,-0.005949314465193376,1.199218220313958e-06,-0.0059505136834136895,0.005996091101569789
2020-02-18,CL=F,52.04999923706055,-0.4856297612734232,-0.0,1.0644237216550501e-08,-1.0644237216550501e-08,5.32211860827525e-05
2020-02-19,CL=F,53.290000915527344,-0.4858319284009564,-0.011574109807882673,4.0433425506636315e-08,-0.01157415024130818,0.00020216712753318156
2020-02-20,CL=F,53.779998779296875,-0.4488279754603125,-0.004126942116667804,7.400790588128781e-06,-0.004134342907255933,0.0370039529406439
2020-02-21,CL=F,53.380001068115234,-0.4661701205566793,0.0034672180267085314,3.4684290192733558e-06,0.0034637495976892582,0.01734214509636678
2020-02-24,CL=F,51.43000030517578,-0.47998775414384154,0.017534216336708933,2.763526717432452e-06,0.0175314528099915,0.013817633587162259
2020-02-25,CL=F,49.900001525878906,-0.45130304114467074,0.013425881741144445,5.736942599834161e-06,0.01342014479854461,0.028684712999170803
2020-02-26,CL=F,48.72999954223633,-0.4341209395603089,0.01017880450690817,3.4364203168723684e-06,0.010175368086591297,0.017182101584361842
2020-02-27,CL=F,47.09000015258789,-0.42423483138839213,0.014277547118413994,1.9772216343833525e-06,0.01427556989677961,0.009886108171916763
2020-02-28,CL=F,44.7599983215332,-0.3997767771749985,0.019780858352358637,4.891610842678729e-06,0.01977596674151596,0.024458054213393643
2020-03-02,CL=F,46.75,-0.36167112391506295,-0.01607967315981111,7.621130651987107e-06,-0.0160872942904631,0.038105653259935535
2020-03-03,CL=F,47.18000030517578,-0.31864269453073263,-0.0029308332810748083,8.605685876866065e-06,-0.0029394389669516745,0.043028429384330324
2020-03-04,CL=F,46.779998779296875,-0.32494554970736556,0.0027549536852429115,1.2605710353265853e-06,0.002753693114207585,0.006302855176632927
2020-03-05,CL=F,45.900001525878906,-0.3252399689025541,0.0061182190424224564,5.8883839037704445e-08,0.006118160158583419,0.0002944191951885222
2020-03-06,CL=F,41.279998779296875,-0.3327778514493529,0.0334953058080152,1.507576509359765e-06,0.03349379823150584,0.007537882546798824
2020-03-09,CL=F,31.1299991607666,-0.24593656005611034,0.06047131939364574,1.7368258278648513e-05,0.06045395113536709,0.08684129139324256
2020-03-10,CL=F,34.36000061035156,-0.12615270588080432,-0.013089413229975467,2.3956770835061202e-05,-0.013113370000810528,0.11978385417530601
2020-03-11,CL=F,32.97999954223633,-0.11475125125736256,0.00460875571856108,2.2802909246883525e-06,0.004606475427636392,0.011401454623441762
2020-03-12,CL=F,31.5,-0.1147867946422936,0.005151134199010677,7.108676986208873e-09,0.00515112709033369,3.5543384931044364e-05
2020-03-13,CL=F,31.729999542236328,-0.11569133156668461,-0.0008447286762237684,1.8090738487820115e-07,-0.0008449095836086466,0.0009045369243910056
2020-03-16,CL=F,28.700000762939453,-0.11560105180050281,0.011039112855161144,1.8055953236359446e-08,0.011039094799207907,9.027976618179723e-05
2020-03-17,CL=F,26.950000762939453,-0.11313794212399884,0.0068986548241721955,4.926219353007938e-07,0.006898162202236895,0.002463109676503969
2020-03-18,CL=F,20.3700008392334,-0.1129746928494042,0.027583430400196927,3.264985491892858e-08,0.027583397750342006,0.0001632492745946429
2020-03-19,CL=F,25.219999313354492,-0.09413361033926351,-0.022412756391723326,3.7682165020281377e-06,-0.022416524608225356,0.01884108251014069
2020-03-20,CL=F,22.43000030517578,-0.0750731251853579,0.00830507337472903,3.8120970307811227e-06,0.008301261277698249,0.019060485153905612
2020-03-23,CL=F,23.360000610351562,-0.07415049274188149,-0.0030744529621326757,1.84526488695283e-07,-0.003074637488621371,0.0009226324434764149
2020-03-24,CL=F,24.010000228881836,-0.0731279976966684,-0.002034810332395876,2.044990090426163e-07,-0.002035014831404919,0.0010224950452130815
2020-03-25,CL=F,24.489999771118164,-0.07253043784616621,-0.0014500031916901595,1.195119701004388e-07,-0.00145012270366026,0.000597559850502194
2020-03-26,CL=F,22.600000381469727,-0.0721360726282739,0.005567053267181318,7.887304357846182e-08,0.0055669743941377395,0.00039436521789230905
2020-03-27,CL=F,21.510000228881836,-0.07176349782649194,0.003461160277026069,7.451496035639216e-08,0.0034610857620657126,0.0003725748017819608
2020-03-30,CL=F,20.09000015258789,-0.07177103681723689,0.00473802309027078,1.507798148989159e-09,0.00473802158247263,7.538990744945795e-06
2020-03-31,CL=F,20.479999542236328,-0.07257614301254073,-0.0014088925466873379,1.610212390607685e-07,-0.0014090535679263986,0.0008051061953038424
2020-04-01,CL=F,20.309999465942383,-0.0724067699496668,0.0006010330415416323,3.3874612574785744e-08,0.0006009991669290574,0.00016937306287392873
2020-04-02,CL=F,25.31999969482422,-0.07240519123357002,-0.017860661456969032,3.1574321935623486e-10,-0.01786066177271225,1.5787160967811742e-06
2020-04-03,CL=F,28.34000015258789,-0.062385472879833724,-0.007440922548407996,2.003943670747259e-06,-0.007442926492078743,0.010019718353736294
2020-04-06,CL=F,26.079999923706055,-0.06121770348070113,0.004881863907307395,2.3355387982651883e-07,0.004881630353427569,0.001167769399132594
2020-04-07,CL=F,23.6299991607666,-0.06719682342617403,0.006312587007010978,1.1958239890945798e-06,0.006311391183021884,0.005979119945472899
2020-04-08,CL=F,25.09000015258789,-0.06785992917248826,-0.004192787448814334,1.3262114926284596e-07,-0.004192920069963597,0.0006631057463142298
2020-04-09,CL=F,22.760000228881836,-0.06728890990094169,0.006248830369946664,1.142038543093138e-07,0.006248716166092355,0.000571019271546569
2020-04-13,CL=F,22.40999984741211,-0.06653066086247093,0.001023100019645377,1.516498076941514e-07,0.001022948369837683,0.0007582490384707569
2020-04-14,CL=F,20.110000610351562,-0.06656758959751709,0.006832012776873329,7.385747009230893e-09,0.006832005391126319,3.692873504615446e-05
2020-04-15,CL=F,19.8700008392334,-0.06640608100437809,0.0007925133644054281,3.2301718627800184e-08,0.0007924810626868003,0.0001615085931390009
2020-04-16,CL=F,19.8700008392334,-0.06674039110484972,-0.0,6.686202009432707e-08,-6.686202009432707e-08,0.00033431010047163534
2020-04-17,CL=F,18.270000457763672,-0.07591790683768893,0.00611316933922041,1.8355031465678407e-06,0.006111333836073842,0.009177515732839203
2020-04-20,CL=F,-37.630001068115234,-0.0887284640637049,0.2714789902724015,2.5621114452031942e-06,0.2714764281609563,0.01281055722601597
2020-04-21,CL=F,10.010000228881836,-0.011277744299397381,0.014277750140850655,1.54901439528615e-05,0.014262259996897793,0.07745071976430751
2020-04-22,CL=F,13.779999732971191,-0.010646458760709186,-0.00400970462841487,1.2625710773763907e-07,-0.004009830885522607,0.0006312855386881953
2020-04-23,CL=F,16.5,-0.010495462078410131,-0.0020716734549392447,3.019933645981091e-08,-0.0020717036542757046,0.00015099668229905452
2020-04-24,CL=F,16.940000534057617,-0.010439883037396484,-0.0002783972189062729,1.1115808202729478e-08,-0.0002784083347144756,5.5579041013647384e-05
2020-04-27,CL=F,12.779999732971191,-0.010422226820019158,0.002559413846133983,3.531243475465157e-09,0.0025594103148905076,1.7656217377325784e-05
2020-04-28,CL=F,12.34000015258789,-0.010432387828170317,0.0003591742067840887,2.032201630231684e-09,0.00035917217458245846,1.0161008151158418e-05
2020-04-29,CL=F,15.0600004196167,-0.010427598421306594,-0.0022984659756649143,9.578813727446207e-10,-0.002298466933546287,4.789406863723103e-06
2020-04-30,CL=F,18.84000015258789,-0.010364940502651748,-0.002601558515313978,1.2531583730969118e-08,-0.002601571046897709,6.265791865484559e-05
2020-05-01,CL=F,19.780000686645508,-0.010288245881102607,-0.0005133204110629545,1.533892430982814e-08,-0.0005133357499872643,7.66946215491407e-05
2020-05-04,CL=F,20.389999389648438,-0.010351135637205217,-0.000319220378873172,1.2577951220521869e-08,-0.0003192329568243925,6.288975610260934e-05
2020-05-05,CL=F,24.559999465942383,-0.010374061291742658,-0.00212162028803233,4.585130907488328e-09,-0.0021216248731632374,2.2925654537441637e-05
2020-05-06,CL=F,23.989999771118164,-0.010305686047267228,0.00023917907286774933,1.3675048895086043e-08,0.00023916539781885425,6.837524447543021e-05
2020-05-07,CL=F,23.549999237060547,-0.010297644401656739,0.00018886907375961244,1.6083291220977958e-09,0.00018886746543049035,8.041645610488979e-06
2020-05-08,CL=F,24.739999771118164,-0.010312942904060308,-0.000521121357160149,3.059700480713759e-09,-0.0005211244168606298,1.5298502403568795e-05
2020-05-11,CL=F,24.139999389648438,-0.010291689646866891,0.00024959651460049605,4.2506514386832925e-09,0.00024959226394905736,2.125325719341646e-05
2020-05-12,CL=F,25.780000686645508,-0.010292984106918913,-0.0006992753816123051,2.5889201040428523e-10,-0.0006992756405043155,1.2944600520214261e-06
2020-05-13,CL=F,25.290000915527344,-0.01026844364196918,0.00019517202871569727,4.908092989946642e-09,0.00019516712062270732,2.4540464949733207e-05
2020-05-14,CL=F,27.559999465942383,-0.010269442904479245,-0.0009217722286607448,1.99852502013112e-10,-0.0009217724285132469,9.9926251006556e-07
2020-05-15,CL=F,29.43000030517578,-0.010251847186704847,-0.0006956082443514328,3.5191435548795337e-09,-0.0006956117634949877,1.7595717774397668e-05
2020-05-18,CL=F,31.81999969482422,-0.010230896849663603,-0.0008308473317260501,4.1900674082488715e-09,-0.0008308515217934583,2.0950337041244355e-05
2020-05-19,CL=F,32.5,-0.023724116408870535,-0.0005069895208289983,2.6986439118413862e-06,-0.0005096881647408397,0.013493219559206932
2020-05-20,CL=F,33.4900016784668,-0.05844681015648492,-0.0017803827740292422,6.944538749522878e-06,-0.0017873273127787651,0.034722693747614386
2020-05-21,CL=F,33.91999816894531,-0.06971992003125353,-0.0008951722731371964,2.254621974953723e-06,-0.0008974268951121501,0.011273109874768615
2020-05-22,CL=F,33.25,-0.07315868679993297,0.0014450527371571119,6.877533537358871e-07,0.001444364983803376,0.0034387667686794354
2020-05-26,CL=F,34.349998474121094,-0.07257094351754546,-0.0024008399138294146,1.175486564775008e-07,-0.002400957462485892,0.000587743282387504
2020-05-27,CL=F,32.810001373291016,-0.0931251619029863,0.004175035974251236,4.110843677088166e-06,0.004170925130574148,0.02055421838544083
2020-05-28,CL=F,33.709999084472656,-0.09244882894682531,-0.002535925966808952,1.352665912321971e-07,-0.002536061233400184,0.0006763329561609854
2020-05-29,CL=F,35.4900016784668,-0.10456540775423642,-0.00552140913970919,2.4233157614822227e-06,-0.005523832455470673,0.012116578807411113
2020-06-01,CL=F,35.439998626708984,-0.13850051242856568,0.00019513800969051125,6.787020934865851e-06,0.0001883509887556454,0.03393510467432925
2020-06-02,CL=F,36.810001373291016,-0.13755249769198885,-0.005317361933959605,1.8960294731536487e-07,-0.00531755153690692,0.0009480147365768243
2020-06-03,CL=F,37.290000915527344,-0.13748913775864915,-0.0017928476154446499,1.2671986667939229e-08,-0.0017928602874313177,6.335993333969614e-05
2020-06-04,CL=F,37.40999984741211,-0.19855913595570387,-0.0006389617496824805,1.2213999639410944e-05,-0.0006511757493218915,0.06106999819705472
2020-06-05,CL=F,39.54999923706055,-0.20471016896830024,-0.011710228239343224,1.2302066025192739e-06,-0.011711458445945743,0.006151033012596369
2020-06-08,CL=F,38.189998626708984,-0.20795385727259227,0.007150881877910927,6.487376608584061e-07,0.007150233140250068,0.0032436883042920306
2020-06-09,CL=F,38.939998626708984,-0.19761265637659206,-0.0038808457086141578,2.0682401792000426e-06,-0.0038829139487933577,0.010341200896000213
2020-06-10,CL=F,39.599998474121094,-0.2058221289335633,-0.0034885099763977117,1.6418945113942485e-06,-0.003490151870909106,0.008209472556971242
2020-06-11,CL=F,36.34000015258789,0.21357672517918447,-0.017582317990686554,8.387977082254956e-05,-0.017666197761509104,0.4193988541127478
2020-06-12,CL=F,36.2599983215332,0.18308541074083834,-0.00040305910944317234,6.098262887669226e-06,-0.00040915737233084156,0.03049131443834613
2020-06-15,CL=F,37.119998931884766,0.19803842639254263,0.0046969987714949365,2.990603130340858e-06,0.004694008168364595,0.014953015651704288
2020-06-16,CL=F,38.380001068115234,0.2085167498221268,0.007077897569389107,2.095664685916837e-06,0.00707580190470319,0.010478323429584185
2020-06-17,CL=F,37.959999084472656,0.22845794693395022,-0.002500072647754159,3.988239422364681e-06,-0.0025040608871765234,0.019941197111823405
2020-06-18,CL=F,38.84000015258789,0.22713736855260225,0.005265572490936476,2.64115676269594e-07,0.005265308375260206,0.00132057838134797
2020-06-19,CL=F,39.75,0.22854207670362317,0.005354615193370093,2.809416302041845e-07,0.005354334251739888,0.0014047081510209225
2020-06-22,CL=F,40.459999084472656,0.2274573607013204,0.004062755166151041,2.169432004605565e-07,0.004062538222950581,0.0010847160023027824
2020-06-23,CL=F,40.369998931884766,0.23159893321429928,-0.0005151739940715537,8.283145025957784e-07,-0.0005160023085741494,0.004141572512978892
2020-06-24,CL=F,38.0099983215332,0.23390041424223965,-0.013673647138424566,4.602962055880733e-07,-0.013674107434630154,0.0023014810279403664
2020-06-25,CL=F,38.720001220703125,0.22525812620054353,0.0042076803400795055,1.7284576083392234e-06,0.004205951882471166,0.008642288041696117
2020-06-26,CL=F,38.4900016784668,0.22661082144778444,-0.0013460842860438947,2.705390494481819e-07,-0.001346354825093343,0.0013526952472409093
2020-06-29,CL=F,39.70000076293945,0.2377824760422249,0.007475099136607615,2.2343309188880946e-06,0.007472864805688727,0.011171654594440472
2020-06-30,CL=F,39.27000045776367,0.23415365127143467,-0.0025361748002466515,7.25764954158048e-07,-0.0025369005652008097,0.00362882477079024
2020-07-01,CL=F,39.81999969482422,0.2392793815059544,0.0033512471540238257,1.0251460469039465e-06,0.0033502220079769216,0.005125730234519732
2020-07-02,CL=F,40.650001525878906,0.2391666087431401,0.004985151298475499,2.2554552562858987e-08,0.0049851287439229355,0.00011277276281429494
2020-07-06,CL=F,40.630001068115234,0.2375392511767098,-0.00011687315084969198,3.254715132860631e-07,-0.00011719862236297805,0.0016273575664303153
2020-07-07,CL=F,40.619998931884766,0.25660910696173717,-6.317103564696201e-05,3.813971157005475e-06,-6.698500680396749e-05,0.019069855785027373
2020-07-08,CL=F,40.900001525878906,0.26732195962813066,0.0018427091111693523,2.142570533278698e-06,0.0018405665406360735,0.010712852666393491
2020-07-09,CL=F,39.619998931884766,0.2694963578248791,-0.008434132621475627,4.3487963934968347e-07,-0.008434567501114976,0.002174398196748417
2020-07-10,CL=F,40.54999923706055,0.2624829240155268,0.006161262140807906,1.402686761870453e-06,0.006159859454046035,0.007013433809352265
2020-07-13,CL=F,40.099998474121094,0.3431352917190241,-0.0038079197526565984,1.6130473540699464e-05,-0.0038240502261972977,0.08065236770349732
2020-07-14,CL=F,40.290000915527344,0.33937129933836824,0.0016080144107515385,7.52798476131178e-07,0.0016072616122754073,0.0037639923806558895
2020-07-15,CL=F,41.20000076293945,0.3456463480322621,0.00780685323456254,1.2550097387787674e-06,0.007805598224823762,0.006275048693893837
2020-07-16,CL=F,40.75,0.3560279636472885,-0.0038886614636467758,2.076323123005286e-06,-0.003890737786769781,0.01038161561502643
2020-07-17,CL=F,40.59000015258789,0.35604010850208717,-0.001397947559090185,2.428970959733601e-09,-0.0013979499880611447,1.2144854798668003e-05
2020-07-20,CL=F,40.810001373291016,0.3632377051727973,0.001968778966321898,1.4395193341420254e-06,0.001967339446987756,0.007197596670710127
2020-07-21,CL=F,41.959999084472656,0.37302141658426535,0.01051148642142387,1.956742282293611e-06,0.010509529679141576,0.009783711411468055
2020-07-22,CL=F,41.900001525878906,0.3634511289418853,-0.0005196897254634283,1.9140575284760098e-06,-0.0005216037829919043,0.009570287642380049
2020-07-23,CL=F,41.06999969482422,0.36358097489201147,-0.007202216322370136,2.5969190025232347e-08,-0.007202242291560161,0.00012984595012616174
2020-07-24,CL=F,41.290000915527344,0.46068948055894937,0.0024677927645767586,1.942170113338758e-05,0.002448371063443371,0.0971085056669379
2020-07-27,CL=F,41.599998474121094,0.47049741233190934,0.0035324060526411554,1.9615863545919933e-06,0.0035304444662865634,0.009807931772959966
2020-07-28,CL=F,41.040000915527344,0.47409162020522355,-0.006381974990451959,7.188415746628429e-07,-0.006382693832026621,0.0035942078733142147
2020-07-29,CL=F,41.27000045776367,0.5018484907187343,0.0028124980643854927,5.551374102702145e-06,0.0028069466902827904,0.027756870513510723
2020-07-30,CL=F,39.91999816894531,0.5108055468476149,-0.016709199169772936,1.7914112257761296e-06,-0.016710990580998713,0.008957056128880647
2020-07-31,CL=F,40.27000045776367,0.4605806402375245,0.0040381835085845485,1.0044981322018089e-05,0.00402813852726253,0.050224906610090436
2020-08-03,CL=F,41.0099983215332,0.4767193961302885,0.008760152240969297,3.227751178552807e-06,0.008756924489790744,0.016138755892764034
2020-08-04,CL=F,41.70000076293945,0.4616964337923984,0.007768146294657173,3.004592467578027e-06,0.007765141702189595,0.015022962337890133
2020-08-05,CL=F,42.189998626708984,0.451376280968371,0.00530391869026782,2.064030564805475e-06,0.005301854659703014,0.010320152824027373
2020-08-06,CL=F,41.95000076293945,0.44837850646351846,-0.002550601735343364,5.995549009705114e-07,-0.0025512012902443345,0.0029977745048525573
2020-08-07,CL=F,41.220001220703125,0.49747876419705606,-0.008656955030546167,9.820051546707521e-06,-0.008666775082092874,0.0491002577335376
2020-08-10,CL=F,41.939998626708984,0.5023065198161614,0.008773881139669166,9.655511238210625e-07,0.008772915588545345,0.004827755619105312
2020-08-11,CL=F,41.61000061035156,0.49750566480062225,-0.003914541914320243,9.601710031078238e-07,-0.003915502085323351,0.004800855015539118
2020-08-12,CL=F,42.66999816894531,0.49267176268481705,0.012550609420180325,9.6678042316104e-07,0.012549642639757164,0.0048339021158052
2020-08-13,CL=F,42.2400016784668,0.48608852645000306,-0.00489843846741702,1.316647246962799e-06,-0.004899755114663983,0.006583236234813994
2020-08-14,CL=F,42.0099983215332,0.4871447820017925,-0.0026525788522923674,2.1125111035789068e-07,-0.002652790103402725,0.0010562555517894534
2020-08-17,CL=F,42.88999938964844,0.4861392361549692,0.010183362631790859,2.0110916936466606e-07,0.010183161522621494,0.0010055458468233303
2020-08-18,CL=F,42.88999938964844,0.46989329502485416,0.0,3.2491882260230033e-06,-3.2491882260230033e-06,0.016245941130115016
2020-08-19,CL=F,42.93000030517578,0.5045264069136101,0.00047054134929965414,6.926622377751179e-06,0.00046361472692190293,0.034633111888755896
2020-08-20,CL=F,42.58000183105469,0.5049295994807871,-0.004116575543922022,8.063851343540485e-08,-0.004116656182435457,0.00040319256717702423
2020-08-21,CL=F,42.34000015258789,0.5267489121988926,-0.0029690140352716297,4.3638625436211115e-06,-0.0029733778978152507,0.021819312718105555
2020-08-24,CL=F,42.619998931884766,0.5242708015227937,0.0034670567765315474,4.956221352197865e-07,0.0034665611543963277,0.0024781106760989324
2020-08-25,CL=F,43.349998474121094,0.5249175450633015,0.00899083944653407,1.2934870810155097e-07,0.008990710097825969,0.0006467435405077548
2020-08-26,CL=F,43.38999938964844,0.52587714693423,0.00048524955185029266,1.9192037418571673e-07,0.000485057631476107,0.0009596018709285836
2020-08-27,CL=F,43.040000915527344,0.5261963318998394,-0.004244478355466357,6.383699312186853e-08,-0.004244542192459479,0.0003191849656093426
2020-08-28,CL=F,42.970001220703125,0.620998634974864,-0.0010099840615666732,1.8960460615004917e-05,-0.001028944522181678,0.09480230307502457
2020-08-31,CL=F,42.61000061035156,0.6209703774406015,-0.0052024600544146715,5.6515068524998216e-09,-0.005202465705921524,2.8257534262499107e-05
2020-09-01,CL=F,42.7599983215332,0.6345423157783099,0.00223374545062842,2.7143876675416844e-06,0.0022310310629608783,0.013571938337708422
2020-09-02,CL=F,41.5099983215332,0.6615090227947524,-0.01933784637397975,5.39334140328851e-06,-0.019343239715383036,0.026966707016442548
2020-09-03,CL=F,41.369998931884766,0.583868198036532,-0.001969192837038584,1.5528164951644088e-05,-0.0019847210019902283,0.07764082475822043
2020-09-04,CL=F,39.77000045776367,0.58543134240433,-0.022641751963586972,3.1262887355960614e-07,-0.022642064592460532,0.0015631443677980306
2020-09-08,CL=F,36.7599983215332,0.5051415509614426,-0.038231760874820324,1.605795828857748e-05,-0.038247818833108904,0.08028979144288739
2020-09-09,CL=F,38.04999923706055,0.35330286985695486,0.012398287442438104,3.036773622089756e-05,0.012367919706217206,0.15183868110448778
2020-09-10,CL=F,37.29999923706055,0.325641829323297,-0.0064186958446662105,5.532208106731574e-06,-0.006424228052772942,0.027661040533657866
2020-09-11,CL=F,37.33000183105469,0.3374457757708446,0.0002714275821065378,2.360789289509524e-06,0.00026906679281702827,0.01180394644754762
2020-09-14,CL=F,37.2599983215332,0.3368849821866765,-0.0006317473855179822,1.1215871683362134e-07,-0.0006318595442348159,0.0005607935841681067
2020-09-15,CL=F,38.279998779296875,0.3366283136706778,0.009215272396882244,5.1333703199740735e-08,0.009215221063179044,0.00025666851599870366
2020-09-16,CL=F,40.15999984741211,0.33042697040555463,0.016227875577480178,1.2402686530246344e-06,0.016226635308827154,0.0062013432651231715
2020-09-17,CL=F,40.970001220703125,0.2932541264780994,0.00591474716317321,7.4345687854910475e-06,0.005907312594387719,0.037172843927455235
2020-09-18,CL=F,41.11000061035156,0.28788045650310484,0.000983721918509052,1.074733994998911e-06,0.000982647184514053,0.005373669974994555
2020-09-21,CL=F,39.310001373291016,0.2880432256449253,-0.012611957642996743,3.255382836409027e-08,-0.012611990196825107,0.00016276914182045132
2020-09-22,CL=F,39.599998474121094,0.2717139700727457,0.0020044838672955254,3.265851114435914e-06,0.0020012180161810894,0.01632925557217957
2020-09-23,CL=F,39.93000030517578,0.27157608620624757,0.002263146696263025,2.7576773299631264e-08,0.002263119119489725,0.00013788386649815632
2020-09-24,CL=F,40.310001373291016,0.2741120403317497,0.0026086367972256237,5.071908251004231e-07,0.0026081296064005234,0.0025359541255021156
2020-09-25,CL=F,40.25,0.2727715625709234,-0.0004060200394792315,2.680955521652595e-07,-0.00040628813503139675,0.0013404777608262974
2020-09-28,CL=F,40.599998474121094,0.2729653692130257,0.0023736015580735396,3.876132842046687e-08,0.002373562796745119,0.00019380664210233434
2020-09-29,CL=F,39.290000915527344,0.27182770900170367,-0.008770779520529844,2.2753204226441115e-07,-0.008771007052572109,0.0011376602113220557
2020-09-30,CL=F,40.220001220703125,0.2648491619065541,0.006269019996416014,1.3957094190299113e-06,0.006267624286996984,0.0069785470951495565
2020-10-01,CL=F,38.720001220703125,0.2595351027259423,-0.009679329743245296,1.062811836122357e-06,-0.009680392555081418,0.005314059180611785
2020-10-02,CL=F,37.04999923706055,0.2558612260271913,-0.011035349729642204,7.347753397502044e-07,-0.011036084504981954,0.003673876698751022
2020-10-05,CL=F,39.220001220703125,-0.2453432142846639,-0.014369642986076514,0.00010024088806237104,-0.014469883874138886,0.5012044403118552
2020-10-06,CL=F,40.66999816894531,-0.23096438101252945,-0.008538950463979851,2.8757666544268923e-06,-0.008541826230634278,0.014378833272134461
2020-10-07,CL=F,39.95000076293945,-0.26347591852892205,0.004664420615358859,6.502307503278521e-06,0.004657918307855581,0.0325115375163926
2020-10-08,CL=F,41.189998626708984,-0.267395027238545,-0.008299605913048692,7.838217419245952e-07,-0.008300389734790617,0.003919108709622976
2020-10-09,CL=F,40.599998474121094,-0.2660826127319988,0.00381133254059075,2.624829013092467e-07,0.0038110700576894406,0.0013124145065462334
2020-10-12,CL=F,39.43000030517578,-0.2631983698936853,0.007584769025084774,5.768485676627022e-07,0.007584192176517112,0.002884242838313511
2020-10-13,CL=F,40.20000076293945,0.25527856853653064,0.004985153768933198,0.00010369538768604318,0.004881458381247155,0.5184769384302159
2020-10-14,CL=F,41.040000915527344,0.2576382940100581,0.0053834876162601585,4.719450947054949e-07,0.005383015671165453,0.002359725473527474
2020-10-15,CL=F,40.959999084472656,0.2727290517842543,-0.0005316477348394472,3.0181515548392326e-06,-0.0005346658863942865,0.015090757774196162
2020-10-16,CL=F,40.880001068115234,-0.27600429702076146,0.0005390575381178514,0.00010974666976100314,0.00042931086835684825,0.5487333488050157
2020-10-19,CL=F,40.83000183105469,-0.2760540611269257,0.00033763434645741816,9.95282123285035e-09,0.0003376243936361853,4.9764106164251753e-05
2020-10-20,CL=F,41.459999084472656,-0.29669658751862305,-0.0045779580419477005,4.128505278339467e-06,-0.00458208654722604,0.020642526391697336
2020-10-21,CL=F,40.029998779296875,-0.29505773327173157,0.01017686102123119,3.2777084937829496e-07,0.01017653325038181,0.0016388542468914746
2020-10-22,CL=F,40.63999938964844,-0.28190714672864936,-0.004295866520382775,2.630117308616442e-06,-0.004298496637691392,0.01315058654308221
2020-10-23,CL=F,39.849998474121094,-0.2805982522448478,0.0054545492002459495,2.617788967603119e-07,0.005454287421349189,0.0013088944838015593
2020-10-26,CL=F,38.560001373291016,-0.2769290889701138,0.008964560491487965,7.338326549467978e-07,0.008963826658833019,0.0036691632747339886
2020-10-27,CL=F,39.56999969482422,-0.26911932662240895,-0.0070490160399488445,1.5619524695409727e-06,-0.007050577992418386,0.007809762347704863
2020-10-28,CL=F,37.38999938964844,-0.2714594607656693,0.014955312405256802,4.680268286520684e-07,0.01495484437842815,0.0023401341432603417
2020-10-29,CL=F,36.16999816894531,-0.25345558695132125,0.008270022212416695,3.6007747628696077e-06,0.008266421437653826,0.018003873814348037
2020-10-30,CL=F,35.790000915527344,-0.2556018333053528,0.002685319312734261,4.2924927080630893e-07,0.0026848900634634546,0.0021462463540315446
2020-11-02,CL=F,36.810001373291016,-0.2682416251169848,-0.00764477712801321,2.527958362326399e-06,-0.007647305086375536,0.012639791811631995
2020-11-03,CL=F,37.65999984741211,-0.2949183108195859,-0.006810108797466943,5.335337140520225e-06,-0.006815444134607463,0.02667668570260112
2020-11-04,CL=F,39.150001525878906,-0.30584326479883744,-0.012100557082964194,2.184990795850306e-06,-0.012102742073760045,0.010924953979251528
2020-11-05,CL=F,38.790000915527344,-0.28872008681089967,0.0026549017476787226,3.4246355975875555e-06,0.002651477112081135,0.017123177987937777
2020-11-06,CL=F,37.13999938964844,-0.30002080462240854,0.012761917343091175,2.2601435623017754e-06,0.012759657199528873,0.011300717811508876
2020-11-09,CL=F,40.290000915527344,-0.28459864913188004,-0.024138023526149122,3.0844310981057e-06,-0.024141107957247228,0.0154221554905285
2020-11-10,CL=F,41.36000061035156,-0.23464935765653727,-0.006231688641794817,9.989858295068554e-06,-0.006241678500089886,0.04994929147534277
2020-11-11,CL=F,41.45000076293945,-0.23297691855234348,-0.0005069622318602948,3.344878208387581e-07,-0.0005072967196811336,0.0016724391041937903
2020-11-12,CL=F,41.119998931884766,-0.235088774557671,0.0018716459502166954,4.2237120106550233e-07,0.00187122357901563,0.0021118560053275115
2020-11-13,CL=F,40.130001068115234,-0.23469240026883031,0.005650412960709576,7.92748577681357e-08,0.005650333685851807,0.0003963742888406785
2020-11-16,CL=F,41.34000015258789,-0.23146473703003576,-0.006979120668814906,6.455326477589118e-07,-0.006979766201462665,0.003227663238794559
2020-11-17,CL=F,41.43000030517578,-0.226815886130481,-0.0004937944916728076,9.297701799109493e-07,-0.0004947242618527185,0.004648850899554746
2020-11-18,CL=F,41.81999969482422,-0.22790121595767568,-0.002145337544507004,2.1706596543893398e-07,-0.002145554610472443,0.0010853298271946699
2020-11-19,CL=F,41.7400016784668,-0.23461907716991837,0.00044880585629286136,1.3435722424485374e-06,0.00044746228405041284,0.006717861212242687
2020-11-20,CL=F,42.150001525878906,-0.2354742351854179,-0.002312994648136536,1.7103160309990818e-07,-0.002313165679739636,0.0008551580154995408
2020-11-23,CL=F,43.060001373291016,-0.2379827855344715,-0.005137942839459037,5.01710069810718e-07,-0.0051384445495288485,0.00250855034905359
2020-11-24,CL=F,44.90999984741211,-0.24464771833319188,-0.01051086602831248,1.3329865597440761e-06,-0.010512199014872223,0.00666493279872038
2020-11-25,CL=F,45.709999084472656,-0.23881425348803004,-0.004254090875945929,1.166692969032368e-06,-0.004255257568914961,0.00583346484516184
2020-11-27,CL=F,45.529998779296875,-0.26678626111651405,0.0010505711962263068,5.594401525696802e-06,0.00104497679470061,0.027972007628484008
2020-11-30,CL=F,45.34000015258789,0.28206380486715593,-0.0011770642874130545,0.00010977001319673399,-0.0012868343006097885,0.5488500659836699
2020-12-01,CL=F,44.54999923706055,0.2845105641875816,-0.004957291694507456,4.893518640851302e-07,-0.004957781046371541,0.002446759320425651
2020-12-02,CL=F,45.279998779296875,0.2795041071764814,0.004579974720230051,1.0012914022200392e-06,0.004578973428827831,0.005006457011100196
2020-12-03,CL=F,45.63999938964844,0.2807890051176374,0.0022324252638579243,2.569795882311987e-07,0.002232168284269693,0.0012848979411559935
2020-12-04,CL=F,46.2599983215332,0.29040918954049233,0.003945078653210155,1.92403688457099e-06,0.003943154616325583,0.00962018442285495
2020-12-07,CL=F,45.7599983215332,0.29358742522923115,-0.0031732321215040982,6.356471377477635e-07,-0.003173867768641846,0.0031782356887388175
2020-12-08,CL=F,45.599998474121094,0.3232935333445265,-0.0011303959331682128,5.941221623059068e-06,-0.0011363371547912719,0.029706108115295338
2020-12-09,CL=F,45.52000045776367,0.46599613854159777,-0.0008175168412495129,2.854052103941426e-05,-0.0008460573622889272,0.14270260519707129
2020-12-10,CL=F,46.779998779296875,0.48395322519730966,0.013395875336490478,3.5914173311423773e-06,0.013392283919159335,0.017957086655711885
2020-12-11,CL=F,46.56999969482422,0.4618706102609147,-0.0020733734038177083,4.416522987278993e-06,-0.0020777899268049874,0.022082614936394962
2020-12-14,CL=F,46.9900016784668,0.46566223860384165,0.004199679304331035,7.583256685853912e-07,0.00419892097866245,0.003791628342926956
2020-12-15,CL=F,47.619998931884766,0.5158043765907664,0.006915414533855211,1.0028427597384949e-05,0.006905386106257826,0.05014213798692474
2020-12-16,CL=F,47.81999969482422,0.5468982001723683,0.0022969353157932856,6.218764716320391e-06,0.0022907165510769652,0.031093823581601954
2020-12-17,CL=F,48.36000061035156,0.5480753346648201,0.006189067009320549,2.3542689849034293e-07,0.006188831582422059,0.0011771344924517146
2020-12-18,CL=F,49.099998474121094,0.5472612867756972,0.008374114516679618,1.6280957782457417e-07,0.008373951707101793,0.0008140478891228708
2020-12-21,CL=F,47.7400016784668,0.5500512912489989,-0.015235601156656418,5.580008946603376e-07,-0.015236159157551079,0.002790004473301688
2020-12-22,CL=F,47.02000045776367,0.4782592896386776,-0.0072129715175057365,1.4358400322064259e-05,-0.007227329917827801,0.07179200161032129
2020-12-23,CL=F,48.119998931884766,0.47072052346146237,0.011012161899279477,1.5077532354430434e-06,0.011010654146044034,0.007538766177215217
2020-12-24,CL=F,48.22999954223633,0.5333454854392122,0.001219208857623057,1.2524992395549973e-05,0.001206683865227507,0.06262496197774986
2020-12-28,CL=F,47.619998931884766,0.5481179727341179,-0.006932454926101961,2.9544974589811315e-06,-0.006935409423560942,0.014772487294905656
2020-12-29,CL=F,48.0,0.5349804408172183,0.004269070631901694,2.6275063833799186e-06,0.0042664431255183145,0.013137531916899592
2020-12-30,CL=F,48.400001525878906,0.5362005536722996,0.004468354992625752,2.440225710162558e-07,0.004468110970054736,0.001220112855081279
2020-12-31,CL=F,48.52000045776367,0.5669506732309478,0.0014056502701283067,6.150023911729652e-06,0.001399500246216577,0.03075011955864826
2021-01-04,CL=F,47.619998931884766,0.5796464150034383,-0.010751909584738215,2.5391483544980887e-06,-0.010754448733092713,0.012695741772490443
2021-01-05,CL=F,49.93000030517578,0.545887869797972,0.02648050729064374,6.751709041093257e-06,0.026473755581602646,0.033758545205466284
2021-01-06,CL=F,50.630001068115234,0.4443720194520122,0.006229936926579812,2.0303170069191957e-05,0.006209633756510621,0.10151585034595978
2021-01-07,CL=F,50.83000183105469,0.45016993626641,0.0017782802450380718,1.1595833628795572e-06,0.0017771206616751922,0.0057979168143977855
2021-01-08,CL=F,52.2400016784668,0.45327409905453786,0.012573605891792256,6.208325576255725e-07,0.012572985059234631,0.003104162788127862
2021-01-11,CL=F,52.25,0.4380387750268271,8.38371434917702e-05,3.0470648055421546e-06,8.079007868622804e-05,0.015235324027710773
2021-01-12,CL=F,53.209999084472656,0.4541867794818484,0.008344859186261398,3.2296008910042584e-06,0.008341629585370394,0.016148004455021292
2021-01-13,CL=F,52.90999984741211,0.4529014938807385,-0.002553469366013411,2.570571202219707e-07,-0.002553726423133633,0.0012852856011098535
2021-01-14,CL=F,53.56999969482422,0.44732540514385194,0.005579941409751181,1.1152177473773174e-06,0.005578826192003803,0.005576088736886586
2021-01-15,CL=F,52.36000061035156,0.44782841744196655,-0.010115213331949542,1.006024596229227e-07,-0.010115313934409165,0.0005030122981146135
2021-01-19,CL=F,52.97999954223633,0.41998794138897577,0.00497311061937166,5.568095210598156e-06,0.004967542524161062,0.02784047605299078
2021-01-20,CL=F,53.2400016784668,0.4197446189381418,0.0020599188097039653,4.866449016679431e-08,0.0020598701452137986,0.00024332245083397153
2021-01-21,CL=F,53.130001068115234,0.4235841211721167,-0.0008751786325169848,7.679004467949779e-07,-0.0008759465329637797,0.0038395022339748897
2021-01-22,CL=F,52.27000045776367,0.46185201120089087,-0.007475870572930007,7.653578005754836e-06,-0.007483524150935762,0.038267890028774176
2021-01-25,CL=F,52.77000045776367,0.459854997092903,0.004398842481974817,3.99402821597572e-07,0.00439844307915322,0.00199701410798786
2021-01-26,CL=F,52.61000061035156,0.47386716650960076,-0.0014367760787841874,2.8024338833395503e-06,-0.0014395785126675269,0.01401216941669775
2021-01-27,CL=F,52.849998474121094,0.47141616254228214,0.0021505202555408363,4.902007934637243e-07,0.0021500300547473727,0.0024510039673186212
2021-01-28,CL=F,52.34000015258789,0.48621371951553105,-0.0046919240873915915,2.9595113946497834e-06,-0.0046948835987862415,0.014797556973248915
2021-01-29,CL=F,52.20000076293945,0.4763488378739875,-0.0012741411228063344,1.9729763283087068e-06,-0.001276114099134643,0.009864881641543533
2021-02-01,CL=F,53.54999923706055,0.4749419336078532,0.012282966978842236,2.813808532268647e-07,0.012282685597989009,0.0014069042661343234
2021-02-02,CL=F,54.7599983215332,0.4550580396776011,0.010282349565576644,3.976778786050417e-06,0.010278372786790594,0.019883893930252083
2021-02-03,CL=F,55.689998626708984,0.46958681402128205,0.007975089366914448,2.905754868736188e-06,0.007972183612045712,0.014528774343680939
2021-02-04,CL=F,56.22999954223633,0.5699319436339995,0.005526374195366502,2.0069025922543484e-05,0.005506305169443958,0.10034512961271741
2021-02-05,CL=F,56.849998474121094,0.5744706449065735,0.006334184405847138,9.077402545148106e-07,0.006333276665592623,0.004538701272574053
2021-02-08,CL=F,57.970001220703125,0.5721768595894611,0.011272465637138018,4.58757063422488e-07,0.011272006880074596,0.00229378531711244
2021-02-09,CL=F,58.36000061035156,0.5978109666720032,0.004021837281658651,5.126821416508421e-06,0.004016710460242143,0.0256341070825421
2021-02-10,CL=F,58.68000030517578,0.6002711994006609,0.0032914084751724123,4.920465457315393e-07,0.0032909164286266807,0.0024602327286576964
2021-02-11,CL=F,58.2400016784668,0.6171201535680819,-0.004627335014864373,3.3697908334842098e-06,-0.004630704805697858,0.01684895416742105
2021-02-12,CL=F,59.470001220703125,0.6127668773934852,0.012941328244676906,8.706552349193375e-07,0.012940457589441986,0.0043532761745966875
2021-02-16,CL=F,60.04999923706055,0.5933739440958474,0.005787047309055012,3.878586659527561e-06,0.005783168722395484,0.019392933297637804
2021-02-17,CL=F,61.13999938964844,0.6851560725427013,0.012436640018425815,1.8356425689370772e-05,0.012418283592736444,0.09178212844685385
2021-02-18,CL=F,60.52000045776367,0.6715379959683015,-0.006809827353234721,2.723615314879946e-06,-0.006812550968549601,0.013618076574399729
2021-02-19,CL=F,59.2400016784668,0.6366157607926716,-0.013464431436421755,6.984447035125996e-06,-0.013471415883456881,0.03492223517562998
2021-02-22,CL=F,61.4900016784668,0.5720159241867421,0.021725789887814873,1.29199673211859e-05,0.021712869920493687,0.0645998366059295
2021-02-23,CL=F,61.66999816894531,0.539538483340886,0.001579362999325999,6.4954881691712045e-06,0.001572867511156828,0.03247744084585602
2021-02-24,CL=F,63.220001220703125,0.5378670208943093,0.013518656536070385,3.342924893153576e-07,0.01351832224358107,0.001671462446576788
2021-02-25,CL=F,63.529998779296875,0.5287997219791458,0.00259295507170765,1.8134597830326893e-06,0.0025911416119246172,0.009067298915163446
2021-02-26,CL=F,61.5,0.5290034120064716,-0.016903451932175625,4.073800546515738e-08,-0.01690349267018109,0.0002036900273257869
2021-03-01,CL=F,60.63999938964844,0.4598799484009439,-0.006430846118914755,1.3824692721105536e-05,-0.0064446708116358605,0.06912346360552768
2021-03-02,CL=F,59.75,0.4449713953981908,-0.006530743309720543,2.9817106005506245e-06,-0.0065337250203210935,0.014908553002753122
2021-03-03,CL=F,61.279998779296875,0.4416957403506101,0.011310358887984333,6.551310095161411e-07,0.011309703756974817,0.0032756550475807056
2021-03-04,CL=F,63.83000183105469,0.43757959148261083,0.01820870293562359,8.23229773599854e-07,0.01820787970584999,0.00411614886799927
2021-03-05,CL=F,66.08999633789062,0.40130952674633236,0.014208950336366526,7.254012947255695e-06,0.01420169632341927,0.03627006473627847
2021-03-08,CL=F,65.05000305175781,0.38127102507282284,-0.00599968721809991,4.007700334701903e-06,-0.006003694918434612,0.020038501673509512
2021-03-09,CL=F,64.01000213623047,0.36892850857436055,-0.005898323884415328,2.4685032996924596e-06,-0.00590079238771502,0.012342516498462297
2021-03-10,CL=F,64.44000244140625,0.3624848277404427,0.0024350661044855192,1.2887361667835662e-06,0.0024337773683187356,0.006443680833917831
2021-03-11,CL=F,66.0199966430664,0.36248546282548205,0.008887723583982253,1.270170078671029e-10,0.008887723456965245,6.350850393355145e-07
2021-03-12,CL=F,65.61000061035156,0.35529434377739977,-0.0022064416661865325,1.438223809616457e-06,-0.002207879889996149,0.007191119048082284
2021-03-15,CL=F,65.38999938964844,0.35595442268960154,-0.0011935742535876877,1.320157824403534e-07,-0.001193706269370128,0.000660078912201767
2021-03-16,CL=F,64.80000305175781,0.35918027459013196,-0.0032407867965858,6.45170380106086e-07,-0.003241431966965906,0.00322585190053043
2021-03-17,CL=F,64.5999984741211,0.3560683226731163,-0.001099001406360594,6.223903834031375e-07,-0.0010996237967439973,0.0031119519170156873
2021-03-18,CL=F,60.0,0.35949486187031354,-0.025598697447652127,6.85307839439453e-07,-0.025599382755491566,0.0034265391971972647
2021-03-19,CL=F,61.41999816894531,0.2858395212439386,0.006764859946309942,1.4731068125274993e-05,0.006750128878184667,0.07365534062637497
2021-03-22,CL=F,61.54999923706055,0.28564200357770847,0.0006045875394124122,3.950353324602141e-08,0.0006045480358791662,0.00019751766623010703
2021-03-23,CL=F,57.7599983215332,0.30045682737491425,-0.01850092063269614,2.962964759441156e-06,-0.01850388359745558,0.014814823797205778
2021-03-24,CL=F,61.18000030517578,0.2649325561050223,0.01568680563955088,7.104854253978388e-06,0.0156797007852969,0.03552427126989194
2021-03-25,CL=F,58.560001373291016,0.2433847425389656,-0.010422814029230934,4.309562713211341e-06,-0.010427123591944146,0.0215478135660567
2021-03-26,CL=F,60.970001220703125,0.23395807882981404,0.009628396875992009,1.8853327418303147e-06,0.009626511543250178,0.009426663709151573
2021-03-29,CL=F,61.560001373291016,0.22895351824622195,0.002215558602530181,1.0009121167184166e-06,0.0022145576904134628,0.0050045605835920826
2021-03-30,CL=F,60.54999923706055,0.22966802945334772,-0.00376811558149779,1.429022414251524e-07,-0.003768258483739215,0.000714511207125762
2021-03-31,CL=F,59.15999984741211,0.22936058434884984,-0.005265253117611559,6.148902089957442e-08,-0.005265314606632458,0.0003074451044978721
2021-04-01,CL=F,61.45000076293945,0.23004320715547621,0.00890465105401672,1.3652456132527413e-07,0.008904514529455395,0.0006826228066263706
2021-04-05,CL=F,58.650001525878906,0.23133602482635623,-0.010540938730289986,2.58563534176004e-07,-0.010541197293824162,0.0012928176708800199
2021-04-06,CL=F,59.33000183105469,0.22986284695349432,0.0026650776131349574,2.9463557457238276e-07,0.002664782977560385,0.0014731778728619138
2021-04-07,CL=F,59.77000045776367,0.22909588426075392,0.001699003393703768,1.5339253854808055e-07,0.00169885000116522,0.0007669626927404027
2021-04-08,CL=F,59.599998474121094,0.22930035466102755,-0.0006521919833323015,4.089408005472639e-08,-0.0006522328774123563,0.00020447040027363195
2021-04-09,CL=F,59.31999969482422,0.22981117521322872,-0.0010796451371794043,1.0216411044023377e-07,-0.0010797473012898445,0.0005108205522011688
2021-04-12,CL=F,59.70000076293945,0.23427911269037408,0.0015007807403478257,8.935874954290713e-07,0.0014998871528523966,0.004467937477145356
2021-04-13,CL=F,60.18000030517578,0.2336298685676065,0.0018784292886441477,1.2984882455351344e-07,0.001878299439819594,0.0006492441227675672
2021-04-14,CL=F,63.150001525878906,0.23284082346769863,0.01149115198440949,1.5780901998157515e-07,0.011490994175389508,0.0007890450999078757
2021-04-15,CL=F,63.459999084472656,0.21966221389175614,0.0010783016369973644,2.635721915188499e-06,0.001075665915082176,0.013178609575942496
2021-04-16,CL=F,63.130001068115234,0.21955829368874463,-0.001141723958988103,2.078404060230077e-08,-0.0011417447430287053,0.00010392020301150384
2021-04-19,CL=F,63.380001068115234,0.24864860737381242,0.0009846689496548944,5.818062737013558e-06,0.0009788508869178808,0.029090313685067787
2021-04-20,CL=F,62.439998626708984,0.25169843261354324,-0.0037329936441714965,6.09965047946165e-07,-0.0037336036092194425,0.0030498252397308245
2021-04-21,CL=F,61.349998474121094,0.24983767114321062,-0.004361356592852565,3.721522940665245e-07,-0.0043617287451466315,0.0018607614703326225
2021-04-22,CL=F,61.43000030517578,0.27957603276757825,0.00036457367720791684,5.947672324873526e-06,0.0003586260048830433,0.029738361624367632
2021-04-23,CL=F,62.13999938964844,0.3174412443024637,0.0036689401222357223,7.573042306977085e-06,0.003661367079928745,0.03786521153488542
2021-04-26,CL=F,61.90999984741211,0.34794109050786587,-0.0012878386277446403,6.099969241080439e-06,-0.0012939385969857207,0.030499846205402192
2021-04-27,CL=F,62.939998626708984,0.37921754944840214,0.006309055305806645,6.255291788107253e-06,0.006302800014018538,0.03127645894053627
2021-04-28,CL=F,63.86000061035156,0.37528753951451715,0.00548562580748429,7.860019867769963e-07,0.005484839805497513,0.003930009933884981
2021-04-29,CL=F,65.01000213623047,0.37964027131776507,0.006836625229059945,8.705463606495823e-07,0.006835754682699296,0.004352731803247911
2021-04-30,CL=F,63.58000183105469,0.3927654945642763,-0.008639513284624532,2.625044649302244e-06,-0.008642138329273834,0.01312522324651122
2021-05-03,CL=F,64.48999786376953,0.4097835293733351,0.005865073533538069,3.4036069618117672e-06,0.0058616699265762575,0.017018034809058835
2021-05-04,CL=F,65.69000244140625,0.5022458463704991,0.009345593653403145,1.849246339943279e-05,0.009327101190003712,0.09246231699716395
2021-05-05,CL=F,65.62999725341797,0.49460531421592335,-0.00045180215796157975,1.5281064309151438e-06,-0.0004533302643924949,0.007640532154575719
2021-05-06,CL=F,64.70999908447266,0.493060130983374,-0.006911693382114457,3.0903664650987485e-07,-0.006912002418760967,0.0015451832325493742
2021-05-07,CL=F,64.9000015258789,0.4785445170060966,0.0014051093778264644,2.9031227954554708e-06,0.001402206255031009,0.014515613977277353
2021-05-10,CL=F,64.91999816894531,0.4824845914643652,0.00014866058449484627,7.8801489165371e-07,0.00014787256960319256,0.00394007445826855
2021-05-11,CL=F,65.27999877929688,0.4818165565810155,0.0026718154550045324,1.3360697666993104e-07,0.0026716818480278623,0.0006680348833496552
2021-05-12,CL=F,66.08000183105469,0.48243637273656753,0.005912233114051872,1.239632311104022e-07,0.005912109150820762,0.000619816155552011
2021-05-13,CL=F,63.81999969482422,0.6313139939658877,-0.021591569846545866,2.977552424586404e-05,-0.02162134537079173,0.1488776212293202
2021-05-14,CL=F,65.37000274658203,0.5266928251425773,0.01279184409610938,2.0924233764662082e-05,0.012770919862344717,0.1046211688233104
2021-05-17,CL=F,66.2699966430664,0.49756068490928196,0.006850260987213364,5.826428046659071e-06,0.006844434559166705,0.029132140233295356
2021-05-18,CL=F,65.48999786376953,0.4905673747321877,-0.005773984802125611,1.3986620354188517e-06,-0.00577538346416103,0.0069933101770942585
2021-05-19,CL=F,63.36000061035156,0.49561803274968963,-0.01611948515706506,1.010131603500386e-06,-0.016120495288668563,0.00505065801750193
2021-05-20,CL=F,62.04999923706055,0.4570985547301185,-0.009450753293205669,7.703895603914224e-06,-0.009458457188809583,0.03851947801957112
2021-05-21,CL=F,63.58000183105469,0.43832453032940855,0.010808020574715896,3.754804880141993e-06,0.010804265769835755,0.018774024400709965
2021-05-24,CL=F,66.05000305175781,0.4226711433746392,0.016420229789635147,3.1306773909538733e-06,0.016417099112244194,0.015653386954769366
2021-05-25,CL=F,66.06999969482422,0.3854842506962712,0.00011670538399300527,7.4373785356736e-06,0.00010926800545733167,0.037186892678368
2021-05-26,CL=F,66.20999908447266,0.39001991026716537,0.0008264348363909263,9.071319141788381e-07,0.0008255277044767474,0.0045356595708941905
2021-05-27,CL=F,66.8499984741211,0.3940139708118743,0.003808619609114234,7.988121089417821e-07,0.003807820797005292,0.003994060544708911
2021-05-28,CL=F,66.31999969482422,0.3995082742540944,-0.0031673732611323608,1.0988606884440256e-06,-0.0031684721218208046,0.0054943034422201276
2021-06-01,CL=F,67.72000122070312,0.41346430931942424,0.008728146360182166,2.791207013065966e-06,0.0087253551531691,0.01395603506532983
2021-06-02,CL=F,68.83000183105469,0.4071938824316045,0.006674327375710695,1.2540853775639516e-06,0.0066730732903331315,0.006270426887819758
2021-06-03,CL=F,68.80999755859375,0.40916386669167354,-0.00011891653716008849,3.9399685201381153e-07,-0.0001193105340121023,0.0019699842600690576
2021-06-04,CL=F,69.62000274658203,0.40928060635096775,0.00481789603618244,2.3347931858841433e-08,0.0048178726882505815,0.00011673965929420715
2021-06-07,CL=F,69.2300033569336,0.41611161494477245,-0.0023309863466222666,1.36620171876094e-06,-0.0023323525483410277,0.006831008593804699
2021-06-08,CL=F,70.05000305175781,0.4134734813798553,0.004897416035087257,5.276267129834311e-07,0.004896888408374273,0.0026381335649171556
2021-06-09,CL=F,69.95999908447266,0.4117813979174383,-0.0005290786274400658,3.384166924834009e-07,-0.0005294170441325492,0.0016920834624170045
2021-06-10,CL=F,70.29000091552734,0.41108305771974923,0.0019390818115831373,1.3966803953781027e-07,0.0019389421435435995,0.0006983401976890513
2021-06-11,CL=F,70.91000366210938,0.4134106856260232,0.0036465465530797977,4.6552558125478875e-07,0.003646081027498543,0.0023276279062739436
2021-06-14,CL=F,70.87999725341797,0.46781962464666454,-0.00019796342019525498,1.0881787804128275e-05,-0.00020884520799938324,0.05440893902064137
2021-06-15,CL=F,72.12000274658203,0.4844703119292853,0.008475534302285093,3.3301374565241516e-06,0.008472204164828568,0.016650687282620757
2021-06-16,CL=F,72.1500015258789,0.4803114662713183,0.00019978864561424604,8.317691315933962e-07,0.00019895687648265265,0.004158845657966981
2021-06-17,CL=F,71.04000091552734,0.49302007963258265,-0.007584928312322412,2.5417226722528663e-06,-0.007587470034994665,0.012708613361264331
2021-06-18,CL=F,71.63999938964844,0.55610426695545,0.004696814573837851,1.2616837464573472e-05,0.004684197736373278,0.06308418732286736
2021-06-21,CL=F,73.66000366210938,0.6216284751208061,0.017527808296001268,1.310484163307122e-05,0.017514703454368195,0.06552420816535609
2021-06-22,CL=F,73.05999755859375,0.6079222074296052,-0.0049519008523764676,2.741253538240174e-06,-0.004954642105914708,0.013706267691200869
2021-06-23,CL=F,73.08000183105469,0.7142207017786302,0.00019555797964766294,2.1259698869804988e-05,0.00017429828077785794,0.10629849434902494
2021-06-24,CL=F,73.30000305175781,0.7141762053924341,0.0021499676114771623,8.899277239216019e-09,0.002149958712199923,4.4496386196080095e-05
2021-06-25,CL=F,74.05000305175781,0.7149069821133225,0.0073148733187144025,1.461553441776786e-07,0.0073147271633702245,0.0007307767208883931
2021-06-28,CL=F,72.91000366210938,0.7140440133989381,-0.010992703658471832,1.7259374287688091e-07,-0.01099287625221471,0.0008629687143844045
2021-06-29,CL=F,72.9800033569336,0.6774411585249444,0.000650400109398958,7.320570974798746e-06,0.0006430795384241593,0.03660285487399373
2021-06-30,CL=F,73.47000122070312,0.7176386542715615,0.004818325450489206,8.039499149323427e-06,0.004810285951339883,0.04019749574661713
2021-07-01,CL=F,75.2300033569336,0.7440374745729045,0.017823703864521274,5.2797640602685996e-06,0.017818424100461003,0.026398820301342996
2021-07-02,CL=F,75.16000366210938,0.6832808729317142,-0.0006357762920402702,1.2151320328238047e-05,-0.0006479276123685083,0.06075660164119023
2021-07-06,CL=F,73.37000274658203,0.6876018729323585,-0.01637583717532106,8.642000001288564e-07,-0.016376701375321188,0.004321000000644282
2021-07-07,CL=F,72.19999694824219,0.6093059359006817,-0.009716388868472462,1.5659187406335364e-05,-0.009732048055878796,0.07829593703167681
2021-07-08,CL=F,72.94000244140625,0.5867434937387784,0.006013759373926697,4.512488432380657e-06,0.006009246885494317,0.022562442161903284
2021-07-09,CL=F,74.55999755859375,0.5815169378844693,0.012915472558304752,1.045311170861818e-06,0.01291442724713389,0.0052265558543090895
2021-07-12,CL=F,74.0999984741211,0.5513654895719169,-0.003401658110484537,6.030289662510491e-06,-0.0034076884001470473,0.030151448312552454
2021-07-13,CL=F,75.25,0.5484286923361952,0.00851138793535422,5.873594471443422e-07,0.008510800575907076,0.002936797235721711
2021-07-14,CL=F,73.12999725341797,0.5375929907572357,-0.015145496570745334,2.1671403157919044e-06,-0.015147663711061125,0.010835701578959522
2021-07-15,CL=F,71.6500015258789,0.4973406212195999,-0.010065117218396012,8.050473907527156e-06,-0.010073167692303538,0.04025236953763578
2021-07-16,CL=F,71.80999755859375,0.4760949165301417,0.00106313044268419,4.249140937891638e-06,0.0010588813017462985,0.02124570468945819
2021-07-19,CL=F,66.41999816894531,0.48781738742116393,-0.036615172118820205,2.3444941782044484e-06,-0.03661751661299841,0.01172247089102224
2021-07-20,CL=F,67.41999816894531,0.33594161534043676,0.005057838370996931,3.0375154416145435e-05,0.005027463216580786,0.15187577208072717
2021-07-21,CL=F,70.30000305175781,0.34762789712400133,0.014849748862498768,2.3372563567129135e-06,0.014847411606142055,0.011686281783564567
2021-07-22,CL=F,71.91000366210938,0.3150966038670966,0.0072162973331911595,6.506258651380948e-06,0.007209791074539779,0.032531293256904736
2021-07-23,CL=F,72.06999969482422,0.3075404645900989,0.000684261600999258,1.511227855399533e-06,0.0006827503731438585,0.007556139276997664
2021-07-26,CL=F,71.91000366210938,0.30760317170714,-0.000682881744582262,1.2541423408218844e-08,-0.0006828942860056703,6.270711704109422e-05
2021-07-27,CL=F,71.6500015258789,0.3091544080303347,-0.0011177972802038191,3.102472646389409e-07,-0.0011181075274684581,0.0015512363231947046
2021-07-28,CL=F,72.38999938964844,0.3118196245558732,0.0032204584946090064,5.330433051076944e-07,0.0032199254513038985,0.002665216525538472
2021-07-29,CL=F,73.62000274658203,0.3103437411139786,0.005273157156955413,2.951766883789175e-07,0.0052728619802670336,0.0014758834418945876
2021-07-30,CL=F,73.94999694824219,0.30724624126454486,0.0013772001401328674,6.194999698867498e-07,0.0013765806401629806,0.003097499849433749
2021-08-02,CL=F,71.26000213623047,0.314564063909535,-0.011442538673182285,1.4635645289980294e-06,-0.011444002237711283,0.007317822644990146
2021-08-03,CL=F,70.55999755859375,0.2991648763481641,-0.002938770370950708,3.079837512274186e-06,-0.0029418502084629823,0.01539918756137093
2021-08-04,CL=F,68.1500015258789,0.3041498058480127,-0.010388319881048894,9.969858999697269e-07,-0.010389316866948863,0.004984929499848634
2021-08-05,CL=F,69.08999633789062,0.2943518049671081,0.004060002397363101,1.9596001761809204e-06,0.00405804279718692,0.0097980008809046
2021-08-06,CL=F,68.27999877929688,0.29321351202389273,-0.0034375776736841374,2.27658588643076e-07,-0.0034378053322727804,0.0011382929432153799
2021-08-09,CL=F,66.4800033569336,0.2997586623321384,-0.007902229491181393,1.3090300616491302e-06,-0.007903538521243042,0.006545150308245651
2021-08-10,CL=F,68.29000091552734,0.2943431277553744,0.008013843497655474,1.083106915352794e-06,0.008012760390740122,0.0054155345767639695
2021-08-11,CL=F,69.25,0.287740002270717,0.004044957315020945,1.3206250969314826e-06,0.0040436366899240135,0.006603125484657413
2021-08-12,CL=F,69.08999633789062,0.29098404538068523,-0.0006723250956867919,6.488086219936463e-07,-0.0006729739043087855,0.003244043109968231
2021-08-13,CL=F,68.44000244140625,0.2946641291701141,-0.0027721797022070053,7.360167578857713e-07,-0.002772915718964891,0.0036800837894288563
2021-08-16,CL=F,67.29000091552734,0.2941923418902192,-0.004943331823596737,9.435745597897727e-08,-0.004943426181052716,0.00047178727989488634
2021-08-17,CL=F,66.58999633789062,0.37977397775968813,-0.003950713616913359,1.711632717389379e-05,-0.003967829944087253,0.08558163586946893
2021-08-18,CL=F,65.45999908447266,0.38237979812309925,-0.006488784282989293,5.211640726822231e-07,-0.006489305447061975,0.0026058203634111154
2021-08-19,CL=F,63.689998626708984,0.4346005674487214,-0.011751347602921899,1.0444153865124428e-05,-0.011761791756787023,0.05222076932562214
2021-08-20,CL=F,62.31999969482422,0.44419217241682185,-0.009554762362758519,1.918320993620093e-06,-0.00955668068375214,0.009591604968100464
2021-08-23,CL=F,65.63999938964844,0.4385776229961788,0.023364531155878263,1.122909884128609e-06,0.023363408245994133,0.005614549420643045
2021-08-24,CL=F,67.54000091552734,0.34853913973608125,0.01008874015059043,1.800769665201951e-05,0.01007073245393841,0.09003848326009756
2021-08-25,CL=F,68.36000061035156,0.33053280750845476,0.004012981901278231,3.6012664455252975e-06,0.004009380634832706,0.018006332227626487
2021-08-26,CL=F,67.41999816894531,0.3297406250374952,-0.004534186509634595,1.5843649419191585e-07,-0.0045343449461287865,0.0007921824709595793
2021-08-27,CL=F,68.73999786376953,-0.3346584526206805,-0.0065521961929260655,0.00013287981553163514,-0.0066850760084577006,0.6643990776581756
2021-08-30,CL=F,69.20999908447266,-0.3271051276339318,-0.0022365407923184226,1.5106649973497422e-06,-0.0022380514573157725,0.007553324986748711
2021-08-31,CL=F,68.5,-0.34496970714831854,0.003538913155412212,3.5729159028773495e-06,0.0035353402395093348,0.017864579514386747
2021-09-01,CL=F,68.58999633789062,-0.3448320123615087,-0.00045304552262763,2.7538957361972207e-08,-0.00045307306158499195,0.00013769478680986103
2021-09-02,CL=F,69.98999786376953,-0.3672950099778031,-0.007496917945344314,4.492599523258889e-06,-0.007501410544867573,0.022462997616294444
2021-09-03,CL=F,69.29000091552734,-0.36267632158471763,0.00362726569592341,9.237376786170982e-07,0.0036263419582447925,0.0046186883930854905
2021-09-07,CL=F,68.3499984741211,-0.3635253630530481,0.004931660041389659,1.6980829366609608e-07,0.004931490233095993,0.0008490414683304803
2021-09-08,CL=F,69.30000305175781,-0.3755136574798963,-0.005219307996123449,2.3976588853696356e-06,-0.005221705655008818,0.011988294426848178
2021-09-09,CL=F,68.13999938964844,-0.3880352155486793,0.006495270580690868,2.5043116137566045e-06,0.006492766269077111,0.012521558068783023
2021-09-10,CL=F,69.72000122070312,-0.38570642837065056,-0.008943599479511722,4.6575743560575145e-07,-0.008944065236947327,0.0023287871780287572
2021-09-13,CL=F,70.44999694824219,-0.3730220356998723,-0.0039056868555815815,2.5368785341556513e-06,-0.0039082237341157375,0.012684392670778255
2021-09-14,CL=F,70.45999908447266,-0.3735854628025459,-5.303978501825331e-05,1.1268542053471943e-07,-5.3152470438788025e-05,0.0005634271026735971
2021-09-15,CL=F,72.61000061035156,-0.3818987960792564,-0.011653179179258016,1.6626666553421044e-06,-0.011654841845913358,0.008313333276710522
2021-09-16,CL=F,72.61000061035156,-0.36949938415969635,-0.0,2.4798823839120134e-06,-2.4798823839120134e-06,0.012399411919560066
2021-09-17,CL=F,71.97000122070312,-0.38000836730822823,0.00334947143773875,2.1017966297063762e-06,0.0033473696411090437,0.01050898314853188
2021-09-20,CL=F,70.29000091552734,-0.40269501950456443,0.00940013539232542,4.53733043926724e-06,0.009395598061886154,0.0226866521963362
2021-09-21,CL=F,70.55999755859375,0.39972447303910674,0.0015354142049557023,0.00016048389850873424,0.001374930306446968,0.8024194925436712
2021-09-22,CL=F,72.2300033569336,0.4868670243839904,0.011523111988014841,1.7428510268976727e-05,0.011505683477745865,0.08714255134488363
2021-09-23,CL=F,73.30000305175781,0.49943491630419923,0.007398521157326747,2.5135783840417705e-06,0.007396007578942705,0.012567891920208851
2021-09-24,CL=F,73.9800033569336,0.49656555001461206,0.004606612707932435,5.738732579174344e-07,0.004606038834674518,0.002869366289587172
2021-09-27,CL=F,75.44999694824219,0.5132124780566225,0.0101976077249276,3.3293856084020913e-06,0.010194278339319197,0.016646928042010456
2021-09-28,CL=F,75.29000091552734,0.5126978104338722,-0.0010872050227818885,1.02933524550064e-07,-0.0010873079563064386,0.00051466762275032
2021-09-29,CL=F,74.83000183105469,0.5103960428955083,-0.003118365116156862,4.6035350767277273e-07,-0.0031188254696645347,0.0023017675383638636
2021-09-30,CL=F,75.02999877929688,0.5165968771989708,0.0013807002055739805,1.2401668606925043e-06,0.0013794600387132879,0.006200834303462521
2021-10-01,CL=F,75.87999725341797,0.5170197299676463,0.0058572036347181835,8.457055373509715e-08,0.005857119064164448,0.0004228527686754857
2021-10-04,CL=F,77.62000274658203,0.5301251349192335,0.012156308384450462,2.621080990317437e-06,0.012153687303460144,0.013105404951587185
2021-10-05,CL=F,78.93000030517578,0.523833726738173,0.008840774012550444,1.2582816362121108e-06,0.008839515730914233,0.006291408181060554
2021-10-06,CL=F,77.43000030517578,0.5436754121511009,-0.010332105854219465,3.968337082585594e-06,-0.010336074191302051,0.019841685412927967
2021-10-07,CL=F,78.30000305175781,0.50610047848017,0.005686540160000471,7.51498673418618e-06,0.005679025173266285,0.0375749336709309
2021-10-08,CL=F,79.3499984741211,0.5377993465000639,0.007211836908892137,6.339773603978771e-06,0.007205497135288158,0.031698868019893855
2021-10-11,CL=F,80.5199966430664,0.5537474278712702,0.008164883290815213,3.189616274241258e-06,0.008161693674540973,0.01594808137120629
2021-10-12,CL=F,80.63999938964844,0.5500271224873291,0.0008197313480485921,7.440610767882161e-07,0.0008189872869718039,0.0037203053839410805
2021-10-13,CL=F,80.44000244140625,0.5512116727644174,-0.0013670715925440276,2.3691005541766065e-07,-0.0013673085025994452,0.0011845502770883032
2021-10-14,CL=F,81.30999755859375,0.5943701541358715,0.006428382846915634,8.631696274290813e-06,0.006419751150641343,0.04315848137145406
2021-10-15,CL=F,82.27999877929688,0.5945234077505045,0.007092466468702033,3.06507229266062e-08,0.0070924358179791066,0.000153253614633031
2021-10-18,CL=F,82.44000244140625,0.6133713576135502,0.0011927766760719146,3.7695899726091445e-06,0.0011890070860993054,0.01884794986304572
2021-10-19,CL=F,82.95999908447266,0.7340358104436746,0.004629987215157186,2.4132890566024878e-05,0.004605854324591161,0.12066445283012439
2021-10-20,CL=F,83.87000274658203,0.7366479110147782,0.00808042796656854,5.22420114220723e-07,0.00807990554645432,0.002612100571103615
2021-10-21,CL=F,82.5,0.7826192098487058,-0.012783956503021393,9.194259766785517e-06,-0.012793150762788178,0.04597129883392759
2021-10-22,CL=F,83.76000213623047,0.6996311922455319,0.010685294506701033,1.6597603520634774e-05,0.010668696903180399,0.08298801760317387
2021-10-25,CL=F,83.76000213623047,0.6888587790731104,0.0,2.1544826344843006e-06,-2.1544826344843006e-06,0.010772413172421502
2021-10-26,CL=F,84.6500015258789,0.7136932413827125,0.007583411330311704,4.9668924619204134e-06,0.0075784444378497835,0.024834462309602068
2021-10-27,CL=F,82.66000366210938,0.7192725580742193,-0.016909046996273904,1.1158633383013595e-06,-0.016910162859612207,0.005579316691506797
2021-10-28,CL=F,82.80999755859375,0.6260798482026545,0.001136077326177357,1.8638541974312963e-05,0.001117438784203044,0.0931927098715648
2021-10-29,CL=F,83.56999969482422,0.6255652354019763,0.005741226050883711,1.0292256013564316e-07,0.005741123128323575,0.0005146128006782158
2021-11-01,CL=F,84.05000305175781,0.6280163928064986,0.003607155412914498,4.902314809044573e-07,0.0036066651814335936,0.002451157404522286
2021-11-02,CL=F,83.91000366210938,0.6682997250055634,-0.0011131653802008757,8.056666439812977e-06,-0.0011212220466406888,0.04028333219906488
2021-11-03,CL=F,80.86000061035156,0.6886497653097999,-0.02503138832224417,4.070008060847296e-06,-0.02503545833030502,0.020350040304236483
2021-11-04,CL=F,78.80999755859375,0.5744504093084992,-0.014563753194124875,2.2839871200260143e-05,-0.014586593065325134,0.11419935600130071
2021-11-05,CL=F,81.2699966430664,0.5293848771740715,0.01652437956508831,9.013106426885554e-06,0.016515366458661425,0.045065532134427766
2021-11-08,CL=F,81.93000030517578,0.48585725615961034,0.003945706676181016,8.705524202892223e-06,0.0039370011519781235,0.043527621014461115
2021-11-09,CL=F,84.1500015258789,0.4928384629699517,0.013354106985565687,1.3962413620682736e-06,0.01335271074420362,0.006981206810341367
2021-11-10,CL=F,81.33999633789062,0.4620192337577872,-0.015428121452980458,6.163845842432903e-06,-0.01543428529882289,0.03081922921216451
2021-11-11,CL=F,81.58999633789062,0.4175436333447812,0.0012833281661652962,8.895120082601205e-06,0.001274433046082695,0.04447560041300602
2021-11-12,CL=F,80.79000091552734,0.4207442673917309,-0.00412542594688981,6.401268093899404e-07,-0.0041260660736992,0.003200634046949702
2021-11-15,CL=F,80.87999725341797,0.4225566803335809,0.0004707086687745869,3.624825883700056e-07,0.0004703461861862169,0.0018124129418500279
2021-11-16,CL=F,80.76000213623047,0.4226829990487745,-0.0006271006148170957,2.5263743038717037e-08,-0.0006271258785601344,0.00012631871519358517
2021-11-17,CL=F,78.36000061035156,0.42444467368260813,-0.01261351953373018,3.523349267667286e-07,-0.012613871868656947,0.001761674633833643
2021-11-18,CL=F,79.01000213623047,0.40616838679205586,0.0033691943481650734,3.655257378110455e-06,0.003365539090786963,0.018276286890552274
2021-11-19,CL=F,76.0999984741211,0.4082314732404762,-0.015035502468026757,4.1261728968406964e-07,-0.015035915085316442,0.002063086448420348
2021-11-22,CL=F,76.75,0.386811558428798,0.0033039173225715463,4.283982962335642e-06,0.0032996333396092107,0.02141991481167821
2021-11-23,CL=F,78.5,0.3831240005632403,0.008735726397207438,7.375115731115378e-07,0.008734988885634327,0.003687557865557689
2021-11-24,CL=F,78.38999938964844,0.3713624938133387,-0.0005203834519891095,2.3523013499803238e-06,-0.0005227357533390898,0.011761506749901618
2021-11-26,CL=F,68.1500015258789,0.3810962018294506,-0.04978217021315069,1.9467416032223794e-06,-0.04978411695475391,0.009733708016111897
2021-11-29,CL=F,69.94999694824219,0.22098101011311097,0.005836607450137324,3.202303834326793e-05,0.005804584411794056,0.16011519171633962
2021-11-30,CL=F,66.18000030517578,0.2168006197518535,-0.011684598203542066,8.360780722514949e-07,-0.011685434281614317,0.004180390361257474
2021-12-01,CL=F,65.56999969482422,0.20953871861852846,-0.0019313802608065336,1.4523802266650065e-06,-0.0019328326410331985,0.007261901133325033
2021-12-02,CL=F,66.5,0.2099007531827307,0.0029770896053851166,7.240691284044476e-08,0.002977017198472276,0.0003620345642022238
2021-12-03,CL=F,66.26000213623047,0.2102186339778375,-0.0007586770387854126,6.357615902136127e-08,-0.000758740614944434,0.00031788079510680634
2021-12-06,CL=F,69.48999786376953,0.21128374025295962,0.010299510357884154,2.1302125502442593e-07,0.01029929733662913,0.0010651062751221296
2021-12-07,CL=F,72.05000305175781,0.20472890211634545,0.007542194094989982,1.3109676273228343e-06,0.0075408831273626594,0.006554838136614172
2021-12-08,CL=F,72.36000061035156,0.19877935998559731,0.0008552548741753523,1.1899084261496274e-06,0.0008540649657492027,0.005949542130748137
2021-12-09,CL=F,70.94000244140625,0.20230367901303503,-0.003970022821258983,7.048638054875434e-07,-0.003970727685064471,0.0035243190274377167
2021-12-10,CL=F,71.66999816894531,-0.2043357863800329,-0.002102681786118679,8.132789307861359e-05,-0.002184009679197293,0.40663946539306794
2021-12-13,CL=F,71.29000091552734,-0.20366050597927446,0.0010798163091815447,1.350560801516909e-07,0.001079681253101393,0.0006752804007584545
2021-12-14,CL=F,70.7300033569336,-0.2037248351777727,0.0016003003066257181,1.2865839699649495e-08,0.0016002874407860185,6.432919849824748e-05
2021-12-15,CL=F,70.87000274658203,-0.20388180318538082,-0.0004035533246383988,3.139360152162318e-08,-0.0004035847182399204,0.0001569680076081159
2021-12-16,CL=F,72.37999725341797,-0.20372485246736657,-0.004340671598838367,3.139014360284964e-08,-0.004340702988981969,0.0001569507180142482
2021-12-17,CL=F,70.86000061035156,-0.20361046471323746,0.004275866739449167,2.287755082582277e-08,0.004275843861898341,0.00011438775412911384
2021-12-20,CL=F,68.2300033569336,-0.2030959451458476,0.00753798720453123,1.0290391347796969e-07,0.007537884300617752,0.0005145195673898484
2021-12-21,CL=F,71.12000274658203,-0.20302866879713616,-0.00859962919590318,1.3455269742290721e-08,-0.008599642651172922,6.72763487114536e-05
2021-12-22,CL=F,72.76000213623047,-0.1961368310314246,-0.004522838452710469,1.3783675531423123e-06,-0.0045242168202636115,0.0068918377657115615
2021-12-23,CL=F,73.79000091552734,-0.1960925993772511,-0.002775908906785855,8.846330834699768e-09,-0.0027759177531166894,4.4231654173498836e-05
2021-12-27,CL=F,75.56999969482422,-0.19517559100847606,-0.004708121824545602,1.8340167375500705e-07,-0.004708305226219357,0.0009170083687750352
2021-12-28,CL=F,75.9800033569336,-0.29635893808836083,-0.001607890041097797,2.0236669415976956e-05,-0.001628126710513774,0.10118334707988477
2021-12-29,CL=F,76.55999755859375,-0.3017289266739078,-0.0023032511215075927,1.0739977171093984e-06,-0.002304325119224702,0.005369988585546992
2021-12-30,CL=F,76.98999786376953,-0.3569634087855995,-0.002004890015793416,1.1046896422338337e-05,-0.0020159369122157546,0.055234482111691685
2021-12-31,CL=F,75.20999908447266,-0.3628349419204033,0.008388696864849455,1.1743066269607529e-06,0.008387522558222494,0.005871533134803764
2022-01-03,CL=F,76.08000183105469,-0.34571255307495496,-0.003999080898342875,3.4244777690896624e-06,-0.004002505376111965,0.01712238884544831
2022-01-04,CL=F,76.98999786376953,-0.3472651137627276,-0.004153652316230121,3.1051213755453057e-07,-0.004153962828367675,0.0015525606877726528
2022-01-05,CL=F,77.8499984741211,-0.3851683565385326,-0.004302442276948363,7.580648555160996e-06,-0.004310022925503524,0.03790324277580498
2022-01-06,CL=F,79.45999908447266,-0.41264372637577307,-0.008533804294724315,5.495073967448094e-06,-0.008539299368691763,0.02747536983724047
2022-01-07,CL=F,78.9000015258789,-0.40478281793369564,0.0028527232873812565,1.572181688415486e-06,0.002851151105692841,0.00786090844207743
2022-01-10,CL=F,78.2300033569336,-0.41901328896651047,0.003558151215995013,2.8460942065629657e-06,0.00355530512178845,0.014230471032814829
2022-01-11,CL=F,81.22000122070312,-0.41411283592009324,-0.01582764210185707,9.80090609283446e-07,-0.015828622192466356,0.00490045304641723
2022-01-12,CL=F,82.63999938964844,-0.3876359131694455,-0.006777176540816715,5.2953845501295454e-06,-0.006782471925366845,0.026476922750647724
2022-01-13,CL=F,82.12000274658203,0.3909725201349882,-0.00246012100076169,0.00015572168666088673,-0.002615842687422577,0.7786084333044336
2022-01-14,CL=F,83.81999969482422,0.38673926067908987,0.008006034351323257,8.466518911796617e-07,0.008005187699432077,0.004233259455898308
2022-01-18,CL=F,85.43000030517578,0.3871514043674679,0.007436339770931471,8.242873767561054e-08,0.007436257342193795,0.0004121436883780527
2022-01-19,CL=F,86.95999908447266,0.40803150626765083,0.007307593401311811,4.176020380036583e-06,0.007303417380931774,0.020880101900182912
2022-01-20,CL=F,86.9000015258789,0.4982480789065682,-0.0003437634386286278,1.8043314527783474e-05,-0.00036180675315641126,0.09021657263891736
2022-01-21,CL=F,85.13999938964844,0.5500249590676008,-0.01113975933188873,1.0355376032206532e-05,-0.011150114707920938,0.05177688016103266
2022-01-24,CL=F,83.30999755859375,0.507187370201591,-0.010901501324999646,8.567517773201971e-06,-0.010910068842772848,0.04283758886600986
2022-01-25,CL=F,85.5999984741211,0.46830765162135274,0.012872704145827123,7.77594371604765e-06,0.012864928202111076,0.038879718580238254
2022-01-26,CL=F,87.3499984741211,0.4625179418298502,0.009455682390542829,1.1579419583005124e-06,0.009454524448584528,0.005789709791502562
2022-01-27,CL=F,86.61000061035156,0.45469174974156285,-0.003851985453463662,1.5652384176574663e-06,-0.0038535506918813195,0.007826192088287331
2022-01-28,CL=F,86.81999969482422,0.44550454676928375,0.0010801933528536718,1.8374405944558192e-06,0.001078355912259216,0.009187202972279096
2022-01-31,CL=F,88.1500015258789,0.4449550814874249,0.006816298954106597,1.0989305637176817e-07,0.006816189061050225,0.0005494652818588408
2022-02-01,CL=F,88.19999694824219,0.48174829960349735,0.0002732298275048627,7.35864362321449e-06,0.00026587118388164823,0.036793218116072446
2022-02-02,CL=F,88.26000213623047,0.47987656380533544,0.0003264748800298148,3.7434715963238223e-07,0.0003261005328701824,0.001871735798161911
2022-02-03,CL=F,90.2699966430664,0.47885545020764464,0.010905243611938596,2.0422271953816074e-07,0.010905039389219058,0.0010211135976908037
2022-02-04,CL=F,92.30999755859375,0.4683905914058876,0.010585103254967204,2.0929717603514032e-06,0.010583010283206852,0.010464858801757015
2022-02-07,CL=F,91.31999969482422,0.46598884520750317,-0.004997594773015013,4.803492396768916e-07,-0.00499807512225469,0.002401746198384458
2022-02-08,CL=F,89.36000061035156,0.4607243765700761,-0.009888516855993418,1.0528937274854156e-06,-0.009889569749720904,0.005264468637427078
2022-02-09,CL=F,89.66000366210938,0.4379719693850573,0.0014703774228116545,4.550481437003762e-06,0.0014658269413746507,0.022752407185018808
2022-02-10,CL=F,89.87999725341797,0.48180088752307726,0.001182167111450459,8.765783627603995e-06,0.001173401327822855,0.04382891813801998
2022-02-11,CL=F,93.0999984741211,0.48973811617286284,0.01754514219059452,1.5874457299571155e-06,0.017543554744864562,0.007937228649785577
2022-02-14,CL=F,95.45999908447266,0.45355048318426483,0.011497093820443402,7.2375265977196015e-06,0.011489856293845684,0.036187632988598006
2022-02-15,CL=F,92.06999969482422,0.447425312776093,-0.01588907973780751,1.2250340816343686e-06,-0.015890304771889144,0.006125170408171843
2022-02-16,CL=F,93.66000366210938,0.3989426189771415,0.006889544357503102,9.696538759790297e-06,0.0068798478187433116,0.04848269379895148
2022-02-17,CL=F,91.76000213623047,0.39942969743185197,-0.008102893496991101,9.741569094209313e-08,-0.008102990912682044,0.0004870784547104656
2022-02-18,CL=F,91.06999969482422,0.38506067565846547,-0.0028955187457321715,2.873804354677301e-06,-0.002898392550086849,0.014369021773386503
2022-02-22,CL=F,92.3499984741211,0.39643753500598006,0.005571972796481264,2.275371869502918e-06,0.005569697424611762,0.01137685934751459
2022-02-23,CL=F,92.0999984741211,0.41327051152181477,-0.0011187615548191676,3.366595303166942e-06,-0.0011221281501223345,0.016832976515834708
2022-02-24,CL=F,92.80999755859375,0.4286609509270483,0.003304548184036044,3.0780878810467094e-06,0.003301470096154997,0.015390439405233547
2022-02-25,CL=F,91.58999633789062,0.43825368494922257,-0.005760909866182705,1.918546804434851e-06,-0.00576282841298714,0.009592734022174254
2022-02-28,CL=F,95.72000122070312,0.4335539122832022,0.019549949189716552,9.399545332040683e-07,0.019549009235183348,0.004699772666020341
2022-03-01,CL=F,103.41000366210938,0.38365117643608687,0.030821964540507896,9.980547169423072e-06,0.03081198399333847,0.049902735847115354
2022-03-02,CL=F,110.5999984741211,0.2952349308037787,0.020527391409247225,1.768324912646163e-05,0.020509708160120765,0.08841624563230815
2022-03-03,CL=F,107.66999816894531,0.2627183708930763,-0.006959899796672358,6.503311982140481e-06,-0.006966403108654498,0.0325165599107024
2022-03-04,CL=F,115.68000030517578,0.2529411691792189,0.018817306026949865,1.955440342771486e-06,0.018815350586607094,0.00977720171385743
2022-03-07,CL=F,119.4000015258789,0.22965404639238404,0.007385142899942195,4.657424557366968e-06,0.007380485475384829,0.02328712278683484
2022-03-08,CL=F,123.69999694824219,0.2282355230182603,0.00821952840583921,2.837046748247474e-07,0.008219244701164386,0.0014185233741237369
2022-03-09,CL=F,108.69999694824219,0.22921823524612617,-0.027795259608054103,1.9654244557317236e-07,-0.027795456150499675,0.0009827122278658618
2022-03-10,CL=F,106.0199966430664,0.17194611035411247,-0.004239334325301126,1.1454424978402738e-05,-0.004250788750279529,0.05727212489201369
2022-03-11,CL=F,109.33000183105469,0.1694139333983218,0.005289200303918503,5.064353911581332e-07,0.005288693868527345,0.002532176955790666
2022-03-14,CL=F,103.01000213623047,0.16860132756384635,-0.009746275687409703,1.62521166895091e-07,-0.009746438208576598,0.000812605834475455
2022-03-15,CL=F,96.44000244140625,0.16142310214130778,-0.010295599551618266,1.435645084507714e-06,-0.010297035196702773,0.00717822542253857
2022-03-16,CL=F,95.04000091552734,0.15431904269487204,-0.0022402207566953928,1.420811889287149e-06,-0.0022416415685846797,0.007104059446435745
2022-03-17,CL=F,102.9800033569336,0.1561937645432068,0.013049019990096378,3.749443696669519e-07,0.013048645045726712,0.0018747218483347594
2022-03-18,CL=F,104.69999694824219,0.1469301538984739,0.0024540582136070017,1.8527221289465823e-06,0.002452205491478055,0.009263610644732911
2022-03-21,CL=F,112.12000274658203,0.1478431266569477,0.010477525205483427,1.8259455169476468e-07,0.010477342610931733,0.0009129727584738234
2022-03-22,CL=F,111.76000213623047,0.14324160875265596,-0.0004599274466238618,9.203035808583504e-07,-0.00046084775020472014,0.004601517904291752
2022-03-23,CL=F,114.93000030517578,0.1429755262309493,0.004055405759599311,5.3216504341330184e-08,0.00405535254309497,0.0002660825217066509
2022-03-24,CL=F,112.33999633789062,0.14289199931273738,-0.0032201413393421045,1.670538364238472e-08,-0.003220158044725747,8.35269182119236e-05
2022-03-25,CL=F,113.9000015258789,0.14143144738888033,0.001963982542849075,2.9211038477141017e-07,0.0019636904324643037,0.0014605519238570508
2022-03-28,CL=F,105.95999908447266,0.1421968390498267,-0.009912583266817147,1.5307833218927147e-07,-0.009912736345149336,0.0007653916609463574
2022-03-29,CL=F,104.23999786376953,0.13628203756704038,-0.002212205294455949,1.1829602965572616e-06,-0.002213388254752506,0.005914801482786308
2022-03-30,CL=F,107.81999969482422,0.14265128103223973,0.004899192802796636,1.2738486930398697e-06,0.004897918954103596,0.006369243465199348
2022-03-31,CL=F,100.27999877929688,0.14743916814949337,-0.010310623872920817,9.575774234507284e-07,-0.010311581450344267,0.004787887117253642
2022-04-01,CL=F,99.2699966430664,0.14200604754188065,-0.0014302594048750273,1.0866241215225448e-06,-0.0014313460289965497,0.005433120607612724
2022-04-04,CL=F,103.27999877929688,0.15039448089744104,0.006075170847889149,1.6776866711120776e-06,0.006073493161218037,0.008388433355560387
2022-04-05,CL=F,101.95999908447266,0.14936555356252068,-0.001909009367255144,2.0578546698407087e-07,-0.001909215152722128,0.0010289273349203543
2022-04-06,CL=F,96.2300033569336,0.15210758617166292,-0.008548213286740212,5.484065218284485e-07,-0.00854876169326204,0.002742032609142242
2022-04-07,CL=F,96.02999877929688,0.1717891488682661,-0.0003570468145421059,3.936312539320636e-06,-0.00036098312708142654,0.019681562696603178
2022-04-08,CL=F,98.26000213623047,0.17267994781711216,0.004009964263274546,1.781597897692111e-07,0.004009786103484777,0.0008907989488460555
2022-04-11,CL=F,94.29000091552734,0.17382267039790303,-0.007022961517025108,2.285445161581745e-07,-0.007023190061541266,0.0011427225807908725
2022-04-12,CL=F,100.5999984741211,0.17755136602434018,0.011881945861282472,7.457391252874313e-07,0.011881200122157185,0.0037286956264371562
2022-04-13,CL=F,104.25,0.17640452556487207,0.0064003657778321085,2.2936809189362252e-07,0.006400136409740215,0.0011468404594681125
2022-04-14,CL=F,106.94999694824219,0.17481966306937496,0.004527698386379266,3.1697249909942163e-07,0.004527381413880167,0.001584862495497108
2022-04-18,CL=F,108.20999908447266,0.19028930295450705,0.002241841375091555,3.093927977026417e-06,0.0022387474471145287,0.015469639885132086
2022-04-19,CL=F,102.55999755859375,0.19063673018096008,-0.00995377345461549,6.948544529060686e-08,-0.00995384294006078,0.00034742722645303425
2022-04-20,CL=F,102.75,0.19853695508614766,0.0003678091563348421,1.580044981037515e-06,0.0003662291113538046,0.007900224905187575
2022-04-21,CL=F,103.79000091552734,0.19843621152915553,0.002008504541743045,2.0148711398426667e-08,0.0020084843930316463,0.00010074355699213333
2022-04-22,CL=F,102.06999969482422,0.20138945439393816,-0.0033374130873766008,5.906485729565258e-07,-0.0033380037359495573,0.002953242864782629
2022-04-25,CL=F,98.54000091552734,0.202046043790623,-0.0069875799948574705,1.3131787933696738e-07,-0.0069877113127368076,0.0006565893966848368
2022-04-26,CL=F,101.69999694824219,0.20029798242228977,0.006423186766131706,3.4961227366664405e-07,0.006422837153858039,0.0017480613683332202
2022-04-27,CL=F,102.0199966430664,0.21186842340583548,0.0006666453575928629,2.314088196709141e-06,0.0006643312693961537,0.011570440983545704
2022-04-28,CL=F,105.36000061035156,0.21278035401659695,0.006966156145468533,1.823861221522949e-07,0.006965973759346381,0.0009119306107614744
2022-04-29,CL=F,104.69000244140625,0.21324217611906762,-0.0013560351814163871,9.236442049413429e-08,-0.0013561275458368813,0.00046182210247067146
2022-05-02,CL=F,105.16999816894531,0.23817088174163986,0.001091995443635426,4.985741124514448e-06,0.0010870097025109115,0.02492870562257224
2022-05-03,CL=F,102.41000366210938,0.23917665299555413,-0.006276754396921329,2.0115425078285343e-07,-0.006276955551172112,0.0010057712539142671
2022-05-04,CL=F,107.80999755859375,0.2435630801667937,0.012842877641613083,8.772854342479153e-07,0.012842000356178836,0.004386427171239576
2022-05-05,CL=F,108.26000213623047,0.2297047984595384,0.0009587998622829955,2.771656341451062e-06,0.0009560282059415445,0.01385828170725531
2022-05-06,CL=F,109.7699966430664,0.2524401061425918,0.0035209972848580275,4.5470615366106865e-06,0.003516450223321417,0.02273530768305343
2022-05-09,CL=F,103.08999633789062,0.25262514741379277,-0.015373381738422454,3.70082542401895e-08,-0.015373418746676694,0.0001850412712009475
2022-05-10,CL=F,99.76000213623047,0.22832981312500264,-0.007375467851219079,4.859066857758027e-06,-0.007380326918076837,0.024295334288790132
2022-05-11,CL=F,105.70999908447266,0.23173819198523196,0.013821586864246163,6.816757720458644e-07,0.013820905188474116,0.003408378860229322
2022-05-12,CL=F,106.12999725341797,0.23665406168056838,0.0009402542185236901,9.831739390672834e-07,0.0009392710445846228,0.004915869695336417
2022-05-13,CL=F,110.48999786376953,0.2436781126029937,0.010010710893937723,1.404810184485067e-06,0.010009306083753238,0.0070240509224253345
2022-05-16,CL=F,114.19999694824219,0.2377980292103855,0.00798470891227361,1.1760166785216408e-06,0.007983532895595087,0.005880083392608204
2022-05-17,CL=F,112.4000015258789,0.23282932771110157,-0.0036698050374015688,9.937402998567879e-07,-0.0036707987777014257,0.0049687014992839396
2022-05-18,CL=F,109.58999633789062,0.24988296308673935,-0.0062470855260794225,3.4107270751275567e-06,-0.00625049625315455,0.017053635375637782
2022-05-19,CL=F,112.20999908447266,0.2442328970665771,0.005838953211999282,1.1300132040324486e-06,0.005837823198795249,0.005650066020162242
2022-05-20,CL=F,113.2300033569336,0.24198605287184427,0.002199686389975133,4.4936883894656776e-07,0.0021992370211361867,0.002246844194732839
2022-05-23,CL=F,110.29000091552734,0.2448280770460831,-0.006356929461277854,5.684048348477633e-07,-0.006357497866112702,0.0028420241742388164
2022-05-24,CL=F,109.7699966430664,0.2489319791049171,-0.0011736847548478736,8.207804117668028e-07,-0.0011745055352596404,0.004103902058834014
2022-05-25,CL=F,110.33000183105469,0.25325584565752873,0.0012920159587663691,8.647733105223266e-07,0.0012911511854558468,0.004323866552611633
2022-05-26,CL=F,114.08999633789062,0.2532612510785826,0.008631024173352597,1.0810842107744635e-09,0.008631023092268387,5.405421053872317e-06
2022-05-27,CL=F,115.06999969482422,0.25271021195694837,0.0021707149092699413,1.1020782432684673e-07,0.0021706047014456143,0.0005510391216342336
2022-05-31,CL=F,114.66999816894531,0.25349340675986265,-0.000881183190867314,1.5663896058285554e-07,-0.0008813398298278969,0.0007831948029142777
2022-06-01,CL=F,115.26000213623047,0.2529864024458189,0.001301674226002157,1.0140086280875371e-07,0.001301572825139348,0.0005070043140437686
2022-06-02,CL=F,116.87000274658203,0.26047122270457224,0.0036383725469458514,1.496964051750671e-06,0.003636875582894101,0.007484820258753355
2022-06-03,CL=F,118.87000274658203,0.27904870646729735,0.0047753692121044935,3.7154967525450224e-06,0.0047716537153519485,0.01857748376272511
2022-06-06,CL=F,118.5,0.27760611767901683,-0.0008640954289215273,2.885177576561038e-07,-0.0008643839466791833,0.0014425887882805188
2022-06-07,CL=F,119.41000366210938,0.2778577626507065,0.0021337686207397663,5.03289943379337e-08,0.0021337182917454283,0.0002516449716896685
2022-06-08,CL=F,122.11000061035156,0.33233669087949413,0.007514513220371592,1.0895785645757528e-05,0.007503617434725835,0.05447892822878764
2022-06-09,CL=F,121.51000213623047,0.35983331876976715,-0.0017680733856411748,5.499325578054603e-06,-0.0017735727112192295,0.027496627890273018
2022-06-10,CL=F,120.66999816894531,0.42176312077806183,-0.0029156669284799742,1.2385960401658936e-05,-0.0029280528888816332,0.061929802008294677
2022-06-13,CL=F,120.93000030517578,0.4159219762237826,0.0008961680945082823,1.168228910855851e-06,0.0008949998655974265,0.005841144554279254
2022-06-14,CL=F,118.93000030517578,0.4616795477672533,-0.007635484108197664,9.151514308694143e-06,-0.007644635622506358,0.04575757154347071
2022-06-15,CL=F,115.30999755859375,0.48547004683445694,-0.014776783809085385,4.758099813440731e-06,-0.014781541908898826,0.023790499067203652
2022-06-16,CL=F,117.58999633789062,0.45257847271777396,0.008948732869482792,6.578314823336595e-06,0.008942154554659456,0.032891574116682976
2022-06-17,CL=F,109.55999755859375,0.47253260964952776,-0.03226835952745927,3.99082738635076e-06,-0.032272350354845616,0.019954136931753796
2022-06-21,CL=F,110.6500015258789,0.3475881518638102,0.0034581277195652217,2.4988891557143513e-05,0.0034331388280080784,0.12494445778571756
2022-06-22,CL=F,106.19000244140625,0.3472588314174428,-0.013997054214541626,6.586408927348186e-08,-0.013997120078630899,0.0003293204463674093
2022-06-23,CL=F,104.2699966430664,0.33163335958803686,-0.005996213943805986,3.125094365881187e-06,-0.005999339038171867,0.015625471829405935
2022-06-24,CL=F,107.62000274658203,0.3276797984935091,0.010527758322556922,7.907122189055538e-07,0.010526967610338016,0.003953561094527769
2022-06-27,CL=F,109.56999969482422,0.31203936765166984,0.00565392862965246,3.12808616836785e-06,0.005650800543484092,0.015640430841839248
2022-06-28,CL=F,111.76000213623047,0.3243783113716964,0.006483428820131751,2.467788744005317e-06,0.006480961031387746,0.012338943720026585
2022-06-29,CL=F,109.77999877929688,0.3191480419063199,-0.00565420707099683,1.046053893075305e-06,-0.005655253124889905,0.005230269465376525
2022-06-30,CL=F,105.76000213623047,0.315537139747376,-0.011554547792420305,7.22180431788777e-07,-0.011555269972852094,0.003610902158943885
2022-07-01,CL=F,108.43000030517578,0.30178634236189633,0.007618844225069578,2.7501594770959373e-06,0.007616094065592482,0.013750797385479685
2022-07-05,CL=F,99.5,0.295659471748297,-0.024349711016411132,1.225374122719869e-06,-0.024350936390533852,0.0061268706135993445
2022-07-06,CL=F,98.52999877929688,0.24928277841290056,-0.0024301969785003124,9.275338667079286e-06,-0.0024394723171673916,0.04637669333539643
2022-07-07,CL=F,102.7300033569336,0.24947342399318323,0.010634218367515479,3.812911605653447e-08,0.010634180238399422,0.0001906455802826723
2022-07-08,CL=F,104.79000091552734,0.23514514735154243,0.004715257603723733,2.8656553283281597e-06,0.0047123919483954045,0.014328276641640797
2022-07-11,CL=F,104.08999633789062,0.23597509827157687,-0.0015763302562764056,1.659901840068867e-07,-0.0015764962464604126,0.0008299509200344335
2022-07-12,CL=F,95.83999633789062,0.23600235048964663,-0.018705153809586934,5.450443613952416e-09,-0.018705159260030548,2.725221806976208e-05
2022-07-13,CL=F,96.30000305175781,0.21190073212983784,0.0010170676458442257,4.820323671961757e-06,0.0010122473221722639,0.024101618359808785
2022-07-14,CL=F,95.77999877929688,0.2115884802764664,-0.0011425432010437671,6.245037067428849e-08,-0.0011426056514144414,0.00031225185337144246
2022-07-15,CL=F,97.58999633789062,-0.21164205483529655,-0.003999494752869554,8.46461070223526e-05,-0.004084140859891907,0.42323053511176295
2022-07-18,CL=F,102.5999984741211,-0.2103819349667321,-0.010800430199405507,2.520239737128893e-07,-0.01080068222337922,0.0012601198685644466
2022-07-19,CL=F,104.22000122070312,-0.20025608290027358,-0.0031619435588980914,2.025170413291705e-06,-0.003163968729311383,0.010125852066458524
2022-07-20,CL=F,102.26000213623047,-0.21488195630488868,0.004041147886146925,2.9251746809230207e-06,0.004038222711466002,0.014625873404615103
2022-07-21,CL=F,96.3499984741211,-0.21442206867661845,0.012392286178790369,9.197752565404671e-08,0.012392194201264714,0.00045988762827023355
2022-07-22,CL=F,94.69999694824219,-0.2078972130345124,0.003560256607840567,1.3049711284212118e-06,0.0035589516367121455,0.006524855642106059
2022-07-25,CL=F,96.69999694824219,-0.20799838140703958,-0.004392785387748649,2.0233674505437672e-08,-0.004392805621423155,0.00010116837252718835
2022-07-26,CL=F,94.9800033569336,-0.21074101036883505,0.0037484301830361545,5.485257923590947e-07,0.003747881657243795,0.0027426289617954736
2022-07-27,CL=F,97.26000213623047,-0.2124495259893918,-0.005099859368268298,3.417031241113478e-07,-0.005100201071392409,0.0017085156205567387
2022-07-28,CL=F,96.41999816894531,-0.2114996562069813,0.001826655833756466,1.8997395648209794e-07,0.0018264658597999838,0.0009498697824104896
2022-07-29,CL=F,98.62000274658203,-0.21203783472396082,-0.004838044139012806,1.0763570339590301e-07,-0.004838151774716202,0.000538178516979515
2022-08-01,CL=F,93.88999938964844,-0.21332352922917827,0.010231403176491034,2.5713890104349103e-07,0.01023114603758999,0.001285694505217455
2022-08-02,CL=F,94.41999816894531,-0.20928554994881288,-0.0011813940432251894,8.075958560730789e-07,-0.0011822016390812624,0.004037979280365395
2022-08-03,CL=F,90.66000366210938,-0.23845453895641675,0.00949574003382168,5.8337978015207736e-06,0.00948990623602016,0.029168989007603868
2022-08-04,CL=F,88.54000091552734,-0.2309960564361417,0.005401635278103457,1.4916965040550068e-06,0.005400143581599402,0.007458482520275034
2022-08-05,CL=F,89.01000213623047,-0.24237937987315347,-0.001286634326131706,2.276664687402352e-06,-0.0012889109908191085,0.01138332343701176
2022-08-08,CL=F,90.76000213623047,-0.24613119541376013,-0.004839114499905807,7.503631081213324e-07,-0.004839864863013929,0.0037518155406066622
2022-08-09,CL=F,90.5,-0.2416258375836072,0.0006921907499067278,9.010715660305868e-07,0.0006912896783406973,0.004505357830152934
2022-08-10,CL=F,91.93000030517578,-0.28595141183892686,-0.004518349239724986,8.865114851063932e-06,-0.00452721435457605,0.04432557425531966
2022-08-11,CL=F,94.33999633789062,-0.28317103787926395,-0.007423486082925056,5.560747919325815e-07,-0.007424042157716988,0.0027803739596629073
2022-08-12,CL=F,92.08999633789062,-0.2761674549780242,0.006586567710634801,1.4007165802479515e-06,0.006585166994054553,0.007003582901239758
2022-08-15,CL=F,89.41000366210938,-0.2753608999535588,0.008013521820159256,1.6131100489308327e-07,0.008013360509154363,0.0008065550244654163
2022-08-16,CL=F,86.52999877929688,-0.30170154293785845,0.009718173372375379,5.268128596859934e-06,0.009712905243778519,0.026340642984299667
2022-08-17,CL=F,88.11000061035156,-0.30115832725796676,-0.0054990259472741726,1.0864313597833686e-07,-0.005499134590410151,0.0005432156798916843
2022-08-18,CL=F,90.5,-0.2945285014720615,-0.007989137826309296,1.3259651571810527e-06,-0.007990463791466477,0.006629825785905263
2022-08-19,CL=F,90.7699966430664,-0.31644292121381995,-0.0009440721154680767,4.38288394835169e-06,-0.0009484549994164285,0.02191441974175845
2022-08-22,CL=F,90.2300033569336,-0.31911588240331207,0.0018984294411043244,5.345922378984236e-07,0.001897894848866426,0.002672961189492118
2022-08-23,CL=F,93.73999786376953,-0.3271823852252467,-0.012727566575955883,1.6133005643869215e-06,-0.01272917987652027,0.008066502821934607
2022-08-24,CL=F,94.88999938964844,-0.30766387058858335,-0.0037744178440122424,3.903702927332664e-06,-0.003778321546939575,0.01951851463666332
2022-08-25,CL=F,92.5199966430664,-0.3134402943810549,0.00782858429076581,1.1552847584943127e-06,0.007827429006007317,0.005776423792471563
2022-08-26,CL=F,93.05999755859375,-0.3068485321943636,-0.001790947841820923,1.318352437338266e-06,-0.0017922661942582614,0.00659176218669133
2022-08-29,CL=F,97.01000213623047,-0.3141902065604049,-0.013336049717611684,1.4683348732082659e-06,-0.013337518052484893,0.007341674366041329
2022-08-30,CL=F,91.63999938964844,-0.3202817672387702,0.017729243705582848,1.218312135673061e-06,0.017728025393447176,0.006091560678365304
2022-08-31,CL=F,89.55000305175781,-0.2834861866347397,0.0064653546033972545,7.359116120806109e-06,0.006457995487276449,0.03679558060403054
2022-09-01,CL=F,86.61000061035156,-0.29447427903675694,0.009667839975382507,2.1976184804034516e-06,0.009665642356902104,0.010988092402017258
2022-09-02,CL=F,86.87000274658203,-0.2888187009771443,-0.0008670301201728514,1.1311156119225286e-06,-0.0008681612357847739,0.005655578059612643
2022-09-06,CL=F,86.87999725341797,-0.28906063782490726,-3.325680245650729e-05,4.838736955259382e-08,-3.330518982605989e-05,0.0002419368477629691
2022-09-07,CL=F,81.94000244140625,-0.2938223608960528,0.016706733245464418,9.523446142291059e-07,0.01670578090085019,0.004761723071145529
2022-09-08,CL=F,83.54000091552734,-0.2662866821930176,-0.0051996372039683665,5.507135740607039e-06,-0.005205144339708974,0.027535678703035193
2022-09-09,CL=F,86.79000091552734,-0.26493555819218373,-0.010306925481066872,2.70224800166774e-07,-0.010307195705867038,0.0013511240008338699
2022-09-12,CL=F,87.77999877929688,-0.2576869711972042,-0.0029393887350545214,1.449717398995909e-06,-0.0029408384524535172,0.0072485869949795445
2022-09-13,CL=F,87.30999755859375,-0.25948680396098495,0.0013893724802235977,3.5996655275615245e-07,0.0013890125136708416,0.001799832763780762
2022-09-14,CL=F,88.4800033569336,-0.2654422995524887,-0.0035570843922272367,1.1910991183007535e-06,-0.0035582754913455372,0.005955495591503768
2022-09-15,CL=F,85.0999984741211,-0.2730476559475682,0.010430632632553663,1.5210712790158955e-06,0.010429111561274646,0.007605356395079477
2022-09-16,CL=F,85.11000061035156,-0.2634590114951969,-3.0965369816337376e-05,1.9177288904742574e-06,-3.2883098706811635e-05,0.009588644452371287
2022-09-19,CL=F,85.7300033569336,-0.2704790385995102,-0.001970364770555138,1.404005420862664e-06,-0.0019717687759760005,0.00702002710431332
2022-09-20,CL=F,84.44999694824219,-0.26990755471642136,0.004029900691276515,1.1429677661777272e-07,0.004029786394499897,0.0005714838830888636
2022-09-21,CL=F,82.94000244140625,-0.2687164920674888,0.004804741759396548,2.3821252978650787e-07,0.004804503546866761,0.0011910626489325393
2022-09-22,CL=F,83.48999786376953,-0.28427134418427735,-0.0018850727442510295,3.1109704233577066e-06,-0.0018881837146743873,0.015554852116788531
2022-09-23,CL=F,78.73999786376953,-0.2860249091894572,0.016272827325577093,3.5071300103597384e-07,0.016272476612576057,0.001753565005179869
2022-09-26,CL=F,76.70999908447266,-0.2660418964729899,0.006858835912294263,3.996602543293459e-06,0.00685483930975097,0.019983012716467297
2022-09-27,CL=F,78.5,-0.26523308260230605,-0.006189120927552798,1.6176277413677554e-07,-0.0061892826903269344,0.0008088138706838777
2022-09-28,CL=F,82.1500015258789,-0.27960503284588967,-0.013000749000393858,2.874390048716724e-06,-0.013003623390442575,0.01437195024358362
2022-09-29,CL=F,81.2300033569336,-0.2736030503566229,0.0030640815662876263,1.200396497853351e-06,0.003062881169789773,0.006001982489266755
2022-09-30,CL=F,79.48999786376953,-0.27618260073831347,0.00591603130052048,5.159100763381108e-07,0.005915515390444141,0.002579550381690554
2022-10-03,CL=F,83.62999725341797,-0.28113443100935415,-0.014642048107518915,9.90366054208136e-07,-0.014643038473573124,0.00495183027104068
2022-10-04,CL=F,86.5199966430664,-0.25608358753549987,-0.008849473107525797,5.010168694770856e-06,-0.008854483276220569,0.02505084347385428
2022-10-05,CL=F,87.76000213623047,-0.24746190350742664,-0.0035466265788700064,1.7243368056146458e-06,-0.003548350915675621,0.008621684028073229
2022-10-06,CL=F,88.44999694824219,-0.2729101426856713,-0.002145699384853921,5.089647835648936e-06,-0.00215078903268957,0.02544823917824468
2022-10-07,CL=F,92.63999938964844,-0.27504373457868425,-0.01302921378338255,4.267183786025863e-07,-0.013029640501761152,0.0021335918930129316
2022-10-10,CL=F,91.12999725341797,-0.2691220198583681,0.004386602197432681,1.1843429440632325e-06,0.004385417854488618,0.005921714720316162
2022-10-11,CL=F,89.3499984741211,-0.266599318517458,0.0052073573556994076,5.045402681820189e-07,0.005206852815431226,0.002522701340910094
2022-10-12,CL=F,87.2699966430664,-0.2632854120378712,0.006129089518533938,6.627812959173585e-07,0.006128426737238021,0.0033139064795867923
2022-10-13,CL=F,89.11000061035156,-0.2600714712957135,-0.005483356908090608,6.42788148431539e-07,-0.005483999696239039,0.003213940742157695
2022-10-14,CL=F,85.61000061035156,-0.2694759662654335,0.010584287683412411,1.8808989939440025e-06,0.010582406784418467,0.009404494969720012
2022-10-17,CL=F,85.45999908447266,-0.2561686294211687,0.000448845754252176,2.6614673688529656e-06,0.000446184286883323,0.013307336844264828
2022-10-18,CL=F,82.81999969482422,-0.25647024476770663,0.007922786062523512,6.032306930758846e-08,0.007922725739454205,0.0003016153465379423
2022-10-19,CL=F,85.55000305175781,-0.2512643967123282,-0.008282451690777032,1.0411696110756875e-06,-0.008283492860388108,0.005205848055378437
2022-10-20,CL=F,85.9800033569336,-0.24660334738240836,-0.001239503341310795,9.322098659839685e-07,-0.001240435551176779,0.004661049329919842
2022-10-21,CL=F,85.05000305175781,-0.24668445860136007,0.002668255557388121,1.622224379034254e-08,0.0026682393351443305,8.11112189517127e-05
2022-10-24,CL=F,84.58000183105469,-0.27263148753980554,0.0015066093750500927,5.189405787689094e-06,0.0015014199692624036,0.02594702893844547
2022-10-25,CL=F,85.31999969482422,-0.2802683395515036,-0.002452092315682581,1.527370402339612e-06,-0.002453619686084921,0.007636852011698059
2022-10-26,CL=F,87.91000366210938,-0.28345485555133093,-0.008604655450657764,6.373031999654667e-07,-0.008605292753857728,0.003186515999827333
2022-10-27,CL=F,89.08000183105469,-0.29517752471162517,-0.0039285308729348585,2.3445338320588485e-06,-0.003930875406766917,0.011722669160294241
2022-10-28,CL=F,87.9000015258789,-0.2970017129835377,0.003934240062354024,3.648376543825105e-07,0.003933875224699642,0.0018241882719125524
2022-10-31,CL=F,86.52999877929688,-0.3013064221738471,0.00469613900768186,8.609418380618795e-07,0.004695278065843798,0.004304709190309397
2022-11-01,CL=F,88.37000274658203,-0.3281302260025327,-0.006977475166396141,5.36476076573712e-06,-0.006982839927161878,0.0268238038286856
2022-11-02,CL=F,90.0,-0.33949007737002296,-0.006261942700880949,2.2719702734980474e-06,-0.006264214671154447,0.011359851367490237
2022-11-03,CL=F,88.16999816894531,-0.3374000335715444,0.00686047421370932,4.180087596957094e-07,0.006860056204949625,0.002090043798478547
2022-11-04,CL=F,92.61000061035156,-0.330918852357243,-0.01666417764417074,1.2962362428602826e-06,-0.0166654738804136,0.0064811812143014125
2022-11-07,CL=F,91.79000091552734,-0.3264033372775855,0.002890083524384613,9.031030159314946e-07,0.0028891804213686816,0.004515515079657473
2022-11-08,CL=F,88.91000366210938,-0.32939212480298563,0.010334986439352267,5.97757505080021e-07,0.010334388681847188,0.002988787525400105
2022-11-09,CL=F,85.83000183105469,-0.3202399092875359,0.011093684246497704,1.8304431030899516e-06,0.011091853803394613,0.009152215515449758
2022-11-10,CL=F,86.47000122070312,-0.31125887113667705,-0.0023209307153720716,1.7962076301717645e-06,-0.0023227269230022434,0.008981038150858822
2022-11-11,CL=F,88.95999908447266,-0.31685309771768727,-0.009124130048663625,1.118845316202044e-06,-0.009125248893979827,0.00559422658101022
2022-11-14,CL=F,85.87000274658203,-0.3282889082201771,0.01140300735847824,2.287162100497964e-06,0.011400720196377742,0.011435810502489818
2022-11-15,CL=F,86.91999816894531,-0.30993444891599314,-0.0037897955302840713,3.6708918608367893e-06,-0.003793466422144908,0.018354459304183945
2022-11-16,CL=F,85.58999633789062,-0.32301328672230617,0.004942571006048989,2.615767561262605e-06,0.004939955238487726,0.013078837806313026
2022-11-17,CL=F,81.63999938964844,-0.33400499459623784,0.015414403152260971,2.1983415747863333e-06,0.015412204810686185,0.010991707873931666
2022-11-18,CL=F,80.08000183105469,-0.3054847209049434,0.005837278568865705,5.704054738258891e-06,0.005831574514127446,0.02852027369129445
2022-11-21,CL=F,79.7300033569336,-0.3029367294668617,0.0013240183646888817,5.095982876163419e-07,0.0013235087664012653,0.0025479914380817092
2022-11-22,CL=F,80.94999694824219,-0.3030009087121363,-0.004636387197108245,1.2835849054926296e-08,-0.0046364000329573,6.417924527463148e-05
2022-11-23,CL=F,77.94000244140625,-0.30071460738590383,0.01118158555256809,4.5726026524649523e-07,0.011181128292302844,0.002286301326232476
2022-11-25,CL=F,76.27999877929688,-0.3016582332741595,0.00642486215364192,1.8872517765113895e-07,0.006424673428464269,0.0009436258882556947
2022-11-28,CL=F,77.23999786376953,-0.30380635038554493,-0.0038234638554590196,4.296234222770812e-07,-0.0038238934788812967,0.002148117111385406
2022-11-29,CL=F,78.19999694824219,-0.2998049222334885,-0.003726209979603663,8.002856304112905e-07,-0.003727010265234074,0.004001428152056452
2022-11-30,CL=F,80.55000305175781,-0.2972960794529023,-0.008934112896807367,5.017685561172325e-07,-0.008934614665363485,0.0025088427805861624
2022-12-01,CL=F,81.22000122070312,-0.2913835791546518,-0.0024236679962495165,1.1825000596501046e-06,-0.0024248504963091666,0.005912500298250523
2022-12-02,CL=F,79.9800033569336,-0.29539340518881935,0.004509815142829316,8.019652068335104e-07,0.004509013177622482,0.004009826034167552
2022-12-05,CL=F,76.93000030517578,-0.2969057880339558,0.011322374613399149,3.0247656902728795e-07,0.011322072136830121,0.0015123828451364396
2022-12-06,CL=F,74.25,-0.32699807026754246,0.011391588777232139,6.018456446717335e-06,0.011385570320785422,0.030092282233586676
2022-12-07,CL=F,72.01000213623047,-0.31768693261364644,0.009584081486896464,1.8622275307792037e-06,0.009582219259365685,0.009311137653896018
2022-12-08,CL=F,71.45999908447266,-0.31838512232647886,0.0024317842482849115,1.3963794256648399e-07,0.002431644610342345,0.0006981897128324199
2022-12-09,CL=F,71.0199966430664,-0.32762895338636416,0.002017317957070871,1.8487662119770598e-06,0.002015469190858894,0.009243831059885299
2022-12-12,CL=F,73.16999816894531,-0.3318312358319924,-0.010045588525703173,8.404564891256517e-07,-0.0100464289821923,0.004202282445628258
2022-12-13,CL=F,75.38999938964844,-0.3300032861277051,-0.010012405581150857,3.655899408574692e-07,-0.010012771171091714,0.001827949704287346
2022-12-14,CL=F,77.27999877929688,-0.3190449974842307,-0.007998340037105502,2.1916577286948737e-06,-0.008000531694834197,0.010958288643474368
2022-12-15,CL=F,76.11000061035156,-0.3104528382536123,0.004700171558464217,1.7184318461236804e-06,0.004698453126618094,0.008592159230618401
2022-12-16,CL=F,74.29000091552734,-0.31049375719486294,0.007424760725368045,8.183788250126779e-09,0.007424752541579795,4.091894125063389e-05
2022-12-19,CL=F,75.19000244140625,-0.3296185778759341,-0.0039932321899376,3.824964136214238e-06,-0.003997057154073814,0.019124820681071186
2022-12-20,CL=F,76.08999633789062,-0.3294572267729996,-0.003943469658475323,3.2270220586905206e-08,-0.0039435019286959095,0.00016135110293452604
2022-12-21,CL=F,78.29000091552734,-0.32629641379517194,-0.009434270450323995,6.32162595565533e-07,-0.00943490261291956,0.003160812977827665
2022-12-22,CL=F,77.48999786376953,-0.3168614165404994,0.0032378349374425235,1.8869994509345124e-06,0.0032359479379915892,0.009434997254672561
2022-12-23,CL=F,79.55999755859375,-0.33567042172647105,-0.008966804615956534,3.7618010371943347e-06,-0.008970566416993729,0.018809005185971672
2022-12-27,CL=F,79.52999877929688,-0.3332461977078113,0.0001256533363917811,4.848448037319542e-07,0.00012516849158804912,0.0024242240186597708
2022-12-28,CL=F,78.95999908447266,-0.33496479645216054,0.002400727205899186,3.437197488698529e-07,0.002400383486150316,0.0017185987443492645
2022-12-29,CL=F,78.4000015258789,-0.3358730291626118,0.002382067863594206,1.8164654209025244e-07,0.0023818862170521156,0.0009082327104512622
2022-12-30,CL=F,80.26000213623047,-0.35123861711611837,-0.008332959559948136,3.073117590701313e-06,-0.008336032677538838,0.015365587953506565
2023-01-03,CL=F,76.93000030517578,-0.3418416917335311,0.014183072876964584,1.8793850765174592e-06,0.014181193491888067,0.009396925382587296
2023-01-04,CL=F,72.83999633789062,-0.3192145943403886,0.016971128975540525,4.52541947862849e-06,0.016966603556061898,0.022627097393142448
2023-01-05,CL=F,73.66999816894531,-0.30204816092121833,-0.0034417976281651873,3.4332866838340584e-06,-0.0034452309148490213,0.01716643341917029
2023-01-06,CL=F,73.7699966430664,-0.3144359496739984,-0.00042681031570147686,2.4775577505560145e-06,-0.00042928787345203285,0.012387788752780071
2023-01-09,CL=F,74.62999725341797,-0.3282374896636905,-0.0038265481130067237,2.760307997938416e-06,-0.003829308421004662,0.01380153998969208
2023-01-10,CL=F,75.12000274658203,-0.32820646107958806,-0.0021549373541423825,6.20571682048432e-09,-0.002154943559859203,3.10285841024216e-05
2023-01-11,CL=F,77.41000366210938,-0.3292164320676403,-0.010036021076634517,2.0199419761044447e-07,-0.010036223070832127,0.0010099709880522223
2023-01-12,CL=F,78.38999938964844,-0.3290364277084242,-0.0041655377613268995,3.600087184322254e-08,-0.004165573762198743,0.00018000435921611269
2023-01-13,CL=F,79.86000061035156,-0.339947144480487,-0.006374827417422392,2.182143354412569e-06,-0.006377009560776805,0.010910716772062845
2023-01-17,CL=F,80.18000030517578,-0.34434498818679693,-0.0013797932668652996,8.795687412619824e-07,-0.0013806728356065617,0.004397843706309912
2023-01-18,CL=F,79.4800033569336,-0.3499027347648008,0.0030547623545112926,1.1115493156007794e-06,0.003053650805195692,0.005557746578003897
2023-01-19,CL=F,80.33000183105469,-0.3615864543151277,-0.003866984416828195,2.3367439100653755e-06,-0.0038693211607382606,0.011683719550326876
2023-01-20,CL=F,81.30999755859375,-0.3620477124944949,-0.004416845553621437,9.225163587344154e-08,-0.004416937805257311,0.0004612581793672077
2023-01-23,CL=F,81.62000274658203,-0.3619661088771737,-0.0013800439674960308,1.6320723464247067e-08,-0.0013800602882194952,8.160361732123533e-05
2023-01-24,CL=F,80.12999725341797,-0.37684059776174006,0.006879374440302071,2.974897776913277e-06,0.006876399542525158,0.014874488884566384
2023-01-25,CL=F,80.1500015258789,-0.3708431750011619,-9.258015933207894e-05,1.1994845521156373e-06,-9.377964388419458e-05,0.005997422760578186
2023-01-26,CL=F,81.01000213623047,-0.38622272048983225,-0.004144126874977716,3.0759090977340755e-06,-0.0041472027840754495,0.015379545488670376
2023-01-27,CL=F,79.68000030517578,-0.38381839266355583,0.006301433793033973,4.80865565255284e-07,0.006300952927468718,0.00240432782627642
2023-01-30,CL=F,77.9000015258789,-0.3781431682596763,0.00844746956982573,1.1350448807759039e-06,0.008446334524944955,0.00567522440387952
2023-01-31,CL=F,78.87000274658203,-0.3677713916178306,-0.004579444054188783,2.0743553283691375e-06,-0.0045815184095171525,0.010371776641845687
2023-02-01,CL=F,76.41000366210938,-0.3771857721466498,0.01176463321724787,1.882876105763831e-06,0.011762750341142107,0.009414380528819155
2023-02-02,CL=F,75.87999725341797,-0.3958622475485991,0.00274583847800261,3.735295080389867e-06,0.0027421031829222204,0.018676475401949333
2023-02-03,CL=F,73.38999938964844,-0.5083828447956891,0.01668255460382643,2.2504119449417995e-05,0.01666005048437701,0.11252059724708996
2023-02-06,CL=F,74.11000061035156,-0.45742849681420605,-0.004487656067988471,1.0190869596296603e-05,-0.004497846937584767,0.05095434798148302
2023-02-07,CL=F,77.13999938964844,-0.45363506844077645,-0.01854693958037581,7.586856746859216e-07,-0.018547698266050495,0.003793428373429608
2023-02-08,CL=F,78.47000122070312,-0.4033406252583879,-0.0069541583403795295,1.0058888636477714e-05,-0.0069642172290160075,0.05029444318238857
2023-02-09,CL=F,78.05999755859375,-0.39746139077321135,0.002076725159029382,1.1758468970353043e-06,0.0020755493121323468,0.005879234485176521
2023-02-10,CL=F,79.72000122070312,-0.4213441471377049,-0.008960195351427303,4.776551272898711e-06,-0.008964971902700201,0.02388275636449355
2023-02-13,CL=F,80.13999938964844,-0.4125219995479052,-0.002173337704550685,1.7644295179599425e-06,-0.002175102134068645,0.008822147589799711
2023-02-14,CL=F,79.05999755859375,-0.42224614606747957,0.0056903745243547755,1.9448293039148745e-06,0.005688429695050861,0.009724146519574373
2023-02-15,CL=F,78.58999633789062,-0.417009491668943,0.002479066230478147,1.047330879707309e-06,0.0024780188995984394,0.005236654398536544
2023-02-16,CL=F,78.48999786376953,-0.4182287577645066,0.0005321572663039775,2.4385321911271074e-07,0.0005319134130848648,0.0012192660955635537
2023-02-17,CL=F,76.33999633789062,-0.42243529222352044,0.01157136638533284,8.413068918027734e-07,0.011570525078441037,0.0042065344590138665
2023-02-21,CL=F,76.16000366210938,-0.4085088105519113,0.0009631726148637205,2.7852963343218296e-06,0.0009603873185293987,0.013926481671609148
2023-02-22,CL=F,73.94999694824219,-0.4099366946612485,0.011895520009180515,2.855768218674393e-07,0.011895234432358648,0.0014278841093371963
2023-02-23,CL=F,75.38999938964844,-0.3974987451957068,-0.007740354119802919,2.487589893108333e-06,-0.007742841709696027,0.012437949465541664
2023-02-24,CL=F,76.31999969482422,-0.3842428833168074,-0.00473996553441174,2.651172375779887e-06,-0.00474261670678752,0.013255861878899433
2023-02-27,CL=F,75.68000030517578,-0.3831035461826655,0.0032126053027970005,2.2786742682837649e-07,0.003212377435370172,0.0011393371341418823
2023-02-28,CL=F,77.05000305175781,-0.3870440045980054,-0.007006492431410725,7.880916830679818e-07,-0.007007280523093793,0.003940458415339909
2023-03-01,CL=F,77.69000244140625,-0.3885886146468514,-0.0032277283108120974,3.0892200976919694e-07,-0.003228037232821867,0.0015446100488459846
2023-03-02,CL=F,78.16000366210938,-0.3909169855234453,-0.002364930552398655,4.656741753187754e-07,-0.0023653962265739736,0.002328370876593877
2023-03-03,CL=F,79.68000030517578,-0.4188236728907891,-0.008144966056844722,5.581337473468762e-06,-0.00815054739431819,0.027906687367343808
2023-03-06,CL=F,80.45999908447266,-0.4117156514046434,-0.004030342674235417,1.4216042972291399e-06,-0.004031764278532646,0.007108021486145699
2023-03-07,CL=F,77.58000183105469,-0.45803069929085344,0.01639481942516373,9.26300957724201e-06,0.016385556415586488,0.04631504788621005
2023-03-08,CL=F,76.66000366210938,-0.4051810483870642,0.004804921549489114,1.0569930180757848e-05,0.004794351619308356,0.052849650903789236
2023-03-09,CL=F,75.72000122070312,-0.45373090448365117,0.005563633414837768,9.709971219317394e-06,0.005553923443618451,0.04854985609658696
2023-03-10,CL=F,76.68000030517578,-0.4621578988800387,-0.005859365460302434,1.6853988792775111e-06,-0.0058610508591817115,0.008426994396387555
2023-03-13,CL=F,74.80000305175781,-0.45472302431763995,0.011148644149462419,1.486974912479755e-06,0.01114715717454994,0.007434874562398774
2023-03-14,CL=F,71.33000183105469,-0.45574737809537386,0.021142298045481574,2.0487075554678215e-07,0.021142093174726026,0.0010243537777339107
2023-03-15,CL=F,67.61000061035156,-0.3989936380580477,0.02080831042377072,1.1350748007465228e-05,0.020796959675763255,0.05675374003732614
2023-03-16,CL=F,68.3499984741211,-0.3523138243415241,-0.0038561081945809577,9.335962743304726e-06,-0.0038654441573242626,0.04667981371652363
2023-03-17,CL=F,66.73999786376953,-0.3462465716542318,0.00815592105545569,1.2134505374584603e-06,0.008154707604918232,0.006067252687292302
2023-03-20,CL=F,67.63999938964844,-0.34215763360040397,-0.004614060566199802,8.177876107655635e-07,-0.004614878353810568,0.0040889380538278175
2023-03-21,CL=F,69.33000183105469,-0.3423692034332418,-0.008554180882400187,4.231396656756425e-08,-0.008554223196366754,0.00021156983283782127
2023-03-22,CL=F,70.9000015258789,-0.3276201173993796,-0.007419060590661952,2.949817206772443e-06,-0.007422010407868725,0.014749086033862213
2023-03-23,CL=F,69.95999908447266,-0.32771725927068757,0.004344922668202901,1.9428374261598602e-08,0.004344903239828639,9.714187130799301e-05
2023-03-24,CL=F,69.26000213623047,-0.3336814884111756,0.0033387082136851465,1.1928458280976106e-06,0.0033375153678570487,0.005964229140488053
2023-03-27,CL=F,72.80999755859375,-0.3375189704523306,-0.01729989551126162,7.674964082309943e-07,-0.01730066300766985,0.0038374820411549715
2023-03-28,CL=F,73.19999694824219,-0.2969755139185286,-0.0015907193112532842,8.108691306760396e-06,-0.0015988280025600447,0.04054345653380198
2023-03-29,CL=F,72.97000122070312,-0.30104600030065937,0.000945892032083443,8.140972764261512e-07,0.0009450779348070168,0.004070486382130756
2023-03-30,CL=F,74.37000274658203,-0.30245261325291184,-0.005802852034761926,2.813225904504946e-07,-0.005803133357352376,0.0014066129522524728
2023-03-31,CL=F,75.66999816894531,-0.29776063434192546,-0.005204887015044253,9.383957821972767e-07,-0.005205825410826451,0.004691978910986383
2023-04-03,CL=F,80.41999816894531,-0.2987044043852232,-0.01875044211924006,1.8875400865955295e-07,-0.01875063087324872,0.0009437700432977647
2023-04-04,CL=F,80.70999908447266,-0.2611927205243584,-0.0009418817434192624,7.5023367721729685e-06,-0.0009493840801914354,0.03751168386086484
2023-04-05,CL=F,80.61000061035156,-0.2726362741043635,0.00033779224023981026,2.288710716001019e-06,0.00033550352952380926,0.011443553580005095
2023-04-06,CL=F,80.69999694824219,-0.27438100979314334,-0.0003063303049391404,3.489471377559728e-07,-0.0003066792520768964,0.0017447356887798637
2023-04-10,CL=F,79.73999786376953,-0.27653425305725476,0.003289623789336162,4.306486528222853e-07,0.0032891931406833397,0.0021532432641114263
2023-04-11,CL=F,81.52999877929688,-0.2753787972479123,-0.006181694411789614,2.3109116186849077e-07,-0.006181925502951483,0.0011554558093424538
2023-04-12,CL=F,83.26000213623047,-0.279362127180521,-0.005927847725482078,7.966659865217385e-07,-0.0059286443914686,0.003983329932608692
2023-04-13,CL=F,82.16000366210938,-0.30757784874096133,0.004063597833386082,5.643144312088067e-06,0.004057954689073994,0.028215721560440332
2023-04-14,CL=F,82.5199966430664,-0.3597340504142663,-0.0015762138192321308,1.0431240334660997e-05,-0.0015866450595667918,0.05215620167330498
2023-04-17,CL=F,80.83000183105469,-0.35915202731494966,0.007355369456825535,1.1640461986333063e-07,0.007355253052205672,0.0005820230993166531
2023-04-18,CL=F,80.86000061035156,-0.36318016843056977,-0.00013478858679876664,8.05628223124022e-07,-0.00013559421502189065,0.00402814111562011
2023-04-19,CL=F,79.16000366210938,0.3617706282387086,-0.007605849113618849,0.00014499015933385566,-0.0077508392729527045,0.7249507966692783
2023-04-20,CL=F,77.29000091552734,0.3507644188652179,-0.008286134365038857,2.2012418746981346e-06,-0.008288335606913555,0.011006209373490672
2023-04-21,CL=F,77.87000274658203,0.34039110871167344,0.0025543726741998445,2.0746620307088958e-06,0.0025522980121691356,0.01037331015354448
2023-04-24,CL=F,78.76000213623047,0.3462432718945559,0.0039573171925894116,1.1704326365764907e-06,0.003956146759952835,0.005852163182882453
2023-04-25,CL=F,77.06999969482422,0.35054802178803685,-0.007521927330921083,8.609499786961906e-07,-0.00752278828089978,0.0043047498934809525
2023-04-26,CL=F,74.30000305175781,0.38180194345250473,-0.013722461474859613,6.250784332893578e-06,-0.013728712259192507,0.03125392166446789
2023-04-27,CL=F,74.76000213623047,0.3511415216730315,0.002173953860774529,6.132084355894652e-06,0.0021678217764186346,0.030660421779473257
2023-04-28,CL=F,76.77999877929688,0.35102977541925867,0.009484737128165754,2.2349250754560846e-08,0.009484714778915,0.00011174625377280423
2023-05-01,CL=F,75.66000366210938,0.34483351806969237,-0.005030110219079366,1.2392514699132607e-06,-0.005031349470549279,0.006196257349566303
2023-05-02,CL=F,71.66000366210938,0.3453117911744407,-0.018255975387819,9.565462094967004e-08,-0.01825607104243995,0.00047827310474835016
2023-05-03,CL=F,68.5999984741211,0.3821995373733919,-0.01632057643652756,7.377549239790238e-06,-0.016327953985767352,0.03688774619895119
2023-05-04,CL=F,68.55999755859375,0.35609721117715737,-0.00020764161487835773,5.220465239246908e-06,-0.00021286208011760463,0.026102326196234538
2023-05-05,CL=F,71.33999633789062,0.3559175028410782,0.014431888253539863,3.594166721583303e-08,0.014431852311872648,0.00017970833607916514
2023-05-08,CL=F,73.16000366210938,0.3193690890321724,0.00814766065328354,7.309682761781156e-06,0.008140350970521758,0.03654841380890578
2023-05-09,CL=F,73.70999908447266,0.3075466268228373,0.00231204522210042,2.364492441867028e-06,0.002309680729658553,0.011822462209335138
2023-05-10,CL=F,72.55999755859375,-0.3151742294322472,0.004917254772305993,0.00012454417125101693,0.004792710601054976,0.6227208562550846
2023-05-11,CL=F,70.87000274658203,-0.324079937166822,0.007548145409552119,1.781141546914955e-06,0.007546364268005204,0.008905707734574775
2023-05-12,CL=F,70.04000091552734,-0.32070545960943614,0.0037559772596157427,6.748955114771694e-07,0.0037553023641042657,0.0033744775573858465
2023-05-15,CL=F,71.11000061035156,-0.3224953579211988,-0.004926755140595819,3.5797966235253667e-07,-0.004927113120258172,0.0017898983117626832
2023-05-16,CL=F,70.86000061035156,-0.3179814377274014,0.0011179209499300468,9.027840387594855e-07,0.0011170181658912873,0.004513920193797427
2023-05-17,CL=F,72.83000183105469,-0.31848847570209254,-0.008854398539496225,1.0140759493822982e-07,-0.008854499947091162,0.0005070379746911491
2023-05-18,CL=F,71.86000061035156,-0.3074132340089132,0.00409434580189442,2.215048338635872e-06,0.004092130753555784,0.01107524169317936
2023-05-19,CL=F,71.55000305175781,-0.3113850706047315,0.0013432870978309424,7.94367319163658e-07,0.0013424927305117787,0.00397183659581829
2023-05-22,CL=F,71.98999786376953,-0.31303073079596716,-0.0019249740276157939,3.2913203824713744e-07,-0.001925303159654041,0.0016456601912356872
2023-05-23,CL=F,72.91000366210938,-0.31486786258185523,-0.0040238959283532445,3.674263571776138e-07,-0.004024263354710422,0.0018371317858880687
2023-05-24,CL=F,74.33999633789062,-0.3158083305633521,-0.0061939867915682505,1.8809359629937684e-07,-0.0061941748851645495,0.0009404679814968842
2023-05-25,CL=F,71.83000183105469,-0.3272252443406363,0.011048340143304745,2.283382755456842e-06,0.011046056760549289,0.01141691377728421
2023-05-26,CL=F,72.66999816894531,-0.3122877558332691,-0.0036519638672014676,2.987497701473441e-06,-0.0036549513649029412,0.014937488507367203
2023-05-30,CL=F,69.45999908447266,-0.32143117493000445,0.014198345992076956,1.8286838193470656e-06,0.01419651730825761,0.009143419096735328
2023-05-31,CL=F,68.08999633789062,-0.3010480854615415,0.0059377585570365,4.076617893692591e-06,0.0059336819391428075,0.020383089468462956
2023-06-01,CL=F,70.0999984741211,-0.33132352538846105,-0.009780599642118377,6.0550879853839115e-06,-0.009786654730103761,0.030275439926919556
2023-06-02,CL=F,71.73999786376953,-0.3463181763932124,-0.008102162771354442,2.9989302009502673e-06,-0.008105161701555392,0.014994651004751336
2023-06-05,CL=F,72.1500015258789,-0.33833636075619844,-0.001933637455610475,1.596363127402789e-06,-0.0019352338187378776,0.007981815637013945
2023-06-06,CL=F,71.73999786376953,-0.3669571912690982,0.002085291601882151,5.724166102579953e-06,0.002079567435779571,0.028620830512899764
2023-06-07,CL=F,72.52999877929688,-0.38111043035841524,-0.004196788372811155,2.8306478178634076e-06,-0.004199619020629018,0.014153239089317038
2023-06-08,CL=F,71.29000091552734,-0.3794359840167761,0.0064869683928961116,3.348892683278315e-07,0.006486633503627784,0.0016744463416391575
2023-06-09,CL=F,70.16999816894531,-0.3783189389364247,0.005943585990339191,2.2340901607027509e-07,0.005943362581323121,0.0011170450803513754
2023-06-12,CL=F,67.12000274658203,-0.3853364769026276,0.01674895997279278,1.4035075932405829e-06,0.01674755646519954,0.007017537966202914
2023-06-13,CL=F,69.41999816894531,-0.3490684658166286,-0.011961499413235696,7.253602217199806e-06,-0.011968753015452896,0.03626801108599903
2023-06-14,CL=F,68.2699966430664,-0.3319134452320151,0.005498429538237805,3.431004116922698e-06,0.005494998534120882,0.01715502058461349
2023-06-15,CL=F,70.62000274658203,-0.3283096278591521,-0.011301152296018297,7.207634745726055e-07,-0.01130187305949287,0.0036038173728630274
2023-06-16,CL=F,71.77999877929688,-0.32183532387380565,-0.0052864299683021785,1.294860797069286e-06,-0.005287724829099248,0.00647430398534643
2023-06-20,CL=F,70.5,-0.3200523654411049,0.005707253330211106,3.565916865401531e-07,0.005706896738524566,0.0017829584327007653
2023-06-21,CL=F,72.52999877929688,-0.3158850131047983,-0.009095690652495296,8.334704672613214e-07,-0.009096524122962557,0.004167352336306607
2023-06-22,CL=F,69.51000213623047,-0.30557281382754603,0.012723409451303602,2.0624398554504485e-06,0.01272134701144815,0.010312199277252243
2023-06-23,CL=F,69.16000366210938,-0.2884474454998781,0.0014523976792753437,3.4250736655335847e-06,0.00144897260560981,0.017125368327667922
2023-06-26,CL=F,69.37000274658203,-0.29373689187847585,-0.0008919097036445133,1.057889275719548e-06,-0.0008929675929202328,0.00528944637859774
2023-06-27,CL=F,67.69999694824219,-0.30496824947351375,0.007341772016225191,2.246271519007581e-06,0.007339525744706183,0.011231357595037905
2023-06-28,CL=F,69.55999755859375,-0.3015953031695186,-0.00828607789160371,6.745892607990301e-07,-0.00828675248086451,0.00337294630399515
2023-06-29,CL=F,69.86000061035156,-0.31425006362337377,-0.0013553188816989852,2.5309520907710325e-06,-0.0013578498337897562,0.012654760453855163
2023-06-30,CL=F,70.63999938964844,-0.32006519874255845,-0.0035735823380112445,1.1630270238369378e-06,-0.0035747453650350814,0.005815135119184689
2023-07-03,CL=F,69.79000091552734,-0.33070325049487703,0.003979293045530834,2.1276103504637156e-06,0.00397716543518037,0.010638051752318578
2023-07-05,CL=F,71.79000091552734,-0.33754833053093675,-0.009673257661638401,1.369016007211943e-06,-0.009674626677645614,0.006845080036059714
2023-07-06,CL=F,71.80000305175781,-0.324634214189617,-4.522963635586284e-05,2.5828232682639454e-06,-4.7812459624126786e-05,0.012914116341319726
2023-07-07,CL=F,73.86000061035156,-0.3251476414962247,-0.009328737036151715,1.026854613215389e-07,-0.009328839721613037,0.0005134273066076944
2023-07-10,CL=F,72.98999786376953,-0.31544536170591764,0.0037156556839000204,1.940455958061416e-06,0.003713715227941959,0.009702279790307078
2023-07-11,CL=F,74.83000183105469,-0.3177735390273578,-0.008010749275536235,4.656354642880278e-07,-0.008011214911000524,0.002328177321440139
2023-07-12,CL=F,75.75,-0.31520428396117645,-0.0038752820659113804,5.138510132362662e-07,-0.0038757959169246166,0.0025692550661813307
2023-07-13,CL=F,76.88999938964844,-0.35210846636738813,-0.005299055270612106,7.380836481242337e-06,-0.005306436107093348,0.03690418240621168
2023-07-14,CL=F,75.41999816894531,-0.3668119471749775,0.007012797690154484,2.940696161517875e-06,0.007009856993992966,0.014703480807589375
2023-07-17,CL=F,74.1500015258789,-0.36429042608240014,0.006134283074225502,5.043042185154723e-07,0.006133778770006987,0.0025215210925773612
2023-07-18,CL=F,75.75,-0.375321362357344,-0.0080986324304689,2.2061872549887673e-06,-0.008100838617723888,0.011030936274943837
2023-07-19,CL=F,75.3499984741211,-0.3715123977317599,0.0019617891217905636,7.61792925116811e-07,0.0019610273288654468,0.003808964625584055
2023-07-20,CL=F,75.62999725341797,-0.38012215140149125,-0.0014125247582145067,1.7219507339462649e-06,-0.001414246708948453,0.008609753669731324
2023-07-21,CL=F,77.06999969482422,-0.3973142378336504,-0.007564901405044878,3.4384172864318278e-06,-0.007568339822331309,0.017192086432159137
2023-07-24,CL=F,78.73999786376953,-0.4596936380429835,-0.009960912635881895,1.2475880041866628e-05,-0.009973388515923762,0.062379400209333136
2023-07-25,CL=F,79.62999725341797,-0.4544750984460707,-0.005136938928131834,1.0437079193825638e-06,-0.005137982636051217,0.005218539596912819
2023-07-26,CL=F,78.77999877929688,0.45425956923927596,-0.004848925706721887,0.00018174693353706936,-0.005030672640258957,0.9087346676853467
2023-07-27,CL=F,80.08999633789062,0.4842000163530721,0.008051546701220182,5.988089422759225e-06,0.008045558611797423,0.02994044711379612
2023-07-28,CL=F,80.58000183105469,0.5007315581961307,0.0030635688017958632,3.306308368611721e-06,0.0030602624934272515,0.016531541843058606
2023-07-31,CL=F,81.80000305175781,0.5011318674544625,0.007587260810809059,8.00618516663576e-08,0.007587180748957392,0.000400309258331788
2023-08-01,CL=F,81.37000274658203,0.49862221922247213,-0.002621121007751391,5.019296463980694e-07,-0.002621622937397789,0.002509648231990347
2023-08-02,CL=F,79.48999786376953,0.511044793521133,-0.011807382017029515,2.4845148597321676e-06,-0.011809866531889247,0.012422574298660838
2023-08-03,CL=F,81.55000305175781,0.4898144287548831,0.012693675827188248,4.246072953249969e-06,0.012689429754234998,0.021230364766249843
2023-08-04,CL=F,82.81999969482422,0.4718811938562478,0.007348712565261961,3.5866469797270596e-06,0.007345125918282233,0.017933234898635297
2023-08-07,CL=F,81.94000244140625,0.49237282648777836,-0.005231667913106345,4.098326526306107e-06,-0.005235766239632651,0.020491632631530532
2023-08-08,CL=F,82.91999816894531,0.49444511042537237,0.005913523081305017,4.1445678751880213e-07,0.005913108624517498,0.0020722839375940105
2023-08-09,CL=F,84.4000015258789,0.5137339203591803,0.009169415623395339,3.857761986761587e-06,0.009165557861408578,0.019288809933807938
2023-08-10,CL=F,82.81999969482422,0.5074729794511101,-0.009500097419994497,1.2521881816140335e-06,-0.009501349608176111,0.006260940908070167
2023-08-11,CL=F,83.19000244140625,0.48401523388284357,0.002162363759769399,4.691549113653315e-06,0.0021576722106557457,0.023457745568266575
2023-08-14,CL=F,82.51000213623047,0.5141247943963291,-0.004202488361918001,6.021912102697103e-06,-0.004208510274020698,0.03010956051348551
2023-08-15,CL=F,80.98999786376953,0.5334461391434651,-0.009827177186192481,3.864268949427196e-06,-0.009831041455141909,0.019321344747135982
2023-08-16,CL=F,79.37999725341797,0.518782111652796,-0.010312872434018338,2.932805498133817e-06,-0.010315805239516472,0.014664027490669085
2023-08-17,CL=F,80.38999938964844,0.49290650457564245,0.00627156260781879,5.175121415430706e-06,0.006266387486403359,0.02587560707715353
2023-08-18,CL=F,81.25,0.48800774189777996,0.005220636386053018,9.79752535572498e-07,0.005219656633517446,0.004898762677862489
2023-08-21,CL=F,80.72000122070312,0.4984283862612588,-0.003251279215820065,2.0841288726957675e-06,-0.003253363344692761,0.010420644363478837
2023-08-22,CL=F,80.3499984741211,0.5161896213108983,-0.002366099786346206,3.5522470099279003e-06,-0.0023696520333561337,0.0177612350496395
2023-08-23,CL=F,78.88999938964844,0.5208540315187967,-0.009464174531456385,9.328820415796857e-07,-0.009465107413497964,0.004664410207898428
2023-08-24,CL=F,79.05000305175781,0.5076644097456999,0.0010296382977607928,2.6379243546193588e-06,0.0010270003734061735,0.013189621773096794
2023-08-25,CL=F,79.83000183105469,0.5243529965953126,0.005173873263448344,3.337717369922544e-06,0.005170535546078421,0.01668858684961272
2023-08-28,CL=F,80.0999984741211,0.5204026927820827,0.00176007737531109,7.900607626459833e-07,0.001759287314548444,0.003950303813229916
2023-08-29,CL=F,81.16000366210938,0.5354071035447919,0.007085322325275986,3.0008821525418398e-06,0.007082321443123444,0.015004410762709197
2023-08-30,CL=F,81.62999725341797,0.5246272051625502,0.003038090353951734,2.1559796764483385e-06,0.003035934374275286,0.010779898382241693
2023-08-31,CL=F,83.62999725341797,0.5625188165447476,0.01378215938923586,7.578322276439464e-06,0.01377458106695942,0.03789161138219732
2023-09-01,CL=F,85.55000305175781,0.5678418512729859,0.01303670552182888,1.0646069456476726e-06,0.013035640914883231,0.005323034728238363
2023-09-05,CL=F,86.69000244140625,0.5479569129412731,0.007301817931306947,3.976987666342557e-06,0.007297840943640604,0.019884938331712787
2023-09-06,CL=F,87.54000091552734,0.551320962463508,0.0054057211171691585,6.728099044469804e-07,0.005405048307264712,0.003364049522234902
2023-09-07,CL=F,86.87000274658203,0.5538728964642318,-0.004239134368042361,5.103868001447465e-07,-0.004239644754842505,0.0025519340007237323
2023-09-08,CL=F,87.51000213623047,0.5653166688392521,0.004164870629400799,2.2887544750040735e-06,0.004162581874925795,0.011443772375020367
2023-09-11,CL=F,87.29000091552734,0.6008227141243976,-0.001510475686285065,7.1012090570290905e-06,-0.0015175768953420942,0.03550604528514545
2023-09-12,CL=F,88.83999633789062,0.5986015060710518,0.010629276944650108,4.442416106691605e-07,0.010628832703039439,0.0022212080533458023
2023-09-13,CL=F,88.5199966430664,0.5907055590671194,-0.002127708311845438,1.5791894007864738e-06,-0.0021292875012462243,0.007895947003932369
2023-09-14,CL=F,90.16000366210938,0.6359606027540446,0.011782420830368604,9.051008737385048e-06,0.011773369821631218,0.045255043686925234
2023-09-15,CL=F,90.7699966430664,0.6970062054330091,0.004715715125645191,1.2209120535792884e-05,0.004703506005109398,0.06104560267896442
2023-09-18,CL=F,91.4800033569336,0.7031733504319453,0.0055002513857347664,1.233428999787245e-06,0.00549901795673498,0.006167144998936225
2023-09-19,CL=F,91.19999694824219,0.7059755693629979,-0.0021608840899350512,5.604437862105183e-07,-0.002161444533721262,0.0028022189310525913
2023-09-20,CL=F,90.27999877929688,0.7178697903887578,-0.007241654767528399,2.3788442051519756e-06,-0.0072440336117335505,0.011894221025759877
2023-09-21,CL=F,89.62999725341797,0.6951642676693629,-0.00500507134283653,4.541104543878971e-06,-0.005009612447380409,0.022705522719394855
2023-09-22,CL=F,90.02999877929688,0.7653477154698198,0.003415600394924599,1.4036689560091387e-05,0.0034015637053645075,0.07018344780045693
2023-09-25,CL=F,89.68000030517578,0.7684860275880965,-0.002987547936089309,6.276624236553285e-07,-0.0029881755985129645,0.0031383121182766427
2023-09-26,CL=F,90.38999938964844,0.7513839050895958,0.005948727507646014,3.4204244997001256e-06,0.005945307083146314,0.017102122498500627
2023-09-27,CL=F,93.68000030517578,0.751971061895041,0.02737012389412706,1.1743136108903763e-07,0.02737000646276597,0.0005871568054451881
2023-09-28,CL=F,91.70999908447266,0.6320483779973275,-0.01329137566334284,2.398453677954271e-05,-0.013315360200122382,0.11992268389771354
2023-09-29,CL=F,90.79000091552734,0.5616072559246961,-0.005633820218896949,1.4088224414526285e-05,-0.005647908443311475,0.07044112207263142
2023-10-02,CL=F,88.81999969482422,0.5735908774691552,-0.012446026185744388,2.396724308891818e-06,-0.01244842291005328,0.011983621544459089
2023-10-03,CL=F,89.2300033569336,0.5562980794434012,0.0025679379709511525,3.4585596051508016e-06,0.0025644794113460017,0.017292798025754008
2023-10-04,CL=F,84.22000122070312,0.5660186474440841,-0.03178028158866804,1.944113600136599e-06,-0.03178222570226818,0.009720568000682994
2023-10-05,CL=F,82.30999755859375,0.41586097616884055,-0.009431203703374089,3.003153425504872e-05,-0.009461235237629137,0.1501576712752436
2023-10-06,CL=F,82.79000091552734,0.4040655894918761,0.0023563703697037064,2.3590773353928895e-06,0.0023540112923683136,0.011795386676964448
2023-10-09,CL=F,86.37999725341797,0.40487943099818324,0.017556657307611075,1.6276830126142894e-07,0.017556494539309814,0.0008138415063071447
2023-10-10,CL=F,85.97000122070312,0.3567782671097528,-0.0016934206844755192,9.62023277768609e-06,-0.0017030409172532053,0.04810116388843044
2023-10-11,CL=F,83.48999786376953,0.36355332911060145,-0.01048753592900438,1.3550124001697306e-06,-0.010488890941404549,0.006775062000848653
2023-10-12,CL=F,82.91000366210938,0.3493859541746719,-0.0024271389717060417,2.8334749871859136e-06,-0.0024299724466932274,0.014167374935929566
2023-10-13,CL=F,87.69000244140625,0.358384794697671,0.02066190815953762,1.7997681045998194e-06,0.020660108391433018,0.008998840522999096
2023-10-16,CL=F,86.66000366210938,0.30298344744925443,-0.003558815969111352,1.1080269449683312e-05,-0.003569896238561035,0.055401347248416555
2023-10-17,CL=F,86.66000366210938,0.3029559190653262,0.0,5.505676785644287e-09,-5.505676785644287e-09,2.7528383928221434e-05
2023-10-18,CL=F,88.31999969482422,0.3028973738945956,0.005802081903264676,1.1709034146123454e-08,0.00580207019423053,5.854517073061727e-05
2023-10-19,CL=F,89.37000274658203,0.29868967827271936,0.003551008546179783,8.415391243752457e-07,0.003550167007055408,0.0042076956218762285
2023-10-20,CL=F,88.75,0.2975192169172168,-0.002064034082808212,2.340922711005167e-07,-0.0020642681750793123,0.0011704613555025833
2023-10-23,CL=F,85.48999786376953,0.297223163598707,-0.010917725614298168,5.921066370195849e-08,-0.01091778482496187,0.00029605331850979244
2023-10-24,CL=F,83.73999786376953,0.2837835421472216,-0.0058091146469440285,2.6879242902970726e-06,-0.005811802571234326,0.013439621451485362
2023-10-25,CL=F,85.38999938964844,0.28180012500326146,0.005552551326842358,3.966834287920329e-07,0.005552154643413566,0.0019834171439601644
2023-10-26,CL=F,83.20999908447266,0.292853254431571,-0.00747652170741131,2.21062588566191e-06,-0.007478732333296972,0.01105312942830955
2023-10-27,CL=F,85.54000091552734,0.29100374044070937,0.008148530892090106,3.69902798172328e-07,0.008148160989291933,0.0018495139908616398
2023-10-30,CL=F,82.30999755859375,0.28122784809193063,-0.010619206028500966,1.9551784697557474e-06,-0.010621161206970722,0.009775892348778736
2023-10-31,CL=F,81.0199966430664,0.2732316568520836,-0.004282214772747744,1.5992382479694034e-06,-0.004283814010995713,0.007996191239847017
2023-11-01,CL=F,80.44000244140625,0.27265249542665904,-0.0019518251415426061,1.1583228508491584e-07,-0.0019519409738276911,0.0005791614254245792
2023-11-02,CL=F,82.45999908447266,0.30133199413363315,0.00756700146847738,5.7358997413948235e-06,0.007561265568735985,0.028679498706974116
2023-11-03,CL=F,80.51000213623047,0.29906573343552434,-0.007072244409385362,4.532521396217626e-07,-0.007072697661524983,0.002266260698108813
2023-11-06,CL=F,80.81999969482422,0.2933165818708261,0.0011293928935830965,1.1498303129396482e-06,0.0011282430632701568,0.0057491515646982405
2023-11-07,CL=F,77.37000274658203,0.3186441411365249,-0.013602095009246406,5.065511853139759e-06,-0.013607160521099546,0.025327559265698796
2023-11-08,CL=F,75.33000183105469,0.2993595236003712,-0.00789315859554582,3.856923507230736e-06,-0.00789701551905305,0.01928461753615368
2023-11-09,CL=F,75.73999786376953,0.30069189458248113,0.001636565523054403,2.6647419642198414e-07,0.001636299048857981,0.0013323709821099206
2023-11-10,CL=F,77.16999816894531,0.29959190246356227,0.005656410404469011,2.1999842378377378e-07,0.005656190406045227,0.0010999921189188688
2023-11-13,CL=F,78.26000213623047,0.3493317603158448,0.004934210362547477,9.947971570456504e-06,0.00492426239097702,0.04973985785228252
2023-11-14,CL=F,78.26000213623047,0.34306196159572283,0.0,1.253959744024391e-06,-1.253959744024391e-06,0.006269798720121955
2023-11-15,CL=F,76.66000366210938,0.34306196159572283,-0.007013782265513536,0.0,-0.007013782265513536,0.0
2023-11-16,CL=F,72.9000015258789,-0.35055507216236864,0.017193944132935398,0.0001387234067516183,0.01705522072618378,0.6936170337580915
2023-11-17,CL=F,75.88999938964844,-0.32917213181480404,-0.01350101440792611,4.276588069512921e-06,-0.013505290995995622,0.021382940347564605
2023-11-20,CL=F,77.5999984741211,-0.2963533922401978,-0.006677612774895181,6.563747914921248e-06,-0.0066841765228101025,0.03281873957460624
2023-11-21,CL=F,77.7699966430664,-0.29786594543521555,-0.0006525343596757335,3.0251063900355035e-07,-0.000652836870314737,0.0015125531950177518
2023-11-22,CL=F,77.0999984741211,-0.3006289021838684,0.0025899552872513556,5.525913497305691e-07,0.002589402695901625,0.002762956748652845
2023-11-23,CL=F,77.0999984741211,-0.3073266136357779,-0.0,1.339542290381901e-06,-1.339542290381901e-06,0.006697711451909505
2023-11-24,CL=F,75.54000091552734,-0.31306927332850426,0.006334465781177867,1.1485319385452719e-06,0.006333317249239322,0.0057426596927263596
2023-11-27,CL=F,74.86000061035156,-0.3248422545968325,0.002924183605807069,2.354596253665653e-06,0.002921829009553403,0.011772981268328264
2023-11-28,CL=F,76.41000366210938,-0.34175452381549465,-0.007076149486336023,3.382453843732425e-06,-0.007079531940179755,0.016912269218662124
2023-11-29,CL=F,77.86000061035156,-0.3342661702654978,-0.006343212976783588,1.497670709999366e-06,-0.006344710647493587,0.007488353549996829
2023-11-30,CL=F,75.95999908447266,-0.3276978604262105,0.00799674325656599,1.3136619678574601e-06,0.007995429594598131,0.006568309839287301
2023-12-01,CL=F,74.06999969482422,-0.3322952221312174,0.008268006511067384,9.194723410013817e-07,0.008267087038726383,0.004597361705006908
2023-12-04,CL=F,73.04000091552734,-0.3314902349118759,0.004609619801739048,1.6099744386830484e-07,0.004609458804295179,0.0008049872193415242
2023-12-05,CL=F,72.31999969482422,-0.33110290056255254,0.003263889507053728,7.7466869864673e-08,0.0032638120401838632,0.00038733434932336497
2023-12-06,CL=F,69.37999725341797,-0.35714147647260913,0.014518761299608378,5.207715182011319e-06,0.014513553584426367,0.026038575910056594
2023-12-07,CL=F,69.33999633789062,-0.34119018958714503,0.00019671260439205567,3.19025737709282e-06,0.00019352234701496286,0.0159512868854641
2023-12-08,CL=F,71.2300033569336,-0.34254588080216103,-0.009336806363610436,2.7113824300319947e-07,-0.00933707750185344,0.0013556912150159972
2023-12-11,CL=F,71.31999969482422,-0.33485310218866066,-0.0004230738664616417,1.5385557227000747e-06,-0.0004246124221843418,0.007692778613500373
2023-12-12,CL=F,68.61000061035156,-0.3399338804134254,0.01291672053622394,1.0161556449529541e-06,0.012915704380578987,0.00508077822476477
2023-12-13,CL=F,69.47000122070312,-0.3233799569703744,-0.004053446405712806,3.310784688610202e-06,-0.004056757190401416,0.01655392344305101
2023-12-14,CL=F,71.58000183105469,-0.32192185086180614,-0.009777677988603364,2.91621221713656e-07,-0.009777969609825079,0.00145810610856828
2023-12-15,CL=F,71.43000030517578,-0.3386462569075855,0.0007096598766400192,3.34488120915587e-06,0.0007063149954308634,0.01672440604577935
2023-12-18,CL=F,72.47000122070312,-0.37475762964826453,-0.00545636674044383,7.22227454813581e-06,-0.005463589014991966,0.03611137274067905
2023-12-19,CL=F,73.44000244140625,-0.38293585916916706,-0.005125544978450701,1.635645904180505e-06,-0.0051271806243548814,0.008178229520902525
2023-12-20,CL=F,74.22000122070312,-0.37716930406969434,-0.004005876729066473,1.153311019894543e-06,-0.004007030040086367,0.005766555099472714
2023-12-21,CL=F,73.88999938964844,-0.37432959843905567,0.0016643687802634806,5.679411261277356e-07,0.001663800839137353,0.002839705630638678
2023-12-22,CL=F,73.55999755859375,-0.3742448450200733,0.0016714235368731432,1.6950683796468358e-08,0.0016714065861893467,8.475341898234179e-05
2023-12-26,CL=F,75.56999969482422,-0.3823276414851765,-0.010446973921023266,1.6165592930206364e-06,-0.010448590480316287,0.008082796465103181
2023-12-27,CL=F,74.11000061035156,-0.36667504331035783,0.007084097256768418,3.1305196349637357e-06,0.007080966737133454,0.015652598174818677
2023-12-28,CL=F,71.7699966430664,-0.36842708849337913,0.011632989362159145,3.5040903660426004e-07,0.01163263895312254,0.0017520451830213002
2023-12-29,CL=F,71.6500015258789,-0.36046421191376454,0.0006026744792201414,1.5925753159229173e-06,0.0006010819039042185,0.007962876579614586
2024-01-02,CL=F,70.37999725341797,-0.3699180527167222,0.006556838763513286,1.8907681605915272e-06,0.006554947995352695,0.009453840802957636
2024-01-03,CL=F,72.69999694824219,-0.3760170190082527,-0.012394990102184087,1.219793258306101e-06,-0.012396209895442394,0.006098966291530505
2024-01-04,CL=F,72.19000244140625,-0.35464523960376226,0.0024878560064067233,4.274355880898085e-06,0.0024835816505258254,0.02137177940449042
2024-01-05,CL=F,73.80999755859375,-0.35559229529766007,-0.007979744599112187,1.8941113877956052e-07,-0.007979934010250968,0.0009470556938978025
2024-01-08,CL=F,70.7699966430664,-0.38593616274550596,0.01589549284499125,6.068773489569179e-06,0.015889424071501682,0.030343867447845896
2024-01-09,CL=F,72.23999786376953,-0.3458652453506194,-0.007184150868742608,8.01418347897731e-06,-0.007192165052221585,0.04007091739488655
2024-01-10,CL=F,71.37000274658203,-0.3513743744965264,0.004231644506596869,1.101825829181402e-06,0.004230542680767687,0.00550912914590701
2024-01-11,CL=F,72.0199966430664,-0.34838529831261383,-0.00317287808341762,5.978152367825174e-07,-0.0031734758986544024,0.0029890761839125868
2024-01-12,CL=F,72.68000030517578,-0.37989944393402403,-0.003481463981072151,6.302829124282039e-06,-0.003487766810196433,0.031514145621410194
2024-01-16,CL=F,72.4000015258789,-0.3812498005564836,0.0014687600208415283,2.700713244919162e-07,0.0014684899495170363,0.0013503566224595809
2024-01-17,CL=F,72.55999755859375,-0.40220497044474496,-0.0008888287051534082,4.19103397765227e-06,-0.0008930197391310605,0.02095516988826135
2024-01-18,CL=F,74.08000183105469,-0.4024005974026256,-0.00842958445249262,3.9125391576133596e-08,-0.008429623577884196,0.00019562695788066797
2024-01-19,CL=F,73.41000366210938,-0.39647607918226424,0.0035858293806274796,1.184903644072277e-06,0.0035846444769834073,0.0059245182203613855
2024-01-22,CL=F,75.19000244140625,-0.39826073048012545,-0.009656771267298058,3.5693025957224127e-07,-0.009657128197557631,0.0017846512978612061
2024-01-23,CL=F,74.37000274658203,-0.3860887972882309,0.004210569034069549,2.434386638378905e-06,0.00420813464743117,0.012171933191894524
2024-01-24,CL=F,75.08999633789062,-0.38339905253457573,-0.0037117769334944067,5.379489507310376e-07,-0.0037123148824451378,0.0026897447536551877
2024-01-25,CL=F,77.36000061035156,-0.3821941690518281,-0.011553901171513649,2.4097669654952195e-07,-0.0115541421482102,0.0012048834827476096
2024-01-26,CL=F,78.01000213623047,-0.3783523549910133,-0.003179028000565012,7.683628121629704e-07,-0.003179796363377175,0.003841814060814852
2024-01-29,CL=F,76.77999877929688,-0.38864105123127995,0.0061278013660592025,2.0577392480533363e-06,0.006125743626811149,0.010288696240266682
2024-01-30,CL=F,77.81999969482422,-0.41244013737288987,-0.005586586706011914,4.7598172283219834e-06,-0.005591346523240236,0.023799086141609915
2024-01-31,CL=F,75.8499984741211,-0.410576632900026,0.010393683772515164,3.72700894572775e-07,0.01039331107162059,0.001863504472863875
2024-02-01,CL=F,73.81999969482422,-0.39927626391897575,0.010685963673872438,2.2600737962100493e-06,0.01068370360007623,0.011300368981050246
2024-02-02,CL=F,72.27999877929688,-0.4015047342747319,0.008376018164830768,4.4569407115122583e-07,0.008375572470759617,0.002228470355756129
2024-02-05,CL=F,72.77999877929688,-0.3905700958367712,-0.002701785434649443,2.186927687592133e-06,-0.002703972362337035,0.010934638437960664
2024-02-06,CL=F,73.30999755859375,-0.40314265358169116,-0.00293576693960569,2.5145115489839886e-06,-0.002938281451154674,0.012572557744919943
2024-02-07,CL=F,73.86000061035156,-0.4633982704677062,-0.0034766126234395942,1.2051123377203011e-05,-0.003488663746816797,0.06025561688601505
2024-02-08,CL=F,76.22000122070312,-0.478642655269598,-0.015293757774735663,3.0488769603783552e-06,-0.01529680665169604,0.015244384801891775
2024-02-09,CL=F,76.83999633789062,-0.4493920324848079,-0.0036554823062357783,5.850124556958014e-06,-0.0036613324307927363,0.02925062278479007
2024-02-12,CL=F,76.91999816894531,-0.4497952636894474,-0.000468303571185085,8.064624092789519e-08,-0.0004683842174260129,0.0004032312046394759
2024-02-13,CL=F,77.87000274658203,-0.4510424995823546,-0.005570624668643572,2.494471785814412e-07,-0.005570874115822153,0.0012472358929072058
2024-02-14,CL=F,76.63999938964844,-0.44992177187271093,0.007106784002075014,2.2414554192873304e-07,0.007106559856533086,0.0011207277096436652
2024-02-15,CL=F,78.02999877929688,-0.4360518750823206,-0.007908557477120035,2.7739793580780714e-06,-0.007911331456478113,0.013869896790390357
2024-02-16,CL=F,79.19000244140625,-0.439503511652505,-0.006533713840863318,6.903273140368871e-07,-0.0065344041681773555,0.0034516365701844354
2024-02-20,CL=F,78.18000030517578,-0.4402788713552696,0.005615388141135467,1.5507194055291997e-07,0.0056152330691949135,0.0007753597027645998
2024-02-21,CL=F,77.91000366210938,-0.44801484917810164,0.0015472308115862209,1.547195564566406e-06,0.0015456836160216544,0.00773597782283203
2024-02-22,CL=F,78.61000061035156,-0.4536670110231061,-0.004076055811928684,1.130432369000889e-06,-0.004077186244297685,0.005652161845004444
2024-02-23,CL=F,76.48999786376953,-0.4540592591381726,0.012245348797989598,7.844962301329917e-08,0.012245270348366585,0.0003922481150664958
2024-02-26,CL=F,77.58000183105469,-0.4570358139133593,-0.006512888799450837,5.953109550373426e-07,-0.0065134841104058745,0.0029765547751867127
2024-02-27,CL=F,78.87000274658203,-0.4514685753211778,-0.007507023224418338,1.1134477184363002e-06,-0.0075081366721367745,0.0055672385921815
2024-02-28,CL=F,78.54000091552734,-0.4521056783962563,0.0018916659884033247,1.2742061501570533e-07,0.001891538567788309,0.0006371030750785267
2024-02-29,CL=F,78.26000213623047,-0.4574156784450793,0.0016307083028128,1.0620000097645966e-06,0.0016296463028030355,0.005310000048822983
2024-03-01,CL=F,79.97000122070312,-0.48874225703486607,-0.010679130964217125,6.265315717957354e-06,-0.010685396279935082,0.03132657858978677
2024-03-04,CL=F,78.73999786376953,0.5177343702297982,-0.007963173735924466,0.00020129532545293288,-0.008164469061377399,1.0064766272646644
2024-03-05,CL=F,78.1500015258789,0.5332997754752187,-0.0039959985149180186,3.113081049084099e-06,-0.0039991115959671026,0.015565405245420494
2024-03-06,CL=F,79.12999725341797,0.525230083197135,0.006586349679567637,1.613938455616726e-06,0.006584735741112021,0.008069692278083629
2024-03-07,CL=F,78.93000030517578,0.5212037525783499,-0.0013173153487445854,8.052661237570202e-07,-0.0013181206148683423,0.004026330618785101
2024-03-08,CL=F,78.01000213623047,0.5197265852943556,-0.0060578677939223564,2.9543345679887704e-07,-0.0060581632273791555,0.001477167283994385
2024-03-11,CL=F,77.93000030517578,0.5673886718453361,-0.0005818758034135872,9.532417310196119e-06,-0.0005914082207237833,0.04766208655098059
2024-03-12,CL=F,77.55999755859375,0.5711339713241702,-0.002711678907079552,7.490598957668126e-07,-0.0027124279669753187,0.0037452994788340632
2024-03-13,CL=F,79.72000122070312,0.5687884855338142,0.015840449334600985,4.690971580711967e-07,0.015839980237442913,0.0023454857903559834
2024-03-14,CL=F,81.26000213623047,0.5261682937621223,0.010164320643596519,8.524038354338392e-06,0.010155796605242181,0.04262019177169196
2024-03-15,CL=F,81.04000091552734,0.5279429150164358,-0.0014293389455056005,3.549242508626982e-07,-0.0014296938697564631,0.001774621254313491
2024-03-18,CL=F,82.72000122070312,0.5424847511702472,0.011245983924274646,2.9083672307622876e-06,0.011243075557043883,0.014541836153811438
2024-03-19,CL=F,83.47000122070312,0.5300934050404545,0.004806214312299106,2.4782692259585293e-06,0.004803736043073148,0.012391346129792646
2024-03-20,CL=F,81.68000030517578,0.5439071847908282,-0.011664003168793556,2.762755950074736e-06,-0.011666765924743631,0.013813779750373678
2024-03-21,CL=F,81.06999969482422,0.5087010089339048,-0.003799068618716407,7.041235171384686e-06,-0.003806109853887792,0.03520617585692343
2024-03-22,CL=F,80.62999725341797,0.5062433922694086,-0.002747604901724718,4.915233328992353e-07,-0.0027480964250576174,0.002457616664496176
2024-03-25,CL=F,81.94999694824219,0.5582580791707935,0.009139284624090197,1.0402937380276978e-05,0.00912888168670992,0.05201468690138489
2024-03-26,CL=F,81.62000274658203,0.5542569400793346,-0.002231868008141568,8.002278182917877e-07,-0.0022326682359598594,0.004001139091458938
2024-03-27,CL=F,81.3499984741211,0.566928129846704,-0.0018754350904908428,2.5342379534738948e-06,-0.0018779693284443168,0.012671189767369473
2024-03-28,CL=F,83.16999816894531,0.5677079550174535,0.012701024268731091,1.5596503414989637e-07,0.012700868303696941,0.0007798251707494819
2024-04-01,CL=F,83.70999908447266,0.541028640752637,0.003512756616147493,5.335862852963303e-06,0.00350742075329453,0.02667931426481651
2024-04-02,CL=F,85.1500015258789,0.5670803465879196,0.009755072183623746,5.210341167056521e-06,0.00974986184245669,0.0260517058352826
2024-04-03,CL=F,85.43000030517578,0.579320758606282,0.0019049806497279356,2.4480824036724693e-06,0.0019025325673242633,0.012240412018362345
2024-04-04,CL=F,86.58999633789062,0.5913844757537301,0.008030008699905307,2.412743429489628e-06,0.008027595956475817,0.012063717147448139
2024-04-05,CL=F,86.91000366210938,0.589795707949743,0.0021796853484114284,3.1775356079741804e-07,0.002179367594850631,0.00158876780398709
2024-04-08,CL=F,86.43000030517578,0.5945079329957653,-0.003283463255519697,9.424450092044623e-07,-0.003284405700528901,0.004712225046022311
2024-04-09,CL=F,85.2300033569336,0.6105245686555038,-0.008476543059431267,3.2033271319476865e-06,-0.008479746386563215,0.016016635659738432
2024-04-10,CL=F,86.20999908447266,0.5811710213991512,0.0066824486156065385,5.870709451270506e-06,0.006676577906155268,0.02935354725635253
2024-04-11,CL=F,85.0199966430664,0.5856945258284517,-0.00808465285994496,9.047008858600992e-07,-0.00808555756083082,0.0045235044293004956
2024-04-12,CL=F,85.66000366210938,0.6063689433716252,0.004564577690078769,4.13488350863469e-06,0.004560442806570134,0.02067441754317345
2024-04-15,CL=F,85.41000366210938,0.6318470146060917,-0.0018440549486153461,5.09561424689331e-06,-0.0018491505628622394,0.02547807123446655
2024-04-16,CL=F,85.36000061035156,0.6315899585855521,-0.0003697626043174938,5.141120410792066e-08,-0.00036981401552160174,0.0002570560205396033
2024-04-17,CL=F,82.69000244140625,0.6723689045519302,-0.02103120584785603,8.155789193275621e-06,-0.021039361637049305,0.0407789459663781
2024-04-18,CL=F,82.7300033569336,0.5735017421357477,0.0002774288797271151,1.9773432483236508e-05,0.00025765544724387857,0.09886716241618254
2024-04-19,CL=F,83.13999938964844,0.6164116316989823,0.0030548327482291444,8.581977912646922e-06,0.0030462507703164976,0.042909889563234604
2024-04-22,CL=F,82.8499984741211,0.6223029959191937,-0.0021706572032335414,1.178272844042283e-06,-0.0021718354760775836,0.005891364220211415
2024-04-23,CL=F,83.36000061035156,0.6247058131663918,0.003845519675295705,4.805634494396305e-07,0.0038450391118462655,0.0024028172471981524
2024-04-24,CL=F,82.80999755859375,0.6479178980751847,-0.004274913851015562,4.642416981758579e-06,-0.00427955626799732,0.023212084908792896
2024-04-25,CL=F,83.56999969482422,0.6441751572567999,0.005912021616416005,7.485481636769765e-07,0.005911273068252328,0.003742740818384882
2024-04-26,CL=F,83.8499984741211,0.6388979616170366,0.002140608471955237,1.055439127952651e-06,0.0021395530328272845,0.005277195639763255
2024-04-29,CL=F,82.62999725341797,0.6979110670508007,-0.010154470712447116,1.180262108675283e-05,-0.010166273333533869,0.059013105433764146
2024-04-30,CL=F,81.93000030517578,0.6743223416420926,-0.00571249663525153,4.717745081741632e-06,-0.005717214380333272,0.023588725408708155
2024-05-01,CL=F,79.0,0.716498705866131,-0.02562359842580388,8.435272844807674e-06,-0.025632033698648686,0.042176364224038365
2024-05-02,CL=F,78.94999694824219,0.5909975977596443,-0.0003740719426521559,2.5100221621297327e-05,-0.00039917216427345323,0.12550110810648663
2024-05-03,CL=F,78.11000061035156,0.6203901414612741,-0.006600702559020401,5.878508740325961e-06,-0.006606581067760727,0.029392543701629803
2024-05-06,CL=F,78.4800033569336,0.6246842526113394,0.0029590947049884684,8.588222300130566e-07,0.0029582358827584553,0.004294111150065283
2024-05-07,CL=F,78.37999725341797,0.6148548339134576,-0.0007835019563872173,1.9658837395763573e-06,-0.0007854678401267936,0.009829418697881787
2024-05-08,CL=F,78.98999786376953,0.6231179093300364,0.004849480968765059,1.6526150833157561e-06,0.004847828353681744,0.00826307541657878
2024-05-09,CL=F,79.26000213623047,0.6342975895761469,0.00216816133471235,2.2359360492220982e-06,0.0021659253986631277,0.01117968024611049
2024-05-10,CL=F,78.26000213623047,0.6394811873776003,-0.00806814496772879,1.0367195602906775e-06,-0.008069181687289081,0.005183597801453388
2024-05-13,CL=F,79.12000274658203,0.6459845670208212,0.0070987363500007675,1.3006759286441794e-06,0.007097435674072124,0.006503379643220897
2024-05-14,CL=F,78.0199966430664,0.6208742639073809,-0.008632020426002729,5.022060622688063e-06,-0.008637042486625416,0.025110303113440313
2024-05-15,CL=F,78.62999725341797,0.6122206120395146,0.00478665679418613,1.7307303735732528e-06,0.004784926063812557,0.008653651867866263
2024-05-16,CL=F,79.2300033569336,0.6900451741724826,0.00526556442410406,1.5564912426593592e-05,0.005249999511677467,0.07782456213296796
2024-05-17,CL=F,80.05999755859375,0.6773912198960041,0.007096185295314375,2.530790855295684e-06,0.007093654504459079,0.012653954276478419
2024-05-20,CL=F,79.80000305175781,0.6633191470595464,-0.002154126152556598,2.8144145672915455e-06,-0.0021569405671238895,0.014072072836457727
2024-05-21,CL=F,79.26000213623047,0.6634146401828392,-0.004489279440761712,1.909862465856449e-08,-0.004489298539386371,9.549312329282245e-05
2024-05-22,CL=F,77.56999969482422,0.669524829342942,-0.014275783064286077,1.2220378320205506e-06,-0.014277005102118098,0.0061101891601027525
2024-05-23,CL=F,76.87000274658203,0.630212617428612,-0.005687081483554343,7.862442382865998e-06,-0.00569494392593721,0.039312211914329986
2024-05-24,CL=F,77.72000122070312,0.6455962431108212,0.007138751163462312,3.076725136441838e-06,0.00713567443832587,0.01538362568220919
2024-05-28,CL=F,79.83000183105469,0.6263306496167771,0.01700409202542895,3.853118698808822e-06,0.01700023890673014,0.01926559349404411
2024-05-29,CL=F,79.2300033569336,-0.5586811378682389,0.004199020700896174,0.00023700235749700324,0.0039620183433991705,1.1850117874850161
2024-05-30,CL=F,77.91000366210938,-0.5596147163833339,0.009323377805719802,1.8671570301900255e-07,0.009323191090016784,0.0009335785150950127
2024-05-31,CL=F,76.98999786376953,-0.6517873252682359,0.00769667681100146,1.8434521776980397e-05,0.0076782422892244795,0.09217260888490197
2024-06-03,CL=F,74.22000122070312,-0.6378580405543692,0.02294927497224909,2.785856942773335e-06,0.022946489115306317,0.013929284713866674
2024-06-04,CL=F,73.25,-0.5414707195922156,0.007076626924561962,1.927746419243073e-05,0.007057349460369531,0.09638732096215363
2024-06-05,CL=F,74.06999969482422,-0.538361361617006,-0.00602670514991261,6.21871595041923e-07,-0.006027327021507652,0.0031093579752096145
2024-06-06,CL=F,75.55000305175781,-0.5252513706138208,-0.010495123463551836,2.6219982006370436e-06,-0.010497745461752472,0.013109991003185217
2024-06-07,CL=F,75.52999877929688,-0.5017250837918964,0.0001328477150396022,4.705257364384874e-06,0.0001281424576752173,0.02352628682192437
2024-06-10,CL=F,77.73999786376953,-0.5032701791393861,-0.014725627606461665,3.0901906949794e-07,-0.014725936625531164,0.0015450953474897
2024-06-11,CL=F,77.9000015258789,-0.46376760273695267,-0.0009545216985422883,7.900515280486686e-06,-0.000962422213822775,0.03950257640243343
2024-06-12,CL=F,78.5,-0.4692794405332672,-0.0036144665306947353,1.1023675592629067e-06,-0.003615568898253998,0.005511837796314534
2024-06-13,CL=F,78.62000274658203,-0.4752400174735085,-0.0007264981832167485,1.192115388048265e-06,-0.0007276902986047968,0.0059605769402413245
2024-06-14,CL=F,78.44999694824219,-0.47785916714123955,0.0010333099257922548,5.238299335462049e-07,0.0010327860958587085,0.0026191496677310244
2024-06-17,CL=F,80.33000183105469,-0.4805560928975152,-0.011516224808889206,5.393851512551341e-07,-0.011516764194040461,0.00269692575627567
2024-06-18,CL=F,81.56999969482422,-0.45943590793460115,-0.007091989684950812,4.224036992582814e-06,-0.007096213721943395,0.021120184962914068
2024-06-20,CL=F,82.16999816894531,-0.451221414956183,-0.0033190163231256167,1.6428985956836285e-06,-0.0033206592217213003,0.008214492978418142
2024-06-21,CL=F,80.7300033569336,-0.45270065997364806,0.00793338951299508,2.9584900349300947e-07,0.007933093663991586,0.0014792450174650473
2024-06-24,CL=F,81.62999725341797,-0.45946600143240235,-0.0051222170164288055,1.3530682917508586e-06,-0.005123570084720556,0.006765341458754293
2024-06-25,CL=F,80.83000183105469,-0.4621885413917719,0.004529569151329336,5.445079918739105e-07,0.004529024643337462,0.002722539959369552
2024-06-26,CL=F,80.9000015258789,-0.45863964590349454,-0.00039718711518327033,7.097790976554719e-07,-0.0003978968942809258,0.0035488954882773593
2024-06-27,CL=F,81.73999786376953,-0.48934672178561384,-0.005080957311566993,6.141415176423859e-06,-0.005087098726743417,0.030707075882119295
2024-06-28,CL=F,81.54000091552734,-0.4889789862408041,0.0011964069923968905,7.354710896194661e-08,0.0011963334452879284,0.00036773554480973303
2024-07-01,CL=F,83.37999725341797,-0.5067550223142268,-0.011435214309499724,3.5552072146845305e-06,-0.011438769516714409,0.017776036073422652
2024-07-02,CL=F,82.80999755859375,-0.498625687162829,0.0034086891206113125,1.6258670302795486e-06,0.003407063253581033,0.008129335151397743
2024-07-03,CL=F,83.87999725341797,-0.6104419673759861,-0.007887607028825664,2.236325604263142e-05,-0.007909970284868294,0.1118162802131571
2024-07-05,CL=F,83.16000366210938,-0.6458426566609701,0.0055436646282277366,7.080137856996794e-06,0.0055365844903707395,0.035400689284983966
2024-07-08,CL=F,82.33000183105469,-0.623443703821376,0.006222455422606373,4.479790567918807e-06,0.006217975632038453,0.022398952839594033
2024-07-09,CL=F,81.41000366210938,0.6226298099237374,-0.006957588635016167,0.0002492147027490227,-0.007206803337765189,1.2460735137451135
2024-07-10,CL=F,82.0999984741211,0.6011528697192036,0.005095103091430821,4.295388040906767e-06,0.005090807703389915,0.021476940204533834
2024-07-11,CL=F,82.62000274658203,0.6739824568968594,0.004268864356441546,1.4565917435531174e-05,0.004254298439006015,0.07282958717765586
2024-07-12,CL=F,82.20999908447266,0.672504854201783,-0.0033373207920944035,2.9552053901529264e-07,-0.0033376163126334186,0.0014776026950764631
2024-07-15,CL=F,81.91000366210938,0.6680924515349846,-0.0024379598516965917,8.824805333596642e-07,-0.0024388423322299515,0.004412402666798321
2024-07-16,CL=F,80.76000213623047,0.6636700843015977,-0.00931780705047236,8.844734466773918e-07,-0.009318691523919037,0.004422367233386959
2024-07-17,CL=F,82.8499984741211,0.6354403135043974,0.016444624728117283,5.645954159440048e-06,0.016438978773957842,0.028229770797200238
2024-07-18,CL=F,82.81999969482422,0.6256339924990296,-0.00022653296810214288,1.961264201073565e-06,-0.00022849423230321644,0.009806321005367824
2024-07-19,CL=F,80.12999725341797,0.6481687499830846,-0.0210525902719449,4.506951496810996e-06,-0.02105709722344171,0.02253475748405498
2024-07-22,CL=F,79.77999877929688,0.555185068372281,-0.0024249835697682633,1.8596736322160724e-05,-0.002443580306090424,0.09298368161080361
2024-07-23,CL=F,76.95999908447266,0.5762458637790436,-0.02036867867717137,4.212159081352529e-06,-0.02037289083625272,0.021060795406762645
2024-07-24,CL=F,77.58999633789062,0.5089671772096234,0.004166423174849673,1.3455737313884054e-05,0.0041529674375357884,0.06727868656942027
2024-07-25,CL=F,78.27999877929688,0.5057331292456515,0.004497449546973496,6.46809592794373e-07,0.004496802737380701,0.0032340479639718644
2024-07-26,CL=F,77.16000366210938,0.4998330481146262,-0.007151387097943894,1.1800162262050607e-06,-0.007152567114170099,0.005900081131025303
2024-07-29,CL=F,75.80999755859375,0.5003321650299647,-0.008753906745954842,9.982338306769868e-08,-0.00875400656933791,0.0004991169153384933
2024-07-30,CL=F,74.7300033569336,0.48943244789621465,-0.0069724867808326286,2.1799434267500086e-06,-0.006974666724259378,0.010899717133750042
2024-07-31,CL=F,77.91000366210938,-0.5255307806890485,-0.022363013085765923,0.00020299264571705262,-0.022566005731482975,1.014963228585263
2024-08-01,CL=F,76.30999755859375,-0.4256034393427452,0.0087404449828927,1.9985468269260654e-05,0.00872045951462344,0.09992734134630327
2024-08-02,CL=F,73.5199966430664,-0.42541511812898847,0.015553775482009383,3.766424275134517e-08,0.015553737817766632,0.00018832121375672584
2024-08-05,CL=F,72.94000244140625,-0.3961159610011671,0.0031249315976048173,5.8598314255642774e-06,0.003119071766179253,0.029299157127821385
2024-08-06,CL=F,73.19999694824219,-0.3964608422716245,-0.0014131839555252999,6.897625409147956e-08,-0.0014132529317793913,0.0003448812704573978
2024-08-07,CL=F,75.2300033569336,-0.395116354744896,-0.010957496799870946,2.688975053456999e-07,-0.010957765697376292,0.0013444875267284995
2024-08-08,CL=F,76.19000244140625,-0.37341006138725025,-0.004765031251744579,4.341258671529147e-06,-0.004769372510416108,0.021706293357645734
2024-08-09,CL=F,76.83999633789062,-0.3695070045938656,-0.00315234663339123,7.806113586769303e-07,-0.003153127244749907,0.0039030567933846516
2024-08-12,CL=F,80.05999755859375,-0.36640095682547036,-0.015354133061860016,6.212095536790475e-07,-0.015354754271413695,0.003106047768395237
2024-08-13,CL=F,78.3499984741211,-0.33086546723436294,0.007066945582159156,7.107097918221483e-06,0.007059838484240934,0.035535489591107416
2024-08-14,CL=F,76.9800033569336,-0.32707294277001436,0.005719059901539989,7.585048928697158e-07,0.005718301396647119,0.003792524464348579
2024-08-15,CL=F,78.16000366210938,-0.33610053339616225,-0.005151970832455076,1.8055181252295772e-06,-0.005153776350580306,0.009027590626147886
2024-08-16,CL=F,76.6500015258789,-0.33075411669087135,0.006389961609128682,1.0692833410581805e-06,0.006388892325787624,0.005346416705290902
2024-08-19,CL=F,74.37000274658203,-0.34104821103243094,0.010144676964850332,2.058818868311918e-06,0.010142618145982019,0.01029409434155959
2024-08-20,CL=F,74.04000091552734,-0.32899131225706546,0.001459832344175951,2.4113797550730954e-06,0.001457420964420878,0.012056898775365477
2024-08-21,CL=F,71.93000030517578,-0.3471745805865555,0.009893821824393792,3.6366536658980042e-06,0.009890185170727893,0.01818326832949002
2024-08-22,CL=F,73.01000213623047,-0.3374666438542326,-0.005066934404784437,1.9415873464645796e-06,-0.005068875992130902,0.009707936732322897
2024-08-23,CL=F,74.83000183105469,-0.3343541239286767,-0.00833480873453414,6.225039851111781e-07,-0.00833543123851925,0.00311251992555589
2024-08-26,CL=F,77.41999816894531,-0.32506276372969795,-0.01125098686413672,1.8582720397957497e-06,-0.011252845136176515,0.009291360198978749
2024-08-27,CL=F,75.52999877929688,-0.3124918749614877,0.0076286420423116695,2.5141777536420443e-06,0.0076261278645580275,0.01257088876821022
2024-08-28,CL=F,74.5199966430664,-0.3070927979496794,0.0041065058514893815,1.0798154023616612e-06,0.00410542603608702,0.0053990770118083065
2024-08-29,CL=F,75.91000366210938,-0.3311215363488459,-0.006176345684578199,4.805747679833294e-06,-0.006181151432258032,0.02402873839916647
2024-08-30,CL=F,73.55000305175781,-0.3310713486536563,0.010292827653788486,1.0037539037921484e-08,0.010292817616249448,5.018769518960742e-05
2024-09-03,CL=F,70.33999633789062,-0.33713429570392084,0.014713845109196181,1.2125894100529111e-06,0.014712632519786129,0.0060629470502645555
2024-09-04,CL=F,69.19999694824219,-0.3105130022784587,0.005032480118067103,5.3242586850924316e-06,0.00502715585938201,0.026621293425462156
2024-09-05,CL=F,69.1500015258789,-0.30830426721689774,0.00022274281409924573,4.417470123121881e-07,0.00022230106708693353,0.0022087350615609402
2024-09-06,CL=F,67.66999816894531,-0.32128030725078266,0.006876296786050883,2.5952080067769835e-06,0.006873701578044106,0.012976040033884917
2024-09-09,CL=F,68.70999908447266,-0.32173836088736185,-0.0049447051712301895,9.161072731583842e-08,-0.004944796781957505,0.00045805363657919207
2024-09-10,CL=F,65.75,-0.3183234188268661,0.013713244663783724,6.829884120991504e-07,0.013712561675371625,0.0034149420604957514
2024-09-11,CL=F,67.30999755859375,-0.33609451723428574,-0.007974245267562479,3.554219681483928e-06,-0.007977799487243963,0.01777109840741964
2024-09-12,CL=F,68.97000122070312,-0.3225779939479064,-0.007955440063762937,2.7033046572758624e-06,-0.007958143368420214,0.013516523286379312
2024-09-13,CL=F,68.6500015258789,-0.3110642620735948,0.0014432429632086359,2.3027463748623302e-06,0.0014409402168337735,0.01151373187431165
2024-09-16,CL=F,70.08999633789062,-0.31702989400924847,-0.006649983867135825,1.1931263871307386e-06,-0.006651176993522956,0.005965631935653692
2024-09-17,CL=F,71.19000244140625,-0.3104954842959088,-0.004872976825294807,1.3068819426679368e-06,-0.004874283707237474,0.006534409713339684
2024-09-18,CL=F,70.91000366210938,-0.31536377199619353,0.0012403633679612639,9.736575400569492e-07,0.001239389710421207,0.004868287700284746
2024-09-19,CL=F,71.94999694824219,-0.31539566023094445,-0.004625713611278253,6.3776469501841685e-09,-0.004625719988925203,3.188823475092084e-05
2024-09-20,CL=F,71.91999816894531,-0.32291616576817284,0.0001346364308429442,1.5041011074456768e-06,0.00013313232973549853,0.0075205055372283836
2024-09-23,CL=F,70.37000274658203,-0.3263316888121145,0.0070329899431124075,6.831046087883319e-07,0.007032306838503619,0.0034155230439416595
2024-09-24,CL=F,71.55999755859375,-0.3311452376268843,-0.005599845096176604,9.627097629539617e-07,-0.005600807805939558,0.004813548814769808
2024-09-25,CL=F,69.69000244140625,-0.34877506823091137,0.009114137742312088,3.525966120805413e-06,0.009110611776191282,0.017629830604027064
2024-09-26,CL=F,67.66999816894531,-0.34740823418807354,0.010069824835177018,2.733668085675656e-07,0.01006955146836845,0.0013668340428378278
2024-09-27,CL=F,68.18000030517578,-0.3380550961281878,-0.0025477881757663733,1.8706276119771493e-06,-0.0025496588033783506,0.009353138059885746
2024-09-30,CL=F,68.16999816894531,-0.34500107464050195,5.061231640903307e-05,1.3891957024628311e-06,4.922312070657024e-05,0.006945978512314155
2024-10-01,CL=F,69.83000183105469,-0.35826840584004893,-0.008724173121417112,2.6534662399093967e-06,-0.008726826587657022,0.013267331199546983
2024-10-02,CL=F,70.0999984741211,-0.3816618368609505,-0.0014756897040948652,4.678686204180316e-06,-0.0014803683902990454,0.02339343102090158
2024-10-03,CL=F,73.70999908447266,-0.3881778137489899,-0.01999033060002301,1.30319537760788e-06,-0.01999163379540062,0.006515976888039399
2024-10-04,CL=F,74.37999725341797,-0.3378545567949203,-0.003070980019454551,1.0064651390813917e-05,-0.0030810446708453647,0.050323256954069584
2024-10-07,CL=F,77.13999938964844,-0.3490552098988553,-0.012952314608198609,2.2401306207869953e-06,-0.012954554738819396,0.011200653103934977
2024-10-08,CL=F,73.56999969482422,-0.33341138019059813,0.015430108049638949,3.128765941651435e-06,0.015426979283697297,0.015643829708257173
2024-10-09,CL=F,73.23999786376953,-0.32827545090892224,0.0014724955870547324,1.0271858563351777e-06,0.0014714684011983973,0.005135929281675888
2024-10-10,CL=F,75.8499984741211,-0.3322099349206759,-0.011838724169826023,7.86896802350734e-07,-0.011839511066628373,0.0039344840117536695
2024-10-11,CL=F,75.55999755859375,-0.3236178833192441,0.001237303682683943,1.7184103202863565e-06,0.0012355852723636566,0.008592051601431783
2024-10-14,CL=F,73.83000183105469,-0.3238430208315319,0.0074145984718626285,4.502750245755083e-08,0.007414553444360171,0.00022513751228775414
2024-10-15,CL=F,70.58000183105469,-0.3175860534085177,0.0139801523497123,1.2513934846028364e-06,0.013978900956227697,0.006256967423014181
2024-10-16,CL=F,70.38999938964844,-0.2943701256310593,0.0007924488678938681,4.643185555491681e-06,0.0007878056823383764,0.0232159277774584
2024-10-17,CL=F,70.66999816894531,-0.29446000639667985,-0.0011713090361945278,1.7976153124110716e-08,-0.001171327012347652,8.988076562055358e-05
2024-10-18,CL=F,69.22000122070312,-0.29678622623399326,0.006089417482236624,4.6524396746268073e-07,0.006088952238269161,0.0023262198373134035
2024-10-21,CL=F,70.55999755859375,-0.29255990489466793,-0.005663524909838256,8.452642678650646e-07,-0.00566437017410612,0.004226321339325323
2024-10-22,CL=F,72.08999633789062,-0.29304648717459963,-0.006354319489340269,9.731645598634042e-08,-0.006354416805796255,0.0004865822799317021
2024-10-23,CL=F,70.7699966430664,-0.2910995548841091,0.0053301615082552815,3.8938645809810657e-07,0.005329772121797183,0.0019469322904905328
2024-10-24,CL=F,70.19000244140625,-0.29508344035143874,0.0024183508906034878,7.96777093465928e-07,0.002417554113510022,0.00398388546732964
2024-10-25,CL=F,71.77999877929688,-0.3050078583156986,-0.006909265719924477,1.9848835928519716e-06,-0.006911250603517329,0.009924417964259857
2024-10-28,CL=F,67.37999725341797,-0.3003934625548408,0.018413648872707522,9.22879152171563e-07,0.01841272599355535,0.0046143957608578146
2024-10-29,CL=F,67.20999908447266,-0.26247013037664335,0.000662206046091863,7.584666435639487e-06,0.0006546213796562235,0.03792333217819743
2024-10-30,CL=F,68.61000061035156,-0.26761370503285303,-0.005574462140986052,1.0287149312419364e-06,-0.005575490855917294,0.005143574656209682
2024-10-31,CL=F,69.26000213623047,-0.26387224583143726,-0.0024998886591126473,7.482918402831551e-07,-0.0025006369509529306,0.0037414592014157755
2024-11-01,CL=F,69.48999786376953,-0.28874611602579103,-0.00095885606383327,4.974774038870755e-06,-0.0009638308378721407,0.024873870194353775
2024-11-04,CL=F,71.47000122070312,-0.2898596985178601,-0.008259076036097462,2.2271649841381083e-07,-0.008259298752595876,0.001113582492069054
2024-11-05,CL=F,71.98999786376953,-0.296715159016026,-0.0021588202602486565,1.3710920996331867e-06,-0.0021601913523482895,0.006855460498165933
2024-11-06,CL=F,71.69000244140625,-0.32056097970688857,0.0013358359404640912,4.76916413817251e-06,0.0013310667763259188,0.02384582069086255
2024-11-07,CL=F,72.36000061035156,-0.3205933896786127,-0.0029961916131360264,6.4819943448202194e-09,-0.0029961980951303713,3.2409971724101094e-05
2024-11-08,CL=F,70.37999725341797,-0.340437825340057,0.009315478597495413,3.968887132288868e-06,0.009311509710363123,0.019844435661444337
2024-11-11,CL=F,68.04000091552734,-0.3304123746361302,0.01098556090956285,2.0050901407853595e-06,0.010983555819422066,0.010025450703926797
2024-11-12,CL=F,68.12000274658203,-0.32267614444184173,-0.0003794044980255611,1.547246038857697e-06,-0.0003809517440644188,0.007736230194288485
2024-11-13,CL=F,68.43000030517578,-0.35091260843126576,-0.0015969179023398812,5.6472927978848065e-06,-0.001602565195137766,0.028236463989424032
2024-11-14,CL=F,68.69999694824219,-0.35028862408201794,-0.0013820948733700954,1.2479686984956386e-07,-0.001382219670239945,0.0006239843492478192
2024-11-15,CL=F,67.0199966430664,-0.35029485092464985,0.008566164229938519,1.2453685263813519e-09,0.008566162984569992,6.226842631906759e-06
2024-11-18,CL=F,69.16000366210938,-0.34719613920696474,-0.011086275919179605,6.19742343537022e-07,-0.011086895661523143,0.0030987117176851098
2024-11-19,CL=F,69.38999938964844,-0.33551839744054657,-0.0011157864927117487,2.3355483532836344e-06,-0.0011181220410650323,0.01167774176641817
2024-11-20,CL=F,68.87000274658203,-0.34415757785267426,0.0025790573100358594,1.727836082425538e-06,0.002577329473953434,0.00863918041212769
2024-11-21,CL=F,70.0999984741211,-0.34868631075632606,-0.0062274234844999134,9.0574658073036e-07,-0.006228329231080644,0.0045287329036518
2024-11-22,CL=F,71.23999786376953,-0.34367230056391884,-0.005588961789015958,1.0028020384814429e-06,-0.00558996459105444,0.0050140101924072145
2024-11-25,CL=F,68.94000244140625,-0.34817034147934356,0.011240738568472183,8.996081830849434e-07,0.011239838960289098,0.004498040915424717
2024-11-26,CL=F,68.7699966430664,-0.41367226661490186,0.0010201143232724768,1.3100385027111661e-05,0.0010070139382453653,0.0655019251355583
2024-11-27,CL=F,68.72000122070312,-0.4136857097698615,0.00030074731416587666,2.688630991931618e-09,0.0003007446255348847,1.3443154959658088e-05
2024-11-29,CL=F,68.0,-0.4266570222096717,0.0044702207706011346,2.5942624879620404e-06,0.004467626508113173,0.012971312439810201
2024-12-02,CL=F,68.0999984741211,-0.4263310009672113,-0.0006269477877535246,6.520424849207895e-08,-0.0006270129920020167,0.00032602124246039477
2024-12-03,CL=F,69.94000244140625,-0.4267332174495197,-0.011529968144975205,8.044329646167415e-08,-0.011530048588271667,0.0004022164823083707
2024-12-04,CL=F,68.54000091552734,-0.4296339119367537,0.008600058783021752,5.801388974468025e-07,0.008599478644124305,0.0029006944872340124
2024-12-05,CL=F,68.30000305175781,-0.42088890626357484,0.0014737735196713312,1.7490011346357749e-06,0.0014720245185366955,0.008745005673178874
2024-12-06,CL=F,67.19999694824219,-0.4209566802470623,0.006779720305964567,1.3554796697490269e-08,0.00677970675116787,6.777398348745134e-05
2024-12-09,CL=F,68.37000274658203,-0.420151267801556,-0.007315170265353897,1.610824891012608e-07,-0.007315331347842998,0.0008054124455063039
2024-12-10,CL=F,68.58999633789062,-0.42781072577125034,-0.0013765630273791499,1.5318915939388723e-06,-0.0013780949189730887,0.007659457969694361
2024-12-11,CL=F,70.29000091552734,-0.469848595547478,-0.011645207841856233,8.40757395524553e-06,-0.01165361541581148,0.04203786977622764
2024-12-12,CL=F,70.0199966430664,-0.4463314017579707,0.0017144883175198742,4.703438757901457e-06,0.0017097848787619727,0.023517193789507285
2024-12-13,CL=F,71.29000091552734,-0.44558376079553014,-0.008081880992286093,1.495281924881131e-07,-0.00808203052047858,0.0007476409624405655
2024-12-16,CL=F,70.70999908447266,-0.435608712935157,0.0035440292871526152,1.9950095720746244e-06,0.0035420342775805405,0.00997504786037312
2024-12-17,CL=F,70.08000183105469,-0.4595197748774375,0.004094133783231774,4.782212388456098e-06,0.0040893515708433185,0.023911061942280487
2024-12-18,CL=F,70.58000183105469,-0.49742195943968925,-0.003548957951220192,7.580436912450351e-06,-0.0035565383881326425,0.03790218456225175
2024-12-19,CL=F,69.91000366210938,-0.4956436324099463,0.004705020084286157,3.556654059485909e-07,0.004704664418880208,0.0017783270297429543
2024-12-20,CL=F,69.45999908447266,-0.493651645367262,0.0031775924551062096,3.983974085368547e-07,0.0031771940576976725,0.0019919870426842734
2024-12-23,CL=F,69.23999786376953,-0.5082147549616854,0.0016096727317104669,2.9126219188846835e-06,0.0016067601097915821,0.014563109594423418
2024-12-24,CL=F,70.0999984741211,-0.5255334386872859,-0.0065274276715093634,3.463736745120083e-06,-0.006530891408254484,0.017318683725600414
2024-12-26,CL=F,69.62000274658203,-0.5913655582529644,0.004049257454405894,1.3166423913135716e-05,0.004036091030492758,0.06583211956567858
2024-12-27,CL=F,70.5999984741211,-0.5870813309104541,-0.00826396399472182,8.568454685020655e-07,-0.008264820840190321,0.004284227342510327
2024-12-30,CL=F,70.98999786376953,-0.5729134178840576,-0.0031648142793953135,2.833582605279306e-06,-0.003167647862000593,0.014167913026396528
2024-12-31,CL=F,71.72000122070312,-0.5846200932562565,-0.006011757197498146,2.341335074439788e-06,-0.006014098532572586,0.011706675372198938
2025-01-02,CL=F,73.12999725341797,-0.5794216591032131,-0.01139127477271643,1.0396868306086883e-06,-0.01139231445954704,0.005198434153043441
2025-01-03,CL=F,73.95999908447266,-0.6074436063923828,-0.006894288588867336,5.604389457833947e-06,-0.00689989297832517,0.028021947289169735
2025-01-06,CL=F,73.55999755859375,-0.6590369523790021,0.0035643021880124763,1.0318669197323849e-05,0.0035539835188151524,0.05159334598661924
2025-01-07,CL=F,74.25,-0.6551153920474386,-0.006145068446413208,7.843120663126869e-07,-0.006145852758479521,0.003921560331563434
2025-01-08,CL=F,73.31999969482422,-0.7101412878805029,0.008894701878071261,1.1005179166612856e-05,0.008883696698904648,0.055025895833064276
2025-01-09,CL=F,73.91999816894531,0.6932599050529652,0.005673143575182991,0.0002806802385866936,0.005392463336596297,1.403401192933468
2025-01-10,CL=F,76.56999969482422,0.6903595273810004,0.02474910506333412,5.800755343929653e-07,0.02474852498779973,0.0029003776719648267
2025-01-13,CL=F,78.81999969482422,0.6194420051255034,0.018202226943806514,1.4183504451099393e-05,0.018188043439355414,0.07091752225549697
2025-01-14,CL=F,77.5,0.572893606416327,-0.009594257657501073,9.309679741835276e-06,-0.009603567337242908,0.046548398709176375
2025-01-15,CL=F,80.04000091552734,0.5489154839515658,0.017990268797214326,4.795624492952255e-06,0.017985473172721374,0.023978122464761276
2025-01-16,CL=F,78.68000030517578,0.5115593251146422,-0.00869216624723924,7.4712317673847125e-06,-0.008699637479006626,0.03735615883692356
2025-01-17,CL=F,77.87999725341797,0.4944061820235944,-0.00502702660005946,3.4306286182095637e-06,-0.005030457228677669,0.017153143091047818
2025-01-21,CL=F,75.88999938964844,0.48206861744457863,-0.012317867908796562,2.4675129158031495e-06,-0.012320335421712365,0.012337564579015747
2025-01-22,CL=F,75.44000244140625,0.45054460633521015,-0.002671546969671963,6.3048022218736955e-06,-0.0026778517718938364,0.03152401110936848
2025-01-23,CL=F,74.62000274658203,0.45096937277722937,-0.004901839025517216,8.495328840384398e-08,-0.00490192397880562,0.00042476644201921987
2025-01-24,CL=F,74.66000366210938,0.44425906170017454,0.0002381502083251553,1.3420622154109663e-06,0.0002368081461097443,0.006710311077054831
2025-01-27,CL=F,73.16999816894531,0.446911404597452,-0.008919105480111576,5.304685794554897e-07,-0.00891963594869103,0.0026523428972774488
2025-01-28,CL=F,73.7699966430664,0.4310348495107611,0.0035345122108973418,3.1753110173381783e-06,0.0035313368998800038,0.01587655508669089
2025-01-29,CL=F,72.62000274658203,0.43463819788573127,-0.0067755360918067276,7.206696749940345e-07,-0.006776256761481722,0.0036033483749701722
2025-01-30,CL=F,72.7300033569336,0.4246013097008092,0.0006431616835123514,2.007377636984409e-06,0.0006411543058753669,0.010036888184922044
2025-01-31,CL=F,72.52999877929688,0.42746381680770434,-0.0011755082660456716,5.725014213790236e-07,-0.0011760807674670506,0.002862507106895118
2025-02-03,CL=F,73.16000366210938,0.4405384540692576,0.003826573580606816,2.614927452310656e-06,0.003823958653154505,0.013074637261553279
2025-02-04,CL=F,72.69999694824219,0.44261543616865984,-0.002783024359036313,4.1539641988044274e-07,-0.0027834397554561937,0.0020769820994022137
2025-02-05,CL=F,71.02999877929688,0.4422537956944742,-0.010159051719695325,7.232809483712632e-08,-0.010159124047790161,0.0003616404741856316
2025-02-06,CL=F,70.61000061035156,0.42927396486844716,-0.0025382835748153187,2.5959661652054103e-06,-0.002540879540980524,0.01297983082602705
2025-02-07,CL=F,71.0,0.432665797355569,0.002389737932755178,6.783664974243653e-07,0.0023890595662577536,0.0033918324871218264
2025-02-10,CL=F,72.31999969482422,0.43430565830719425,0.00807441318909759,3.2797219032505434e-07,0.008074085216907266,0.0016398609516252716
2025-02-11,CL=F,73.31999969482422,0.47617803138379516,0.006584320152007304,8.374474615320183e-06,0.006575945677391983,0.04187237307660091
2025-02-12,CL=F,71.37000274658203,0.5172818249742936,-0.01375747387178762,8.220758718099697e-06,-0.01376569463050572,0.04110379359049848
2025-02-13,CL=F,71.29000091552734,0.49714496729662216,-0.0005572720492190135,4.027371535534297e-06,-0.0005612994207545478,0.020136857677671482
2025-02-14,CL=F,70.73999786376953,0.5954913303127962,-0.004594221416204528,1.9669272603234813e-05,-0.004613890688807763,0.09834636301617405
2025-02-18,CL=F,71.8499984741211,0.607672327704688,0.009535152318564366,2.4361994783783646e-06,0.009532716119085988,0.012180997391891824
2025-02-19,CL=F,72.25,0.5735074717972909,0.003192816544101951,6.832971181479431e-06,0.0031859835729204714,0.03416485590739715
2025-02-20,CL=F,72.56999969482422,0.6122154903664904,0.0027115400703659046,7.741603713839895e-06,0.002703798466652065,0.038708018569199476
2025-02-21,CL=F,70.4000015258789,0.6093883188049372,-0.01822201380107887,5.65434312310642e-07,-0.018222579235391178,0.00282717156155321
2025-02-24,CL=F,70.69999694824219,0.5509799620215851,0.0023478900971275335,1.168167135667042e-05,0.0023362084257708632,0.0584083567833521
2025-02-25,CL=F,68.93000030517578,0.5482109426886351,-0.013724633240953488,5.538038665899858e-07,-0.013725187044820078,0.002769019332949929
2025-02-26,CL=F,68.62000274658203,0.53430468985921,-0.0024029181585410167,2.7812505658850297e-06,-0.002405699409106902,0.013906252829425148
2025-02-27,CL=F,70.3499984741211,0.5430709054956582,0.013691493859712108,1.7532431272896387e-06,0.013689740616584819,0.008766215636448194
2025-02-28,CL=F,69.76000213623047,-0.5055737292286023,0.0042400377434025,0.00020972892694485213,0.004030308816457648,1.0486446347242606
2025-03-03,CL=F,68.37000274658203,-0.5036654671620929,0.010035760758365897,3.8165241330188063e-07,0.010035379105952596,0.001908262066509403
2025-03-04,CL=F,68.26000213623047,-0.48733129535166947,0.0007840681260581275,3.266834362084692e-06,0.0007808012916960429,0.01633417181042346
2025-03-05,CL=F,66.30999755859375,-0.49438776895888503,0.014123328192598084,1.4112947214431127e-06,0.014121916897876641,0.007056473607215563
2025-03-06,CL=F,66.36000061035156,-0.46530427882426817,-0.000350876712318147,5.816698026923373e-06,-0.00035669341034507036,0.029083490134616863
2025-03-07,CL=F,67.04000091552734,-0.48123843975236924,-0.00493131830747574,3.1868321856202144e-06,-0.00493450513966136,0.01593416092810107
2025-03-10,CL=F,66.02999877929688,-0.47349673650183366,0.007133542792870757,1.5483406501071164e-06,0.007131994452220651,0.007741703250535581
2025-03-11,CL=F,66.25,-0.47010279218482326,-0.0015663060737331534,6.7878886340208e-07,-0.0015669848625965556,0.0033939443170104
2025-03-12,CL=F,67.68000030517578,-0.4921399468179998,-0.010622796590776317,4.407430926635303e-06,-0.010627204021702953,0.022037154633176514
2025-03-13,CL=F,66.55000305175781,-0.4754206981692968,0.00793770804856625,3.3438497297406002e-06,0.007934364198836509,0.016719248648703
2025-03-14,CL=F,67.18000030517578,-0.4931435605779606,-0.004668355739416677,3.5445724817327664e-06,-0.0046719003118984095,0.01772286240866383
2025-03-17,CL=F,67.58000183105469,-0.4852488065728898,-0.0028892566564207344,1.5789508010141562e-06,-0.0028908356072217486,0.007894754005070781
2025-03-18,CL=F,66.9000015258789,-0.48304910518823435,0.004860513910077261,4.399402769310945e-07,0.00486007396980033,0.0021997013846554725
2025-03-19,CL=F,67.16000366210938,-0.49798252957210565,-0.0019353739692235608,2.9866848767742596e-06,-0.001938360654100335,0.014933424383871297
2025-03-20,CL=F,68.26000213623047,-0.4994813837951223,-0.008180892347635584,2.9977084460333096e-07,-0.008181192118480188,0.0014988542230166546
2025-03-21,CL=F,68.27999877929688,-0.48260936895120865,-0.00014137953397890468,3.3744029687827304e-06,-0.00014475393694768742,0.016872014843913652
2025-03-24,CL=F,69.11000061035156,-0.5251317161082013,-0.006383425508303554,8.504469431398532e-06,-0.006391929977734952,0.04252234715699266
2025-03-25,CL=F,69.0,-0.5159407258584187,0.0008212095825267889,1.8381980499565298e-06,0.0008193713844768324,0.009190990249782649
2025-03-26,CL=F,69.6500015258789,-0.5565341806502903,-0.00524272560328197,8.11869095837432e-06,-0.005250844294240344,0.0405934547918716
2025-03-27,CL=F,69.91999816894531,-0.5524434412027114,-0.0021415344054710977,8.181478895157746e-07,-0.0021423525533606136,0.004090739447578873
2025-03-28,CL=F,69.36000061035156,-0.6035704033600393,0.0048340669504077245,1.0225392431465587e-05,0.004823841557976259,0.051126962157327926
2025-03-31,CL=F,71.4800033569336,-0.6041507360529945,-0.018465992048892068,1.16066538591042e-07,-0.01846610811543066,0.00058033269295521
2025-04-01,CL=F,71.19999694824219,-0.5664364331233788,0.0022188839387548933,7.542860585923151e-06,0.0022113410781689703,0.03771430292961575
2025-04-02,CL=F,71.70999908447266,-0.5646022255708835,-0.0040442184480843045,3.668415104990608e-07,-0.004044585289594804,0.0018342075524953039
2025-04-03,CL=F,66.94999694824219,-0.6630831356721291,0.04401446356985327,1.9696182020249123e-05,0.04399476738783303,0.0984809101012456
2025-04-04,CL=F,61.9900016784668,-0.3952713441302366,0.02928370554937285,5.356235830837849e-05,0.02923014319106447,0.26781179154189244
2025-04-07,CL=F,60.70000076293945,-0.30298955833276375,0.006305158849193263,1.8456357159494573e-05,0.006286702492033769,0.09228178579747287
2025-04-08,CL=F,59.58000183105469,-0.30102259896631856,0.00555428311495669,3.933918732890396e-07,0.005553889723083401,0.001966959366445198
2025-04-09,CL=F,62.349998474121094,-0.2994024666011844,-0.013919835547551263,3.2402647302682833e-07,-0.01392015957402429,0.0016201323651341415
2025-04-10,CL=F,60.06999969482422,-0.2791996489760982,0.010209701273847425,4.040563525017238e-06,0.010205660710322409,0.02020281762508619
2025-04-11,CL=F,61.5,-0.2710841997153959,-0.006453312640098941,1.6230898521404692e-06,-0.0064549357299510815,0.008115449260702345
2025-04-14,CL=F,61.529998779296875,-0.2659857706306993,-0.00012974387689854437,1.0196858169393197e-06,-0.0001307635627154837,0.0050984290846965985
2025-04-15,CL=F,61.33000183105469,-0.26664996990914475,0.0008667183697173172,1.3283985568909309e-07,0.0008665855298616281,0.0006641992784454653
2025-04-16,CL=F,62.470001220703125,-0.2669396340351624,-0.0049618622336152305,5.7932825203532714e-08,-0.004961920166440434,0.00028966412601766356
2025-04-17,CL=F,64.68000030517578,-0.26339116720616695,-0.00931798026267529,7.096933657990912e-07,-0.009318689956041088,0.0035484668289954557
2025-04-21,CL=F,63.08000183105469,-0.2551126991635495,0.00631075954645488,1.6556936085234899e-06,0.006309103852846356,0.008278468042617448
2025-04-22,CL=F,64.30999755859375,-0.25177762483540406,-0.004909407004567009,6.670148656290897e-07,-0.004910074019432638,0.0033350743281454487
2025-04-23,CL=F,62.27000045776367,-0.24983773700395073,0.007925179264726943,3.8797756629066483e-07,0.007924791287160652,0.001939887831453324
2025-04-24,CL=F,62.790000915527344,-0.24474481589919228,-0.0020437998292482376,1.0185842209516904e-06,-0.0020448184134691893,0.005092921104758452
2025-04-25,CL=F,63.02000045776367,-0.24493086665987843,-0.0008971808630343285,3.7210152137229226e-08,-0.0008972180731864658,0.00018605076068614612
2025-04-28,CL=F,62.04999923706055,-0.2449540936398968,0.003770323200904645,4.645396003677416e-09,0.003770318555508641,2.3226980018387078e-05
2025-04-29,CL=F,60.41999816894531,-0.24430918610219662,0.006417795957990873,1.2898150754003803e-07,0.006417666976483332,0.00064490753770019
2025-04-30,CL=F,58.209999084472656,-0.25082240491155605,0.009174400894051606,1.3026437618718856e-06,0.009173098250289734,0.006513218809359428
2025-05-01,CL=F,59.2400016784668,-0.24578222574050784,-0.004349017935956405,1.0080358342096418e-06,-0.004350025971790615,0.005040179171048209
2025-05-02,CL=F,58.290000915527344,-0.24286511254542548,0.003894700129513939,5.834226390164732e-07,0.0038941167068749227,0.002917113195082366
2025-05-05,CL=F,57.130001068115234,-0.2671959960188036,0.00531733247114044,4.866176694675628e-06,0.005312466294445765,0.02433088347337814
2025-05-06,CL=F,59.09000015258789,-0.31562144060640146,-0.010828246509061291,9.685088917519568e-06,-0.01083793159797881,0.04842544458759784
2025-05-07,CL=F,58.06999969482422,-0.3025878036347223,0.0052232136981574025,2.6067273943358283e-06,0.005220606970763066,0.013033636971679141
2025-05-08,CL=F,59.90999984741211,-0.30307501203395254,-0.009603204258975604,9.744167984604424e-08,-0.00960330170065545,0.0004872083992302212
2025-05-09,CL=F,61.02000045776367,-0.3188017268769684,-0.005906695248136521,3.145342968603171e-06,-0.0059098405911051245,0.015726714843015854
2025-05-12,CL=F,61.95000076293945,-0.33329950861337404,-0.005079787649951401,2.8995563472811293e-06,-0.005082687206298683,0.014497781736405646
2025-05-13,CL=F,63.66999816894531,-0.33861130165560477,-0.0094013002957108,1.0623586084461456e-06,-0.009402362654319246,0.005311793042230728
2025-05-14,CL=F,63.150001525878906,-0.32731411086825873,0.0026731937140650796,2.259438157469207e-06,0.0026709342759076104,0.011297190787346034
2025-05-15,CL=F,61.619998931884766,-0.32617902439884583,0.007902687907809465,2.2701729388258097e-07,0.007902460890515583,0.0011350864694129048
2025-05-16,CL=F,62.4900016784668,-0.3217448026492627,-0.004542662558510873,8.868443499166268e-07,-0.00454354940286079,0.004434221749583134
2025-05-19,CL=F,62.689998626708984,-0.3389471318714325,-0.0010847878087525676,3.44046584443396e-06,-0.0010882282745970015,0.0172023292221698
2025-05-20,CL=F,62.560001373291016,-0.3488815995169049,0.0007234590955301399,1.9868935290944803e-06,0.0007214722020010454,0.0099344676454724
2025-05-21,CL=F,61.56999969482422,-0.3566071473970723,0.005643249148442067,1.5451095760334767e-06,0.005641704038866034,0.007725547880167383
2025-05-22,CL=F,61.20000076293945,-0.37207717227339193,0.0022359616209553226,3.094004975263931e-06,0.0022328676159800586,0.015470024876319655
2025-05-23,CL=F,61.529998779296875,-0.3733055419782277,-0.0020129099152339388,2.456739409671505e-07,-0.002013155589174906,0.0012283697048357523
2025-05-27,CL=F,60.88999938964844,-0.3728685922862573,0.0038783630134342183,8.738993839407794e-08,0.003878275623495824,0.0004369496919703897
2025-05-28,CL=F,61.84000015258789,-0.3756222986774448,-0.005860428213131268,5.507412782374987e-07,-0.005860978954409506,0.0027537063911874937
2025-05-29,CL=F,60.939998626708984,-0.387075799178392,0.005633389538029801,2.290700100189447e-06,0.005631098837929612,0.011453500500947233
2025-05-30,CL=F,60.790000915527344,-0.4219877631909995,0.001038680670359716,6.982392802521498e-06,0.0010316982775571946,0.03491196401260749
2025-06-02,CL=F,62.52000045776367,-0.4297043087646654,-0.012228791680606314,1.5433091147331823e-06,-0.012230334989721047,0.007716545573665912
2025-06-03,CL=F,63.40999984741211,-0.4188469030434876,-0.005962467775678884,2.1714811442355655e-06,-0.005964639256823119,0.010857405721177826
2025-06-04,CL=F,62.849998474121094,-0.43599116123577,0.0038504281599480304,3.4288516384564762e-06,0.003846999308309574,0.01714425819228238
2025-06-05,CL=F,63.369998931884766,-0.46505968179811086,-0.0038477526379259706,5.813704112468177e-06,-0.003853566342038439,0.029068520562340883
2025-06-06,CL=F,64.58000183105469,-0.4850513922620475,-0.00926169482051507,3.9983420927873325e-06,-0.009265693162607858,0.019991710463936663
2025-06-09,CL=F,65.29000091552734,-0.5141381715812768,-0.0056524871595717025,5.817355863845863e-06,-0.005658304515435549,0.029086779319229317
2025-06-10,CL=F,64.9800033569336,-0.5243630694544241,0.0024896809475911134,2.0449795746294574e-06,0.002487635968016484,0.010224897873147287
2025-06-11,CL=F,68.1500015258789,-0.5301436866054462,-0.025862641258818254,1.1561234302044144e-06,-0.02586379738224846,0.005780617151022072
2025-06-12,CL=F,68.04000091552734,-0.4538436186818865,0.0007325469397122541,1.526001358471194e-05,0.0007172869261275422,0.0763000679235597
2025-06-13,CL=F,72.9800033569336,-0.45852306979508833,-0.03329078562243097,9.358902226403676e-07,-0.03329172151265361,0.004679451113201838
2025-06-16,CL=F,71.7699966430664,-0.3583066311862177,0.005940715393475898,2.0043287721774128e-05,0.005920672105754123,0.10021643860887064
2025-06-17,CL=F,74.83999633789062,-0.3474806406939638,-0.014863668814046853,2.1651980984507826e-06,-0.014865834012145304,0.010825990492253912
2025-06-18,CL=F,75.13999938964844,-0.3277622012690048,-0.0013138651181597459,3.943687884991798e-06,-0.0013178088060447376,0.01971843942495899
2025-06-20,CL=F,74.93000030517578,-0.3293363854386528,0.0009204197496331086,3.1483683392959926e-07,0.0009201049127991791,0.0015741841696479963
2025-06-23,CL=F,68.51000213623047,-0.33740001718215973,0.028908414302541516,1.6127263487013876e-06,0.028906801576192815,0.008063631743506938
2025-06-24,CL=F,64.37000274658203,0.24762606147874638,-0.014963825885518539,0.00011700521573218122,-0.01508083110125072,0.5850260786609061
2025-06-25,CL=F,64.91999816894531,0.22363845535935142,0.0019108299124403585,4.797521223878992e-06,0.0019060323912164796,0.02398760611939496
2025-06-26,CL=F,65.23999786376953,0.22442863189348677,0.0011062399220782108,1.5803530682707012e-07,0.0011060818867713838,0.0007901765341353506
2025-06-27,CL=F,65.5199966430664,0.22514441834766732,0.000966280876257666,1.4315729083611007e-07,0.0009661377189668298,0.0007157864541805503
2025-06-30,CL=F,65.11000061035156,0.22682911953389479,-0.001419399326586196,3.369402372454922e-07,-0.0014197362668234416,0.0016847011862274608
2025-07-01,CL=F,65.44999694824219,0.22650197173212633,0.0011827651695903482,6.542956035369141e-08,0.0011826997400299945,0.00032714780176845704
2025-07-02,CL=F,67.44999694824219,0.2297403751843352,0.0070203326477162225,6.476806904417765e-07,0.007019684967025781,0.0032384034522088823
2025-07-03,CL=F,67.0,0.22649452199561754,-0.0015110726212457944,6.491706377435347e-07,-0.0015117217918835379,0.0032458531887176734
2025-07-04,CL=F,66.5,0.22674665052518478,-0.001692139183023772,5.0425705913448304e-08,-0.0016921896087296853,0.0002521285295672415
2025-07-07,CL=F,67.93000030517578,0.22627198478345908,0.004865699357790606,9.493314834513878e-08,0.004865604424642261,0.00047466574172569387
2025-07-08,CL=F,68.33000183105469,0.22585158031706026,0.0013299127976318368,8.408089327976432e-08,0.001329828716738557,0.00042040446639882156
2025-07-09,CL=F,68.37999725341797,0.22613363431435188,0.00016545655283375306,5.641079945832295e-08,0.00016540014203429473,0.00028205399729161473
2025-07-10,CL=F,66.56999969482422,0.22641074250035834,-0.005993022925202927,5.5421637201291674e-08,-0.0059930783468401284,0.00027710818600645837
2025-07-11,CL=F,68.44999694824219,0.23439619821798316,0.006619561527438063,1.5970911435249646e-06,0.006617964436294538,0.007985455717624823
2025-07-14,CL=F,66.9800033569336,0.23007397941726815,-0.00494093923080787,8.644437601430022e-07,-0.004941803674568013,0.004322218800715011
2025-07-15,CL=F,66.5199966430664,0.2632049905258845,-0.0018076449193357984,6.626202221723266e-06,-0.0018142711215575218,0.033131011108616326
2025-07-16,CL=F,66.37999725341797,0.26447080415266483,-0.0005566108392920817,2.531627253560709e-07,-0.0005568640020174378,0.0012658136267803544
2025-07-17,CL=F,67.54000091552734,0.2845900696926975,0.004973268103389257,4.023853108006537e-06,0.00496924425028125,0.020119265540032683
2025-07-18,CL=F,67.33999633789062,0.2803363898979218,-0.000830153397952454,8.5073595895514e-07,-0.0008310041339114092,0.0042536797947757
2025-07-21,CL=F,67.19999694824219,0.28034302652808046,-0.0005828312257279353,1.3273260317303581e-09,-0.000582832553053967,6.636630158651791e-06
2025-07-22,CL=F,66.20999908447266,0.3856823318631891,-0.005681915208006504,2.106786106702173e-05,-0.0057029830690735256,0.10533930533510866
2025-07-23,CL=F,65.25,0.5207535242523751,-0.007550565072208679,2.7014238477837195e-05,-0.007577579310686516,0.13507119238918597
2025-07-24,CL=F,66.02999877929688,0.509947230949197,0.006095911381550858,2.161258660635612e-06,0.006093750122890222,0.01080629330317806
2025-07-25,CL=F,65.16000366210938,0.5036249022053108,-0.0066356385569104745,1.264465748777255e-06,-0.006636903022659252,0.006322328743886274
2025-07-28,CL=F,66.70999908447266,0.4946561056783008,0.011766646045958737,1.7937593054019874e-06,0.011764852286653336,0.008968796527009937
2025-07-29,CL=F,69.20999908447266,0.4705363339147958,0.017633650890887073,4.823954352700999e-06,0.01762882693653437,0.024119771763504994
2025-07-30,CL=F,70.0,0.42256544657938105,0.0048233939327247954,9.594177467082955e-06,0.004813799755257713,0.04797088733541477
2025-07-31,CL=F,69.26000213623047,0.44809937092792845,-0.004737036817759106,5.10678486970948e-06,-0.004742143602628816,0.0255339243485474
2025-08-01,CL=F,67.33000183105469,0.4449031665996361,-0.012397678614303638,6.392408656584747e-07,-0.012398317855169297,0.0031962043282923736
2025-08-04,CL=F,66.29000091552734,0.41779342465579156,-0.006453371934157874,5.421948388768905e-06,-0.0064587938825466425,0.027109741943844523
2025-08-05,CL=F,65.16000366210938,0.4254719494680719,-0.007252709724924672,1.5357049624560637e-06,-0.007254245429887128,0.0076785248122803185
2025-08-06,CL=F,64.3499984741211,0.4195075199928074,-0.005214905593872251,1.1928858950528977e-06,-0.005216098479767304,0.005964429475264488
2025-08-07,CL=F,63.880001068115234,0.41672118175036,-0.0030436344847643193,5.57267648489479e-07,-0.0030441917524128086,0.002786338242447395
2025-08-08,CL=F,63.880001068115234,0.43551349399236267,0.0,3.758462448400535e-06,-3.758462448400535e-06,0.018792312242002673
2025-08-11,CL=F,63.959999084472656,0.47430743087984584,0.000593983296486114,7.758787377496635e-06,0.0005862245091086173,0.03879393688748317
2025-08-12,CL=F,63.16999816894531,0.4907348047213635,-0.006061303166984034,3.2854747683035314e-06,-0.006064588641752337,0.016427373841517656
2025-08-13,CL=F,62.650001525878906,0.48665459077739476,-0.004005995897930946,8.160427887937472e-07,-0.00400681194071974,0.004080213943968736
2025-08-14,CL=F,63.959999084472656,0.48508376338276704,0.010142993300365747,3.141654789255433e-07,0.010142679134886822,0.0015708273946277163
2025-08-15,CL=F,62.79999923706055,0.47775024702996466,-0.008664637610828148,1.4667032705604767e-06,-0.008666104314098708,0.007333516352802383
2025-08-18,CL=F,63.41999816894531,0.4671470203987636,0.00461195314011184,2.1206453262402113e-06,0.0046098324947856,0.010603226631201057
2025-08-19,CL=F,62.349998474121094,0.4599075528435588,-0.0077593969630691045,1.4478935110409653e-06,-0.007760844856580146,0.007239467555204826
2025-08-20,CL=F,63.209999084472656,0.4575596311583405,0.006311171959879551,4.695843370436603e-07,0.006310702375542507,0.0023479216852183016
2025-08-21,CL=F,63.52000045776367,0.4533432588209437,0.0022233354665755437,8.432744674793603e-07,0.0022224921921080642,0.004216372337396801
2025-08-22,CL=F,63.65999984741211,0.45923442100589545,0.0010121621250479924,1.1782324369903564e-06,0.001010983892611002,0.0058911621849517815
2025-08-25,CL=F,64.80000305175781,0.4646317879398765,0.00832047955328203,1.0794733867962038e-06,0.008319400079895234,0.005397366933981018
2025-08-26,CL=F,63.25,0.476433811983848,-0.011396201045634673,2.360404808794303e-06,-0.011398561450443467,0.011802024043971515
2025-08-27,CL=F,64.1500015258789,0.5447449756566951,0.007751325048314467,1.3662232734569425e-05,0.007737662815579897,0.06831116367284712
2025-08-28,CL=F,64.5999984741211,-0.5380438078262444,-0.0037742488820478367,0.0002165577566965879,-0.003990806638744425,1.0827887834829395
2025-08-29,CL=F,64.01000213623047,-0.5332266132861696,0.004869996231202566,9.634389080149576e-07,0.004869032792294552,0.004817194540074787
2025-09-02,CL=F,65.58999633789062,-0.5767849243812803,-0.01423710054231663,8.711662219022132e-06,-0.014245812204535652,0.04355831109511066
2025-09-03,CL=F,63.970001220703125,-0.5398644050335595,0.013334010503557021,7.3841038695441565e-06,0.013326626399687477,0.03692051934772078
2025-09-04,CL=F,63.47999954223633,-0.5197175490851264,0.003980967117723681,4.0293711896866256e-06,0.003976937746533994,0.02014685594843313
2025-09-05,CL=F,61.869998931884766,-0.5252849538875384,0.013322449629268445,1.1134809604824047e-06,0.013321336148307963,0.005567404802412024
2025-09-08,CL=F,62.2599983215332,-0.4933924942090668,-0.003110114351391926,6.37849193569432e-06,-0.0031164928433276206,0.031892459678471596
2025-09-09,CL=F,62.630001068115234,-0.49045511567898037,-0.0029147083965414987,5.87475706017282e-07,-0.002915295872247516,0.0029373785300864097
2025-09-10,CL=F,63.66999816894531,-0.48822141644520134,-0.008107118777052988,4.467398467558059e-07,-0.008107565516899744,0.0022336992337790296
2025-09-11,CL=F,62.369998931884766,-0.481484412759805,0.009830836928617769,1.347400737079263e-06,0.009829489527880689,0.0067370036853963144
2025-09-12,CL=F,62.689998626708984,-0.4650615684398264,-0.002386076038541275,3.2845688639957297e-06,-0.002389360607405271,0.016422844319978647
2025-09-15,CL=F,63.29999923706055,-0.48503491685484007,-0.004719598050799976,3.994669683002739e-06,-0.004723592720482979,0.019973348415013692
2025-09-16,CL=F,64.5199966430664,-0.4966201028070853,-0.009571488854620417,2.3170371904490452e-06,-0.009573805891810866,0.011585185952245225
2025-09-17,CL=F,64.05000305175781,-0.4832514836978987,0.003520228024574622,2.673723821837315e-06,0.0035175543007527846,0.013368619109186575
2025-09-18,CL=F,63.56999969482422,-0.49635800328782254,0.0037198047848098193,2.621303917984763e-06,0.0037171834808918344,0.013106519589923815
2025-09-19,CL=F,62.68000030517578,-0.5014916706790206,0.007021036384469955,1.0267334782396055e-06,0.007020009650991715,0.005133667391198027
2025-09-22,CL=F,62.63999938964844,-0.49241180467704715,0.00031424573879470054,1.8159732003946827e-06,0.00031242976559430586,0.009079866001973413
2025-09-23,CL=F,63.40999984741211,-0.4928283951852151,-0.006058079399570688,8.331810163358933e-08,-0.0060581627176723215,0.0004165905081679466
2025-09-24,CL=F,64.98999786376953,-0.5024728430367434,-0.012520203393501966,1.9288895703056696e-06,-0.012522132283072272,0.009644447851528348
2025-09-25,CL=F,64.9800033569336,-0.5011343435403202,7.706709935176962e-05,2.676998992846569e-07,7.679939945248496e-05,0.0013384994964232844
2025-09-26,CL=F,65.72000122070312,-0.5107919421959469,-0.005816942544299779,1.931519731125353e-06,-0.005818874064030905,0.009657598655626765
2025-09-29,CL=F,63.45000076293945,-0.5065913550490057,0.01749790910682607,8.401174293882541e-07,0.017497068989396684,0.00420058714694127
2025-09-30,CL=F,62.369998931884766,-0.45256480341107214,0.007703243663951973,1.0805310327586705e-05,0.007692438353624386,0.05402655163793352
2025-10-01,CL=F,61.779998779296875,-0.47114691276184023,0.004456898431638275,3.716421870153619e-06,0.004453182009768122,0.018582109350768095
2025-10-02,CL=F,60.47999954223633,-0.49369189894666127,0.010388460742228206,4.508997236964207e-06,0.010383951744991243,0.022544986184821036
2025-10-03,CL=F,60.880001068115234,-0.4771035766041808,-0.003155458996170793,3.3176644684960956e-06,-0.003158776660639289,0.016588322342480477
2025-10-06,CL=F,61.689998626708984,-0.5030230406280547,-0.006692631860654179,5.183892804774781e-06,-0.006697815753458954,0.025919464023873906
2025-10-07,CL=F,61.72999954223633,-0.49516280228499027,-0.00032107255418078676,1.572047668612886e-06,-0.00032264460184939966,0.00786023834306443
2025-10-08,CL=F,62.54999923706055,-0.49729729003104534,-0.0066059230371994185,4.268975492110139e-07,-0.006606349934748629,0.0021344877460550693
2025-10-09,CL=F,61.5099983215332,-0.5029821545527393,0.00836294016961123,1.1369729043387957e-06,0.008361803196706891,0.0056848645216939775
2025-10-10,CL=F,58.900001525878906,-0.5106876054640412,0.021669534225542308,1.5410901822603852e-06,0.021667993135360046,0.007705450911301925
2025-10-13,CL=F,59.4900016784668,-0.4368878535685683,-0.004376297004949931,1.4759950379094589e-05,-0.004391056955329025,0.07379975189547294
2025-10-14,CL=F,58.70000076293945,-0.4366198752707771,0.005798118868203013,5.3595659558236534e-08,0.005798065272543455,0.00026797829779118265
2025-10-15,CL=F,58.27000045776367,-0.4535828938516094,0.00332267087297633,3.3926037161664537e-06,0.0033192782692601634,0.016963018580832268
2025-10-16,CL=F,57.459999084472656,-0.4535737763876708,0.006305051980034025,1.823492787711434e-09,0.006305050156541238,9.117463938557169e-06
2025-10-17,CL=F,57.540000915527344,-0.4504879462060451,-0.0006272165182524097,6.171660363251453e-07,-0.0006278336842887349,0.003085830181625726
2025-10-20,CL=F,57.52000045776367,-0.4527096239411293,0.00015735835190781386,4.4433554701683866e-07,0.00015691401636079702,0.002221677735084193
2025-10-21,CL=F,57.81999969482422,-0.4526240617177473,-0.002360689709838901,1.7112444676403716e-08,-0.0023607068222835778,8.556222338201858e-05
2025-10-22,CL=F,58.5,-0.460305470921531,-0.005413487761203535,1.5362818407567481e-06,-0.005415024043044291,0.00768140920378374
2025-10-23,CL=F,61.790000915527344,-0.4887091372838756,-0.027484675369068904,5.680733272468919e-06,-0.027490356102341372,0.028403666362344593
2025-10-24,CL=F,61.5,-0.3695824458309266,0.0017345726827278536,2.3825338290589805e-05,0.0017107473444372637,0.11912669145294902
2025-10-27,CL=F,61.310001373291016,-0.3739601506356225,0.0011553156921081617,8.755409609391807e-07,0.0011544401511472224,0.004377704804695903
2025-10-28,CL=F,60.150001525878906,-0.4002232418010155,0.00757231918155211,5.252618233078599e-06,0.007567066563319032,0.026263091165392993
2025-10-29,CL=F,60.47999954223633,-0.39848914989631573,-0.002186211565583429,3.4681838093995053e-07,-0.002186558383964369,0.0017340919046997527
2025-10-30,CL=F,60.56999969482422,-0.3990931864992002,-0.0005938896817721253,1.2080732057689892e-07,-0.0005940104890927022,0.0006040366028844946
2025-10-31,CL=F,60.97999954223633,-0.41149772677008556,-0.0027854384354665893,2.4809080541770668e-06,-0.0027879193435207663,0.012404540270885334
2025-11-03,CL=F,61.04999923706055,-0.4114367306352161,-0.00047229330600422753,1.219922697389686e-08,-0.00047230550523120145,6.09961348694843e-05
2025-11-04,CL=F,60.560001373291016,-0.4169392818392613,0.003346426862833121,1.1005102408090494e-06,0.0033453263525923117,0.005502551204045247
2025-11-05,CL=F,59.599998474121094,-0.4152368057720998,0.006582373321396297,3.404952134323014e-07,0.006582032826182864,0.001702476067161507
2025-11-06,CL=F,59.43000030517578,-0.4156686903493219,0.0011856194304763754,8.63769154444194e-08,0.001185533053560931,0.00043188457722209694
2025-11-07,CL=F,59.75,-0.4226213897180638,-0.002275596753180395,1.3905398737483754e-06,-0.0022769872930541437,0.006952699368741877
2025-11-10,CL=F,60.130001068115234,-0.4951165415144301,-0.0031488671902428003,1.4499030359273258e-05,-0.0031633662206020734,0.07249515179636629
2025-11-11,CL=F,61.040000915527344,-0.49803534798380444,-0.007537204101455155,5.837612938748738e-07,-0.007537787862749029,0.0029188064693743687
2025-11-12,CL=F,58.4900016784668,-0.49936436142227486,0.020861381414529194,2.658026876940833e-07,0.0208611156118415,0.0013290134384704166
2025-11-13,CL=F,58.689998626708984,-0.42397671487115124,-0.0014497186983530893,1.5077529310224724e-05,-0.001464796227663314,0.07538764655112362
2025-11-14,CL=F,60.09000015258789,-0.4311054072875114,-0.010283664033730254,1.4257384832720322e-06,-0.010285089772213526,0.007128692416360161
2025-11-17,CL=F,59.90999984741211,-0.4149730356002147,0.001243056629357341,3.22647433745934e-06,0.0012398301550198816,0.016132371687296698
2025-11-18,CL=F,60.7400016784668,-0.41432216694621943,-0.005740079420593821,1.301737307990547e-07,-0.00574020959432462,0.0006508686539952735
2025-11-19,CL=F,59.439998626708984,-0.41054862773365186,0.00878686951268126,7.547078425135134e-07,0.008786114804838745,0.003773539212567567
2025-11-20,CL=F,59.13999938964844,-0.39785636277290826,0.00200801830499917,2.538452992148721e-06,0.002005479852007021,0.012692264960743604
2025-11-21,CL=F,58.060001373291016,-0.5335543076600292,0.009743618529570905,2.713958897742419e-05,0.00971647894059348,0.13569794488712095
2025-11-24,CL=F,58.84000015258789,-0.5179461153946402,-0.0069582729623432074,3.121638453077802e-06,-0.006961394600796285,0.01560819226538901
2025-11-25,CL=F,57.95000076293945,-0.5034586694464749,0.007615192171288061,2.8974891896330625e-06,0.007612294682098428,0.014487445948165312
2025-11-26,CL=F,58.650001525878906,-0.5100152814004175,-0.006160674398461612,1.3113223907885275e-06,-0.006161985720852401,0.006556611953942637
2025-11-28,CL=F,58.54999923706055,-0.5022605454091883,0.0008563887948394172,1.5509471982458445e-06,0.0008548378476411713,0.007754735991229222
2025-12-01,CL=F,59.31999969482422,-0.5027540820808732,-0.006611799801694811,9.870733433698931e-08,-0.006611898509029148,0.0004935366716849465
2025-12-02,CL=F,58.63999938964844,-0.49486721180491283,0.005672789224208112,1.5773740551920824e-06,0.00567121185015292,0.007886870275960411
2025-12-03,CL=F,58.95000076293945,-0.4901466042987018,-0.002591168520260024,9.441215012422011e-07,-0.0025921126417612662,0.004720607506211005
2025-12-04,CL=F,59.66999816894531,-0.4898872933050354,-0.005983334620015892,5.1862198733287905e-08,-0.005983386482214625,0.0002593109936664395
2025-12-05,CL=F,60.08000183105469,-0.4936684738284703,-0.0033920879562379744,7.562361046869804e-07,-0.0033928441923426612,0.0037811805234349016
2025-12-08,CL=F,58.880001068115234,-0.4920496749917491,0.00982789559585213,3.2375976734423386e-07,0.009827571836084785,0.0016187988367211692
2025-12-09,CL=F,58.25,-0.4737631048089009,0.00506914498384453,3.657314036569648e-06,0.00506548766980796,0.01828657018284824
2025-12-10,CL=F,58.459999084472656,-0.47196572649466695,-0.0017014999221691292,3.594756628467866e-07,-0.001701859397831976,0.0017973783142339328
2025-12-11,CL=F,57.599998474121094,-0.48421469611483126,0.007123245650384516,2.4497939240328617e-06,0.0071207958564604825,0.012248969620164307
2025-12-12,CL=F,57.439998626708984,-0.5781572097212851,0.0016059907601764804,1.8788502721290778e-05,0.0015872022574551896,0.09394251360645389
2025-12-15,CL=F,56.81999969482422,-0.5793729867743811,0.0062536671579232,2.431554106191891e-07,0.006253424002512581,0.0012157770530959455
2025-12-16,CL=F,55.27000045776367,-0.6362139187756979,0.017355351883246477,1.1368186400263358e-05,0.017343983696846213,0.05684093200131679
2025-12-17,CL=F,55.939998626708984,-0.5800332511566921,-0.007031322833068448,1.123613352380115e-05,-0.007042558966592249,0.05618066761900575
2025-12-18,CL=F,56.150001525878906,-0.5851173354328569,-0.0021965738257421043,1.0168168552329605e-06,-0.0021975906425973375,0.005084084276164802
2025-12-19,CL=F,56.65999984741211,-0.6106359186561963,-0.005546274000349145,5.103716644667867e-06,-0.005551377716993812,0.02551858322333933
2025-12-22,CL=F,58.0099983215332,-0.598532943962723,-0.014260828860517282,2.4205949386946426e-06,-0.014263249455455977,0.012102974693473212
2025-12-23,CL=F,58.380001068115234,-0.5706808397963222,-0.003639949737216249,5.570420833280165e-06,-0.003645520158049529,0.027852104166400826
2025-12-24,CL=F,58.349998474121094,-0.5825601071544932,0.0002993887299136142,2.375853471634204e-06,0.00029701287644197995,0.01187926735817102
2025-12-26,CL=F,56.7400016784668,-0.6035545375875965,0.016653314428956026,4.198886086620646e-06,0.016649115542869405,0.02099443043310323
2025-12-29,CL=F,58.08000183105469,-0.5552018324414272,-0.013111923126201292,9.670541029233859e-06,-0.013121593667230525,0.048352705146169295
2025-12-30,CL=F,57.95000076293945,-0.5149768283945231,0.0011526779551526802,8.04500080938082e-06,0.0011446329543432993,0.0402250040469041
2025-12-31,CL=F,57.41999816894531,-0.5266462041306986,0.004816632452659862,2.3338751472351096e-06,0.004814298577512627,0.011669375736175547
2026-01-02,CL=F,57.31999969482422,-0.5294220001368277,0.0009220026796944897,5.551592012258189e-07,0.0009214475204932639,0.0027757960061290943
2026-01-05,CL=F,58.31999969482422,-0.5320852108184361,-0.009282714822946592,5.326421363216705e-07,-0.009283247465082913,0.0026632106816083523
2026-01-06,CL=F,57.130001068115234,-0.5213831639572439,0.010638636014145416,2.140409372238428e-06,0.010636495604773177,0.010702046861192138
2026-01-07,CL=F,55.9900016784668,-0.505107309807945,0.010079153056578395,3.255170829859777e-06,0.010075897885748536,0.016275854149298885
2026-01-08,CL=F,57.7599983215332,-0.5051447470960264,-0.015969003033026542,7.487457616273119e-09,-0.015969010520484158,3.7437288081365594e-05
2026-01-09,CL=F,59.119998931884766,-0.45678438778251196,-0.010755316209067202,9.672071862702892e-06,-0.010764988280929904,0.048360359313514456
2026-01-12,CL=F,59.5,-0.4360637478474436,-0.0028028533988858134,4.144127987013668e-06,-0.002806997526872827,0.02072063993506834
2026-01-13,CL=F,61.150001525878906,-0.4445595396404477,-0.012328133088248082,1.6991583586008165e-06,-0.012329832246606684,0.008495791793004082
2026-01-14,CL=F,62.02000045776367,-0.4229220088812942,-0.006017034943843297,4.327506151830696e-06,-0.006021362449995128,0.021637530759153478
2026-01-15,CL=F,59.189998626708984,-0.42661801488477474,0.019466780947656283,7.392012006961047e-07,0.019466041746455588,0.003696006003480523
2026-01-16,CL=F,59.439998626708984,-0.38358439657819177,-0.001620140249526469,8.606723661316596e-06,-0.0016287469731877857,0.04303361830658298
2026-01-20,CL=F,60.34000015258789,-0.38544797466891845,-0.005836200763185807,3.727156181453362e-07,-0.0058365734788039525,0.0018635780907266808
2026-01-21,CL=F,60.619998931884766,-0.3821080081412706,-0.001773115272929406,6.679933055295685e-07,-0.0017737832662349357,0.003339966527647842
2026-01-22,CL=F,59.36000061035156,-0.3827974863587356,0.007956519280726096,1.3789564349300233e-07,0.007956381385082603,0.0006894782174650116
2026-01-23,CL=F,61.06999969482422,-0.3807472503340636,-0.010968285761324486,4.1004720493440505e-07,-0.01096869580852942,0.0020502360246720253
2026-01-26,CL=F,60.630001068115234,-0.36481739529999896,0.0026284452879267385,3.185971006812927e-06,0.0026252593169199256,0.015929855034064633
2026-01-27,CL=F,62.38999938964844,-0.3630780740390454,-0.010539613881522475,3.478642521907105e-07,-0.010539961745774665,0.0017393212609535524
2026-01-28,CL=F,63.209999084472656,-0.3699892956704847,-0.004862816356884976,1.3822443262878626e-06,-0.004864198601211264,0.006911221631439313
2026-01-29,CL=F,65.41999816894531,-0.37650451130335977,-0.013163655075651535,1.3030431265750098e-06,-0.01316495811877811,0.006515215632875049
2026-01-30,CL=F,65.20999908447266,-0.358753034490689,0.001151602123257065,3.5502953625341504e-06,0.001148051827894531,0.017751476812670752
2026-02-02,CL=F,62.13999938964844,0.3618207765649688,-0.01703403909263373,0.00014411476221113157,-0.017178153854844863,0.7205738110556579
2026-02-03,CL=F,63.209999084472656,0.31608514737547716,0.0054427263365337195,9.14712583789833e-06,0.005433579210695821,0.045735629189491644
2026-02-04,CL=F,65.13999938964844,0.3161666588315759,0.009653563627107297,1.6302291219749688e-08,0.009653547324816077,8.151145609874844e-05
2026-02-05,CL=F,63.290000915527344,0.316917749818274,-0.009000573519791392,1.5021819733961328e-07,-0.009000723737988731,0.0007510909866980664
2026-02-06,CL=F,63.54999923706055,0.30990426095789086,0.0012731013828326898,1.402697772076622e-06,0.0012716986850606132,0.00701348886038311
2026-02-09,CL=F,64.36000061035156,0.31895396769294265,0.004065352556247336,1.8099413470103577e-06,0.004063542614900326,0.009049706735051788
2026-02-10,CL=F,63.959999084472656,0.32312613869239615,-0.0020082496473365465,8.344341998906991e-07,-0.0020090840815364373,0.004172170999453495
2026-02-11,CL=F,64.62999725341797,0.3216033596029647,0.0033688815688703968,3.045558178862873e-07,0.0033685770130525107,0.0015227790894314364
2026-02-12,CL=F,62.84000015258789,0.3297557329202011,-0.00913293874351886,1.630474663447279e-06,-0.009134569218182306,0.008152373317236394
2026-02-13,CL=F,62.88999938964844,0.31884819362976435,0.0002536945636682182,2.1815078580873504e-06,0.00025151305581013085,0.010907539290436752
2026-02-17,CL=F,62.33000183105469,0.3570452493493137,-0.0031792728555189603,7.63941114390987e-06,-0.0031869122666628702,0.038197055719549344
2026-02-18,CL=F,65.19000244140625,0.3543193371777906,0.016257877279300136,5.451824343046141e-07,0.01625733209686583,0.0027259121715230705
2026-02-19,CL=F,66.43000030517578,0.3257213701734283,0.006195640252693062,5.719593400872469e-06,0.00618992065929219,0.028597967004362346
2026-02-20,CL=F,66.38999938964844,0.3225804935611396,-0.00019424228532937735,6.281753224577358e-07,-0.0001948704606518351,0.003140876612288679
2026-02-23,CL=F,66.30999755859375,0.3325440560362428,-0.0004007250133127923,1.992712495020643e-06,-0.00040271772580781297,0.009963562475103216
2026-02-24,CL=F,65.62999725341797,0.3412582386311745,-0.003499558361586376,1.742836518986335e-06,-0.0035013011981053625,0.008714182594931674
2026-02-25,CL=F,65.41999816894531,0.3398852424864553,-0.0010875452191826264,2.7459922894383927e-07,-0.0010878198184115701,0.0013729961447191963
2026-02-26,CL=F,65.20999908447266,0.35092203929020904,-0.0011264645220855755,2.2073593607507492e-06,-0.0011286718814463262,0.011036796803753746
2026-02-27,CL=F,67.0199966430664,0.35264706298478415,0.009788227756618693,3.450047389150224e-07,0.009787882751879778,0.0017250236945751118
2026-03-02,CL=F,71.2300033569336,0.36117382452337166,0.02268791856577621,1.7053523077175003e-06,0.02268621321346849,0.008526761538587502
2026-03-03,CL=F,74.55999755859375,0.3049410641329022,0.01425595855053118,1.1246552078093897e-05,0.014244711998453086,0.05623276039046948
2026-03-04,CL=F,74.66000366210938,0.3233350786760366,0.0004336840451596912,3.6788029086268884e-06,0.0004300052422510643,0.01839401454313444
2026-03-05,CL=F,81.01000213623047,0.3234554766930004,0.027510603840072638,2.4079603392757055e-08,0.027510579760469247,0.00012039801696378527
2026-03-06,CL=F,90.9000015258789,0.26613390168721357,0.03249060678735806,1.1464315001157366e-05,0.0324791424723569,0.05732157500578683
2026-03-09,CL=F,94.7699966430664,0.2109406418877555,0.00898062970757601,1.1038651959891616e-05,0.008969591055616118,0.05519325979945808
2026-03-10,CL=F,83.44999694824219,0.20984286282984732,-0.025065117941720474,2.195558115816343e-07,-0.025065337497532054,0.0010977790579081714
2026-03-11,CL=F,87.25,0.15992503521920343,0.0072823923799825874,9.98356552212878e-06,0.0072724088144604584,0.049917827610643895
2026-03-12,CL=F,95.7300033569336,0.15915714691702465,0.01546880389841079,1.535776604357553e-07,0.015468650320750354,0.0007678883021787763
2026-03-13,CL=F,98.70999908447266,0.14945092169013963,0.004652283427305818,1.9412450453770046e-06,0.00465034218226044,0.009706225226885024
2026-03-16,CL=F,93.5,0.15317089290835684,-0.008084492140836506,7.439942436434422e-07,-0.00808523613508015,0.0037199712182172107
2026-03-17,CL=F,96.20999908447266,0.1455707078335742,0.004219213742834474,1.5200370149565269e-06,0.004217693705819517,0.007600185074782634
2026-03-18,CL=F,96.31999969482422,0.14684347101789985,0.00016789181573453513,2.5455263686512964e-07,0.00016763726309767,0.0012727631843256482
2026-03-19,CL=F,96.13999938964844,0.14701253202159037,-0.00027473318845923166,3.381220073810365e-08,-0.0002747670006599698,0.00016906100369051824
2026-03-20,CL=F,98.31999969482422,0.1463242049893566,0.0033179406444405206,1.3766540644675196e-07,0.0033178029790340738,0.0006883270322337598
2026-03-23,CL=F,88.12999725341797,0.1469364541024535,-0.015228669962194867,1.2244982261938043e-07,-0.015228792412017488,0.0006122491130969021
2026-03-24,CL=F,92.3499984741211,0.13013648469624195,0.00623143244515256,3.3599938812423126e-06,0.0062280724512713175,0.016799969406211562
2026-03-25,CL=F,90.31999969482422,0.12998769315637174,-0.0028573347351488676,2.9758307974042665e-08,-0.0028573644934568416,0.00014879153987021332
2026-03-26,CL=F,94.4800033569336,0.12888087817996108,0.005936059865102439,2.2136299528213167e-07,0.005935838502107157,0.0011068149764106583
2026-03-27,CL=F,99.63999938964844,0.1286789607776664,0.007027761468193254,4.0383480458933144e-08,0.007027721084712795,0.0002019174022946657
2026-03-30,CL=F,102.87999725341797,0.1276865253647164,0.004151987875833083,1.9848708259000427e-07,0.004151789388750493,0.0009924354129500212
2026-03-31,CL=F,101.37999725341797,0.12918156355204283,-0.0018834793011391399,2.9900763746528725e-07,-0.0018837783087766052,0.0014950381873264362
2026-04-01,CL=F,100.12000274658203,0.12887347991984352,-0.0016016954150229014,6.16167264398615e-08,-0.0016017570317493413,0.00030808363219930746
2026-04-02,CL=F,111.54000091552734,0.12829907464074225,0.01463419054415352,1.14881055820254e-07,0.014634075663097698,0.0005744052791012699
2026-04-06,CL=F,112.41000366210938,0.12410248178115967,0.0009679890543395583,8.393185719165169e-07,0.0009671497357676417,0.004196592859582585
2026-04-07,CL=F,112.94999694824219,0.13488079325448252,0.0006479380874732598,2.1556622946645704e-06,0.0006457824251785953,0.010778311473322852
2026-04-08,CL=F,94.41000366210938,0.13589456899013888,-0.022306192693866186,2.0275514713127274e-07,-0.022306395449013316,0.0010137757356563637
2026-04-09,CL=F,97.87000274658203,0.12312370350630705,0.004512317390997827,2.5541730967663656e-06,0.004509763217901061,0.012770865483831828
2026-04-10,CL=F,96.56999969482422,0.12360795011515317,-0.001641879103521724,9.684932176922401e-08,-0.001641975952843493,0.00048424660884612003
2026-04-13,CL=F,99.08000183105469,0.13097482777889327,0.0034042362903213357,1.4733755327480198e-06,0.0034027629147885875,0.0073668776637400984
2026-04-14,CL=F,91.27999877929688,0.13124339190646864,-0.010332043182024285,5.371282551507317e-08,-0.0103320968948498,0.00026856412757536585
2026-04-15,CL=F,91.29000091552734,0.12793325205715353,1.401846880581663e-05,6.620279698630216e-07,1.3356440835953608e-05,0.003310139849315108
2026-04-16,CL=F,94.69000244140625,0.12871494629027633,0.00479385485158787,1.5633884662455967e-07,0.004793698512741245,0.0007816942331227983
2026-04-17,CL=F,83.8499984741211,0.12744678568763507,-0.014589963320854125,2.5363212052825214e-07,-0.014590216952974654,0.0012681606026412606
2026-04-20,CL=F,89.61000061035156,0.1173063824663431,0.008058259104299725,2.0280806442583927e-06,0.008056231023655467,0.010140403221291963
2026-04-21,CL=F,92.12999725341797,0.11423491160971888,0.0032124940499579195,6.142941713248446e-07,0.0032118797557865947,0.0030714708566242227
2026-04-22,CL=F,92.95999908447266,0.12153247033785368,0.001094889568221245,1.4595117456269597e-06,0.001093430056475618,0.007297558728134798
2026-04-23,CL=F,95.8499984741211,0.12309922912357445,0.003826986881852768,3.133517571441535e-07,0.0038266735300956237,0.0015667587857207677
2026-04-24,CL=F,94.4000015258789,0.12301927197967137,-0.0018610075303617203,1.5991428780615104e-08,-0.0018610235217905008,7.995714390307551e-05
2026-04-27,CL=F,96.37000274658203,0.12423706356605212,0.0025926606242119483,2.435583172761491e-07,0.002592417065894672,0.0012177915863807454
2026-04-28,CL=F,99.93000030517578,0.12636802435714273,0.0046681523853302955,4.261921582181222e-07,0.004667726193172078,0.002130960791090611
2026-04-29,CL=F,106.87999725341797,0.1261001018625757,0.008770092269003391,5.3584498913406e-08,0.008770038684504478,0.00026792249456703
2026-04-30,CL=F,105.06999969482422,0.1225712126041818,-0.002075726059773547,7.057778516787794e-07,-0.002076431837625226,0.003528889258393897
2026-05-01,CL=F,101.94000244140625,0.12243199013377387,-0.0036472046631983142,2.784449408158585e-08,-0.0036472325076923958,0.00013922247040792923
2026-05-04,CL=F,106.41999816894531,0.1332614476470823,0.005856491090901756,2.165891502661688e-06,0.005854325199399094,0.010829457513308438
2026-05-05,CL=F,102.2699966430664,0.1312316174897446,-0.0051175664555209695,4.0596603146754173e-07,-0.005117972421552437,0.0020298301573377087
2026-05-06,CL=F,95.08000183105469,0.12994899279238706,-0.00913594030186913,2.5652493947150856e-07,-0.009136196826808602,0.0012826246973575428
2026-05-07,CL=F,94.80999755859375,0.15791280556957032,-0.00044843428017427413,5.592762555436654e-06,-0.0004540270427297108,0.027963812777183267
2026-05-08,CL=F,95.41999816894531,0.16018736147685964,0.001030633802211666,4.5491118145786216e-07,0.001030178891030208,0.0022745559072893107
2026-05-11,CL=F,98.06999969482422,0.16043412356857775,0.0044555720018672525,4.9352418343623365e-08,0.004455522649448909,0.0002467620917181168
2026-05-12,CL=F,102.18000030517578,0.16026521654203305,0.0067165304359702626,3.378140530894136e-08,0.006716496654564953,0.0001689070265447068
2026-05-13,CL=F,101.0199966430664,0.17080217854545698,-0.0019390404386107,2.107392400684788e-06,-0.0019411478310113848,0.010536962003423939
2026-05-14,CL=F,101.16999816894531,0.17020582825444255,0.000252733466640859,1.1927005820288605e-07,0.0002526141965826561,0.0005963502910144303
2026-05-15,CL=F,105.41999816894531,0.1724351713892528,0.007243743122150957,4.458686269620482e-07,0.007243297253523995,0.002229343134810241
2026-05-18,CL=F,108.66000366210938,0.21586800825243957,0.00663454320512711,8.686567372637355e-06,0.006625856637754473,0.043432836863186775
2026-05-19,CL=F,107.7699966430664,0.2300246048344923,-0.0018840742311392977,2.831319316410547e-06,-0.0018869055504557083,0.014156596582052733
2026-05-20,CL=F,98.26000213623047,0.2302753060196156,-0.020320283599520747,5.014023702465953e-08,-0.020320333739757772,0.00025070118512329764
2026-05-21,CL=F,96.3499984741211,0.19382411541473404,-0.0037676039303763675,7.290238120976312e-06,-0.0037748941684973437,0.036451190604881556
2026-05-22,CL=F,96.5999984741211,0.1949740391010748,0.0005059004727266481,2.2998473726815184e-07,0.00050567048798938,0.0011499236863407591
2026-05-26,CL=F,93.88999938964844,0.19586875809291987,-0.005494867116905906,1.7894379836901342e-07,-0.005495046060704275,0.0008947189918450671
2026-05-27,CL=F,88.68000030517578,0.19450724567698907,-0.010793296181575422,2.723024831861598e-07,-0.010793568484058609,0.001361512415930799
2026-05-28,CL=F,88.9000015258789,0.19079224221704216,0.0004733257334684953,7.430006919893817e-07,0.0004725827327765059,0.0037150034599469084
2026-05-29,CL=F,87.36000061035156,0.2110915224047324,-0.0036567056488600426,4.059856037538046e-06,-0.0036607655048975806,0.020299280187690227
2026-06-01,CL=F,92.16000366210938,0.21106404728547676,0.011596932967129546,5.4950238511264354e-09,0.011596927472105695,2.7475119255632174e-05
2026-06-02,CL=F,93.76000213623047,0.19895247673843647,0.0034540326232103654,2.422314109408058e-06,0.0034516103091009574,0.01211157054704029
2026-06-03,CL=F,96.0199966430664,0.20581652715859958,0.004961009067796773,1.372810084032622e-06,0.004959636257712741,0.006864050420163109
2026-06-04,CL=F,93.04000091552734,0.20747214219383842,-0.0064389306283699,3.3112300704776775e-07,-0.006439261751376948,0.0016556150352388388
2026-06-05,CL=F,90.54000091552734,0.22443917074079767,-0.006030717125222575,3.3934057093918504e-06,-0.006034110530931967,0.01696702854695925
2026-06-08,CL=F,91.30000305175781,0.22124086497268908,0.001857118713281163,6.396611536217178e-07,0.0018564790521275413,0.003198305768108589
2026-06-09,CL=F,88.19999694824219,0.22107252895611562,-0.007506310691962211,3.36672033146912e-08,-0.007506344359165525,0.00016833601657345598
2026-06-10,CL=F,90.02999877929688,0.22110904578047863,0.0045876414131678376,7.303364872601748e-09,0.004587634109802965,3.651682436300874e-05
2026-06-11,CL=F,87.70999908447266,0.22880977107104458,-0.005896241322394564,1.5401450581131903e-06,-0.005897781467452678,0.007700725290565952
2026-06-12,CL=F,84.87999725341797,0.2269519695360386,-0.0073227054617785135,3.7156030700119524e-07,-0.007323077022085515,0.0018578015350059762
2026-06-15,CL=F,80.75,0.2242160615336265,-0.010909657731742963,5.471816004824215e-07,-0.010910204913343446,0.0027359080024121074
2026-06-16,CL=F,76.05000305175781,0.2308536042288103,-0.013436671645400848,1.3275085390367593e-06,-0.013437999153939884,0.006637542695183796
2026-06-17,CL=F,76.79000091552734,0.2319964450375584,0.0022574209972494054,2.2856816174962047e-07,0.002257192429087656,0.0011428408087481023
2026-06-18,CL=F,76.5999984741211,0.2286505298286772,-0.0005657528112816648,6.691830417762391e-07,-0.000566421994323441,0.003345915208881195
2026-06-22,CL=F,74.81999969482422,0.2631942587158503,-0.006115998284130963,6.908745777434617e-06,-0.006122907029908397,0.03454372888717308
2026-06-23,CL=F,73.20999908447266,-0.26263334752247935,0.0056514281146023086,0.00010516552124766592,0.005546262593354643,0.5258276062383296
2026-06-24,CL=F,70.33999633789062,-0.26389986625424,0.010345490376231106,2.533037463521293e-07,0.010345237072484754,0.0012665187317606463
2026-06-25,CL=F,71.91999816894531,-0.26038651466482043,-0.00584889382103575,7.026703178839134e-07,-0.0058495964913536334,0.0035133515894195666
2026-06-26,CL=F,69.2300033569336,-0.2660461199993379,0.009950816195419295,1.1319210669034963e-06,0.009949684274352392,0.005659605334517481
2026-06-29,CL=F,70.75,-0.2619063816261186,-0.005750351026517729,8.279476746438586e-07,-0.005751178974192373,0.004139738373219293
2026-06-30,CL=F,69.5,-0.2540372262496958,0.004488290216425725,1.5738310752845597e-06,0.004486716385350441,0.007869155376422798
2026-07-01,CL=F,68.58000183105469,-0.29335762842923874,0.003883287496417826,7.864080435908583e-06,0.0038754234159819176,0.03932040217954291
2026-07-02,CL=F,68.69000244140625,-0.30519107818704,-0.0004895188681553085,2.3666899515602524e-06,-0.0004918855581068687,0.011833449757801262
2026-07-06,CL=F,68.55000305175781,-0.32259129005252785,0.0006574840895046046,3.4800423730975697e-06,0.000654004047131507,0.017400211865487847
2026-07-07,CL=F,70.44000244140625,-0.32338768021004505,-0.00891615595925399,1.5927803150344034e-07,-0.008916315237285494,0.0007963901575172017
2026-07-08,CL=F,73.5199966430664,-0.3031209921954187,-0.013253987308418475,4.053337602925267e-06,-0.0132580406460214,0.020266688014626333
2026-07-09,CL=F,72.08000183105469,-0.27532602770968573,0.005392656006753662,5.558992897146597e-06,0.005387097013856515,0.027794964485732987
2026-07-10,CL=F,71.41000366210938,-0.27982570467289464,0.002601036417758476,8.999353926417819e-07,0.002600136482365834,0.0044996769632089095
2026-07-13,CL=F,78.13999938964844,-0.2896197793646475,-0.027295053602820522,1.958814938350573e-06,-0.02729701241775887,0.009794074691752863
2026-07-14,CL=F,79.33999633789062,-0.2191091005560086,-0.0033648611985288967,1.410213576172778e-05,-0.0033789633342906243,0.0705106788086389
2026-07-15,CL=F,79.5999984741211,-0.22109515586865175,-0.0007245426706505201,3.972110625286296e-07,-0.0007249398817130488,0.001986055312643148
2026-07-16,CL=F,78.94999694824219,-0.23230253065082032,0.0018969472648627716,2.2414749564337146e-06,0.0018947057899063378,0.011207374782168572
2026-07-17,CL=F,82.48999786376953,-0.2537345341182446,-0.011377080656106183,4.286400693484854e-06,-0.011381367056799667,0.02143200346742427
2026-07-20,CL=F,83.2300033569336,-0.24244101764728285,-0.002174902284802634,2.2587032941923493e-06,-0.002177160988096826,0.011293516470961745
2026-07-21,CL=F,84.91000366210938,-0.2425979094958099,-0.004896846636424103,3.13783697054093e-08,-0.004896878014793809,0.00015689184852704652
2026-07-22,CL=F,86.83000183105469,-0.24662610617472389,-0.005576747754645201,8.056393357827984e-07,-0.005577553393980984,0.004028196678913992
2026-07-23,CL=F,92.19000244140625,-0.2510033128615803,-0.015494389977741068,8.7544133737128e-07,-0.01549526541907844,0.0043772066868564
2026-07-24,CL=F,89.30999755859375,-0.2513811607952041,0.007853118031940666,7.556958672476632e-08,0.007853042462353941,0.0003778479336238316
2026-07-27,CL=F,82.61000061035156,-0.23951147478761478,0.017968046064419495,2.3739372015178675e-06,0.017965672127217978,0.011869686007589336
2026-07-28,CL=F,79.26000213623047,-0.2140828903854753,0.008681483486599901,5.085716880427899e-06,0.008676397769719473,0.025428584402139492
2026-07-29,CL=F,84.45999908447266,-0.20539711345695877,-0.013475452111623371,1.737155385703304e-06,-0.013477189267009073,0.00868577692851652
2026-07-30,CL=F,83.58999633789062,-0.19624650756748482,0.002021489491375461,1.830121177894789e-06,0.002019659370197566,0.009150605889473945
2026-07-31,CL=F,84.66999816894531,-0.19668242927825455,-0.0025411818765747663,8.718434215394533e-08,-0.0025412690609169205,0.00043592171076972663
2026-08-03,CL=F,80.33999633789062,-0.19696154319054482,0.010072562431862867,5.5822782458053726e-08,0.01007250660908041,0.0002791139122902686
2026-08-04,CL=F,75.7699966430664,-0.18594385683407222,0.010577089964159934,2.20353727129452e-06,0.01057488642688864,0.0110176863564726
2026-08-05,CL=F,75.22000122070312,-0.1765692202578108,0.0012816717325397548,1.874927315252284e-06,0.0012797968052245025,0.00937463657626142
2026-08-06,CL=F,77.29000091552734,-0.18035751087705104,-0.004963307450359317,7.576581238480484e-07,-0.0049640651084831644,0.003788290619240242
2026-08-07,CL=F,78.18000030517578,-0.18017069723158421,-0.0020746773019694673,3.7362729093365356e-08,-0.0020747146646985606,0.00018681364546682677
2026-08-10,CL=F,82.12999725341797,-0.18057467919516912,-0.009123425799008478,8.07963927169808e-08,-0.009123506595401195,0.000403981963584904
2026-08-11,CL=F,83.19999694824219,-0.1981839232373448,-0.0025819645010910068,3.521848808435135e-06,-0.002585486349899442,0.017609244042175676
2026-08-12,CL=F,83.2699966430664,-0.19835905070138768,-0.00016688790293291876,3.502549280857692e-08,-0.00016692292842572734,0.0001751274640428846
2026-08-13,CL=F,81.25,-0.19834261383789717,0.0048114738835278795,3.287372698101976e-09,0.004811470596155182,1.643686349050988e-05
2026-08-14,CL=F,82.4000015258789,-0.19630914885649126,-0.0027785331782024976,4.066929962811827e-07,-0.0027789398711987787,0.0020334649814059136
2026-08-17,CL=F,84.5,-0.20227428459848626,-0.005155044674087178,1.1930271483990009e-06,-0.005156237701235577,0.0059651357419950035
2026-08-18,CL=F,84.94000244140625,-0.20036808625389507,-0.0010433425696048737,3.8123966891823735e-07,-0.001043723809273792,0.0019061983445911868
2026-08-19,CL=F,85.83000183105469,-0.20160201569723826,-0.002112381278140502,2.4678588866863803e-07,-0.0021126280640291705,0.0012339294433431902
2026-08-20,CL=F,87.83000183105469,-0.20301955047513667,-0.004730736249423718,2.835069555796821e-07,-0.004731019756379297,0.0014175347778984104
2026-08-21,CL=F,87.05999755859375,-0.2164418725952479,0.001897542561349004,2.6844644240222427e-06,0.0018948580969249818,0.013422322120111213
2026-08-24,CL=F,85.01000213623047,-0.22028252399219422,0.005186976550357736,7.681302793892675e-07,0.0051862084200783466,0.0038406513969463374
2026-08-25,CL=F,82.36000061035156,-0.24911232098831146,0.007765533633046616,5.7659593992234474e-06,0.007759767673647392,0.028829796996117235
2026-08-26,CL=F,82.2300033569336,-0.2540767226445421,0.00040103540379379793,9.92880331246132e-07,0.0004000425234625518,0.00496440165623066
2026-08-27,CL=F,83.52999877929688,-0.29102570336150696,-0.004600900726195959,7.389796143392968e-06,-0.004608290522339352,0.03694898071696484
2026-08-28,CL=F,83.4000015258789,-0.2892966208502573,0.0004502306558509697,3.458165022499293e-07,0.00044988483934871976,0.0017290825112496466
2026-08-31,CL=F,85.76000213623047,-0.291071687244884,-0.00823656291350102,3.550132789253424e-07,-0.008236917926779946,0.001775066394626712
2026-09-01,CL=F,90.22000122070312,-0.3162737025065878,-0.016447998932899256,5.0404030523407585e-06,-0.016453039335951596,0.025202015261703792
2026-09-02,CL=F,91.01000213623047,-0.34635827586287854,-0.0030328458360667403,6.016914671258145e-06,-0.0030388627507379985,0.030084573356290722
2026-09-03,CL=F,91.30000305175781,-0.35150920022346804,-0.001120074579588539,1.030184872117901e-06,-0.001121104764460657,0.005150924360589504
2026-09-04,CL=F,91.4800033569336,-0.35734684651756926,-0.0007045185024835535,1.1675292588202435e-06,-0.0007056860317423737,0.0058376462941012175
2026-09-07,CL=F,91.4800033569336,-0.3567373357639216,-0.0,1.2190215072953592e-07,-1.2190215072953592e-07,0.0006095107536476796
2019-01-02,GC=F,1281.0,0.0,0.0,0.0,0.0,0.0
2019-01-03,GC=F,1291.800048828125,0.0,0.0,0.0,0.0,0.0
2019-01-04,GC=F,1282.699951171875,0.0,-0.0,0.0,-0.0,0.0
2019-01-07,GC=F,1286.800048828125,0.0,0.0,0.0,0.0,0.0
2019-01-08,GC=F,1283.199951171875,0.0,-0.0,0.0,-0.0,0.0
2019-01-09,GC=F,1289.300048828125,0.0,0.0,0.0,0.0,0.0
2019-01-10,GC=F,1284.699951171875,0.0,-0.0,0.0,-0.0,0.0
2019-01-11,GC=F,1287.0999755859375,0.0,0.0,0.0,0.0,0.0
2019-01-14,GC=F,1289.0999755859375,0.0,0.0,0.0,0.0,0.0
2019-01-15,GC=F,1286.199951171875,0.0,-0.0,0.0,-0.0,0.0
2019-01-16,GC=F,1291.5999755859375,0.0,0.0,0.0,0.0,0.0
2019-01-17,GC=F,1291.0,0.0,-0.0,0.0,-0.0,0.0
2019-01-18,GC=F,1281.300048828125,0.0,-0.0,0.0,-0.0,0.0
2019-01-22,GC=F,1282.5,0.0,0.0,0.0,0.0,0.0
2019-01-23,GC=F,1283.0999755859375,0.0,0.0,0.0,0.0,0.0
2019-01-24,GC=F,1279.0999755859375,0.0,-0.0,0.0,-0.0,0.0
2019-01-25,GC=F,1297.4000244140625,0.0,0.0,0.0,0.0,0.0
2019-01-28,GC=F,1302.4000244140625,0.0,0.0,0.0,0.0,0.0
2019-01-29,GC=F,1308.199951171875,0.0,0.0,0.0,0.0,0.0
2019-01-30,GC=F,1309.9000244140625,0.0,0.0,0.0,0.0,0.0
2019-01-31,GC=F,1319.699951171875,0.0,0.0,0.0,0.0,0.0
2019-02-01,GC=F,1316.9000244140625,0.0,-0.0,0.0,-0.0,0.0
2019-02-04,GC=F,1314.300048828125,0.0,-0.0,0.0,-0.0,0.0
2019-02-05,GC=F,1314.199951171875,0.0,-0.0,0.0,-0.0,0.0
2019-02-06,GC=F,1309.5,0.0,-0.0,0.0,-0.0,0.0
2019-02-07,GC=F,1309.4000244140625,0.0,-0.0,0.0,-0.0,0.0
2019-02-08,GC=F,1313.699951171875,0.0,0.0,0.0,0.0,0.0
2019-02-11,GC=F,1307.0,0.0,-0.0,0.0,-0.0,0.0
2019-02-12,GC=F,1309.199951171875,0.0,0.0,0.0,0.0,0.0
2019-02-13,GC=F,1310.800048828125,0.0,0.0,0.0,0.0,0.0
2019-02-14,GC=F,1309.800048828125,0.0,-0.0,0.0,-0.0,0.0
2019-02-15,GC=F,1318.0999755859375,0.0,0.0,0.0,0.0,0.0
2019-02-19,GC=F,1340.0999755859375,0.0,0.0,0.0,0.0,0.0
2019-02-20,GC=F,1343.300048828125,0.0,0.0,0.0,0.0,0.0
2019-02-21,GC=F,1323.5,0.0,-0.0,0.0,-0.0,0.0
2019-02-22,GC=F,1329.199951171875,0.0,0.0,0.0,0.0,0.0
2019-02-25,GC=F,1325.9000244140625,0.0,-0.0,0.0,-0.0,0.0
2019-02-26,GC=F,1325.0999755859375,0.0,-0.0,0.0,-0.0,0.0
2019-02-27,GC=F,1317.699951171875,0.0,-0.0,0.0,-0.0,0.0
2019-02-28,GC=F,1312.800048828125,0.0,-0.0,0.0,-0.0,0.0
2019-03-01,GC=F,1296.4000244140625,0.0,-0.0,0.0,-0.0,0.0
2019-03-04,GC=F,1284.800048828125,0.0,-0.0,0.0,-0.0,0.0
2019-03-05,GC=F,1282.0,0.0,-0.0,0.0,-0.0,0.0
2019-03-06,GC=F,1284.9000244140625,0.0,0.0,0.0,0.0,0.0
2019-03-07,GC=F,1283.800048828125,0.0,-0.0,0.0,-0.0,0.0
2019-03-08,GC=F,1297.0,0.0,0.0,0.0,0.0,0.0
2019-03-11,GC=F,1288.800048828125,0.0,-0.0,0.0,-0.0,0.0
2019-03-12,GC=F,1296.300048828125,0.0,0.0,0.0,0.0,0.0
2019-03-13,GC=F,1307.5,0.0,0.0,0.0,0.0,0.0
2019-03-14,GC=F,1293.4000244140625,0.0,-0.0,0.0,-0.0,0.0
2019-03-15,GC=F,1301.800048828125,0.0,0.0,0.0,0.0,0.0
2019-03-18,GC=F,1300.300048828125,0.0,-0.0,0.0,-0.0,0.0
2019-03-19,GC=F,1305.0,0.0,0.0,0.0,0.0,0.0
2019-03-20,GC=F,1300.5,0.0,-0.0,0.0,-0.0,0.0
2019-03-21,GC=F,1306.0999755859375,0.0,0.0,0.0,0.0,0.0
2019-03-22,GC=F,1311.5999755859375,0.0,0.0,0.0,0.0,0.0
2019-03-25,GC=F,1321.9000244140625,0.0,0.0,0.0,0.0,0.0
2019-03-26,GC=F,1314.300048828125,0.0,-0.0,0.0,-0.0,0.0
2019-03-27,GC=F,1309.9000244140625,0.0,-0.0,0.0,-0.0,0.0
2019-03-28,GC=F,1289.800048828125,0.0,-0.0,0.0,-0.0,0.0
2019-03-29,GC=F,1293.0,0.0,0.0,0.0,0.0,0.0
2019-04-01,GC=F,1288.4000244140625,0.0,-0.0,0.0,-0.0,0.0
2019-04-02,GC=F,1290.0,0.0,0.0,0.0,0.0,0.0
2019-04-03,GC=F,1289.9000244140625,0.0,-0.0,0.0,-0.0,0.0
2019-04-04,GC=F,1289.0,0.0,-0.0,0.0,-0.0,0.0
2019-04-05,GC=F,1290.4000244140625,0.0,0.0,0.0,0.0,0.0
2019-04-08,GC=F,1297.0999755859375,0.0,0.0,0.0,0.0,0.0
2019-04-09,GC=F,1303.5,0.0,0.0,0.0,0.0,0.0
2019-04-10,GC=F,1309.0999755859375,0.0,0.0,0.0,0.0,0.0
2019-04-11,GC=F,1288.5999755859375,0.0,-0.0,0.0,-0.0,0.0
2019-04-12,GC=F,1290.5999755859375,0.0,0.0,0.0,0.0,0.0
2019-04-15,GC=F,1286.800048828125,0.0,-0.0,0.0,-0.0,0.0
2019-04-16,GC=F,1272.5999755859375,0.0,-0.0,0.0,-0.0,0.0
2019-04-17,GC=F,1272.199951171875,0.0,-0.0,0.0,-0.0,0.0
2019-04-18,GC=F,1271.9000244140625,0.0,-0.0,0.0,-0.0,0.0
2019-04-22,GC=F,1273.5,0.0,0.0,0.0,0.0,0.0
2019-04-23,GC=F,1269.300048828125,0.0,-0.0,0.0,-0.0,0.0
2019-04-24,GC=F,1275.5,0.0,0.0,0.0,0.0,0.0
2019-04-25,GC=F,1275.800048828125,0.0,0.0,0.0,0.0,0.0
2019-04-26,GC=F,1284.9000244140625,0.0,0.0,0.0,0.0,0.0
2019-04-29,GC=F,1278.5999755859375,0.0,-0.0,0.0,-0.0,0.0
2019-04-30,GC=F,1282.800048828125,0.0,0.0,0.0,0.0,0.0
2019-05-01,GC=F,1281.4000244140625,0.0,-0.0,0.0,-0.0,0.0
2019-05-02,GC=F,1269.699951171875,0.0,-0.0,0.0,-0.0,0.0
2019-05-03,GC=F,1279.199951171875,0.0,0.0,0.0,0.0,0.0
2019-05-06,GC=F,1281.699951171875,0.0,0.0,0.0,0.0,0.0
2019-05-07,GC=F,1283.5,0.0,0.0,0.0,0.0,0.0
2019-05-08,GC=F,1279.4000244140625,0.0,-0.0,0.0,-0.0,0.0
2019-05-09,GC=F,1283.5,0.0,0.0,0.0,0.0,0.0
2019-05-10,GC=F,1285.699951171875,0.0,0.0,0.0,0.0,0.0
2019-05-13,GC=F,1300.0999755859375,0.0,0.0,0.0,0.0,0.0
2019-05-14,GC=F,1294.699951171875,0.0,-0.0,0.0,-0.0,0.0
2019-05-15,GC=F,1296.300048828125,0.0,0.0,0.0,0.0,0.0
2019-05-16,GC=F,1285.0,0.0,-0.0,0.0,-0.0,0.0
2019-05-17,GC=F,1274.5,0.0,-0.0,0.0,-0.0,0.0
2019-05-20,GC=F,1276.0999755859375,0.0,0.0,0.0,0.0,0.0
2019-05-21,GC=F,1272.0,0.0,-0.0,0.0,-0.0,0.0
2019-05-22,GC=F,1273.5999755859375,0.0,0.0,0.0,0.0,0.0
2019-05-23,GC=F,1284.800048828125,0.0,0.0,0.0,0.0,0.0
2019-05-24,GC=F,1283.0,0.0,-0.0,0.0,-0.0,0.0
2019-05-28,GC=F,1276.5,-1.0,0.005066250974279041,0.0002,0.004866250974279041,1.0
2019-05-29,GC=F,1280.5999755859375,-1.0,-0.0032118884339502607,0.0,-0.0032118884339502607,0.0
2019-05-30,GC=F,1287.0999755859375,-1.0,-0.005075745840949164,0.0,-0.005075745840949164,0.0
2019-05-31,GC=F,1305.800048828125,-1.0,-0.014528842822543409,0.0,-0.014528842822543409,0.0
2019-06-03,GC=F,1322.699951171875,-1.0,-0.012942182349370057,0.0,-0.012942182349370057,0.0
2019-06-04,GC=F,1323.4000244140625,-1.0,-0.0005292759265373981,0.0,-0.0005292759265373981,0.0
2019-06-05,GC=F,1328.300048828125,-1.0,-0.0037026026323612182,0.0,-0.0037026026323612182,0.0
2019-06-06,GC=F,1337.5999755859375,-1.0,-0.007001375002596122,0.0,-0.007001375002596122,0.0
2019-06-07,GC=F,1341.199951171875,-1.0,-0.0026913693567918173,0.0,-0.0026913693567918173,0.0
2019-06-10,GC=F,1324.699951171875,-1.0,0.012302416194977517,0.0,0.012302416194977517,0.0
2019-06-11,GC=F,1326.4000244140625,1.0,0.0012833647654955094,0.0004,0.0008833647654955094,2.0
2019-06-12,GC=F,1331.9000244140625,1.0,0.0041465620467171505,0.0,0.0041465620467171505,0.0
2019-06-13,GC=F,1339.199951171875,1.0,0.005480836867634897,0.0,0.005480836867634897,0.0
2019-06-14,GC=F,1340.0999755859375,1.0,0.0006720612655899405,0.0,0.0006720612655899405,0.0
2019-06-17,GC=F,1338.699951171875,1.0,-0.0010447163939767412,0.0,-0.0010447163939767412,0.0
2019-06-18,GC=F,1346.5999755859375,1.0,0.005901265931284261,0.0,0.005901265931284261,0.0
2019-06-19,GC=F,1344.5999755859375,1.0,-0.0014852220676223604,0.0,-0.0014852220676223604,0.0
2019-06-20,GC=F,1392.9000244140625,1.0,0.0359215005987763,0.0,0.0359215005987763,0.0
2019-06-21,GC=F,1396.199951171875,0.8178120056802702,0.001937482714554457,3.643759886394595e-05,0.001901045115690511,0.18218799431972976
2019-06-24,GC=F,1414.300048828125,0.8215677004649087,0.010650663321649857,7.511389569276883e-07,0.01064991218269293,0.0037556947846384414
2019-06-25,GC=F,1414.9000244140625,0.8132320831162473,0.0003449900153614291,1.667123469732279e-06,0.0003433228918916968,0.008335617348661395
2019-06-26,GC=F,1411.5999755859375,0.8330109583160225,-0.0019428770862764547,3.955775039955034e-06,-0.0019468328613164098,0.01977887519977517
2019-06-27,GC=F,1408.4000244140625,0.8203441577856235,-0.0018596353743611258,2.533360106079785e-06,-0.0018621687344672056,0.012666800530398925
2019-06-28,GC=F,1409.699951171875,0.8087634703650655,0.0007464734859729573,2.3161374841116133e-06,0.0007441573484888457,0.011580687420558067
2019-07-01,GC=F,1385.5999755859375,0.8318170072984306,-0.014220593219993366,4.6107073866730186e-06,-0.014225203927380038,0.023053536933365093
2019-07-02,GC=F,1404.5999755859375,0.7627808938323185,0.01045961117073885,1.380722269322241e-05,0.010445803948045628,0.06903611346611205
2019-07-03,GC=F,1417.699951171875,0.7411256493579998,0.006912094604481121,4.331048894863732e-06,0.0069077635555862575,0.021655244474318658
2019-07-05,GC=F,1396.699951171875,0.734523047452662,-0.010880288162354482,1.3205203810675803e-06,-0.01088160868273555,0.0066026019053379015
2019-07-08,GC=F,1397.0,0.6887067880458793,0.0001479527972357052,9.163251881356538e-06,0.00013878954535434868,0.04581625940678269
2019-07-09,GC=F,1397.5,0.688205605328288,0.0002463155351927137,1.0023654351825062e-07,0.0002462152986491955,0.0005011827175912531
2019-07-10,GC=F,1410.0999755859375,0.7206546561804313,0.006497481984805377,6.489810170428668e-06,0.006490992174634949,0.032449050852143335
2019-07-11,GC=F,1404.300048828125,0.7150893375296095,-0.002941256545473697,1.1130637301643764e-06,-0.0029423696092038616,0.005565318650821882
2019-07-12,GC=F,1409.9000244140625,0.7075556488259389,0.002821543987286714,1.50673774073411e-06,0.00282003724954598,0.007533688703670549
2019-07-15,GC=F,1411.4000244140625,0.7085132304719698,0.0007537909265229906,1.9151632920617614e-07,0.0007535994101937844,0.0009575816460308806
2019-07-16,GC=F,1409.199951171875,0.7087296353268995,-0.0011047591608731495,4.32809709859372e-08,-0.0011048024418441355,0.00021640485492968597
2019-07-17,GC=F,1421.300048828125,0.7080994879063368,0.006080097396314984,1.2602948411253312e-07,0.006079971366830871,0.0006301474205626656
2019-07-18,GC=F,1426.0999755859375,0.704333373517644,0.0023786311755601727,7.532228777385575e-07,0.0023778779526824343,0.0037661143886927873
2019-07-19,GC=F,1425.0999755859375,0.7072287609343303,-0.0004959180794065624,5.790774833372536e-07,-0.0004964971568898997,0.002895387416686268
2019-07-22,GC=F,1425.300048828125,0.9977677940185083,0.0001400790407125372,5.810780661683561e-05,8.197123409570158e-05,0.29053903308417806
2019-07-23,GC=F,1420.0999755859375,0.9980359060627202,-0.0036412401824627567,5.362240884236869e-08,-0.003641293804871599,0.0002681120442118434
2019-07-24,GC=F,1422.800048828125,1.0,0.0019013261661902092,3.928187874559619e-07,0.0019009333474027533,0.0019640939372798094
2019-07-25,GC=F,1413.9000244140625,1.0,-0.006255288240531676,0.0,-0.006255288240531676,0.0
2019-07-26,GC=F,1418.5,1.0,0.003253395223501654,0.0,0.003253395223501654,0.0
2019-07-29,GC=F,1419.5999755859375,1.0,0.0007754498314680447,0.0,0.0007754498314680447,0.0
2019-07-30,GC=F,1429.699951171875,1.0,0.007114663116113862,0.0,0.007114663116113862,0.0
2019-07-31,GC=F,1426.0999755859375,1.0,-0.0025179937811333764,0.0,-0.0025179937811333764,0.0
2019-08-01,GC=F,1420.9000244140625,1.0,-0.0036462739365369368,0.0,-0.0036462739365369368,0.0
2019-08-02,GC=F,1445.5999755859375,1.0,0.017383313918979404,0.0,0.017383313918979404,0.0
2019-08-05,GC=F,1464.5999755859375,1.0,0.013143331710626871,0.0,0.013143331710626871,0.0
2019-08-06,GC=F,1472.4000244140625,1.0,0.0053257196218403635,0.0,0.0053257196218403635,0.0
2019-08-07,GC=F,1507.300048828125,1.0,0.023702814340790912,0.0,0.023702814340790912,0.0
2019-08-08,GC=F,1497.699951171875,1.0,-0.006369068762197561,0.0,-0.006369068762197561,0.0
2019-08-09,GC=F,1496.5999755859375,1.0,-0.0007344432274815071,0.0,-0.0007344432274815071,0.0
2019-08-12,GC=F,1505.300048828125,0.9965022823587191,0.005792892545740933,6.995435282561857e-07,0.005792193002212677,0.0034977176412809285
2019-08-13,GC=F,1502.199951171875,0.9952585822436153,-0.0020496902265951253,2.487400230207548e-07,-0.002049938966618146,0.001243700115103774
2019-08-14,GC=F,1515.9000244140625,0.9930843384500408,0.009056935570941362,4.348487587148897e-07,0.009056500722182647,0.0021742437935744485
2019-08-15,GC=F,1519.5999755859375,0.9905290494719203,0.002417645661551198,5.110577956241036e-07,0.002417134603755574,0.002555288978120518
2019-08-16,GC=F,1512.5,0.9902714992743756,-0.00462681204347005,5.1510039508939626e-08,-0.004626863553509559,0.0002575501975446981
2019-08-19,GC=F,1500.4000244140625,0.9712734664340974,-0.0077701720536340665,3.799606568055647e-06,-0.007773971660202122,0.018998032840278234
2019-08-20,GC=F,1504.5999755859375,0.9300825206571941,0.0026035064709494173,8.23818915538066e-06,0.0025952682817940364,0.0411909457769033
2019-08-21,GC=F,1504.5999755859375,0.944906282841161,0.0,2.964752436793372e-06,-2.964752436793372e-06,0.01482376218396686
2019-08-22,GC=F,1497.300048828125,0.9422121696682976,-0.004571367765853944,5.388226345726777e-07,-0.004571906588488517,0.0026941131728633883
2019-08-23,GC=F,1526.5999755859375,0.9509821120374273,0.018609300288538817,1.7539884738259516e-06,0.01860754630006499,0.008769942369129757
2019-08-26,GC=F,1526.300048828125,0.8648141858732358,-0.00016990758484690104,1.723358523283831e-05,-0.00018714117007973934,0.08616792616419156
2019-08-27,GC=F,1541.0,0.8629484059692047,0.008311143959756954,3.731559808062057e-07,0.008310770803776148,0.0018657799040310286
2019-08-28,GC=F,1537.800048828125,0.8564544504258856,-0.0017784636095378812,1.2987911086638215e-06,-0.001779762400646545,0.006493955543319108
2019-08-29,GC=F,1526.5,0.8579391113025585,-0.00630430065122246,2.969321753345744e-07,-0.006304597583397795,0.001484660876672872
2019-08-30,GC=F,1519.0999755859375,0.839677852651362,-0.004070512027230729,3.652251730239309e-06,-0.004074164278960968,0.018261258651196544
2019-09-03,GC=F,1545.9000244140625,0.8790496593911864,0.015508244468862856,7.874361347964887e-06,0.01550037010751489,0.03937180673982443
2019-09-04,GC=F,1550.300048828125,0.8467954092238822,0.0024101949773325387,6.4508500334608425e-06,0.0024037441272990777,0.03225425016730421
2019-09-05,GC=F,1515.4000244140625,0.8486505164603932,-0.01910463962499568,3.710214473022111e-07,-0.01910501064644298,0.0018551072365110555
2019-09-06,GC=F,1506.199951171875,0.8279428865698814,-0.00502648480538088,4.141525978102378e-06,-0.005030626331358983,0.02070762989051189
2019-09-09,GC=F,1502.199951171875,0.8289120608190867,-0.002201333389167026,1.9383484984107912e-07,-0.002201527224016867,0.0009691742492053956
2019-09-10,GC=F,1490.300048828125,0.8270307645205093,-0.006551448311120934,3.762592597154946e-07,-0.006551824570380649,0.0018812962985774728
2019-09-11,GC=F,1494.4000244140625,0.8207178230953003,0.0022578829278577794,1.2625882850417991e-06,0.0022566203395727375,0.0063129414252089955
2019-09-12,GC=F,1498.699951171875,0.8191312883855109,0.0023569355510893934,3.1730694195788446e-07,0.0023566182441474353,0.0015865347097894222
2019-09-13,GC=F,1490.9000244140625,0.8389599995696412,-0.004366335332339713,3.965742236826064e-06,-0.004370301074576539,0.01982871118413032
2019-09-16,GC=F,1503.0999755859375,0.8363614802624278,0.0068438990235102715,5.197038614426664e-07,0.006843379319648829,0.0025985193072133317
2019-09-17,GC=F,1505.0999755859375,0.8213376315161666,0.0010928582860178291,3.0047697492522564e-06,0.001089853516268577,0.015023848746261281
2019-09-18,GC=F,1507.5,0.8366785530265272,0.0013341631695956845,3.068184302072119e-06,0.0013310949852936124,0.015340921510360594
2019-09-19,GC=F,1498.4000244140625,0.8379345055326172,-0.005058164870952881,2.511905012180016e-07,-0.005058416061454099,0.0012559525060900079
2019-09-20,GC=F,1507.300048828125,0.8287516658236744,0.004922523984815063,1.8365679417885472e-06,0.004920687416873274,0.009182839708942736
2019-09-23,GC=F,1523.699951171875,0.8264019052642848,0.008991514697793666,4.6995211187792485e-07,0.008991044745681787,0.0023497605593896242
2019-09-24,GC=F,1532.0999755859375,0.8997788091181739,0.004960401789102708,1.4675380770777814e-05,0.00494572640833193,0.07337690385388906
2019-09-25,GC=F,1504.5999755859375,0.8905511360115791,-0.01598469853832634,1.8455346213189563e-06,-0.01598654407294766,0.00922767310659478
2019-09-26,GC=F,1507.5,0.8335471252494052,0.0016066110944562503,1.1400802152434775e-05,0.0015952102923038156,0.05700401076217387
2019-09-27,GC=F,1499.0999755859375,0.8315685808999285,-0.004633629440482082,3.9570886989535037e-07,-0.004634025149351977,0.001978544349476752
2019-09-30,GC=F,1465.699951171875,0.8365743878399683,-0.018638920307575295,1.001161388007965e-06,-0.018639921468963302,0.005005806940039825
2019-10-01,GC=F,1482.0,0.7447373890729302,0.008282224336784215,1.836739975340762e-05,0.008263856937030807,0.0918369987670381
2019-10-02,GC=F,1501.0,0.7863536206841322,0.010081456675437556,8.323246322240396e-06,0.010073133429115316,0.04161623161120198
2019-10-03,GC=F,1507.0999755859375,0.7483614383694379,0.0030412968044707675,7.598436462938852e-06,0.0030336983680078287,0.037992182314694256
2019-10-04,GC=F,1506.199951171875,0.8456403493891997,-0.0005050076121663061,1.9455782203952366e-05,-0.0005244633943702584,0.09727891101976183
2019-10-07,GC=F,1497.699951171875,0.8551735205259657,-0.004826035825333301,1.906634227353199e-06,-0.004827942459560654,0.009533171136765994
2019-10-08,GC=F,1497.199951171875,0.8485255634640253,-0.0002832762205807968,1.3295914123880871e-06,-0.0002846058119931849,0.006647957061940435
2019-10-09,GC=F,1506.0999755859375,0.8661240800196534,0.005148627911554985,3.5197033111256105e-06,0.0051451082082438595,0.017598516555628052
2019-10-10,GC=F,1494.800048828125,0.8589545739628313,-0.006444541485562367,1.433901211364419e-06,-0.006445975386773732,0.007169506056822095
2019-10-11,GC=F,1482.699951171875,0.845014138510124,-0.006840214920316793,2.788087090541458e-06,-0.006843003007407335,0.01394043545270729
2019-10-14,GC=F,1491.699951171875,0.8352852887997376,0.005070188066881561,1.945769942077269e-06,0.005068242296939483,0.009728849710386345
2019-10-15,GC=F,1477.5999755859375,0.8433898457764848,-0.007971962609192189,1.6209113953494337e-06,-0.007973583520587538,0.008104556976747168
2019-10-16,GC=F,1488.0,0.8245097855849833,0.005803276963588798,3.7760120383002916e-06,0.005799500951550497,0.018880060191501458
2019-10-17,GC=F,1492.300048828125,0.8113236134293014,0.0023445773878742397,2.6372344311363926e-06,0.002341940153443103,0.013186172155681963
2019-10-18,GC=F,1488.199951171875,0.8163304422147384,-0.002242869679913631,1.0013657570874024e-06,-0.0022438710456707182,0.005006828785437012
2019-10-21,GC=F,1482.4000244140625,0.8246181641121747,-0.003213765026162176,1.6575443794872637e-06,-0.0032154225705416633,0.008287721897436318
2019-10-22,GC=F,1481.699951171875,0.8589599100175955,-0.0004056495137692802,6.868349181084166e-06,-0.00041251786295036437,0.03434174590542083
2019-10-23,GC=F,1489.9000244140625,0.8725658149579425,0.004828982808310897,2.721180988069394e-06,0.0048262616273228275,0.013605904940346969
2019-10-24,GC=F,1498.9000244140625,0.9528936324945594,0.005756119573072596,1.6065563507323377e-05,0.005740054009565273,0.08032781753661689
2019-10-25,GC=F,1499.5,0.9396583583677109,0.0003761238674760681,2.647054825369688e-06,0.0003734768126506984,0.01323527412684844
2019-10-28,GC=F,1490.0,0.9506070758728694,-0.006022518986857132,2.1897435010316936e-06,-0.006024708730358164,0.010948717505158467
2019-10-29,GC=F,1487.0,1.0,-0.00201342281879191,9.878584825426118e-06,-0.002023301403617336,0.04939292412713059
2019-10-30,GC=F,1493.199951171875,1.0,0.004169435892316775,0.0,0.004169435892316775,0.0
2019-10-31,GC=F,1511.4000244140625,1.0,0.012188637715869088,0.0,0.012188637715869088,0.0
2019-11-01,GC=F,1508.0,1.0,-0.002249586052098018,0.0,-0.002249586052098018,0.0
2019-11-04,GC=F,1508.0,1.0,0.0,0.0,0.0,0.0
2019-11-05,GC=F,1480.800048828125,1.0,-0.018037102899121304,0.0,-0.018037102899121304,0.0
2019-11-06,GC=F,1490.199951171875,1.0,0.006347853885599886,0.0,0.006347853885599886,0.0
2019-11-07,GC=F,1464.199951171875,1.0,-0.01744732307872776,0.0,-0.01744732307872776,0.0
2019-11-08,GC=F,1461.300048828125,0.9738930701198341,-0.0019288313692006715,5.221385976033188e-06,-0.0019340527551767047,0.02610692988016594
2019-11-11,GC=F,1455.5,0.9952688155085152,-0.003950323365614617,4.275149077736229e-06,-0.003954598514692353,0.021375745388681144
2019-11-12,GC=F,1452.0999755859375,1.0,-0.00233598379530231,9.462368982969594e-07,-0.002336930032200607,0.004731184491484797
2019-11-13,GC=F,1461.699951171875,1.0,0.006611098235205004,0.0,0.006611098235205004,0.0
2019-11-14,GC=F,1471.800048828125,1.0,0.006909829646058796,0.0,0.006909829646058796,0.0
2019-11-15,GC=F,1467.300048828125,1.0,-0.003057480534521595,0.0,-0.003057480534521595,0.0
2019-11-18,GC=F,1470.9000244140625,1.0,0.0024534692742719244,0.0,0.0024534692742719244,0.0
2019-11-19,GC=F,1473.300048828125,1.0,0.0016316706602941267,0.0,0.0016316706602941267,0.0
2019-11-20,GC=F,1473.300048828125,1.0,0.0,0.0,0.0,0.0
2019-11-21,GC=F,1463.0999755859375,1.0,-0.0069232830408855195,0.0,-0.0069232830408855195,0.0
2019-11-22,GC=F,1463.0999755859375,-1.0,-0.0,0.0004,-0.0004,2.0
2019-11-25,GC=F,1456.5999755859375,-1.0,0.004442621904492183,0.0,0.004442621904492183,0.0
2019-11-26,GC=F,1459.800048828125,-1.0,-0.0021969472029548243,0.0,-0.0021969472029548243,0.0
2019-11-27,GC=F,1453.4000244140625,-1.0,0.00438417879160935,0.0,0.00438417879160935,0.0
2019-11-29,GC=F,1465.5999755859375,-1.0,-0.008394076625114488,0.0,-0.008394076625114488,0.0
2019-12-02,GC=F,1462.300048828125,-1.0,0.0022515876178922367,0.0,0.0022515876178922367,0.0
2019-12-03,GC=F,1478.199951171875,-1.0,-0.010873214670608755,0.0,-0.010873214670608755,0.0
2019-12-04,GC=F,1474.0,-1.0,0.002841260526727396,0.0,0.002841260526727396,0.0
2019-12-05,GC=F,1476.9000244140625,-1.0,-0.001967452112661139,0.0,-0.001967452112661139,0.0
2019-12-06,GC=F,1459.0999755859375,-1.0,0.012052304512072065,0.0,0.012052304512072065,0.0
2019-12-09,GC=F,1459.300048828125,-1.0,-0.0001371209961862352,0.0,-0.0001371209961862352,0.0
2019-12-10,GC=F,1462.5999755859375,-1.0,-0.002261307919822597,0.0,-0.002261307919822597,0.0
2019-12-11,GC=F,1469.4000244140625,-1.0,-0.004649288213888214,0.0,-0.004649288213888214,0.0
2019-12-12,GC=F,1466.699951171875,-1.0,0.001837534502059257,0.0,0.001837534502059257,0.0
2019-12-13,GC=F,1475.5999755859375,-1.0,-0.006068060755679117,0.0,-0.006068060755679117,0.0
2019-12-16,GC=F,1475.0,-1.0,0.0004065977201573867,0.0,0.0004065977201573867,0.0
2019-12-17,GC=F,1474.5999755859375,-1.0,0.00027120299258476255,0.0,0.00027120299258476255,0.0
2019-12-18,GC=F,1472.5999755859375,-1.0,0.0013563000360183874,0.0,0.0013563000360183874,0.0
2019-12-19,GC=F,1478.199951171875,-1.0,-0.003802781256810217,0.0,-0.003802781256810217,0.0
2019-12-20,GC=F,1474.699951171875,-1.0,0.0023677446323991935,0.0,0.0023677446323991935,0.0
2019-12-23,GC=F,1482.5,-1.0,-0.00528924465070113,0.0,-0.00528924465070113,0.0
2019-12-24,GC=F,1499.0999755859375,-1.0,-0.011197285386804312,0.0,-0.011197285386804312,0.0
2019-12-26,GC=F,1509.300048828125,-1.0,-0.00680413141771985,0.0,-0.00680413141771985,0.0
2019-12-27,GC=F,1513.800048828125,-1.0,-0.0029815145129650222,0.0,-0.0029815145129650222,0.0
2019-12-30,GC=F,1514.5,-1.0,-0.0004623802016765488,0.0,-0.0004623802016765488,0.0
2019-12-31,GC=F,1519.5,-1.0,-0.003301419610432399,0.0,-0.003301419610432399,0.0
2020-01-02,GC=F,1524.5,-1.0,-0.0032905561039815456,0.0,-0.0032905561039815456,0.0
2020-01-03,GC=F,1549.199951171875,-1.0,-0.01620200142464734,0.0,-0.01620200142464734,0.0
2020-01-06,GC=F,1566.199951171875,-1.0,-0.010973405974574524,0.0,-0.010973405974574524,0.0
2020-01-07,GC=F,1571.800048828125,-1.0,-0.003575595601353454,0.0,-0.003575595601353454,0.0
2020-01-08,GC=F,1557.4000244140625,1.0,-0.009161486173001832,0.0004,-0.00956148617300183,2.0
2020-01-09,GC=F,1551.699951171875,1.0,-0.0036599930350791343,0.0,-0.0036599930350791343,0.0
2020-01-10,GC=F,1557.5,1.0,0.0037378675070167677,0.0,0.0037378675070167677,0.0
2020-01-13,GC=F,1548.4000244140625,1.0,-0.005842680954052937,0.0,-0.005842680954052937,0.0
2020-01-14,GC=F,1542.4000244140625,1.0,-0.0038749676475047234,0.0,-0.0038749676475047234,0.0
2020-01-15,GC=F,1552.0999755859375,1.0,0.0062888686581550335,0.0,0.0062888686581550335,0.0
2020-01-16,GC=F,1549.0,1.0,-0.001997278290509108,0.0,-0.001997278290509108,0.0
2020-01-17,GC=F,1558.800048828125,1.0,0.006326693885167822,0.0,0.006326693885167822,0.0
2020-01-21,GC=F,1556.4000244140625,1.0,-0.001539661495306488,0.0,-0.001539661495306488,0.0
2020-01-22,GC=F,1555.300048828125,1.0,-0.000706743490544226,0.0,-0.000706743490544226,0.0
2020-01-23,GC=F,1564.5999755859375,1.0,0.005979506504111276,0.0,0.005979506504111276,0.0
2020-01-24,GC=F,1571.0999755859375,1.0,0.004154416529097649,0.0,0.004154416529097649,0.0
2020-01-27,GC=F,1576.800048828125,1.0,0.0036280779904294125,0.0,0.0036280779904294125,0.0
2020-01-28,GC=F,1569.199951171875,1.0,-0.004819950165462217,0.0,-0.004819950165462217,0.0
2020-01-29,GC=F,1569.800048828125,1.0,0.000382422683483874,0.0,0.000382422683483874,0.0
2020-01-30,GC=F,1583.5,1.0,0.008727195022131706,0.0,0.008727195022131706,0.0
2020-01-31,GC=F,1582.9000244140625,1.0,-0.00037889206563779254,0.0,-0.00037889206563779254,0.0
2020-02-03,GC=F,1577.199951171875,1.0,-0.003601031748229011,0.0,-0.003601031748229011,0.0
2020-02-04,GC=F,1550.4000244140625,1.0,-0.01699209205395924,0.0,-0.01699209205395924,0.0
2020-02-05,GC=F,1557.800048828125,1.0,0.004772977488090024,0.0,0.004772977488090024,0.0
2020-02-06,GC=F,1565.0999755859375,1.0,0.004686048612788207,0.0,0.004686048612788207,0.0
2020-02-07,GC=F,1568.5999755859375,1.0,0.0022362788669072486,0.0,0.0022362788669072486,0.0
2020-02-10,GC=F,1574.699951171875,1.0,0.003888802550604975,0.0,0.003888802550604975,0.0
2020-02-11,GC=F,1565.5999755859375,1.0,-0.005778863191787997,0.0,-0.005778863191787997,0.0
2020-02-12,GC=F,1567.4000244140625,1.0,0.001149750163640162,0.0,0.001149750163640162,0.0
2020-02-13,GC=F,1575.0999755859375,1.0,0.004912562876061788,0.0,0.004912562876061788,0.0
2020-02-14,GC=F,1582.699951171875,1.0,0.004825075045227001,0.0,0.004825075045227001,0.0
2020-02-18,GC=F,1600.0,1.0,0.0109307192530812,0.0,0.0109307192530812,0.0
2020-02-19,GC=F,1607.5,1.0,0.004687499999999956,0.0,0.004687499999999956,0.0
2020-02-20,GC=F,1616.5999755859375,1.0,0.0056609490425738596,0.0,0.0056609490425738596,0.0
2020-02-21,GC=F,1644.5999755859375,1.0,0.017320302129691267,0.0,0.017320302129691267,0.0
2020-02-24,GC=F,1672.4000244140625,1.0,0.01690383633759951,0.0,0.01690383633759951,0.0
2020-02-25,GC=F,1646.9000244140625,1.0,-0.015247548210802098,0.0,-0.015247548210802098,0.0
2020-02-26,GC=F,1640.0,0.8902139114166706,-0.003729733214800583,2.195721771666588e-05,-0.003751690432517249,0.10978608858332939
2020-02-27,GC=F,1640.0,0.8928453249395572,0.0,5.262827045773078e-07,-5.262827045773078e-07,0.0026314135228865387
2020-02-28,GC=F,1564.0999755859375,0.89235890061157,-0.0412988185015391,9.728486559743566e-08,-0.041298915786404704,0.0004864243279871783
2020-03-02,GC=F,1592.300048828125,0.5638678105798026,0.010166302541693656,6.569821800635347e-05,0.010100604323687302,0.32849109003176735
2020-03-03,GC=F,1642.0999755859375,0.5398262285303834,0.01688331710003053,4.80831640988384e-06,0.016878508783620648,0.024041582049419197
2020-03-04,GC=F,1641.0999755859375,0.48802364296575607,-0.0002971948421055473,1.0360517112925472e-05,-0.0003075553592184728,0.05180258556462736
2020-03-05,GC=F,1666.4000244140625,0.5081098120853503,0.0078332845329663,4.0172338239188535e-06,0.007829267299142382,0.020086169119594266
2020-03-06,GC=F,1670.800048828125,0.4999191451410314,0.0013200050476782914,1.6381333888637828e-06,0.0013183669142894277,0.008190666944318914
2020-03-09,GC=F,1674.5,0.49996913245760316,0.0011071710099812763,9.997463314348476e-09,0.0011071610125179619,4.998731657174238e-05
2020-03-10,GC=F,1659.0999755859375,0.49996636069822736,-0.0045980854947522826,5.543518751593979e-10,-0.004598086049104158,2.7717593757969894e-06
2020-03-11,GC=F,1641.4000244140625,0.4919846768561842,-0.0052486919931330825,1.596336768408635e-06,-0.005250288329901491,0.007981683842043175
2020-03-12,GC=F,1589.300048828125,0.4865557971286269,-0.015443855717406224,1.085775945511458e-06,-0.015444941493351735,0.00542887972755729
2020-03-13,GC=F,1515.699951171875,0.4385106819505175,-0.020307322735354145,9.609023035621878e-06,-0.020316931758389768,0.04804511517810939
2020-03-16,GC=F,1485.9000244140625,0.3775137717343638,-0.007422236003274708,1.2199382043230745e-05,-0.007434435385317939,0.06099691021615372
2020-03-17,GC=F,1524.9000244140625,0.3717810634668093,0.009758033001529286,1.1465416535109019e-06,0.009756886459875776,0.005732708267554509
2020-03-18,GC=F,1477.300048828125,0.3580210461096933,-0.011175678917456557,2.7520034714231926e-06,-0.01117843092092798,0.013760017357115961
2020-03-19,GC=F,1478.5999755859375,0.3441759924019332,0.00030285220817180184,2.769010741552025e-06,0.0003000831974302498,0.013845053707760124
2020-03-20,GC=F,1484.0,0.3454382877669069,0.0012615820494343004,2.524590729947374e-07,0.0012613295903613057,0.0012622953649736868
2020-03-23,GC=F,1567.0,0.3530989899918872,0.01974879795776726,1.5321404449960664e-06,0.019747265817322265,0.007660702224980331
2020-03-24,GC=F,1660.199951171875,0.304639510627937,0.01811894544706292,9.691895872790046e-06,0.01810925355119013,0.04845947936395023
2020-03-25,GC=F,1632.300048828125,0.26911775863714926,-0.004522563188636099,7.104350398157545e-06,-0.004529667539034257,0.03552175199078772
2020-03-26,GC=F,1650.0999755859375,0.26678680845596814,0.0029092602514323566,4.6619003623622483e-07,0.0029087940613961205,0.002330950181181124
2020-03-27,GC=F,1623.9000244140625,0.2658826028106039,-0.004221629788592191,1.8084112907285067e-07,-0.004221810629721263,0.0009042056453642533
2020-03-30,GC=F,1622.0,0.28382255558707203,-0.0003320831188925161,3.58799055529363e-06,-0.00033567110944780976,0.01793995277646815
2020-03-31,GC=F,1583.4000244140625,0.2864239011017752,-0.006816248822291926,5.202691029406292e-07,-0.006816769091394867,0.002601345514703146
2020-04-01,GC=F,1578.199951171875,0.2908814150469242,-0.0009552890234385757,8.915027890298077e-07,-0.0009561805262276056,0.004457513945149039
2020-04-02,GC=F,1625.699951171875,0.2908586524126907,0.008754141691199525,4.55252684670171e-09,0.008754137138672678,2.276263423350855e-05
2020-04-03,GC=F,1633.699951171875,0.2835545061795655,0.0013953596097491998,1.4608292466250394e-06,0.0013938987805025746,0.007304146233125197
2020-04-06,GC=F,1677.0,0.2833451077991559,0.0075098594415168975,4.1879676081924e-08,0.007509817561840815,0.00020939838040962
2020-04-07,GC=F,1664.800048828125,0.27657449035586945,-0.0020120425031173545,1.3541234886572884e-06,-0.0020133966266060116,0.006770617443286442
2020-04-08,GC=F,1665.4000244140625,0.276885544644517,9.978649808586714e-05,6.221085772950552e-08,9.972428722813763e-05,0.0003110542886475276
2020-04-09,GC=F,1736.199951171875,0.278116690466886,0.011823370377401386,2.462291644737991e-07,0.011823124148236911,0.0012311458223689953
2020-04-13,GC=F,1744.800048828125,0.27477138540186136,0.0013610533429655564,6.690610130049235e-07,0.0013603842819525514,0.0033453050650246174
2020-04-14,GC=F,1756.699951171875,0.3036707076736354,0.00207109792804097,5.779864454354811e-06,0.002065318063586615,0.028899322271774053
2020-04-15,GC=F,1727.199951171875,0.31350462012390573,-0.00526463627865745,1.966782490054064e-06,-0.0052666030611475045,0.009833912450270321
2020-04-16,GC=F,1720.4000244140625,0.3102052841475684,-0.0012212675264717963,6.598671952674606e-07,-0.0012219273936670638,0.003299335976337303
2020-04-17,GC=F,1689.199951171875,0.32954173133903314,-0.005976357828544505,3.867289438292942e-06,-0.0059802251179827985,0.019336447191464712
2020-04-20,GC=F,1701.5999755859375,0.32037816051572443,0.002351821647503251,1.832714164661742e-06,0.0023499889333385895,0.009163570823308709
2020-04-21,GC=F,1678.199951171875,0.3205426559411285,-0.0044080313131104765,3.289908508081752e-08,-0.004408064212195558,0.00016449542540408757
2020-04-22,GC=F,1728.699951171875,0.3576257961719039,0.010761591724555805,7.416628046155072e-06,0.01075417509650965,0.03708314023077536
2020-04-23,GC=F,1733.300048828125,0.4201102258705854,0.0011179198935500215,1.2496885939736302e-05,0.0011054230076102851,0.06248442969868151
2020-04-24,GC=F,1723.5,0.43298292413472145,-0.002448078046921797,2.5745396528272127e-06,-0.002450652586574624,0.012872698264136062
2020-04-27,GC=F,1711.9000244140625,0.43284431438273235,-0.002913248319902247,2.7721950397818773e-08,-0.002913276041852645,0.00013860975198909387
2020-04-28,GC=F,1710.5,0.44213259247194253,-0.0003615844470387913,1.8576556178420357e-06,-0.00036344210265663336,0.009288278089210178
2020-04-29,GC=F,1703.4000244140625,0.44223356511839834,-0.001835631403462549,2.0194529291162055e-08,-0.0018356515979918403,0.00010097264645581028
2020-04-30,GC=F,1684.199951171875,0.47038790879978487,-0.0053020325066051215,5.630868736277306e-06,-0.005307663375341398,0.02815434368138653
2020-05-01,GC=F,1694.5,0.4626783212266332,0.0028295982891064714,1.541917514630331e-06,0.002828056371591841,0.007709587573151655
2020-05-04,GC=F,1706.9000244140625,0.49823223113866066,0.0036459674417185796,7.11078198240549e-06,0.0036388566597361743,0.03555390991202745
2020-05-05,GC=F,1704.4000244140625,0.4972311135178303,-0.0007282663108645146,2.0022352416607659e-07,-0.0007284665343886806,0.001001117620830383
2020-05-06,GC=F,1684.199951171875,0.533712794354774,-0.006325415032756315,7.296336167388751e-06,-0.006332711368923704,0.03648168083694375
2020-05-07,GC=F,1721.800048828125,0.5275158384181443,0.011776895626876055,1.2393911873259445e-06,0.01177565623568873,0.006196955936629722
2020-05-08,GC=F,1709.9000244140625,0.501108797914025,-0.0034633562319486793,5.28140810082387e-06,-0.003468637640049503,0.02640704050411935
2020-05-11,GC=F,1695.300048828125,0.6337581127231772,-0.0054113415059567314,2.6529862961830443e-05,-0.005437871368918562,0.1326493148091522
2020-05-12,GC=F,1704.4000244140625,0.6314774150388621,0.0033896236031473385,4.561395368630095e-07,0.0033891674636104753,0.0022806976843150473
2020-05-13,GC=F,1713.9000244140625,0.6338904077470895,0.003533183986938559,4.825985416454737e-07,0.0035327013883969137,0.0024129927082273683
2020-05-14,GC=F,1738.0999755859375,0.6588675481733074,0.009303087850750315,4.995428085243581e-06,0.009298092422665072,0.024977140426217903
2020-05-15,GC=F,1753.4000244140625,0.637531484921676,0.00561202634243196,4.26721265032628e-06,0.005607759129781634,0.0213360632516314
2020-05-18,GC=F,1731.800048828125,0.6770994683301218,-0.008341126828756184,7.913596681689162e-06,-0.008349040425437873,0.039567983408445806
2020-05-19,GC=F,1744.199951171875,0.6570593536359937,0.004704626163191949,4.008022938825629e-06,0.004700618140253123,0.02004011469412814
2020-05-20,GC=F,1750.5999755859375,0.6832787967570733,0.0025071672418740362,5.24388862421592e-06,0.0025019233532498205,0.0262194431210796
2020-05-21,GC=F,1720.5,0.8383221626903079,-0.014414187696811041,3.100867318664693e-05,-0.014445196369997687,0.15504336593323464
2020-05-22,GC=F,1734.5999755859375,0.7711869544357934,0.006320091386072778,1.3427041650902894e-05,0.006306664344421875,0.06713520825451447
2020-05-26,GC=F,1704.800048828125,0.76434825781099,-0.01313128238257639,1.3677393249606819e-06,-0.013132650121901351,0.006838696624803409
2020-05-27,GC=F,1710.300048828125,0.7193948075931014,0.002320900591528016,8.990690043577732e-06,0.0023119099014844383,0.04495345021788866
2020-05-28,GC=F,1713.300048828125,0.7177462627257408,0.001258983059523809,3.2970897347210926e-07,0.001258653350550337,0.0016485448673605463
2020-05-29,GC=F,1736.9000244140625,0.7204274393920735,0.009923579931443771,5.362353332665437e-07,0.009923043696110504,0.0026811766663327186
2020-06-01,GC=F,1737.800048828125,0.7181401528745558,0.0003721248553287858,4.574573035035501e-07,0.0003716673980252823,0.0022872865175177504
2020-06-02,GC=F,1725.199951171875,0.7215375598797495,-0.005231582150816473,6.794814010387507e-07,-0.005232261632217512,0.0033974070051937533
2020-06-03,GC=F,1697.800048828125,0.7171745347135852,-0.011390280993938443,8.726050332328761e-07,-0.011391153598971675,0.00436302516616438
2020-06-04,GC=F,1718.9000244140625,0.6790255843450659,0.008438816609645574,7.629790073703857e-06,0.008431186819571869,0.038148950368519285
2020-06-05,GC=F,1676.199951171875,0.6802723533297175,-0.016898992901996125,2.4935379693031836e-07,-0.016899242255793055,0.0012467689846515917
2020-06-08,GC=F,1698.300048828125,0.6656723665573286,0.008776652390246676,2.919997354477766e-06,0.008773732392892199,0.014599986772388829
2020-06-09,GC=F,1714.699951171875,0.6462712936464559,0.006240820702257111,3.880214582174557e-06,0.006236940487674937,0.019401072910872785
2020-06-10,GC=F,1713.300048828125,0.6446625259768428,-0.0005263104955627759,3.2175353392260855e-07,-0.0005266322490966985,0.0016087676696130426
2020-06-11,GC=F,1732.0,0.6472763727820658,0.007064750026717193,5.22769361044606e-07,0.007064227257356149,0.00261384680522303
2020-06-12,GC=F,1729.300048828125,0.6376344059001087,-0.0009939848507146984,1.9283933763914352e-06,-0.0009959132440910898,0.009641966881957176
2020-06-15,GC=F,1720.300048828125,0.6604103448289053,-0.003437051370864149,4.5551877857593185e-06,-0.0034416065586499083,0.02277593892879659
2020-06-16,GC=F,1729.5999755859375,0.6688192170915117,0.003615630736862197,1.6817744525212897e-06,0.003613948962409676,0.008408872262606448
2020-06-17,GC=F,1729.199951171875,0.6832454270581744,-0.00015802200247328429,2.8852419933325325e-06,-0.00016090724446661683,0.014426209966662662
2020-06-18,GC=F,1724.800048828125,0.6909041872691941,-0.0017579869527594135,1.5317520422039488e-06,-0.0017595187048016175,0.007658760211019744
2020-06-19,GC=F,1745.9000244140625,0.6928658930494798,0.008476027953272482,3.9234115605713e-07,0.008475635612116426,0.0019617057802856497
2020-06-22,GC=F,1756.699951171875,0.7156428185630151,0.0044268800716861486,4.555385102707077e-06,0.004422324686583441,0.022776925513535384
2020-06-23,GC=F,1772.0999755859375,0.7198369647524433,0.006310415631273489,8.388292378856299e-07,0.006309576802035604,0.0041941461894281495
2020-06-24,GC=F,1765.800048828125,0.7719394081477233,-0.002744293098470208,1.0420488679056006e-05,-0.0027547135871492643,0.05210244339528003
2020-06-25,GC=F,1762.0999755859375,0.7665890498921287,-0.0016063175630458698,1.0700716511189201e-06,-0.0016073876346969888,0.0053503582555946005
2020-06-26,GC=F,1772.5,0.7639904356265389,0.0045091193988491245,5.197228531179654e-07,0.004508599675996007,0.002598614265589827
2020-06-29,GC=F,1774.800048828125,0.7917957678236232,0.0010274577872480606,5.561066439416851e-06,0.001021896720808644,0.027805332197084254
2020-06-30,GC=F,1793.0,0.7918541254289393,0.008120185948592032,1.1671521063227886e-08,0.008120174277070968,5.835760531613943e-05
2020-07-01,GC=F,1773.199951171875,0.7921231021460071,-0.008747393251743911,5.379534341356518e-08,-0.008747447047087326,0.0002689767170678259
2020-07-02,GC=F,1784.0,0.8270478788863427,0.005037309790848171,6.984955348067112e-06,0.005030324835500104,0.03492477674033556
2020-07-06,GC=F,1788.5,0.8506049946188164,0.0021455843474129993,4.711423146494753e-06,0.0021408729242665043,0.023557115732473766
2020-07-07,GC=F,1804.199951171875,1.0,0.008778278541724971,2.987900107623671e-05,0.008748399540648735,0.14939500538118355
2020-07-08,GC=F,1815.5,1.0,0.006263190962168652,0.0,0.006263190962168652,0.0
2020-07-09,GC=F,1799.199951171875,1.0,-0.008978269803428862,0.0,-0.008978269803428862,0.0
2020-07-10,GC=F,1798.199951171875,1.0,-0.0005558025940077815,0.0,-0.0005558025940077815,0.0
2020-07-13,GC=F,1811.0,1.0,0.007118256687629998,0.0,0.007118256687629998,0.0
2020-07-14,GC=F,1810.5999755859375,1.0,-0.00022088592714664124,0.0,-0.00022088592714664124,0.0
2020-07-15,GC=F,1811.4000244140625,1.0,0.00044186945703783564,0.0,0.00044186945703783564,0.0
2020-07-16,GC=F,1798.699951171875,1.0,-0.007011191934976124,0.0,-0.007011191934976124,0.0
2020-07-17,GC=F,1808.300048828125,1.0,0.005337242406658893,0.0,0.005337242406658893,0.0
2020-07-20,GC=F,1815.9000244140625,1.0,0.004202828834110051,0.0,0.004202828834110051,0.0
2020-07-21,GC=F,1842.4000244140625,1.0,0.014593314413633873,0.0,0.014593314413633873,0.0
2020-07-22,GC=F,1864.0999755859375,1.0,0.011778088842989476,0.0,0.011778088842989476,0.0
2020-07-23,GC=F,1889.0999755859375,1.0,0.0134112978528107,0.0,0.0134112978528107,0.0
2020-07-24,GC=F,1897.300048828125,1.0,0.004340730161538575,0.0,0.004340730161538575,0.0
2020-07-27,GC=F,1931.0,1.0,0.017762056767294032,0.0,0.017762056767294032,0.0
2020-07-28,GC=F,1944.699951171875,1.0,0.007094744263011377,0.0,0.007094744263011377,0.0
2020-07-29,GC=F,1953.5,1.0,0.004525144777641543,0.0,0.004525144777641543,0.0
2020-07-30,GC=F,1942.300048828125,1.0,-0.005733274211351391,0.0,-0.005733274211351391,0.0
2020-07-31,GC=F,1962.800048828125,1.0,0.010554496980200723,0.0,0.010554496980200723,0.0
2020-08-03,GC=F,1966.0,1.0,0.0016302991095733521,0.0,0.0016302991095733521,0.0
2020-08-04,GC=F,2001.199951171875,1.0,0.01790434952791209,0.0,0.01790434952791209,0.0
2020-08-05,GC=F,2031.0999755859375,1.0,0.014941047943037189,0.0,0.014941047943037189,0.0
2020-08-06,GC=F,2051.5,0.9700291985592177,0.009742809103846747,5.99416028815647e-06,0.00973681494355859,0.029970801440782346
2020-08-07,GC=F,2010.0999755859375,1.0,-0.02018036773778331,5.99416028815647e-06,-0.020186361898071468,0.029970801440782346
2020-08-10,GC=F,2024.4000244140625,0.8326100321604314,0.005923269618074618,3.3477993567913725e-05,0.005889791624506704,0.1673899678395686
2020-08-11,GC=F,1932.5999755859375,0.8326131605868445,-0.037756336630619565,6.256852826291848e-10,-0.037756337256304846,3.128426413145924e-06
2020-08-12,GC=F,1934.9000244140625,0.5272678539250494,0.0006275182784066252,6.106906133235904e-05,0.0005664492170742661,0.30534530666179516
2020-08-13,GC=F,1956.699951171875,0.5275149599948993,0.005943349706154246,4.942121396998012e-08,0.005943300284940276,0.0002471060698499006
2020-08-14,GC=F,1937.0,0.5316402977064314,-0.005352526277493565,8.250675423064235e-07,-0.0053533513450358715,0.004125337711532118
2020-08-17,GC=F,1985.0,0.5193182852200182,0.012869012746804787,2.4644024972826364e-06,0.012866548344307505,0.01232201248641318
2020-08-18,GC=F,1999.4000244140625,0.4948680390148859,0.0035899807776088124,4.890049241026462e-06,0.0035850907283677858,0.02445024620513231
2020-08-19,GC=F,1958.699951171875,0.5000272735748363,-0.010178626792580536,1.0318469119900865e-06,-0.010179658639492526,0.005159234559950432
2020-08-20,GC=F,1933.800048828125,0.474979907236558,-0.006038164905430109,5.0094732676556736e-06,-0.006043174378697764,0.025047366338278365
2020-08-21,GC=F,1934.5999755859375,0.47109916488719605,0.00019487269524306734,7.761484698723842e-07,0.00019409654677319496,0.003880742349361921
2020-08-24,GC=F,1927.699951171875,0.4715219003262883,-0.0016817495425797938,8.4547087818454e-08,-0.0016818340896676122,0.00042273543909226996
2020-08-25,GC=F,1911.800048828125,0.4848352644272153,-0.0039989798996014035,2.662672820185397e-06,-0.004001642572421589,0.013313364100926983
2020-08-26,GC=F,1940.699951171875,0.48448281075492505,0.007323729239689776,7.049073445805077e-08,0.007323658748955318,0.0003524536722902538
2020-08-27,GC=F,1921.5999755859375,0.47399345862242825,-0.004664947552616637,2.0978704264993597e-06,-0.004667045423043137,0.010489352132496799
2020-08-28,GC=F,1964.5999755859375,0.4711537656849181,0.010543095431854355,5.67938587502026e-07,0.010542527493266852,0.00283969293751013
2020-08-31,GC=F,1967.5999755859375,0.45418248011676127,0.0006935495557785795,3.3942571136313716e-06,0.0006901552986649482,0.016971285568156858
2020-09-01,GC=F,1968.199951171875,0.4541942957957961,0.00013849638754360693,2.363135806970895e-09,0.00013849402440779997,1.1815679034854476e-05
2020-09-02,GC=F,1934.4000244140625,0.4683401324645111,-0.008042811994594114,2.829167333742999e-06,-0.008045641161927857,0.014145836668714995
2020-09-03,GC=F,1927.5999755859375,0.4694594352517077,-0.0016503034751059918,2.2386055743931489e-07,-0.001650527335663431,0.0011193027871965744
2020-09-04,GC=F,1923.9000244140625,0.4768847927507948,-0.0009153613146583091,1.4850714998174254e-06,-0.0009168463861581265,0.007425357499087126
2020-09-08,GC=F,1933.0,0.4923783035465419,0.0023289310694215785,3.0987021591494136e-06,0.002325832367262429,0.015493510795747067
2020-09-09,GC=F,1944.699951171875,0.49439568910228004,0.0029924497786249765,4.034771111476321e-07,0.0029920463015138286,0.0020173855557381604
2020-09-10,GC=F,1954.199951171875,0.6447843377667117,0.003149818153228496,3.007772973288634e-05,0.0031197404234956094,0.1503886486644317
2020-09-11,GC=F,1937.800048828125,0.6425730957394905,-0.00539255771269946,4.422484054442455e-07,-0.005392999961104905,0.0022112420272212274
2020-09-14,GC=F,1953.0999755859375,0.6488871269076434,0.005123297174947598,1.2628062336305756e-06,0.0051220343687139675,0.006314031168152878
2020-09-15,GC=F,1956.300048828125,0.6537411962060679,0.0010711278149839515,9.708138596848938e-07,0.0010701570011242667,0.004854069298424468
2020-09-16,GC=F,1960.199951171875,0.7451662462746311,0.0014854958430689635,1.8285010013712656e-05,0.001467210833055251,0.09142505006856327
2020-09-17,GC=F,1940.0,0.7557331475167434,-0.007787865043910037,2.1133802484224474e-06,-0.00778997842415846,0.010566901242112237
2020-09-18,GC=F,1952.0999755859375,0.8183107466077884,0.005103886626631164,1.2515519818208998e-05,0.005091371106812955,0.06257759909104499
2020-09-21,GC=F,1901.199951171875,0.8497891623455796,-0.02215782472781019,6.29568314755824e-06,-0.02216412041095775,0.0314784157377912
2020-09-22,GC=F,1898.5999755859375,0.7120219167556922,-0.0009737216746066646,2.755344911797748e-05,-0.0010012751237246421,0.1377672455898874
2020-09-23,GC=F,1859.9000244140625,0.7132113816979286,-0.014537683557283958,2.378929884472969e-07,-0.014537921450272405,0.0011894649422364845
2020-09-24,GC=F,1868.300048828125,0.6668834324057888,0.003011902274321049,9.26558985842796e-06,0.003002636684462621,0.04632794929213979
2020-09-25,GC=F,1857.699951171875,0.7006196360714615,-0.003975077004843087,6.74724073313453e-06,-0.003981824245576222,0.03373620366567265
2020-09-28,GC=F,1872.800048828125,0.7082963214511091,0.005757304141999601,1.5353370759295215e-06,0.005755768804923672,0.0076766853796476076
2020-09-29,GC=F,1894.300048828125,0.7997777000085254,0.00918155708130338,1.829627571148327e-05,0.009163260805591898,0.09148137855741634
2020-09-30,GC=F,1887.5,0.7640147616444686,-0.002742616032663202,7.152587672811373e-06,-0.002749768620336013,0.03576293836405686
2020-10-01,GC=F,1908.4000244140625,0.7644742357064307,0.008464916657052278,9.189481239242348e-08,0.008464824762239885,0.0004594740619621174
2020-10-02,GC=F,1900.199951171875,0.7841382551851563,-0.0033693099152488377,3.93280389574513e-06,-0.0033732427191445827,0.019664019478725647
2020-10-05,GC=F,1912.5,0.7830666247150775,0.005068812739275465,2.1432609401577097e-07,0.00506859841318145,0.0010716304700788548
2020-10-06,GC=F,1901.0999755859375,0.7735953294587843,-0.004611244780358085,1.89425905125864e-06,-0.0046131390394093435,0.0094712952562932
2020-10-07,GC=F,1883.5999755859375,0.7731662435829768,-0.0071171476705384545,8.581717516149557e-08,-0.007117233487713616,0.0004290858758074778
2020-10-08,GC=F,1888.5999755859375,0.7706410057588279,0.0020456599483632603,5.050475648297859e-07,0.0020451549007984306,0.0025252378241489293
2020-10-09,GC=F,1919.5,0.7754849088138671,0.012687971473499099,9.687806110078467e-07,0.01268700269288809,0.004843903055039234
2020-10-12,GC=F,1922.5,0.7292335960044986,0.0011397242969593746,9.250262561873713e-06,0.001130474034397501,0.04625131280936856
2020-10-13,GC=F,1888.5,0.7409135973634021,-0.013103283386400844,2.336000271780714e-06,-0.013105619386672625,0.011680001358903569
2020-10-14,GC=F,1901.300048828125,0.6981377760859871,0.0047319023683660005,8.555164255482995e-06,0.004723347204110518,0.04277582127741497
2020-10-15,GC=F,1903.199951171875,0.6897870272153453,0.0006892799432170312,1.67014977412836e-06,0.0006876097934429028,0.0083507488706418
2020-10-16,GC=F,1900.800048828125,0.7013411298332375,-0.0008843790796750838,2.3108205235784273e-06,-0.0008866899001986622,0.011554102617892137
2020-10-19,GC=F,1906.4000244140625,0.7095733346926891,0.0020904846636347037,1.6464409718903285e-06,0.0020888382226628135,0.008232204859451642
2020-10-20,GC=F,1910.4000244140625,0.8372223181719023,0.0017566561213809633,2.5529796695842635e-05,0.0017311263246851207,0.12764898347921316
2020-10-21,GC=F,1924.5999755859375,0.8370422513753413,0.006221712178825774,3.6013359312203624e-08,0.006221676165466462,0.0001800667965610181
2020-10-22,GC=F,1901.0999755859375,0.9707658167258829,-0.011853370561387938,2.6744713070108328e-05,-0.011880115274458047,0.13372356535054164
2020-10-23,GC=F,1902.0,0.9081599612310145,0.00042994379437106016,1.2521171098973683e-05,0.0004174226232720865,0.06260585549486841
2020-10-26,GC=F,1902.699951171875,0.9232699841140694,0.00033977071889463255,3.0220045766109705e-06,0.00033674871431802156,0.015110022883054852
2020-10-27,GC=F,1908.800048828125,0.941029016302049,0.003016959606937406,3.5518064375959393e-06,0.00301340780049981,0.017759032187979695
2020-10-28,GC=F,1876.199951171875,0.9844318122718919,-0.016812957038473172,8.680559193968574e-06,-0.016821637597667142,0.04340279596984287
2020-10-29,GC=F,1865.5999755859375,0.8847244457754595,-0.004998431814074168,1.9941473299286483e-05,-0.0050183732873734545,0.09970736649643241
2020-10-30,GC=F,1877.4000244140625,0.9212515152224734,0.005826979526623933,7.305413889402779e-06,0.00581967411273453,0.03652706944701389
2020-11-02,GC=F,1890.4000244140625,0.90810708895731,0.006288160223141361,2.6288852530326867e-06,0.006285531337888329,0.013144426265163434
2020-11-03,GC=F,1908.5,0.9059682092920767,0.008674355828420374,4.277759330466591e-07,0.008673928052487328,0.0021388796652332953
2020-11-04,GC=F,1894.5999755859375,0.8867396666379717,-0.00645831963069713,3.845708530821002e-06,-0.006462165339227951,0.019228542654105008
2020-11-05,GC=F,1945.300048828125,0.8969057892125211,0.024001472495719618,2.0332245149098816e-06,0.02399943927120471,0.010166122574549408
2020-11-06,GC=F,1950.300048828125,0.7403701086285929,0.001902971495514616,3.130713611678564e-05,0.0018716643593978304,0.1565356805839282
2020-11-09,GC=F,1853.199951171875,0.7845780975415347,-0.03906199455617798,8.841597782588374e-06,-0.03907083615396057,0.044207988912941865
2020-11-10,GC=F,1875.4000244140625,0.5162828018550849,0.006184716337606703,5.365905913728997e-05,0.006131057278469413,0.26829529568644983
2020-11-11,GC=F,1860.699951171875,0.5230936536136526,-0.0041001999149736824,1.362170351713532e-06,-0.004101562085325396,0.00681085175856766
2020-11-12,GC=F,1872.5999755859375,-0.5232344515244721,-0.003346322841304096,0.00020926562102762498,-0.003555588462331721,1.0463281051381248
2020-11-13,GC=F,1885.699951171875,-0.5201938355558724,-0.0036390722175486502,6.08123193719945e-07,-0.0036396803407423703,0.0030406159685997247
2020-11-16,GC=F,1887.300048828125,-0.5168065422479088,-0.0004385326183371303,6.774586615927226e-07,-0.00043921007699872304,0.0033872933079636125
2020-11-17,GC=F,1884.5,-0.5173748799779068,0.0007675912090835484,1.1366754599959617e-07,0.0007674775415375488,0.0005683377299979808
2020-11-18,GC=F,1873.5,-0.5177188064001876,0.0030219723377033986,6.878528445617427e-08,0.0030219035524189424,0.00034392642228087134
2020-11-19,GC=F,1861.0999755859375,-0.5204856763096659,0.003444907976199439,5.533739818956551e-07,0.0034443546022175434,0.0027668699094782756
2020-11-20,GC=F,1872.5999755859375,-0.5263200548145576,-0.003252206066179646,1.1668757009783315e-06,-0.0032533729418806243,0.0058343785048916574
2020-11-23,GC=F,1837.800048828125,-0.5233311959496911,0.009725455263572328,5.977717729732879e-07,0.009724857491799355,0.0029888588648664394
2020-11-24,GC=F,1804.800048828125,-0.5053764878196834,0.00907466734952148,3.5909416260015537e-06,0.009071076407895477,0.017954708130007768
2020-11-25,GC=F,1805.699951171875,-0.4933306747594479,-0.0002459826121725086,2.4091626120470887e-06,-0.0002483917747845557,0.012045813060235444
2020-11-27,GC=F,1781.9000244140625,-0.5048998613783524,0.006654804256397038,2.3138373237808985e-06,0.0066524904190732575,0.011569186618904492
2020-11-30,GC=F,1775.699951171875,-0.49871589786230575,0.0017352685624471992,1.236792703209333e-06,0.00173403176974399,0.006183963516046664
2020-12-01,GC=F,1814.0999755859375,-0.5028571887862898,-0.010874431974521826,8.282581847968151e-07,-0.010875260232706623,0.004141290923984076
2020-12-02,GC=F,1825.699951171875,-0.4777612502589807,-0.003054968807395013,5.019187705461825e-06,-0.003059987995100475,0.025095938527309125
2020-12-03,GC=F,1836.800048828125,-0.4808236351315286,-0.00292336607774305,6.124769745095793e-07,-0.0029239785547175595,0.0030623848725478964
2020-12-04,GC=F,1835.9000244140625,-0.47933023435501604,0.00023486982896860675,2.9868015530251094e-07,0.00023457114881330425,0.0014934007765125545
2020-12-07,GC=F,1861.800048828125,-0.5251728301767888,-0.007408894243858525,9.16851916435456e-06,-0.007418062763022879,0.0458425958217728
2020-12-08,GC=F,1870.800048828125,-0.5100123549927337,-0.00246541576675953,3.0320950368110336e-06,-0.002468447861796341,0.015160475184055167
2020-12-09,GC=F,1834.5999755859375,-0.7502701810617665,0.01451776501870319,4.805156521380656e-05,0.014469713453489384,0.2402578260690328
2020-12-10,GC=F,1833.5999755859375,-0.7135011065401724,0.0003889137229015347,7.353814904318812e-06,0.0003815599079972159,0.03676907452159406
2020-12-11,GC=F,1839.800048828125,-0.7213502653364685,-0.0024391495080208305,1.5698317592592216e-06,-0.00244071933978009,0.007849158796296107
2020-12-14,GC=F,1828.699951171875,-0.7270012034340964,0.004386229014109386,1.130187619525569e-06,0.0043850988264898605,0.0056509380976278445
2020-12-15,GC=F,1852.300048828125,-0.7342748215758937,-0.009476107594694114,1.4547236283594778e-06,-0.009477562318322474,0.007273618141797389
2020-12-16,GC=F,1856.0999755859375,-0.7027776361048387,-0.0014417229789075215,6.299437094211014e-06,-0.0014480224160017326,0.03149718547105507
2020-12-17,GC=F,1887.199951171875,-0.7016282798565315,-0.011756167588468902,2.2987124966142858e-07,-0.011756397459718564,0.0011493562483071429
2020-12-18,GC=F,1885.699951171875,-0.6662854242368932,0.0005295825361455178,7.0685711239276696e-06,0.00052251396502159,0.03534285561963835
2020-12-21,GC=F,1879.199951171875,-0.6728335779539655,0.002319254584475564,1.3096307434144583e-06,0.0023179449537321494,0.0065481537170722914
2020-12-22,GC=F,1866.5999755859375,-0.6751202054100531,0.004526659390574757,4.5732549121753064e-07,0.004526202065083539,0.002286627456087653
2020-12-23,GC=F,1874.699951171875,-0.7216837123644483,-0.003131694271605188,9.312701390879031e-06,-0.003141006972996067,0.04656350695439515
2020-12-24,GC=F,1879.9000244140625,-0.7905345773739549,-0.0021927976795735916,1.3770173001901332e-05,-0.002206567852575493,0.06885086500950666
2020-12-28,GC=F,1877.199951171875,-0.7908968194903924,0.0011359536740805172,7.244842328748558e-08,0.0011358812256572297,0.0003622421164374279
2020-12-29,GC=F,1879.699951171875,-0.8451311615505522,-0.0011255209667768154,1.0846868412031974e-05,-0.0011363678351888474,0.05423434206015987
2020-12-30,GC=F,1891.0,-0.8550682234385649,-0.005140348421145605,1.987412377602538e-06,-0.0051423358335232075,0.009937061888012688
2020-12-31,GC=F,1893.0999755859375,-0.9720102801330552,-0.0010794277406449423,2.3388411338898063e-05,-0.0011028161519838404,0.11694205669449032
2021-01-04,GC=F,1944.699951171875,-0.9796411388939043,-0.026701948920716617,1.5261717521698027e-06,-0.026703475092468787,0.007630858760849013
2021-01-05,GC=F,1952.699951171875,-0.7976396938738527,-0.0032812864252635045,3.6400289004010316e-05,-0.0033176867142675147,0.18200144502005156
2021-01-06,GC=F,1906.9000244140625,-0.8001168073658338,0.018766473135341685,4.954226983962196e-07,0.018765977712643288,0.0024771134919810978
2021-01-07,GC=F,1912.300048828125,-0.7047363407175745,-0.0019956963640614675,1.9076093329651856e-05,-0.0020147724573911195,0.09538046664825928
2021-01-08,GC=F,1834.0999755859375,-0.7063533634847975,0.02888505116821304,3.234045534445951e-07,0.028884727763659593,0.0016170227672229753
2021-01-11,GC=F,1849.5999755859375,-0.5622678852643147,-0.004751732368794536,2.881709564409656e-05,-0.004780549464438633,0.1440854782204828
2021-01-12,GC=F,1842.9000244140625,-0.5572287196186391,0.002018493329525827,1.0078331291351273e-06,0.002017485496396692,0.005039165645675636
2021-01-13,GC=F,1853.5999755859375,-0.556727948437344,-0.0032323847118031854,1.0015423625902021e-07,-0.0032324848660394445,0.000500771181295101
2021-01-14,GC=F,1850.300048828125,-0.5577801278801283,0.0009930047438557338,2.1043588855687025e-07,0.000992794307967177,0.0010521794427843512
2021-01-15,GC=F,1829.300048828125,-0.5696562955515777,0.006465320159376149,2.375233534289878e-06,0.006462944925841859,0.011876167671449389
2021-01-19,GC=F,1839.5,-0.5604570443600908,-0.0031250392684723945,1.8398502382973804e-06,-0.003126879118710692,0.009199251191486901
2021-01-20,GC=F,1865.9000244140625,-0.5824956921933047,-0.008359826308773846,4.407729566642771e-06,-0.008364234038340489,0.022038647833213854
2021-01-21,GC=F,1865.300048828125,-0.563568651478219,0.0001812141205115193,3.7854081430171327e-06,0.00017742871236850217,0.018927040715085663
2021-01-22,GC=F,1855.699951171875,-0.5643169868340827,0.0029043574979218537,1.4966707117274324e-07,0.002904207830850681,0.0007483353558637162
2021-01-25,GC=F,1854.9000244140625,-0.5657150227364811,0.00024385978115571593,2.796071804796796e-07,0.00024358017397523626,0.001398035902398398
2021-01-26,GC=F,1850.699951171875,-0.5674429077513258,0.0012848680478444148,3.4557700296893314e-07,0.0012845224708414459,0.0017278850148446656
2021-01-27,GC=F,1844.9000244140625,-0.5681059497855278,0.0017803928169702193,1.3260840684039545e-07,0.001780260208563379,0.0006630420342019772
2021-01-28,GC=F,1837.9000244140625,-0.5676843456067099,0.0021539326612069784,8.432083576357385e-08,0.002153848340371215,0.00042160417881786927
2021-01-29,GC=F,1847.300048828125,-0.5674176398152074,-0.0029020836804946053,5.334115830049058e-08,-0.002902137021652906,0.0002667057915024529
2021-02-01,GC=F,1860.800048828125,-0.5683692791417677,-0.004153621537162575,1.903278653120566e-07,-0.004153811865027887,0.0009516393265602829
2021-02-02,GC=F,1830.5,-0.5633261765751015,0.009172834376877803,1.008620513333236e-06,0.009171825756364469,0.00504310256666618
2021-02-03,GC=F,1832.199951171875,-0.6211751899167673,-0.0005768738006221033,1.1569802668333162e-05,-0.0005884436032904365,0.05784901334166581
2021-02-04,GC=F,1788.9000244140625,-0.6249139767382219,0.014768436930364287,7.47757364290913e-07,0.014767689172999995,0.003738786821454565
2021-02-05,GC=F,1810.9000244140625,-0.6241383764341891,-0.007675691259521168,1.5512006080655727e-07,-0.007675846379581974,0.0007756003040327863
2021-02-08,GC=F,1831.9000244140625,-0.6041150893030174,-0.007005586561559775,4.004657426234348e-06,-0.007009591218986009,0.02002328713117174
2021-02-09,GC=F,1835.300048828125,-0.812026084950092,-0.0015071283786728597,4.1582199129414925e-05,-0.0015487105778022746,0.2079109956470746
2021-02-10,GC=F,1840.5999755859375,-0.8290293860311531,-0.002394047245214649,3.400660216212215e-06,-0.0023974479054308614,0.017003301081061073
2021-02-11,GC=F,1824.9000244140625,-0.8296266699204563,0.007076550245248156,1.1945677786064923e-07,0.007076430788470295,0.0005972838893032462
2021-02-12,GC=F,1821.5999755859375,-0.8226757635452463,0.0014876816006871752,1.3901812750420018e-06,0.001486291419412133,0.006950906375210009
2021-02-16,GC=F,1797.199951171875,-0.8226613240609324,0.011019409673155657,2.8878968627799042e-09,0.011019406785258794,1.443948431389952e-05
2021-02-17,GC=F,1771.0999755859375,-0.811358222856094,0.011783012677128921,2.26062024096767e-06,0.011780752056887953,0.01130310120483835
2021-02-18,GC=F,1773.4000244140625,-0.7834676235555146,-0.0010174545843107904,5.578119860115893e-06,-0.0010230327041709064,0.027890599300579466
2021-02-19,GC=F,1775.800048828125,-0.8449240005749573,-0.0011434747950210746,1.2291275403888547e-05,-0.001155766070424963,0.06145637701944273
2021-02-22,GC=F,1806.699951171875,-0.8423082745449264,-0.014656629525349164,5.231452060061814e-07,-0.01465715267055517,0.002615726030030907
2021-02-23,GC=F,1804.4000244140625,-0.761545796404786,0.0009694468377635039,1.6152495628028074e-05,0.0009532943421354758,0.08076247814014037
2021-02-24,GC=F,1796.4000244140625,-0.7616944268688867,0.003377053498394728,2.972609282012595e-08,0.0033770237723019076,0.00014863046410062974
2021-02-25,GC=F,1774.4000244140625,-0.7600514989093308,0.009308134462678615,3.285855919111791e-07,0.009307805877086704,0.0016429279595558954
2021-02-26,GC=F,1728.0999755859375,-0.7397998165496023,0.019303858858204938,4.050336471945704e-06,0.019299808521732992,0.020251682359728518
2021-03-01,GC=F,1722.5,-0.6572922040250643,0.0021299811048949226,1.6501522504907596e-05,0.002113479582390015,0.08250761252453798
2021-03-02,GC=F,1733.0999755859375,-0.6660910694118571,-0.004099012524688964,1.759773077358573e-06,-0.004100772297766323,0.008798865386792865
2021-03-03,GC=F,1715.300048828125,-0.6691520947686558,0.006872574256826704,6.122050713597282e-07,0.0068719620517553445,0.003061025356798641
2021-03-04,GC=F,1700.199951171875,-0.6853990384209007,0.00603369213492774,3.2493887304489768e-06,0.006030442746197291,0.016246943652244883
2021-03-05,GC=F,1698.0,-0.6840041265573028,0.00088505806552334,2.7898237271957175e-07,0.0008847790831506204,0.0013949118635978586
2021-03-08,GC=F,1677.699951171875,-0.7512634468578574,0.008981557511189656,1.3451864060110919e-05,0.008968105647129545,0.06725932030055459
2021-03-09,GC=F,1716.5999755859375,-0.783158661797656,-0.018158724414776038,6.379042987959727e-06,-0.018165103457764,0.03189521493979863
2021-03-10,GC=F,1721.5,-0.6978050384974208,-0.0019918803294437276,1.7070724660047044e-05,-0.0020089510541037746,0.08535362330023522
2021-03-11,GC=F,1722.300048828125,-0.6961730818267688,-0.0003235390405388209,3.263913341303937e-07,-0.0003238654318729513,0.0016319566706519684
2021-03-12,GC=F,1719.5,-0.6996856478694902,0.0011375218735584947,7.025132085442643e-07,0.0011368193603499505,0.0035125660427213212
2021-03-15,GC=F,1728.9000244140625,-0.7038459298038519,-0.0038477283651612076,8.320563868723374e-07,-0.00384856042154808,0.004160281934361687
2021-03-16,GC=F,1730.5999755859375,-0.6939381529271471,-0.0006823187920754379,1.9815553753409488e-06,-0.0006843003474507789,0.009907776876704744
2021-03-17,GC=F,1726.800048828125,-0.7114663626305853,0.001562186586607409,3.5056419406876316e-06,0.0015586809446667214,0.017528209703438158
2021-03-18,GC=F,1732.199951171875,-0.7396121671388267,-0.002312852305922408,5.629160901648289e-06,-0.0023184814668240562,0.028145804508241445
2021-03-19,GC=F,1741.4000244140625,-0.7374335361842697,-0.003916662472799796,4.357261909114119e-07,-0.0039170981989907075,0.0021786309545570592
2021-03-22,GC=F,1737.800048828125,-0.731458230111201,0.0015121349107706937,1.1950612146137242e-06,0.00151093984955608,0.00597530607306862
2021-03-23,GC=F,1724.699951171875,-0.8006942493760043,0.0060358916819554026,1.3847203852960655e-05,0.006022044478102442,0.06923601926480327
2021-03-24,GC=F,1732.9000244140625,-0.7941577027381479,-0.0037758169610171456,1.3073093275712822e-06,-0.003777124270344717,0.006536546637856411
2021-03-25,GC=F,1724.9000244140625,-0.7856721545324071,0.003627085895151106,1.6971096411481534e-06,0.0036253887855099576,0.008485548205740767
2021-03-26,GC=F,1732.199951171875,-0.8089117262917153,-0.0034233847016560508,4.6479143518616266e-06,-0.0034280326160079123,0.02323957175930813
2021-03-29,GC=F,1712.0999755859375,-1.0,0.011603727140356623,3.821765474165695e-05,0.011565509485614967,0.19108827370828474
2021-03-30,GC=F,1683.9000244140625,-0.9585503471693126,0.015788256159928744,8.289930566137471e-06,0.015779966229362608,0.041449652830687356
2021-03-31,GC=F,1713.800048828125,-0.8910676984379302,-0.015822166133139273,1.3496529746276487e-05,-0.01583566266288555,0.06748264873138243
2021-04-01,GC=F,1726.5,-0.8226979051052729,-0.0060965240555252,1.3673958666531473e-05,-0.006110198014191731,0.06836979333265736
2021-04-05,GC=F,1727.0,-0.8315280328806021,-0.0002408132154303155,1.7660255550658422e-06,-0.00024257924098538135,0.00883012777532921
2021-04-06,GC=F,1741.5,-0.8326062020571132,-0.006990613740491047,2.1563383530223136e-07,-0.006990829374326349,0.0010781691765111567
2021-04-07,GC=F,1740.0999755859375,-0.8673109642950596,0.0006972475019220236,6.9409524475892775e-06,0.0006903065494744343,0.034704762237946385
2021-04-08,GC=F,1756.800048828125,-1.0,-0.009597191814547434,2.653780714098808e-05,-0.009623729621688422,0.1326890357049404
2021-04-09,GC=F,1743.300048828125,-1.0,0.007684426015928891,0.0,0.007684426015928891,0.0
2021-04-12,GC=F,1731.199951171875,-0.9801281950591961,0.006802986602238977,3.9743609881607744e-06,0.006799012241250816,0.019871804940803872
2021-04-13,GC=F,1746.199951171875,-0.959818074275695,-0.008316353696977443,4.062024156700228e-06,-0.008320415721134143,0.02031012078350114
2021-04-14,GC=F,1734.9000244140625,-0.9438574179519548,0.006107845602399395,3.192131264748044e-06,0.006104653471134647,0.01596065632374022
2021-04-15,GC=F,1765.4000244140625,-0.9273657901395589,-0.01630333517852672,3.2983255624791763e-06,-0.0163066335040892,0.01649162781239588
2021-04-16,GC=F,1779.0,-0.8432169231862376,-0.006495824974732481,1.682977339066425e-05,-0.0065126547481231456,0.08414886695332124
2021-04-19,GC=F,1769.4000244140625,-0.8334154437681491,0.004497340029858042,1.9602958836177023e-06,0.0044953797339744245,0.00980147941808851
2021-04-20,GC=F,1777.300048828125,-0.827248745898775,-0.0036935035599239534,1.2333395738748366e-06,-0.0036947368994978283,0.0061666978693741825
2021-04-21,GC=F,1792.300048828125,-0.8266155992216366,-0.006976443846102472,1.2662933542766374e-07,-0.0069765704754379,0.0006331466771383187
2021-04-22,GC=F,1781.199951171875,-0.8355627057470408,0.005174818601258726,1.7894213050808407e-06,0.005173029179953646,0.008947106525404203
2021-04-23,GC=F,1777.0,-0.8224084427583233,0.0019391844810293375,2.630852597743516e-06,0.001936553628431594,0.01315426298871758
2021-04-26,GC=F,1779.199951171875,-0.8279172840396631,-0.0010249733254015098,1.1017682562679765e-06,-0.0010260750936577777,0.005508841281339882
2021-04-27,GC=F,1778.0,-0.8298258221579248,0.0005596619239421327,3.817076236523276e-07,0.0005592802163184804,0.0019085381182616379
2021-04-28,GC=F,1773.199951171875,-0.8759994536115658,0.002364926968923672,9.234726290728212e-06,0.0023556922426329436,0.04617363145364106
2021-04-29,GC=F,1768.0999755859375,-0.9914150880721893,0.0028514509834927167,2.3083126892124686e-05,0.002828367856600592,0.11541563446062342
2021-04-30,GC=F,1767.300048828125,-1.0,0.00045242167799219857,1.7169823855621493e-06,0.00045070469560663643,0.008584911927810746
2021-05-03,GC=F,1791.4000244140625,-1.0,-0.013636606642951188,0.0,-0.013636606642951188,0.0
2021-05-04,GC=F,1775.800048828125,-1.0,0.008708259112053973,0.0,0.008708259112053973,0.0
2021-05-05,GC=F,1784.0999755859375,-1.0,-0.004673908395987247,0.0,-0.004673908395987247,0.0
2021-05-06,GC=F,1815.5,-1.0,-0.017599924244015464,0.0,-0.017599924244015464,0.0
2021-05-07,GC=F,1831.0999755859375,-0.933435852715588,-0.008020697611347704,1.3312829456882392e-05,-0.008034010440804587,0.06656414728441196
2021-05-10,GC=F,1837.5,-0.9529114790498863,-0.0033305973522324847,3.895125266859645e-06,-0.0033344924774993444,0.019475626334298224
2021-05-11,GC=F,1835.9000244140625,-0.9903680082358448,0.0008623481002835226,7.491305837191709e-06,0.0008548567944463309,0.03745652918595854
2021-05-12,GC=F,1822.5999755859375,-0.9995908660698645,0.007241465847858511,1.844571566803932e-06,0.007239621276291706,0.00922285783401966
2021-05-13,GC=F,1823.800048828125,-0.9933151738489067,-0.0006540387233416704,1.2551384441915616e-06,-0.000655293861785862,0.006275692220957807
2021-05-14,GC=F,1837.9000244140625,-1.0,-0.007731097274066512,1.3369652302186674e-06,-0.007732434239296731,0.006684826151093337
2021-05-17,GC=F,1867.5,1.0,0.016105324115969877,0.0004,0.015705324115969876,2.0
2021-05-18,GC=F,1867.800048828125,1.0,0.0001606687165327525,0.0,0.0001606687165327525,0.0
2021-05-19,GC=F,1881.300048828125,1.0,0.007227754388629659,0.0,0.007227754388629659,0.0
2021-05-20,GC=F,1881.800048828125,1.0,0.0002657736602469374,0.0,0.0002657736602469374,0.0
2021-05-21,GC=F,1876.699951171875,1.0,-0.00271022293756773,0.0,-0.00271022293756773,0.0
2021-05-24,GC=F,1884.5999755859375,1.0,0.004209529823416602,0.0,0.004209529823416602,0.0
2021-05-25,GC=F,1898.0999755859375,1.0,0.007163323875032379,0.0,0.007163323875032379,0.0
2021-05-26,GC=F,1901.300048828125,1.0,0.0016859350315305832,0.0,0.0016859350315305832,0.0
2021-05-27,GC=F,1895.699951171875,1.0,-0.0029454044666445967,0.0,-0.0029454044666445967,0.0
2021-05-28,GC=F,1902.5,1.0,0.0035870913136444305,0.0,0.0035870913136444305,0.0
2021-06-01,GC=F,1902.9000244140625,1.0,0.00021026250410649538,0.0,0.00021026250410649538,0.0
2021-06-02,GC=F,1907.5,1.0,0.0024173501113669005,0.0,0.0024173501113669005,0.0
2021-06-03,GC=F,1871.199951171875,1.0,-0.019030169765727356,0.0,-0.019030169765727356,0.0
2021-06-04,GC=F,1889.800048828125,0.9870348304204479,0.009811321459495998,2.5930339159104146e-06,0.009808728425580088,0.012965169579552072
2021-06-07,GC=F,1896.800048828125,1.0,0.0037040955757943195,2.5930339159104146e-06,0.003701502541878409,0.012965169579552072
2021-06-08,GC=F,1892.199951171875,1.0,-0.002425188495272401,0.0,-0.002425188495272401,0.0
2021-06-09,GC=F,1893.199951171875,1.0,0.0005284853745930462,0.0,0.0005284853745930462,0.0
2021-06-10,GC=F,1894.199951171875,1.0,0.0005282062253282316,0.0,0.0005282062253282316,0.0
2021-06-11,GC=F,1877.4000244140625,1.0,-0.00886914116295856,0.0,-0.00886914116295856,0.0
2021-06-14,GC=F,1864.0,1.0,-0.007137543538833557,0.0,-0.007137543538833557,0.0
2021-06-15,GC=F,1854.5,1.0,-0.005096566523605128,0.0,-0.005096566523605128,0.0
2021-06-16,GC=F,1859.5,1.0,0.0026961445133459883,0.0,0.0026961445133459883,0.0
2021-06-17,GC=F,1773.800048828125,1.0,-0.04608763171383434,0.0,-0.04608763171383434,0.0
2021-06-18,GC=F,1767.9000244140625,0.6493725176160148,-0.0021599467822130485,7.012549647679705e-05,-0.0022300722786898456,0.3506274823839852
2021-06-21,GC=F,1781.800048828125,0.6506048937369739,0.005115348029846779,2.4647522419183333e-07,0.005115101554622587,0.0012323761209591666
2021-06-22,GC=F,1776.300048828125,0.6373655423193302,-0.0019673983537389136,2.6478702835287527e-06,-0.001970046224022442,0.013239351417643763
2021-06-23,GC=F,1782.300048828125,0.6428288197376252,0.0021713521434457007,1.0926554836589998e-06,0.0021702594879620418,0.005463277418294998
2021-06-24,GC=F,1775.5999755859375,0.6502123968463689,-0.0024442970108839745,1.4767154217487423e-06,-0.002445773726305723,0.007383577108743711
2021-06-25,GC=F,1776.5999755859375,0.6530770336036857,0.0003678063992922888,5.729273514633704e-07,0.0003672334719408254,0.002864636757316852
2021-06-28,GC=F,1779.5999755859375,0.6513168129658155,0.0010998257715572096,3.5204412757405827e-07,0.0010994737274296355,0.0017602206378702911
2021-06-29,GC=F,1762.800048828125,0.6540210803382857,-0.006174143851699586,5.408534744940407e-07,-0.00617468470517408,0.0027042673724702038
2021-06-30,GC=F,1770.800048828125,0.651417708330191,0.0029562863185225515,5.206744016189369e-07,0.0029557656441209323,0.0026033720080946843
2021-07-01,GC=F,1775.9000244140625,0.6477692748418665,0.0018656016466681773,7.296866976648886e-07,0.0018648719599705123,0.003648433488324443
2021-07-02,GC=F,1782.5999755859375,0.6753985431443134,0.002548081084753288,5.5258536604893664e-06,0.0025425552310927987,0.02762926830244683
2021-07-06,GC=F,1793.5,0.6918714794803286,0.004230571143843019,3.294587267203042e-06,0.004227276556575816,0.01647293633601521
2021-07-07,GC=F,1801.5,0.6865520378426088,0.0030624010609093364,1.0638883275439603e-06,0.0030613371725817925,0.005319441637719802
2021-07-08,GC=F,1799.5999755859375,0.6796776705774282,-0.000716849385395639,1.3748734530361074e-06,-0.0007182242588486751,0.0068743672651805365
2021-07-09,GC=F,1810.0,0.6806217895485721,0.0039333648166689165,1.8882379422877628e-07,0.0039331759928746875,0.0009441189711438813
2021-07-12,GC=F,1805.5,0.6728039604345065,-0.0016727170287045663,1.5635658228131178e-06,-0.0016742805945273794,0.007817829114065589
2021-07-13,GC=F,1809.4000244140625,0.6790665488431015,0.0014668380610697253,1.2525176817189899e-06,0.0014655855433880062,0.006262588408594949
2021-07-14,GC=F,1824.300048828125,0.6812014379613579,0.005609548977322263,4.2697782365128667e-07,0.005609121999498611,0.0021348891182564333
2021-07-15,GC=F,1828.4000244140625,0.6716070612006165,0.0015093857811572986,1.918875352148275e-06,0.0015074669058051503,0.009594376760741374
2021-07-16,GC=F,1814.5,-0.6719925976663877,0.005108681573456823,0.0002687199317734009,0.004839961641683422,1.3435996588670043
2021-07-19,GC=F,1808.699951171875,1.0,-0.003196499767497918,0.0003343985195332776,-0.0035308982870311954,1.6719925976663879
2021-07-20,GC=F,1810.9000244140625,1.0,0.001216383757163264,0.0,0.001216383757163264,0.0
2021-07-21,GC=F,1802.9000244140625,1.0,-0.004417692800345763,0.0,-0.004417692800345763,0.0
2021-07-22,GC=F,1805.0,1.0,0.0011647765031341795,0.0,0.0011647765031341795,0.0
2021-07-23,GC=F,1801.4000244140625,1.0,-0.0019944463079986097,0.0,-0.0019944463079986097,0.0
2021-07-26,GC=F,1798.699951171875,1.0,-0.0014988748782024386,0.0,-0.0014988748782024386,0.0
2021-07-27,GC=F,1799.5,1.0,0.0004447928225070896,0.0,0.0004447928225070896,0.0
2021-07-28,GC=F,1799.5,1.0,0.0,0.0,0.0,0.0
2021-07-29,GC=F,1831.199951171875,1.0,0.01761597731140596,0.0,0.01761597731140596,0.0
2021-07-30,GC=F,1812.5999755859375,1.0,-0.010157260857305284,0.0,-0.010157260857305284,0.0
2021-08-02,GC=F,1818.0999755859375,1.0,0.00303431538898824,0.0,0.00303431538898824,0.0
2021-08-03,GC=F,1810.0999755859375,1.0,-0.00440019806799774,0.0,-0.00440019806799774,0.0
2021-08-04,GC=F,1810.5,1.0,0.0002209957568410914,0.0,0.0002209957568410914,0.0
2021-08-05,GC=F,1805.0999755859375,1.0,-0.0029826149760080467,0.0,-0.0029826149760080467,0.0
2021-08-06,GC=F,1760.0,1.0,-0.024984752199831983,0.0,-0.024984752199831983,0.0
2021-08-09,GC=F,1723.4000244140625,0.9685611396226711,-0.020141655717998596,6.287772075465781e-06,-0.020147943490074063,0.0314388603773289
2021-08-10,GC=F,1728.800048828125,0.8511254294182763,0.002666878283148908,2.348714204087896e-05,0.002643391141108029,0.1174357102043948
2021-08-11,GC=F,1750.4000244140625,-0.8485605547811595,-0.010602086273011778,0.00033993719683988717,-0.010942023469851665,1.6996859841994358
2021-08-12,GC=F,1749.0,-0.8214645495251156,0.000657032911666589,5.419201051208789e-06,0.0006516137106153802,0.027096005256043942
2021-08-13,GC=F,1775.199951171875,-0.8256688957168724,-0.01236848756541905,8.408692383513606e-07,-0.012369328434657401,0.004204346191756803
2021-08-16,GC=F,1786.9000244140625,-0.7723699899240585,-0.005090573287934992,1.0659781158562788e-05,-0.005101233069093555,0.05329890579281393
2021-08-17,GC=F,1785.0,-0.7626954184002465,0.000810979850945648,1.934914304762403e-06,0.0008090449366408856,0.009674571523812014
2021-08-18,GC=F,1781.5999755859375,-0.7633070657669649,0.001453928660523334,1.2232947334369638e-07,0.0014538063310499901,0.0006116473667184819
2021-08-19,GC=F,1780.199951171875,-0.7658161935366619,0.0006017969141940125,5.018255539393834e-07,0.0006012950886400731,0.002509127769696917
2021-08-20,GC=F,1781.0,-0.7664173948761925,-0.00034443958849779963,1.202402679061354e-07,-0.0003445598287657058,0.000601201339530677
2021-08-23,GC=F,1803.199951171875,-0.76660130169823,-0.009555593186971629,3.678136440750102e-08,-0.009555629968336036,0.00018390682203750508
2021-08-24,GC=F,1805.5999755859375,-0.7372525440960283,-0.0009812689402583174,5.8697515204403585e-06,-0.0009871386917787578,0.02934875760220179
2021-08-25,GC=F,1788.199951171875,-0.7370388564923793,0.007102621992957436,4.273752072978532e-08,0.007102579255436706,0.00021368760364892658
2021-08-26,GC=F,1792.199951171875,-0.7213510973565348,-0.0016135803982856003,3.1375518271689052e-06,-0.0016167179501127692,0.015687759135844526
2021-08-27,GC=F,1816.5999755859375,-0.781512516880474,-0.010639953694514055,1.2032283904787833e-05,-0.010651985978418842,0.060161419523939164
2021-08-30,GC=F,1809.0,-0.760882996860895,0.00318325018034447,4.1259040039157925e-06,0.0031791242763405544,0.020629520019578962
2021-08-31,GC=F,1815.0,-0.7593462206332356,-0.002518561262465115,3.0735524553187065e-07,-0.002518868617710647,0.0015367762276593533
2021-09-01,GC=F,1813.0999755859375,-0.7609287216084103,0.0007965747374200617,3.1650019503493e-07,0.0007962582372250268,0.00158250097517465
2021-09-02,GC=F,1808.699951171875,-0.760652215141857,0.001845948023993176,5.530129331066114e-08,0.0018458927226998652,0.0002765064665533057
2021-09-03,GC=F,1830.9000244140625,-0.7612608264311737,-0.009343753281040566,1.2172225786333258e-07,-0.009343875003298429,0.0006086112893166629
2021-09-07,GC=F,1795.9000244140625,-0.897765250856187,0.017161933126317128,2.7300884885002664e-05,0.017134632241432125,0.13650442442501332
2021-09-08,GC=F,1790.699951171875,-0.9221213046940983,0.002670025200403483,4.871210767582257e-06,0.0026651539896359005,0.024356053837911285
2021-09-09,GC=F,1797.4000244140625,-0.9146581723735472,-0.0034222800656568226,1.492626464110214e-06,-0.003423772692120933,0.007463132320551069
2021-09-10,GC=F,1789.5999755859375,-0.9555890490726007,0.004146901714223424,8.186175339810697e-06,0.004138715538883613,0.04093087669905349
2021-09-13,GC=F,1792.0,-0.945381267025546,-0.0012678465312985462,2.0415564094109273e-06,-0.001269888087707957,0.010207782047054637
2021-09-14,GC=F,1804.699951171875,-1.0,-0.007087026323590928,1.0923746594890793e-05,-0.0070979500701858185,0.054618732974453965
2021-09-15,GC=F,1792.4000244140625,-1.0,0.006815496808666444,0.0,0.006815496808666444,0.0
2021-09-16,GC=F,1754.5999755859375,-1.0,0.021089069578919428,0.0,0.021089069578919428,0.0
2021-09-17,GC=F,1749.4000244140625,-0.8540827277540121,0.002531168666852195,2.9183454449197588e-05,0.002501985212402997,0.14591727224598794
2021-09-20,GC=F,1761.800048828125,-0.8527841165753858,-0.006044668868117451,2.597222357252571e-07,-0.006044928590353176,0.0012986111786262855
2021-09-21,GC=F,1776.0,-0.8372400377782697,-0.006748079989836516,3.1088157594232114e-06,-0.00675118880559594,0.015544078797116057
2021-09-22,GC=F,1776.699951171875,-0.8629759472855034,-0.00034011319009148906,5.14718190144674e-06,-0.0003452603719929358,0.0257359095072337
2021-09-23,GC=F,1747.699951171875,-0.8638238829646014,0.014099675406334288,1.695871358196044e-07,0.014099505819198468,0.0008479356790980219
2021-09-24,GC=F,1749.699951171875,-0.8217013704124252,-0.0009403231600041279,8.42450251043525e-06,-0.0009487476625145631,0.04212251255217625
2021-09-27,GC=F,1750.0,-0.8232012215652224,-0.00014116738225673835,2.9997023055943206e-07,-0.00014146735248729778,0.0014998511527971603
2021-09-28,GC=F,1735.800048828125,-0.884442599832464,0.007176595275398355,1.2248275653448327e-05,0.007164346999744907,0.06124137826724163
2021-09-29,GC=F,1721.5,-0.8745653151533962,0.0072049351067373325,1.975456935813558e-06,0.007202959649801519,0.009877284679067788
2021-09-30,GC=F,1755.300048828125,-0.873577302149635,-0.01715187654243351,1.9760260075223358e-07,-0.017152074145034262,0.0009880130037611679
2021-10-01,GC=F,1757.0,-0.7619974259799606,-0.000737969795035948,2.2315975233934894e-05,-0.0007602857702698829,0.11157987616967446
2021-10-04,GC=F,1766.199951171875,-0.7610066554743127,-0.00398476042790865,1.9815410112957734e-07,-0.003984958582009779,0.0009907705056478866
2021-10-05,GC=F,1759.5999755859375,-0.7906953475092412,0.0029546881065265576,5.937738406985705e-06,0.0029487503681195717,0.02968869203492852
2021-10-06,GC=F,1760.5,-0.8675193997408179,-0.0004437307628283316,1.5364810446315348e-05,-0.00045909557327464696,0.07682405223157673
2021-10-07,GC=F,1757.9000244140625,-0.8680936711620659,0.00128203484880903,1.1485428424959921e-07,0.0012819199945247805,0.000574271421247996
2021-10-08,GC=F,1756.300048828125,-0.8743588184394941,0.0007958090582077224,1.2530294554856437e-06,0.0007945560287522367,0.006265147277428218
2021-10-11,GC=F,1754.5999755859375,-0.8776623236207798,0.0008495645337249933,6.607010362571276e-07,0.0008489038326887361,0.0033035051812856375
2021-10-12,GC=F,1758.300048828125,-0.8792316260289735,-0.0018541100298764407,3.138604816387503e-07,-0.0018544238903580794,0.0015693024081937512
2021-10-13,GC=F,1793.699951171875,-0.8967331194534005,-0.018053952098911513,3.5002986848853947e-06,-0.0180574523975964,0.017501493424426973
2021-10-14,GC=F,1796.699951171875,-0.7941677774117303,-0.0013282619150871563,2.0513068408334046e-05,-0.0013487749834954904,0.10256534204167023
2021-10-15,GC=F,1767.199951171875,-0.9233519373459466,0.015160506980555731,2.5836831986843258e-05,0.015134670148568887,0.12918415993421628
2021-10-18,GC=F,1764.800048828125,-0.8386176755358116,0.0011388640678118445,1.6946852362027e-05,0.0011219172154498175,0.08473426181013499
2021-10-19,GC=F,1769.699951171875,-0.8498648644596575,-0.002359618498425192,2.2494377847691816e-06,-0.0023618679362099613,0.011247188923845908
2021-10-20,GC=F,1784.0999755859375,-0.8656932632186338,-0.0070441342992538635,3.1656797517952694e-06,-0.007047299979005659,0.015828398758976348
2021-10-21,GC=F,1781.199951171875,-0.8477547319247147,0.0013780110158407419,3.5877062587838185e-06,0.001374423309581958,0.01793853129391909
2021-10-22,GC=F,1795.5,-0.9346192475018525,-0.007503425354457831,1.7372903115427564e-05,-0.007520798257573259,0.08686451557713781
2021-10-25,GC=F,1806.0,-0.918186436827782,-0.005369511326478206,3.2865621348141084e-06,-0.00537279788861302,0.01643281067407054
2021-10-26,GC=F,1792.699951171875,-0.9123172819082651,0.006718640307930314,1.173830983903379e-06,0.00671746647694641,0.005869154919516895
2021-10-27,GC=F,1797.9000244140625,-0.9170211886489247,-0.0026599974761503933,9.407813481319139e-07,-0.0026609382574985254,0.004703906740659569
2021-10-28,GC=F,1801.5999755859375,-0.9536410354226224,-0.001962525846068732,7.323969354739535e-06,-0.0019698498154234714,0.03661984677369767
2021-10-29,GC=F,1783.0,-1.0,0.01032414289408956,9.27179291547553e-06,0.010314871101174084,0.04635896457737765
2021-11-01,GC=F,1795.0999755859375,-1.0,-0.0067863015064146825,0.0,-0.0067863015064146825,0.0
2021-11-02,GC=F,1788.699951171875,-1.0,0.0035652746371263033,0.0,0.0035652746371263033,0.0
2021-11-03,GC=F,1763.5999755859375,-1.0,0.014032524331145213,0.0,0.014032524331145213,0.0
2021-11-04,GC=F,1793.0,-0.9405020623617446,-0.015678602845140534,1.189958752765108e-05,-0.015690502432668185,0.059497937638255394
2021-11-05,GC=F,1816.4000244140625,-0.8595315029229306,-0.01121754498218207,1.619411188776281e-05,-0.011233739094069833,0.08097055943881404
2021-11-08,GC=F,1827.4000244140625,0.825283059987749,0.004997860348957828,0.00033696291258213595,0.0046608974363756914,1.6848145629106797
2021-11-09,GC=F,1830.199951171875,0.8230716953973269,0.0012611034435550045,4.4227291808440763e-07,0.0012606611706369201,0.002211364590422038
2021-11-10,GC=F,1847.5999755859375,0.8230036361383749,0.007824436533560483,1.3611851790407137e-08,0.007824422921708693,6.805925895203568e-05
2021-11-11,GC=F,1863.199951171875,0.9002308039854702,0.007600984384852269,1.5445433569419054e-05,0.0075855389512828495,0.07722716784709527
2021-11-12,GC=F,1867.9000244140625,0.8860010156206835,0.002235009540146483,2.8459576729573443e-06,0.0022321635824735257,0.014229788364786722
2021-11-15,GC=F,1866.0999755859375,1.0,-0.0009636751456704173,2.279979687586331e-05,-0.0009864749425462806,0.11399898437931655
2021-11-16,GC=F,1853.5999755859375,1.0,-0.006698462120752757,0.0,-0.006698462120752757,0.0
2021-11-17,GC=F,1869.699951171875,0.9810450955638398,0.008521149274556182,3.790980887232043e-06,0.00851735829366895,0.018954904436160214
2021-11-18,GC=F,1861.0,0.9783137250661893,-0.004552217928612747,5.462740995300975e-07,-0.0045527642027122775,0.002731370497650487
2021-11-19,GC=F,1851.199951171875,0.9650939324915798,-0.0050821964869127365,2.643958514921896e-06,-0.0050848404454276585,0.013219792574609479
2021-11-22,GC=F,1806.0,0.9597958910303785,-0.02343492251178841,1.059608292240255e-06,-0.02343598212008065,0.005298041461201275
2021-11-23,GC=F,1783.5,0.785725701602274,-0.009788941465144651,3.481403788562092e-05,-0.009823755503030272,0.1740701894281046
2021-11-24,GC=F,1784.0999755859375,0.765295855928188,0.00025744818030620597,4.0859691348171805e-06,0.0002533622111713888,0.0204298456740859
2021-11-26,GC=F,1785.300048828125,0.7672046382993238,0.0005160595091666635,3.817564742271573e-07,0.0005156777526924363,0.0019087823711357865
2021-11-29,GC=F,1782.300048828125,0.7681568518342851,-0.0012908029420687656,1.904427069922443e-07,-0.001290993384775758,0.0009522135349612215
2021-11-30,GC=F,1773.5999755859375,0.7888939128746395,-0.003850886289790586,4.147412208070889e-06,-0.003855033701998657,0.020737061040354443
2021-12-01,GC=F,1781.5999755859375,0.7950693079429958,0.0035862395980483614,1.2350790136712586e-06,0.0035850045190346904,0.006175395068356293
2021-12-02,GC=F,1760.699951171875,0.7921459506400159,-0.009292697538588662,5.846714605959758e-07,-0.009293282210049257,0.0029233573029798787
2021-12-03,GC=F,1782.0,0.8052636290180135,0.009741668139526406,2.62353567559952e-06,0.009739044603850807,0.0131176783779976
2021-12-06,GC=F,1777.5,0.8374698391196723,-0.002114822826059746,6.4412420203317614e-06,-0.0021212640680800775,0.032206210101658805
2021-12-07,GC=F,1782.5999755859375,0.889293594601623,0.0025515474662159356,1.0364751096390146e-05,0.0025411827151195455,0.05182375548195073
2021-12-08,GC=F,1783.4000244140625,0.9004582882377288,0.00040413475156881175,2.2329387272211453e-06,0.0004019018128415906,0.011164693636105727
2021-12-09,GC=F,1774.5999755859375,0.9020004267317037,-0.004450851009064287,3.0842769879497746e-07,-0.004451159436763082,0.0015421384939748872
2021-12-10,GC=F,1782.9000244140625,0.9405662248654514,0.004399157951014174,7.713159626749545e-06,0.004391444791387425,0.03856579813374772
2021-12-13,GC=F,1786.300048828125,0.9651791402718183,0.0018406150630607418,4.92258308127338e-06,0.0018356924799794684,0.024612915406366898
2021-12-14,GC=F,1770.4000244140625,0.9673168937696183,-0.008610178473186618,4.275506995599976e-07,-0.008610606023886178,0.002137753497799988
2021-12-15,GC=F,1762.5999755859375,0.9517718635280012,-0.004193327443728942,3.109006048323404e-06,-0.004196436449777265,0.01554503024161702
2021-12-16,GC=F,1796.5999755859375,0.9570252673603243,0.01846071686199483,1.050680766464618e-06,0.01845966618122837,0.005253403832323089
2021-12-17,GC=F,1803.800048828125,-0.8474150630320239,-0.003396109653387637,0.00036088806607846965,-0.0037569977194661067,1.8044403303923482
2021-12-20,GC=F,1793.699951171875,-0.8409732962858337,0.004708899095719425,1.288353349238025e-06,0.004707610742370187,0.006441766746190125
2021-12-21,GC=F,1787.9000244140625,-0.8402966753232058,0.002717098346645937,1.353241925255766e-07,0.0027169630224534113,0.000676620962627883
2021-12-22,GC=F,1801.5999755859375,-1.0,-0.007662593536998719,3.194066493535883e-05,-0.007694534201934077,0.15970332467679416
2021-12-23,GC=F,1811.199951171875,-1.0,-0.005328583323728875,0.0,-0.005328583323728875,0.0
2021-12-27,GC=F,1808.0999755859375,-1.0,0.0017115590048087936,0.0,0.0017115590048087936,0.0
2021-12-28,GC=F,1810.199951171875,-1.0,-0.0011614266989063982,0.0,-0.0011614266989063982,0.0
2021-12-29,GC=F,1805.0999755859375,-1.0,0.0028173548356554834,0.0,0.0028173548356554834,0.0
2021-12-30,GC=F,1812.699951171875,-1.0,-0.004210279590453503,0.0,-0.004210279590453503,0.0
2021-12-31,GC=F,1827.5,1.0,0.008164643474810607,0.0004,0.0077646434748106065,2.0
2022-01-03,GC=F,1799.4000244140625,1.0,-0.015376183631156004,0.0,-0.015376183631156004,0.0
2022-01-04,GC=F,1814.0,1.0,0.008113802038371976,0.0,0.008113802038371976,0.0
2022-01-05,GC=F,1824.5999755859375,1.0,0.0058434264531077584,0.0,0.0058434264531077584,0.0
2022-01-06,GC=F,1788.699951171875,1.0,-0.01967555896877282,0.0,-0.01967555896877282,0.0
2022-01-07,GC=F,1797.0,0.8772627870595576,0.004070735263855132,2.4547442588088477e-05,0.004046187821267044,0.12273721294044238
2022-01-10,GC=F,1798.4000244140625,0.8805161954905337,0.000686001207937799,6.506816861952203e-07,0.0006853505262516038,0.0032534084309761013
2022-01-11,GC=F,1818.5999755859375,0.8855921464119184,0.009947129600126127,1.0151901842769374e-06,0.00994611440994185,0.0050759509213846865
2022-01-12,GC=F,1827.199951171875,0.8541050951837087,0.004038976721111122,6.297410245641944e-06,0.00403267931086548,0.03148705122820972
2022-01-13,GC=F,1821.199951171875,0.8802441054892838,-0.0028904688999955683,5.227802061115017e-06,-0.0028956967020566833,0.026139010305575083
2022-01-14,GC=F,1816.5,0.8839436644958397,-0.00228118392993887,7.399118013111883e-07,-0.002281923841740181,0.0036995590065559414
2022-01-18,GC=F,1812.300048828125,0.9984100245692316,-0.002308435646959134,2.289327201467837e-05,-0.0023313289189738125,0.11446636007339184
2022-01-19,GC=F,1843.0999755859375,1.0,0.01699493788444606,3.1799508615368844e-07,0.016994619889359908,0.0015899754307684422
2022-01-20,GC=F,1842.5,0.9163121854030201,-0.0002982827560203858,1.6737562919395988e-05,-0.0003150203189397818,0.08368781459697994
2022-01-21,GC=F,1831.800048828125,0.9227328700451444,-0.005358587057892569,1.2841369284248616e-06,-0.005359871194820994,0.006420684642124308
2022-01-24,GC=F,1841.699951171875,0.9202017213529792,0.004973199549685136,5.062297384330395e-07,0.004972693319946703,0.002531148692165197
2022-01-25,GC=F,1852.699951171875,0.9199690305511371,0.005494738341945071,4.653816036841452e-08,0.005494691803784702,0.00023269080184207258
2022-01-26,GC=F,1829.9000244140625,0.9144215615857451,-0.011253168445722848,1.1094937930784087e-06,-0.011254277939515927,0.005547468965392044
2022-01-27,GC=F,1793.300048828125,0.8610223126832196,-0.017221375595775502,1.0679849780505092e-05,-0.01723205544555601,0.053399248902525454
2022-01-28,GC=F,1784.9000244140625,0.7677582687328842,-0.0035962683465430084,1.865280879006708e-05,-0.0036149211553330755,0.09326404395033538
2022-01-31,GC=F,1795.0,0.768692012937988,0.004349694917129875,1.867488410207452e-07,0.004349508168288854,0.0009337442051037259
2022-02-01,GC=F,1800.300048828125,0.7764760475318461,0.002292680203781764,1.556806918771625e-06,0.0022911233968629925,0.007784034593858125
2022-02-02,GC=F,1809.199951171875,0.8242523330165948,0.0040747459153994475,9.555257096949755e-06,0.004065190658302497,0.04777628548474877
2022-02-03,GC=F,1803.0,0.8346044039806594,-0.002860107612295824,2.0704141928129085e-06,-0.0028621780264886367,0.010352070964064541
2022-02-04,GC=F,1806.5999755859375,0.8419206312482429,0.001681028129667584,1.463245453516704e-06,0.0016795648842140673,0.007316227267583519
2022-02-07,GC=F,1820.5999755859375,0.9640287767299707,0.007470609463416135,2.4421629096345555e-05,0.007446187834319789,0.12210814548172777
2022-02-08,GC=F,1826.5999755859375,0.9506904041279576,0.0031331113376138445,2.6676745204026187e-06,0.003130443663093442,0.013338372602013093
2022-02-09,GC=F,1835.199951171875,0.9482587291162474,0.004464580109794371,4.86335002342031e-07,0.004464093774792029,0.002431675011710155
2022-02-10,GC=F,1836.199951171875,0.9860486967817194,0.0005372976912691103,7.557993533094387e-06,0.0005297396977360159,0.037789967665471935
2022-02-11,GC=F,1840.800048828125,0.9940694729493337,0.002490369662489969,1.6041552335228639e-06,0.002488765507256446,0.008020776167614319
2022-02-14,GC=F,1868.0,0.9981177592352369,0.014748345064561918,8.096572571806516e-07,0.014747535407304738,0.0040482862859032576
2022-02-15,GC=F,1854.800048828125,0.9290074309194145,-0.006564696320366819,1.3822065663164485e-05,-0.006578518386029983,0.06911032831582242
2022-02-16,GC=F,1870.199951171875,0.9096119511831652,0.007552261618592773,3.879095947249867e-06,0.0075483825226455225,0.019395479736249333
2022-02-17,GC=F,1900.699951171875,0.9848182779806018,0.016060826789984117,1.5041265359487332e-05,0.01604578552462463,0.07520632679743666
2022-02-18,GC=F,1898.5999755859375,0.9018614227936267,-0.0009964155408104813,1.659137103739503e-05,-0.0010130069118478764,0.08295685518697515
2022-02-22,GC=F,1906.0999755859375,0.9178667676382216,0.003625830004112548,3.2010689689189852e-06,0.003622628935143629,0.016005344844594926
2022-02-23,GC=F,1909.199951171875,0.9207208929549695,0.0014974095410424547,5.708250633495782e-07,0.0014968387159791051,0.002854125316747891
2022-02-24,GC=F,1925.0999755859375,0.9271835023111796,0.00772168484187054,1.292521871242025e-06,0.007720392319999297,0.006462609356210125
2022-02-25,GC=F,1886.5,0.9914600162710915,-0.019879659710062128,1.2855302791982371e-05,-0.01989251501285411,0.06427651395991185
2022-02-28,GC=F,1899.4000244140625,0.990501646348082,0.006773122406604381,1.9167398460189224e-07,0.006772930732619779,0.0009583699230094611
2022-03-01,GC=F,1942.4000244140625,1.0,0.022638727728386154,1.899670730383596e-06,0.02263682805765577,0.009498353651917979
2022-03-02,GC=F,1920.9000244140625,0.8777665820416541,-0.009715805846732498,2.4446683591669174e-05,-0.009740252530324166,0.12223341795834586
2022-03-03,GC=F,1934.4000244140625,0.8201130830256644,0.0057637182987821944,1.1530699803197942e-05,0.005752187598978996,0.057653499015989706
2022-03-04,GC=F,1965.0999755859375,0.8174661055789589,0.012973619318237317,5.293954893411002e-07,0.012973089922747975,0.0026469774467055007
2022-03-07,GC=F,1993.9000244140625,0.796654601116346,0.011675584802986944,4.162300892522586e-06,0.01167142250209442,0.02081150446261293
2022-03-08,GC=F,2040.0999755859375,0.7769628452865026,0.018002730866682238,3.938351165968679e-06,0.017998792515516268,0.019691755829843394
2022-03-09,GC=F,1985.9000244140625,0.7200704434023533,-0.01913032858181803,1.1378480376829869e-05,-0.01914170706219486,0.056892401884149346
2022-03-10,GC=F,1998.0999755859375,0.597734297045242,0.0036720525444670867,2.4467229271422266e-05,0.0036475853151956643,0.12233614635711132
2022-03-11,GC=F,1982.699951171875,0.5974341257888601,-0.0046046245109655085,6.003425127636409e-08,-0.004604684545216784,0.0003001712563818204
2022-03-14,GC=F,1959.5999755859375,0.5858959485833498,-0.006826137308459443,2.3076354411020627e-06,-0.006828444943900545,0.011538177205510314
2022-03-15,GC=F,1928.5,0.5665956710907774,-0.008992198284117736,3.860055498514492e-06,-0.008996058339616251,0.01930027749257246
2022-03-16,GC=F,1908.0,0.552496807577065,-0.005873053956613883,2.8197727027424735e-06,-0.0058758737293166255,0.014098863513712367
2022-03-17,GC=F,1942.0999755859375,0.5470830428704593,0.00977752536968708,1.0827529413211412e-06,0.009776442616745758,0.005413764706605706
2022-03-18,GC=F,1928.199951171875,0.5321712186085618,-0.0038088630987643517,2.9823648523795046e-06,-0.0038118454636167313,0.014911824261897522
2022-03-21,GC=F,1928.5999755859375,0.5422713805005094,0.00011249963527675097,2.0200323783895247e-06,0.00011047960289836144,0.010100161891947623
2022-03-22,GC=F,1920.699951171875,0.5425090568451686,-0.0022222518138447977,4.7535268931842016e-08,-0.0022222993491137297,0.00023767634465921006
2022-03-23,GC=F,1936.5999755859375,0.5416643644071212,0.004484030216716622,1.689384876094824e-07,0.004483861278229012,0.0008446924380474119
2022-03-24,GC=F,1961.5999755859375,0.5377237819811406,0.006941595951152076,7.88116485196122e-07,0.00694080783466688,0.00394058242598061
2022-03-25,GC=F,1953.800048828125,0.5317829004489795,-0.0021145328946693674,1.1881763064322205e-06,-0.0021157210709757996,0.005940881532161102
2022-03-28,GC=F,1939.5999755859375,0.5627552614726159,-0.004090063328195027,6.194472204727286e-06,-0.004096257800399754,0.03097236102363643
2022-03-29,GC=F,1912.0,0.5590382364585202,-0.007954960750708204,7.434050028191308e-07,-0.007955704155711023,0.003717025014095654
2022-03-30,GC=F,1933.5,0.5829633009939068,0.006555288164942003,4.785012907077313e-06,0.0065505031520349255,0.023925064535386564
2022-03-31,GC=F,1949.199951171875,0.5820583177278214,0.0047262928200209366,1.8099665321709148e-07,0.004726111823367719,0.0009049832660854573
2022-04-01,GC=F,1919.0999755859375,0.5807184981474984,-0.008967583138935111,2.6796391606458413e-07,-0.008967851102851176,0.0013398195803229207
2022-04-04,GC=F,1929.199951171875,0.5835890659071963,0.0030713539642889735,5.741135519395702e-07,0.003070779850737034,0.0028705677596978507
2022-04-05,GC=F,1922.9000244140625,0.6029616242372382,-0.001969010038673694,3.8745116660083845e-06,-0.001972884550339702,0.019372558330041922
2022-04-06,GC=F,1918.4000244140625,0.6762100104186555,-0.0015824769921728987,1.4649677236283454e-05,-0.001597126669409182,0.07324838618141727
2022-04-07,GC=F,1933.800048828125,0.773583176086554,0.006209966454561275,1.9474633133579713e-05,0.006190491821427695,0.09737316566789855
2022-04-08,GC=F,1941.5999755859375,0.7670137055631172,0.0030937276732701637,1.3138941046873632e-06,0.0030924137791654765,0.006569470523436816
2022-04-11,GC=F,1944.300048828125,0.7695520316122527,0.0010701724738126734,5.076652098271018e-07,0.0010696648086028463,0.0025383260491355086
2022-04-12,GC=F,1972.0999755859375,0.7938365266817885,0.011350407213501498,4.856899013907157e-06,0.01134555031448759,0.024284495069535783
2022-04-13,GC=F,1981.0,0.8100889985806184,0.0036559058638946235,3.2504943797659894e-06,0.0036526553695148574,0.016252471898829945
2022-04-14,GC=F,1970.9000244140625,0.8445671697785446,-0.0043059605226893885,6.895634239585236e-06,-0.004312856156928974,0.03447817119792618
2022-04-18,GC=F,1982.9000244140625,0.9131500791925535,0.005559795430804955,1.3716581882801783e-05,0.005546078848922153,0.06858290941400891
2022-04-19,GC=F,1955.699951171875,0.9279396896521495,-0.012728845232794562,2.957922091919185e-06,-0.012731803154886482,0.014789610459595925
2022-04-20,GC=F,1952.300048828125,0.8599043515783203,-0.001494907651135382,1.3607067614765822e-05,-0.0015085147187501478,0.06803533807382911
2022-04-21,GC=F,1944.9000244140625,0.864816694676775,-0.003278012853679164,9.82468619690935e-07,-0.003278995322298855,0.0049123430984546745
2022-04-22,GC=F,1931.0,0.8766042131234537,-0.00626501095734054,2.3575036893357385e-06,-0.0062673684610298755,0.01178751844667869
2022-04-25,GC=F,1893.199951171875,0.9161455196307552,-0.017933891960492193,7.908261301460295e-06,-0.017941800221793654,0.03954130650730148
2022-04-26,GC=F,1901.4000244140625,0.8215144848241348,0.0035582501155813264,1.8926206961324077e-05,0.003539323908620002,0.09463103480662038
2022-04-27,GC=F,1885.9000244140625,0.822792564043967,-0.00670731281104912,2.5561584396642803e-07,-0.0067075684268930865,0.00127807921983214
2022-04-28,GC=F,1888.699951171875,0.8554164668683811,0.0012700055271499923,6.524780564882838e-06,0.0012634807465851095,0.032623902824414186
2022-04-29,GC=F,1909.300048828125,0.8970621445216801,0.00978427927072572,8.329135530659792e-06,0.00977595013519506,0.04164567765329896
2022-05-02,GC=F,1861.800048828125,0.8789979424828037,-0.021867910333716087,3.6128404077752754e-06,-0.02187152317412386,0.018064202038876376
2022-05-03,GC=F,1868.800048828125,0.7888889081559046,0.0029660662865313315,1.802180686537982e-05,0.002948044479665952,0.0901090343268991
2022-05-04,GC=F,1867.0,0.7928031813156987,-0.0007636367723534353,7.828546319588181e-07,-0.0007644196269853941,0.0039142731597940905
2022-05-05,GC=F,1874.0,0.7934348826745273,0.002974849586889029,1.2634027176572362e-07,0.0029747232466172634,0.000631701358828618
2022-05-06,GC=F,1881.199951171875,0.788215387501647,0.0030283416771251484,1.043899034576068e-06,0.0030272977780905724,0.00521949517288034
2022-05-09,GC=F,1857.0999755859375,0.8013852551700065,-0.01026651370711359,2.6339735336718963e-06,-0.010269147680647262,0.01316986766835948
2022-05-10,GC=F,1839.9000244140625,0.7821186522337347,-0.007243768674752473,3.853320587254361e-06,-0.007247621995339727,0.019266602936271804
2022-05-11,GC=F,1852.5999755859375,0.7755407439714538,0.005353187374065956,1.315581652456177e-06,0.0053518717924135,0.006577908262280885
2022-05-12,GC=F,1823.800048828125,0.8197884892046566,-0.012744169684297068,8.849549046640571e-06,-0.012753019233343708,0.04424774523320285
2022-05-13,GC=F,1807.4000244140625,0.8016751791209994,-0.007208845354610149,3.6226620167314484e-06,-0.00721246801662688,0.01811331008365724
2022-05-16,GC=F,1813.5,0.7966887902398443,0.002688824889016214,9.972777762310204e-07,0.0026878276112399834,0.004986388881155102
2022-05-17,GC=F,1818.199951171875,-0.8078134684980364,-0.0020935670570299447,0.00032090045174757614,-0.002414467508777521,1.6045022587378805
2022-05-18,GC=F,1815.9000244140625,-0.819807062946599,0.0010370125678968239,2.3987188897125256e-06,0.0010346138490071113,0.011993594448562628
2022-05-19,GC=F,1841.199951171875,-0.8193321806993666,-0.011415300337749339,9.497644944647111e-08,-0.011415395314198785,0.0004748822472323555
2022-05-20,GC=F,1841.800048828125,-0.7572381766330457,-0.0002468047290198721,1.2418800813264187e-05,-0.0002592235298331363,0.06209400406632093
2022-05-23,GC=F,1847.800048828125,-0.7598395462700694,-0.0024753160803319117,5.202739274047463e-07,-0.0024758363542593162,0.0026013696370237316
2022-05-24,GC=F,1865.0999755859375,-0.8232190358327841,-0.007707343137357525,1.2675897912542933e-05,-0.007720019035270068,0.06337948956271466
2022-05-25,GC=F,1846.199951171875,-0.804496399592705,0.008152378849584536,3.7445272480158167e-06,0.00814863432233652,0.018722636240079082
2022-05-26,GC=F,1847.4000244140625,-0.7972165167180033,-0.0005182094221895614,1.4559765749403432e-06,-0.0005196653987645017,0.007279882874701715
2022-05-27,GC=F,1851.300048828125,-0.7979970202680635,-0.0016846421025579108,1.561007100120415e-07,-0.0016847982032679228,0.0007805035500602076
2022-05-31,GC=F,1842.699951171875,-0.830322175935449,0.0038572093182383,6.465031133477095e-06,0.003850744287104823,0.032325155667385475
2022-06-01,GC=F,1843.300048828125,-1.0,-0.00032566216538310044,3.39355648129102e-05,-0.00035959773019601066,0.169677824064551
2022-06-02,GC=F,1866.5,-1.0,-0.012586095891780724,0.0,-0.012586095891780724,0.0
2022-06-03,GC=F,1845.4000244140625,-0.9566638469024125,0.01081467121006699,8.667230619517508e-06,0.010806003979447473,0.04333615309758754
2022-06-06,GC=F,1839.199951171875,-0.9195133209053395,0.0030893301513802178,7.430105199414583e-06,0.0030819000461808034,0.037150525997072914
2022-06-07,GC=F,1847.5,-0.9252296522155642,-0.004175430347160102,1.1432662620449287e-06,-0.004176573613422147,0.005716331310224643
2022-06-08,GC=F,1851.9000244140625,-0.9701722317064568,-0.002310571856754444,8.98851589817853e-06,-0.0023195603726526223,0.04494257949089264
2022-06-09,GC=F,1848.800048828125,-1.0,0.0016739432718125835,5.965553658708633e-06,0.0016679777181538749,0.029827768293543167
2022-06-10,GC=F,1871.5,-1.0,-0.012278207795517693,0.0,-0.012278207795517693,0.0
2022-06-13,GC=F,1828.0,-1.0,0.023243387656959658,0.0,0.023243387656959658,0.0
2022-06-14,GC=F,1809.5,-0.8873315938950039,0.008980106393357497,2.2533681220999216e-05,0.008957572712136498,0.11266840610499607
2022-06-15,GC=F,1815.300048828125,-0.8587559655142292,-0.0027525982489230248,5.715125676154953e-06,-0.00275831337459918,0.028575628380774765
2022-06-16,GC=F,1845.699951171875,-0.8577529466676728,-0.014364350307043807,2.0060376931128055e-07,-0.014364550910813118,0.0010030188465564027
2022-06-17,GC=F,1835.5999755859375,-0.7929871029405687,0.0043393566622667475,1.2953168745420807e-05,0.004326403493521327,0.06476584372710403
2022-06-21,GC=F,1834.5999755859375,-0.8277950099466088,0.0004509669976882433,6.961581401208017e-06,0.00044400541628703525,0.034807907006040084
2022-06-22,GC=F,1834.300048828125,-0.8278048745112494,0.0001353324078368635,1.9729129281165213e-09,0.0001353304349239354,9.864564640582607e-06
2022-06-23,GC=F,1825.699951171875,-0.8308555845864223,0.0038954581995725543,6.10142015034576e-07,0.0038948480575575197,0.00305071007517288
2022-06-24,GC=F,1826.5,-0.8529560151091452,-0.0003737779912259421,4.420086104544585e-06,-0.0003781980773304867,0.022100430522722925
2022-06-27,GC=F,1820.9000244140625,-0.8774143949581946,0.0026901172682813777,4.8916759698098834e-06,0.0026852255923115677,0.024458379849049416
2022-06-28,GC=F,1817.5,-0.8760645157058723,0.001635806854718618,2.699758504644656e-07,0.0016355368788681535,0.001349879252322328
2022-06-29,GC=F,1813.699951171875,-0.8781933085601891,0.0018361361502401208,4.257585708633549e-07,0.0018357103916692575,0.0021287928543167745
2022-06-30,GC=F,1804.0999755859375,-0.8820767684329028,0.004668862364145312,7.766919745427536e-07,0.004668085672170769,0.003883459872713768
2022-07-01,GC=F,1798.9000244140625,-0.8767696324662866,0.002527110104486717,1.06142719332325e-06,0.0025260486772933936,0.00530713596661625
2022-07-05,GC=F,1761.800048828125,-0.940314156613283,0.019392757674138734,1.2708904829399282e-05,0.019380048769309335,0.0635445241469964
2022-07-06,GC=F,1734.9000244140625,-0.8581227044446559,0.013102236950882593,1.6438290433725424e-05,0.013085798660448867,0.08219145216862711
2022-07-07,GC=F,1737.9000244140625,-0.8169134453093887,-0.0014126118516574822,8.241851827053438e-06,-0.0014208537034845357,0.041209259135267184
2022-07-08,GC=F,1740.5999755859375,-0.8250844112586737,-0.0012818272580579577,1.6341931898570029e-06,-0.0012834614512478148,0.008170965949285014
2022-07-11,GC=F,1730.0,-0.827126470178235,0.005037067972737705,4.0841178391226586e-07,0.005036659560953793,0.0020420589195613292
2022-07-12,GC=F,1723.300048828125,-0.8255585652466729,0.003197226633916657,3.135809863124228e-07,0.0031969130529303446,0.001567904931562114
2022-07-13,GC=F,1734.199951171875,-0.8963875975657872,-0.005669666917412188,1.4165806463822862e-05,-0.005683832723876011,0.0708290323191143
2022-07-14,GC=F,1704.5,-1.0,0.017126024684642305,2.0722480486842556e-05,0.017105302204155463,0.10361240243421277
2022-07-15,GC=F,1702.4000244140625,-0.9480086376627131,0.0011679642090639806,1.039827246745737e-05,0.0011575659365965232,0.05199136233728685
2022-07-18,GC=F,1709.199951171875,-0.9616975335135659,-0.003841325597555752,2.7377791701705513e-06,-0.0038440633767259226,0.013688895850852756
2022-07-19,GC=F,1710.0,-1.0,-0.00046808381171348223,7.66049329728682e-06,-0.00047574430501076903,0.038302466486434095
2022-07-20,GC=F,1699.5,-1.0,0.0061403508771930015,0.0,0.0061403508771930015,0.0
2022-07-21,GC=F,1712.699951171875,-1.0,-0.007766961560385477,0.0,-0.007766961560385477,0.0
2022-07-22,GC=F,1727.0999755859375,-1.0,-0.008407791688327837,0.0,-0.008407791688327837,0.0
2022-07-25,GC=F,1719.0,-1.0,0.004689928608903826,0.0,0.004689928608903826,0.0
2022-07-26,GC=F,1717.699951171875,-1.0,0.0007562820407940318,0.0,0.0007562820407940318,0.0
2022-07-27,GC=F,1719.0999755859375,-1.0,-0.0008150576083485461,0.0,-0.0008150576083485461,0.0
2022-07-28,GC=F,1750.300048828125,-0.9976196871144694,-0.01810587385716795,4.760625771061289e-07,-0.018106349919745055,0.0023803128855306444
2022-07-29,GC=F,1762.9000244140625,-0.8547758167635817,-0.00615331892944972,2.856877407017753e-05,-0.006181887703519897,0.14284387035088764
2022-08-01,GC=F,1769.0,-0.8389855108102339,-0.002903052392094028,3.15806119066957e-06,-0.0029062104532846978,0.01579030595334785
2022-08-02,GC=F,1771.0999755859375,-0.8349376260770774,-0.0009911524197527635,8.095769466312853e-07,-0.0009919619966993949,0.004047884733156426
2022-08-03,GC=F,1758.0,-0.9653271689769662,0.00714006127285772,2.6077908579977762e-05,0.0071139833642777425,0.1303895428998888
2022-08-04,GC=F,1788.5,-1.0,-0.017349260523321863,6.934566204606752e-06,-0.01735619508952647,0.03467283102303376
2022-08-05,GC=F,1772.9000244140625,-0.9359552760979788,0.008163757034754174,1.2808944780404242e-05,0.00815094808997377,0.0640447239020212
2022-08-08,GC=F,1786.800048828125,-0.9024829959808848,-0.0070757152149943945,6.694456023418805e-06,-0.007082409671017813,0.03347228011709402
2022-08-09,GC=F,1794.0,-0.906340501476069,-0.0036521195306661227,7.715010990368531e-07,-0.0036528910317651596,0.0038575054951842658
2022-08-10,GC=F,1795.5999755859375,-0.9155947231130587,-0.0008165714624270402,1.850844327397927e-06,-0.0008184223067544381,0.009254221636989635
2022-08-11,GC=F,1789.699951171875,-0.9218538009861288,0.003029048789243663,1.2518155746140237e-06,0.0030277969736690487,0.006259077873070118
2022-08-12,GC=F,1798.5999755859375,-1.0,-0.004972914263217554,1.5629239802774242e-05,-0.004988543503020328,0.07814619901387121
2022-08-15,GC=F,1781.4000244140625,-1.0,0.009562966421297614,0.0,0.009562966421297614,0.0
2022-08-16,GC=F,1773.199951171875,-1.0,0.004603162192548305,0.0,0.004603162192548305,0.0
2022-08-17,GC=F,1760.300048828125,-0.9854407529405784,0.007169010731183356,2.9118494118843155e-06,0.007166098881771472,0.014559247059421576
2022-08-18,GC=F,1755.300048828125,-0.9774404556324942,0.0027763461583813803,1.600059461616854e-06,0.0027747460989197637,0.00800029730808427
2022-08-19,GC=F,1747.5999755859375,-0.98568766505061,0.004323971402996129,1.6494418836231706e-06,0.004322321961112506,0.008247209418115853
2022-08-22,GC=F,1734.0,-0.9973850332823574,0.007761737406680587,2.339473646349477e-06,0.007759397933034238,0.011697368231747385
2022-08-23,GC=F,1746.800048828125,-0.9796743508288589,-0.007231764432682276,3.542136490699699e-06,-0.007235306569172976,0.017710682453498494
2022-08-24,GC=F,1747.800048828125,-0.96243010672366,-0.0005509675290938036,3.448848821039774e-06,-0.0005544163779148434,0.01724424410519887
2022-08-25,GC=F,1757.699951171875,-0.9623977120784393,-0.00545122044813599,6.478929044151372e-09,-0.005451226927065034,3.239464522075686e-05
2022-08-26,GC=F,1736.0999755859375,-1.0,0.012288772933933712,7.520457584312146e-06,0.012281252476349399,0.03760228792156073
2022-08-29,GC=F,1736.5999755859375,-1.0,-0.00028800184726174294,0.0,-0.00028800184726174294,0.0
2022-08-30,GC=F,1723.199951171875,-1.0,0.007716241277465952,0.0,0.007716241277465952,0.0
2022-08-31,GC=F,1712.800048828125,-1.0,0.006035226693615781,0.0,0.006035226693615781,0.0
2022-09-01,GC=F,1696.5999755859375,-1.0,0.009458239596192963,0.0,0.009458239596192963,0.0
2022-09-02,GC=F,1709.800048828125,-1.0,-0.0077803096971216235,0.0,-0.0077803096971216235,0.0
2022-09-06,GC=F,1700.4000244140625,-1.0,0.0054977331533621054,0.0,0.0054977331533621054,0.0
2022-09-07,GC=F,1715.300048828125,-1.0,-0.008762658315767169,0.0,-0.008762658315767169,0.0
2022-09-08,GC=F,1708.0,-1.0,0.004255843654357938,0.0,0.004255843654357938,0.0
2022-09-09,GC=F,1716.199951171875,-1.0,-0.004800908180254693,0.0,-0.004800908180254693,0.0
2022-09-12,GC=F,1728.0999755859375,-1.0,-0.006933938208037338,0.0,-0.006933938208037338,0.0
2022-09-13,GC=F,1705.0,-1.0,0.013367268047154046,0.0,0.013367268047154046,0.0
2022-09-14,GC=F,1696.5,-1.0,0.004985337243401777,0.0,0.004985337243401777,0.0
2022-09-15,GC=F,1665.4000244140625,-1.0,0.01833184532032861,0.0,0.01833184532032861,0.0
2022-09-16,GC=F,1671.699951171875,-0.9935559512320008,-0.00375845420366942,1.2888097535998401e-06,-0.00375974301342302,0.0064440487679992
2022-09-19,GC=F,1666.199951171875,-0.9766946322765496,0.00321338794904876,3.3722637910902356e-06,0.0032100156852576697,0.016861318955451177
2022-09-20,GC=F,1659.699951171875,-0.9780016174482362,0.0038152746967388216,2.613970343373184e-07,0.0038150132997044842,0.0013069851716865921
2022-09-21,GC=F,1664.5999755859375,-0.9895978401008562,-0.0029216447064266383,2.3192445305239895e-06,-0.0029239639509571623,0.011596222652619947
2022-09-22,GC=F,1670.800048828125,-1.0,-0.0037246625814739698,2.0804319798287676e-06,-0.0037267430134537986,0.010402159899143837
2022-09-23,GC=F,1645.300048828125,-1.0,0.01526214942229942,0.0,0.01526214942229942,0.0
2022-09-26,GC=F,1623.300048828125,-0.9697980706159718,0.012967578508702836,6.040385876805643e-06,0.01296153812282603,0.030201929384028214
2022-09-27,GC=F,1626.699951171875,-0.9616630136956517,-0.0020141441728667164,1.6270113840640256e-06,-0.0020157711842507804,0.008135056920320127
2022-09-28,GC=F,1660.4000244140625,-0.9554425645273777,-0.019793745232536814,1.2440898336547825e-06,-0.01979498932237047,0.006220449168273912
2022-09-29,GC=F,1658.5,-0.8046909869060138,0.0009208217889764012,3.0150315524272787e-05,0.0008906714734521284,0.15075157762136393
2022-09-30,GC=F,1662.4000244140625,-0.8089653586818647,-0.001902312118776137,8.548743551701765e-07,-0.001903166993131307,0.004274371775850883
2022-10-03,GC=F,1692.9000244140625,-0.8217504752178804,-0.015076629647535913,2.5570233072031323e-06,-0.015079186670843117,0.012785116536015662
2022-10-04,GC=F,1721.0999755859375,-0.7590584791367022,-0.012644226912136368,1.253839921623563e-05,-0.012656765311352604,0.06269199608117815
2022-10-05,GC=F,1711.4000244140625,-0.7165183375963736,0.0040382272889590174,8.508028308065719e-06,0.0040297192606509515,0.04254014154032859
2022-10-06,GC=F,1711.699951171875,-0.7224424397314048,-0.00012660968538251996,1.184820427006228e-06,-0.00012779450580952618,0.00592410213503114
2022-10-07,GC=F,1700.5,-0.7255202598203118,0.004747205536011353,6.155640177814004e-07,0.004746589971993572,0.0030778200889070018
2022-10-10,GC=F,1667.300048828125,-0.722694033139721,0.014109618707700205,5.652453361181476e-07,0.014109053462364086,0.0028262266805907377
2022-10-11,GC=F,1678.699951171875,-0.6809268943823906,-0.004655730745433677,8.353427751466081e-06,-0.004664084173185143,0.0417671387573304
2022-10-12,GC=F,1670.300048828125,-0.6926212986385053,0.003465748161667194,2.3388808512229355e-06,0.003463409280815971,0.011694404256114677
2022-10-13,GC=F,1670.0,-0.6925983262866221,0.00012441675752174888,4.594470376639848e-09,0.00012441216305137225,2.2972351883199238e-05
2022-10-14,GC=F,1641.699951171875,-0.745552320896826,0.01263423178760603,1.0590798922040779e-05,0.012623640988683989,0.05295399461020389
2022-10-17,GC=F,1657.0,-0.7025771138676933,-0.006547764187984365,8.595041405826543e-06,-0.006556359229390192,0.04297520702913271
2022-10-18,GC=F,1649.0,-0.6893866619820441,0.003328360468229514,2.6380903771298314e-06,0.003325722377852384,0.013190451885649157
2022-10-19,GC=F,1627.5,-0.6882932414488528,0.008974108363341591,2.1868410663825612e-07,0.008973889679234954,0.0010934205331912805
2022-10-20,GC=F,1630.800048828125,-0.6691397835982695,-0.0013568012035116508,3.830691570116662e-06,-0.0013606318950817676,0.01915345785058331
2022-10-21,GC=F,1651.0,-0.6709179720760201,-0.008310344536724619,3.5563769555011505e-07,-0.008310700174420168,0.0017781884777505752
2022-10-24,GC=F,1648.699951171875,-0.6782066596940273,0.0009448264281380192,1.4577375236014322e-06,0.0009433686906144179,0.007288687618007161
2022-10-25,GC=F,1652.800048828125,-0.705673687608099,-0.0017549166727290793,5.493405582814348e-06,-0.0017604100783118937,0.02746702791407174
2022-10-26,GC=F,1664.0,-0.7054991577515413,-0.004780709030241561,3.49059713115496e-08,-0.0047807439362128725,0.000174529856557748
2022-10-27,GC=F,1660.699951171875,-0.7701231680876428,0.0015273101312257102,1.292480206722031e-05,0.00151438532915849,0.06462401033610154
2022-10-28,GC=F,1639.5999755859375,-0.7695540842367171,0.009777547339599277,1.1381677018513781e-07,0.009777433522829091,0.000569083850925689
2022-10-31,GC=F,1635.9000244140625,-0.7416381888100891,0.0016735942465566694,5.583179085325596e-06,0.001668011067471344,0.02791589542662798
2022-11-01,GC=F,1645.0,-0.8202161981471717,-0.004562593842495364,1.571560186741652e-05,-0.00457830944436278,0.07857800933708259
2022-11-02,GC=F,1645.699951171875,-0.9005999365408451,-0.00038320728326586795,1.6076747678734683e-05,-0.00039928403094460264,0.08038373839367341
2022-11-03,GC=F,1627.300048828125,-0.9026739609211782,0.010092430711545346,4.148048760666212e-07,0.01009201590666928,0.002074024380333106
2022-11-04,GC=F,1672.5,-0.8794911561136617,-0.02442878149058068,4.636560961503311e-06,-0.024433418051542182,0.023182804807516555
2022-11-07,GC=F,1676.5,-0.7021531521194915,-0.0016792900499120506,3.546760079883405e-05,-0.0017147576507108846,0.1773380039941702
2022-11-08,GC=F,1712.0999755859375,-0.7650786711901013,-0.016246216531875385,1.2585103814121967e-05,-0.016258801635689508,0.06292551907060984
2022-11-09,GC=F,1710.0999755859375,-0.6993161367633364,0.0008169103986161644,1.3152506885352988e-05,0.0008037578917308114,0.06576253442676494
2022-11-10,GC=F,1750.300048828125,-0.7042172574878942,-0.016554345204131123,9.802241449115678e-07,-0.016555325428276035,0.004901120724557839
2022-11-11,GC=F,1766.0,-0.6422692985373212,-0.0057610674426830455,1.2389591790114608e-05,-0.0057734570344731605,0.061947958950573034
2022-11-14,GC=F,1773.5999755859375,-0.6893794432337231,-0.0029667423205116013,9.422028939280392e-06,-0.0029761643494508818,0.04711014469640196
2022-11-15,GC=F,1773.800048828125,-0.694058961862676,-7.829422004997052e-05,9.359037257905767e-07,-7.92301237757611e-05,0.004679518628952883
2022-11-16,GC=F,1773.0,-0.7028162888095496,0.0003169959030166688,1.7514653893747178e-06,0.0003152444376272941,0.00875732694687359
2022-11-17,GC=F,1760.800048828125,-0.7480136104102493,0.005147055568473207,9.039464320139935e-06,0.005138016104153067,0.04519732160069967
2022-11-18,GC=F,1751.9000244140625,-0.7275332610448912,0.00367734189333501,4.096069873071606e-06,0.0036732458234619383,0.02048034936535803
2022-11-21,GC=F,1737.4000244140625,-0.7287486044403293,0.006031653985460128,2.430686790876102e-07,0.006031410916781041,0.001215343395438051
2022-11-22,GC=F,1738.300048828125,-0.71146557802447,-0.00036856013640442593,3.4566052831718654e-06,-0.0003720167416875978,0.017283026415859326
2022-11-23,GC=F,1744.9000244140625,-0.7107668878269732,-0.0026986388857971936,1.397380394993597e-07,-0.002698778623836693,0.0006986901974967985
2022-11-25,GC=F,1753.300048828125,-0.7133837376711419,-0.003434260260867935,5.233699688337534e-07,-0.003434783630836769,0.002616849844168767
2022-11-28,GC=F,1740.0999755859375,0.7159598237728556,-0.005390248017492513,0.0002858687122887995,-0.005676116729781313,1.4293435614439975
2022-11-29,GC=F,1748.4000244140625,0.7386350315417671,0.003523192295831156,4.5350415537823044e-06,0.0035186572542773736,0.02267520776891152
2022-11-30,GC=F,1746.0,0.7435138788349823,-0.0010206196731187003,9.757694586430388e-07,-0.0010215954425773434,0.004878847293215194
2022-12-01,GC=F,1801.0999755859375,0.7407513808309177,0.02337650801777381,5.524996008129168e-07,0.023375955518172998,0.002762498004064584
2022-12-02,GC=F,1795.9000244140625,0.634243405709835,-0.0018311225281660958,2.130159502421656e-05,-0.0018524241231903124,0.10650797512108279
2022-12-05,GC=F,1767.4000244140625,0.6573566930608594,-0.010431909069296318,4.622657470204894e-06,-0.010436531726766523,0.02311328735102447
2022-12-06,GC=F,1769.300048828125,0.6806441672839133,0.0007317192018017781,4.657494844610777e-06,0.0007270617069571674,0.023287474223053883
2022-12-07,GC=F,1785.5,0.6802601235141238,0.006228553937135446,7.68087539579021e-08,0.006228477128381488,0.0003840437697895105
2022-12-08,GC=F,1788.699951171875,0.7270643784421313,0.001303035849803724,9.36085098560151e-06,0.0012936749988181225,0.04680425492800755
2022-12-09,GC=F,1798.0999755859375,0.7289800097142624,0.0038309554848414374,3.8312625442620266e-07,0.003830572358587011,0.0019156312721310131
2022-12-12,GC=F,1780.5,0.8216081660213501,-0.008041979789511133,1.852563126141755e-05,-0.008060505420772551,0.09262815630708776
2022-12-13,GC=F,1813.9000244140625,0.8097607874420004,0.015190132024775763,2.3694757158699397e-06,0.015187762549059894,0.011847378579349699
2022-12-14,GC=F,1807.5,0.7461480568587125,-0.0026326510370623377,1.2722546116657575e-05,-0.0026453735831789955,0.06361273058328787
2022-12-15,GC=F,1777.199951171875,0.7424806310434575,-0.012446583333086467,7.334851630510064e-07,-0.012447316818249518,0.003667425815255032
2022-12-16,GC=F,1790.0,0.6939795864269448,0.0049982966666916595,9.700208923302544e-06,0.004988596457768357,0.04850104461651272
2022-12-19,GC=F,1787.699951171875,0.6955026020766714,-0.0008936815334437675,3.0460312994531337e-07,-0.0008939861365737128,0.0015230156497265668
2022-12-20,GC=F,1815.9000244140625,0.7001487522775431,0.011044496634745804,9.292300401743559e-07,0.011043567404705629,0.004646150200871779
2022-12-21,GC=F,1815.9000244140625,0.6856069958424771,0.0,2.908351287013211e-06,-2.908351287013211e-06,0.014541756435066056
2022-12-22,GC=F,1787.0,0.6853149609832585,-0.010906778367453988,5.840697184371635e-08,-0.010906836774425832,0.00029203485921858174
2022-12-23,GC=F,1795.9000244140625,0.6456690809792673,0.0032157082171912327,7.929176000798233e-06,0.0032077790411904343,0.03964588000399116
2022-12-27,GC=F,1814.800048828125,0.6455267914442447,0.006793514088963922,2.845790700451989e-08,0.006793485631056917,0.00014228953502259944
2022-12-28,GC=F,1807.9000244140625,0.6464760073226082,-0.0024579568622515777,1.8984317567269926e-07,-0.0024581467054272505,0.0009492158783634963
2022-12-29,GC=F,1819.5,0.643510159446769,0.004128935249782112,5.931695751678401e-07,0.004128342080206944,0.0029658478758392004
2022-12-30,GC=F,1819.699951171875,0.6424525005582844,7.060133572998413e-05,2.1153177769692722e-07,7.038980395228721e-05,0.001057658888484636
2023-01-03,GC=F,1839.699951171875,0.784342213881855,0.008620566411256381,2.837794266471412e-05,0.008592188468591666,0.1418897133235706
2023-01-04,GC=F,1852.800048828125,0.7665417500886024,0.005458374762339402,3.560092758650524e-06,0.005454814669580752,0.01780046379325262
2023-01-05,GC=F,1834.800048828125,0.8297969476952417,-0.008061498631739241,1.2651039521327867e-05,-0.008074149671260569,0.06325519760663934
2023-01-06,GC=F,1864.199951171875,0.7970296868794748,0.012771198133710748,6.553452163153373e-06,0.012764644681547595,0.03276726081576686
2023-01-09,GC=F,1872.699951171875,0.766738777165835,0.0034960196205415417,6.0581819427279585e-06,0.0034899614385988137,0.03029090971363979
2023-01-10,GC=F,1871.5999755859375,0.765759269660028,-0.00044978721807747404,1.959015011613996e-07,-0.00044998311957863545,0.000979507505806998
2023-01-11,GC=F,1874.5999755859375,0.7660671365965536,0.0012279340883568242,6.157338730510276e-08,0.0012278725149695191,0.0003078669365255138
2023-01-12,GC=F,1895.5,0.7966203031645492,0.008881566201702804,6.110633313599135e-06,0.008875455568389205,0.03055316656799567
2023-01-13,GC=F,1918.4000244140625,0.8424368524097021,0.010177696907142169,9.163309849030577e-06,0.010168533597293137,0.04581654924515288
2023-01-17,GC=F,1907.199951171875,0.8293296785386446,-0.004841822885396205,2.6214347742115064e-06,-0.004844444320170417,0.013107173871057531
2023-01-18,GC=F,1904.4000244140625,0.9225915434061016,-0.0013544404441322379,1.8652372973491407e-05,-0.0013730928171057292,0.09326186486745702
2023-01-19,GC=F,1922.0999755859375,0.919711251292901,0.008548017239769196,5.760584226401244e-07,0.008547441181346555,0.002880292113200622
2023-01-20,GC=F,1926.4000244140625,0.9153918457027027,0.002047879758278021,8.638811180396556e-07,0.0020470158771599815,0.0043194055901982775
2023-01-23,GC=F,1927.0999755859375,0.9718096450018567,0.000353103867959747,1.1283559859830806e-05,0.0003418203080999162,0.056417799299154026
2023-01-24,GC=F,1933.9000244140625,0.9726322615128141,0.0034320725203091456,1.6452330219147715e-07,0.003431907997006954,0.0008226165109573857
2023-01-25,GC=F,1941.199951171875,1.0,0.003774717754618351,5.473547697437176e-06,0.0037692442069209137,0.027367738487185878
2023-01-26,GC=F,1929.0999755859375,1.0,-0.006233245358693185,0.0,-0.006233245358693185,0.0
2023-01-27,GC=F,1928.5999755859375,1.0,-0.00025918822576742606,0.0,-0.00025918822576742606,0.0
2023-01-30,GC=F,1922.9000244140625,1.0,-0.0029554864896974564,0.0,-0.0029554864896974564,0.0
2023-01-31,GC=F,1929.5,1.0,0.0034323030329923565,0.0,0.0034323030329923565,0.0
2023-02-01,GC=F,1927.800048828125,1.0,-0.0008810319626199048,0.0,-0.0008810319626199048,0.0
2023-02-02,GC=F,1916.300048828125,1.0,-0.005965348951511129,0.0,-0.005965348951511129,0.0
2023-02-03,GC=F,1862.9000244140625,1.0,-0.027866212520694877,0.0,-0.027866212520694877,0.0
2023-02-06,GC=F,1866.199951171875,0.854631733212214,0.0015138880710411004,2.9073653357557205e-05,0.0014848144176835432,0.14536826678778603
2023-02-07,GC=F,1871.699951171875,0.9291715021123355,0.002738422138747115,1.4907953780024298e-05,0.0027235141849670905,0.07453976890012148
2023-02-08,GC=F,1877.4000244140625,0.9333954106159551,0.002842561491280323,8.447817007239289e-07,0.002841716709579599,0.004223908503619644
2023-02-09,GC=F,1866.199951171875,0.9304835228864957,-0.005551019213515751,5.823775458918768e-07,-0.005551601591061643,0.0029118877294593837
2023-02-10,GC=F,1862.800048828125,0.9190651579661839,-0.0016743820953730381,2.2836729840623574e-06,-0.0016766657683571005,0.011418364920311785
2023-02-13,GC=F,1851.9000244140625,0.9683954290473827,-0.005666487836804323,9.866054216239762e-06,-0.005676353891020563,0.04933027108119881
2023-02-14,GC=F,1854.0,1.0,0.0011339573185662477,6.320914190523453e-06,0.0011276364043757243,0.03160457095261726
2023-02-15,GC=F,1834.199951171875,1.0,-0.010679637987122459,0.0,-0.010679637987122459,0.0
2023-02-16,GC=F,1842.0,1.0,0.0042525618993400904,0.0,0.0042525618993400904,0.0
2023-02-17,GC=F,1840.4000244140625,1.0,-0.0008686078099552352,0.0,-0.0008686078099552352,0.0
2023-02-21,GC=F,1833.0,1.0,-0.004020878241630332,0.0,-0.004020878241630332,0.0
2023-02-22,GC=F,1832.0,1.0,-0.0005455537370431252,0.0,-0.0005455537370431252,0.0
2023-02-23,GC=F,1818.0,1.0,-0.007641921397379958,0.0,-0.007641921397379958,0.0
2023-02-24,GC=F,1808.800048828125,1.0,-0.005060479192450451,0.0,-0.005060479192450451,0.0
2023-02-27,GC=F,1817.0,1.0,0.004533365187151306,0.0,0.004533365187151306,0.0
2023-02-28,GC=F,1828.9000244140625,1.0,0.006549270453529266,0.0,0.006549270453529266,0.0
2023-03-01,GC=F,1837.699951171875,1.0,0.004811595297906868,0.0,0.004811595297906868,0.0
2023-03-02,GC=F,1833.5,1.0,-0.002285439018049007,0.0,-0.002285439018049007,0.0
2023-03-03,GC=F,1847.699951171875,1.0,0.007744723846127677,0.0,0.007744723846127677,0.0
2023-03-06,GC=F,1847.9000244140625,0.9787277299888653,0.00010597891179987712,4.254454002226948e-06,0.00010172445779765017,0.021272270011134742
2023-03-07,GC=F,1813.9000244140625,1.0,-0.018399263786351705,4.254454002226948e-06,-0.018403518240353932,0.021272270011134742
2023-03-08,GC=F,1812.699951171875,1.0,-0.0006615983384062885,0.0,-0.0006615983384062885,0.0
2023-03-09,GC=F,1829.300048828125,1.0,0.009157664314779934,0.0,0.009157664314779934,0.0
2023-03-10,GC=F,1862.0,1.0,0.01787566298531673,0.0,0.01787566298531673,0.0
2023-03-13,GC=F,1911.699951171875,0.9899180420440417,0.02642259847140013,2.0163915911916687e-06,0.02642058207980894,0.010081957955958343
2023-03-14,GC=F,1906.199951171875,0.7882191812172902,-0.002267722763730536,4.03397721653503e-05,-0.0023080625358958863,0.20169886082675148
2023-03-15,GC=F,1926.5999755859375,0.7956918666799501,0.00851544115105184,1.494537092531978e-06,0.008513946613959308,0.007472685462659889
2023-03-16,GC=F,1919.0,0.7785965448462338,-0.0030713769371491363,3.419064366743263e-06,-0.0030747960015158797,0.017095321833716315
2023-03-17,GC=F,1969.800048828125,0.8062917903045586,0.021344274266382485,5.539049091664961e-06,0.021338735217290822,0.027695245458324802
2023-03-20,GC=F,1979.199951171875,0.7028508597473982,0.003354010193967092,2.068818611143206e-05,0.0033333220078556602,0.1034409305571603
2023-03-21,GC=F,1938.0,0.7056198832392447,-0.014688513264234815,5.538046983692979e-07,-0.014689067068933184,0.0027690234918464895
2023-03-22,GC=F,1946.800048828125,0.6363062048878867,0.0028893321324314682,1.3862735670271609e-05,0.0028754693967611967,0.06931367835135804
2023-03-23,GC=F,1993.800048828125,0.6374430413831291,0.015389265560703712,2.2736729904848652e-07,0.015389038193404663,0.0011368364952424326
2023-03-24,GC=F,1982.0999755859375,0.6082947023624045,-0.003569611995273999,5.829667804144934e-06,-0.003575441663078144,0.029148339020724667
2023-03-27,GC=F,1952.4000244140625,0.6066868783059612,-0.009090646730358708,3.215648112886438e-07,-0.009090968295169997,0.001607824056443219
2023-03-28,GC=F,1972.4000244140625,0.5737338486843634,0.005877216159701121,6.59060592431957e-06,0.005870625553776801,0.03295302962159785
2023-03-29,GC=F,1966.0999755859375,0.5709353167659215,-0.0018236262060455407,5.597063836883854e-07,-0.001824185912429229,0.0027985319184419266
2023-03-30,GC=F,1980.300048828125,0.567239888753737,0.004096865910286563,7.390856024368953e-07,0.004096126824684126,0.0036954280121844763
2023-03-31,GC=F,1969.0,0.5691324436672366,-0.0032476009920394083,3.7851098269992003e-07,-0.003247979503022108,0.0018925549134996
2023-04-03,GC=F,1983.9000244140625,0.5635929496378637,0.004264879994513793,1.1078988058745855e-06,0.004263772095707919,0.005539494029372927
2023-04-04,GC=F,2022.199951171875,0.563152430360048,0.010871866813270643,8.810385556312639e-08,0.010871778709415079,0.00044051927781563194
2023-04-05,GC=F,2020.9000244140625,0.5892305585804672,-0.00037877390372583993,5.2156256440838435e-06,-0.00038398952936992376,0.026078128220419217
2023-04-06,GC=F,2011.9000244140625,0.5892513401386366,-0.0026242080247316055,4.156311633862764e-09,-0.0026242121810432393,2.078155816931382e-05
2023-04-10,GC=F,1989.0999755859375,0.5824492766725881,-0.00660066195481489,1.3604126932097005e-06,-0.0066020223675081,0.006802063466048502
2023-04-11,GC=F,2004.800048828125,0.5782003821973684,0.004563766759127058,8.4977889504394e-07,0.004562916980232014,0.0042488944752197
2023-04-12,GC=F,2010.9000244140625,0.6301365690471027,0.0019173072592654204,1.0387237369946867e-05,0.0019069200218954736,0.051936186849734334
2023-04-13,GC=F,2041.300048828125,0.6334245012122137,0.009575871533905553,6.575864330222059e-07,0.00957521394747253,0.0032879321651110294
2023-04-14,GC=F,2002.199951171875,0.6237794114878045,-0.011948187587186486,1.92901794488185e-06,-0.011950116605131367,0.00964508972440925
2023-04-17,GC=F,1994.199951171875,0.5825833942872014,-0.002327773083587242,8.239203440120614e-06,-0.002336012287027363,0.04119601720060306
2023-04-18,GC=F,2007.4000244140625,0.6422578049635527,0.004251253772673857,1.1934882135270253e-05,0.004239318890538587,0.059674410676351264
2023-04-19,GC=F,1995.199951171875,0.6401424657859566,-0.0038904975954171506,4.230678355192197e-07,-0.0038909206632526698,0.0021153391775960984
2023-04-20,GC=F,2007.5999755859375,0.6960700321565294,0.0043260252625651665,1.1185513274114567e-05,0.004314839749291052,0.055927566370572834
2023-04-21,GC=F,1979.5,0.694189603272432,-0.009716433124718357,3.760857768194903e-07,-0.009716809210495177,0.0018804288840974515
2023-04-24,GC=F,1989.0999755859375,0.7496220487090818,0.0036354399425550105,1.1086489087329965e-05,0.0036243534534676804,0.055432445436649824
2023-04-25,GC=F,1994.0,0.7514786664461317,0.0018512210836202127,3.713235474099852e-07,0.0018508497600728028,0.001856617737049926
2023-04-26,GC=F,1985.699951171875,0.800796256318263,-0.003333323986369755,9.863517974426262e-06,-0.003343187504344181,0.04931758987213131
2023-04-27,GC=F,1989.9000244140625,0.8161237407490985,0.0017262323463378183,3.0654968861671074e-06,0.001723166849451651,0.015327484430835536
2023-04-28,GC=F,1990.0999755859375,0.8187912986828101,8.227462570172578e-05,5.33511586742308e-07,8.174111411498347e-05,0.0026675579337115396
2023-05-01,GC=F,1983.4000244140625,0.829944857686647,-0.0027941259685770824,2.2307118007673933e-06,-0.00279635668037785,0.011153559003836966
2023-05-02,GC=F,2014.300048828125,0.8357194396078652,0.013019940894080928,1.1549163842436317e-06,0.013018785977696684,0.005774581921218158
2023-05-03,GC=F,2028.5999755859375,0.7941593990569725,0.005637899501193946,8.312008110178537e-06,0.0056295874930837675,0.041560040550892685
2023-05-04,GC=F,2048.0,0.8722893424368415,0.008341927803934616,1.5625988675973803e-05,0.008326301815258641,0.078129943379869
2023-05-05,GC=F,2017.4000244140625,0.8494536659509663,-0.012692022187248377,4.5671352971750515e-06,-0.012696589322545552,0.022835676485875256
2023-05-08,GC=F,2026.300048828125,0.7975806911966246,0.0035186316734067535,1.0374594950868344e-05,0.0035082570784558853,0.051872974754341716
2023-05-09,GC=F,2036.199951171875,0.8273784767336076,0.004042326370036017,5.959557107396618e-06,0.004036366812928621,0.02979778553698309
2023-05-10,GC=F,2030.5,0.8356931708927468,-0.002339362726149072,1.6629388318278205e-06,-0.0023410256649809,0.008314694159139102
2023-05-11,GC=F,2014.699951171875,0.8340552583122508,-0.0064900831355272125,3.2758251609918967e-07,-0.006490410718043312,0.0016379125804959482
2023-05-12,GC=F,2014.5,0.8809075888115498,-8.742666846945309e-05,9.370466099859809e-06,-9.67971345693129e-05,0.046852330499299044
2023-05-15,GC=F,2018.0,1.0,0.0017374038222883748,2.3818482237690032e-05,0.0017135853400506848,0.11909241118845015
2023-05-16,GC=F,1988.4000244140625,1.0,-0.014667976008888806,0.0,-0.014667976008888806,0.0
2023-05-17,GC=F,1980.699951171875,0.9493791839858269,-0.0036764680957259606,1.0124163202834625e-05,-0.0036865922589287953,0.05062081601417312
2023-05-18,GC=F,1956.5,0.9570433323876315,-0.011693039069065653,1.5328296803609254e-06,-0.011694571898746014,0.007664148401804627
2023-05-19,GC=F,1978.699951171875,0.9272842561148235,0.01052167912506895,5.95181525456161e-06,0.010515727309814388,0.02975907627280805
2023-05-22,GC=F,1974.800048828125,0.9399807271908198,-0.0018526472590653198,2.539294215199273e-06,-0.001855186553280519,0.012696471075996363
2023-05-23,GC=F,1972.4000244140625,0.948001660442282,-0.0011521303794698014,1.6041866502924274e-06,-0.0011537345661200937,0.008020933251462137
2023-05-24,GC=F,1962.800048828125,0.9508802800854402,-0.00462808120106433,5.757239286316552e-07,-0.004628656924992962,0.0028786196431582756
2023-05-25,GC=F,1943.0999755859375,0.9487751721934927,-0.009522590135322325,4.2102157838950217e-07,-0.009523011156900714,0.002105107891947511
2023-05-26,GC=F,1944.0999755859375,0.9217431352662808,0.00047436732378555377,5.40640738544238e-06,0.0004689609164001114,0.0270320369272119
2023-05-30,GC=F,1958.0,0.9213311028011422,0.006587379755771624,8.24064930277313e-08,0.006587297349278596,0.00041203246513865643
2023-05-31,GC=F,1963.9000244140625,0.9020641747832043,0.0027181821523349662,3.853385603587567e-06,0.0027143287667313787,0.019266928017937834
2023-06-01,GC=F,1978.0,0.9979112654071253,0.007164582872985328,1.9169418124784188e-05,0.007145413454860544,0.09584709062392094
2023-06-02,GC=F,1952.4000244140625,0.9973264784044479,-0.012907752021416986,1.1695740053547789e-07,-0.012907868978817521,0.0005847870026773894
2023-06-05,GC=F,1958.0,0.9994130037393322,0.0028665685060561934,4.1730506697685855e-07,0.0028661512009892165,0.0020865253348842927
2023-06-06,GC=F,1965.5,1.0,0.003830439223697635,1.173992521335654e-07,0.0038303218244455013,0.000586996260667827
2023-06-07,GC=F,1942.699951171875,1.0,-0.011600126597875904,0.0,-0.011600126597875904,0.0
2023-06-08,GC=F,1963.5999755859375,1.0,0.010758235929050786,0.0,0.010758235929050786,0.0
2023-06-09,GC=F,1962.199951171875,0.9758099732219239,-0.0006957413948778921,4.838005355615227e-06,-0.0007005794002335074,0.024190026778076135
2023-06-12,GC=F,1955.300048828125,0.9921907000852129,-0.003488950722313676,3.2761453726578127e-06,-0.003492226867686334,0.016380726863289063
2023-06-13,GC=F,1944.5999755859375,0.9909309664685557,-0.0054227144961818,2.519467233314421e-07,-0.005422966442905131,0.0012597336166572104
2023-06-14,GC=F,1955.300048828125,0.9895457867213624,0.005444930848169018,2.770359494386643e-07,0.00544465381221958,0.0013851797471933214
2023-06-15,GC=F,1957.800048828125,1.0,0.0012785761456397537,2.0908426557275206e-06,0.0012764853029840263,0.010454213278637603
2023-06-16,GC=F,1958.4000244140625,1.0,0.0003064539641302044,0.0,0.0003064539641302044,0.0
2023-06-20,GC=F,1935.5,1.0,-0.011693231274807592,0.0,-0.011693231274807592,0.0
2023-06-21,GC=F,1933.300048828125,1.0,-0.0011366319668689728,0.0,-0.0011366319668689728,0.0
2023-06-22,GC=F,1912.699951171875,1.0,-0.010655406370437381,0.0,-0.010655406370437381,0.0
2023-06-23,GC=F,1919.0999755859375,1.0,0.00334606816408467,0.0,0.00334606816408467,0.0
2023-06-26,GC=F,1923.699951171875,1.0,0.0023969442157556475,0.0,0.0023969442157556475,0.0
2023-06-27,GC=F,1914.0,1.0,-0.005042341018913099,0.0,-0.005042341018913099,0.0
2023-06-28,GC=F,1912.300048828125,1.0,-0.0008881667564655249,0.0,-0.0008881667564655249,0.0
2023-06-29,GC=F,1909.199951171875,1.0,-0.0016211355839005348,0.0,-0.0016211355839005348,0.0
2023-06-30,GC=F,1921.0999755859375,1.0,0.0062329901102071705,0.0,0.0062329901102071705,0.0
2023-07-03,GC=F,1921.699951171875,-1.0,-0.00031230836164808373,0.0004,-0.0007123083616480837,2.0
2023-07-05,GC=F,1919.5999755859375,-1.0,0.0010927697555785931,0.0,0.0010927697555785931,0.0
2023-07-06,GC=F,1908.699951171875,-1.0,0.005678279096005601,0.0,0.005678279096005601,0.0
2023-07-07,GC=F,1926.199951171875,-1.0,-0.009168544269755774,0.0,-0.009168544269755774,0.0
2023-07-10,GC=F,1925.0,-1.0,0.0006229629333885933,0.0,0.0006229629333885933,0.0
2023-07-11,GC=F,1931.300048828125,-1.0,-0.0032727526379869865,0.0,-0.0032727526379869865,0.0
2023-07-12,GC=F,1956.199951171875,-1.0,-0.012892819196508976,0.0,-0.012892819196508976,0.0
2023-07-13,GC=F,1959.199951171875,-1.0,-0.0015335855612319538,0.0,-0.0015335855612319538,0.0
2023-07-14,GC=F,1960.0999755859375,-1.0,-0.0004593836445965227,0.0,-0.0004593836445965227,0.0
2023-07-17,GC=F,1952.4000244140625,-1.0,0.00392834613937143,0.0,0.00392834613937143,0.0
2023-07-18,GC=F,1977.199951171875,-1.0,-0.012702277426602349,0.0,-0.012702277426602349,0.0
2023-07-19,GC=F,1977.5,-1.0,-0.00015175441813419788,0.0,-0.00015175441813419788,0.0
2023-07-20,GC=F,1968.300048828125,-1.0,0.0046523141197850615,0.0,0.0046523141197850615,0.0
2023-07-21,GC=F,1964.300048828125,-1.0,0.002032210486598074,0.0,0.002032210486598074,0.0
2023-07-24,GC=F,1960.300048828125,-1.0,0.0020363487759348375,0.0,0.0020363487759348375,0.0
2023-07-25,GC=F,1962.0999755859375,-1.0,-0.0009181894164052018,0.0,-0.0009181894164052018,0.0
2023-07-26,GC=F,1968.9000244140625,-1.0,-0.003465699461157268,0.0,-0.003465699461157268,0.0
2023-07-27,GC=F,1945.4000244140625,-1.0,0.011935598409570591,0.0,0.011935598409570591,0.0
2023-07-28,GC=F,1960.4000244140625,-1.0,-0.007710496459214289,0.0,-0.007710496459214289,0.0
2023-07-31,GC=F,1970.5,-1.0,-0.005151997276145792,0.0,-0.005151997276145792,0.0
2023-08-01,GC=F,1940.699951171875,-1.0,0.01512308999143619,0.0,0.01512308999143619,0.0
2023-08-02,GC=F,1937.4000244140625,-1.0,0.0017003796778681801,0.0,0.0017003796778681801,0.0
2023-08-03,GC=F,1932.0,-1.0,0.0027872531981079085,0.0,0.0027872531981079085,0.0
2023-08-04,GC=F,1939.5999755859375,-1.0,-0.003933734775329878,0.0,-0.003933734775329878,0.0
2023-08-07,GC=F,1933.5,-1.0,0.0031449657984733426,0.0,0.0031449657984733426,0.0
2023-08-08,GC=F,1924.0999755859375,-1.0,0.004861662484645701,0.0,0.004861662484645701,0.0
2023-08-09,GC=F,1915.4000244140625,-1.0,0.004521569191967556,0.0,0.004521569191967556,0.0
2023-08-10,GC=F,1914.4000244140625,-1.0,0.000522084153312008,0.0,0.000522084153312008,0.0
2023-08-11,GC=F,1912.9000244140625,-1.0,0.0007835353013323498,0.0,0.0007835353013323498,0.0
2023-08-14,GC=F,1910.5999755859375,-1.0,0.0012023884148516517,0.0,0.0012023884148516517,0.0
2023-08-15,GC=F,1902.5,-1.0,0.004239493190328014,0.0,0.004239493190328014,0.0
2023-08-16,GC=F,1896.0999755859375,-1.0,0.0033640075763797794,0.0,0.0033640075763797794,0.0
2023-08-17,GC=F,1884.0999755859375,-1.0,0.006328780209119422,0.0,0.006328780209119422,0.0
2023-08-18,GC=F,1886.0999755859375,-1.0,-0.0010615147953483284,0.0,-0.0010615147953483284,0.0
2023-08-21,GC=F,1893.300048828125,-1.0,-0.0038174398681865007,0.0,-0.0038174398681865007,0.0
2023-08-22,GC=F,1896.4000244140625,-1.0,-0.0016373398330900013,0.0,-0.0016373398330900013,0.0
2023-08-23,GC=F,1918.5,-1.0,-0.01165364654156531,0.0,-0.01165364654156531,0.0
2023-08-24,GC=F,1918.199951171875,-1.0,0.00015639761695329657,0.0,0.00015639761695329657,0.0
2023-08-25,GC=F,1911.0999755859375,-1.0,0.003701374083343034,0.0,0.003701374083343034,0.0
2023-08-28,GC=F,1917.9000244140625,-1.0,-0.0035581858170659064,0.0,-0.0035581858170659064,0.0
2023-08-29,GC=F,1936.5,-1.0,-0.009698094451831452,0.0,-0.009698094451831452,0.0
2023-08-30,GC=F,1944.300048828125,-1.0,-0.004027910574812887,0.0,-0.004027910574812887,0.0
2023-08-31,GC=F,1938.199951171875,-1.0,0.003137426067507776,0.0,0.003137426067507776,0.0
2023-09-01,GC=F,1939.800048828125,-1.0,-0.0008255586093077749,0.0,-0.0008255586093077749,0.0
2023-09-05,GC=F,1926.199951171875,-1.0,0.0070110822321435284,0.0,0.0070110822321435284,0.0
2023-09-06,GC=F,1918.0999755859375,-1.0,0.004205158234486306,0.0,0.004205158234486306,0.0
2023-09-07,GC=F,1917.5,-1.0,0.00031279682684648424,0.0,0.00031279682684648424,0.0
2023-09-08,GC=F,1918.4000244140625,-1.0,-0.0004693738795631397,0.0,-0.0004693738795631397,0.0
2023-09-11,GC=F,1923.300048828125,-1.0,-0.0025542245369596372,0.0,-0.0025542245369596372,0.0
2023-09-12,GC=F,1911.300048828125,-1.0,0.006239276085554968,0.0,0.006239276085554968,0.0
2023-09-13,GC=F,1909.0999755859375,-1.0,0.0011510873154303436,0.0,0.0011510873154303436,0.0
2023-09-14,GC=F,1910.0,-1.0,-0.00047143912082781014,0.0,-0.00047143912082781014,0.0
2023-09-15,GC=F,1923.699951171875,-1.0,-0.0071727493046465085,0.0,-0.0071727493046465085,0.0
2023-09-18,GC=F,1931.5,-1.0,-0.0040547117669642585,0.0,-0.0040547117669642585,0.0
2023-09-19,GC=F,1932.0,-1.0,-0.00025886616619197333,0.0,-0.00025886616619197333,0.0
2023-09-20,GC=F,1945.5999755859375,-1.0,-0.0070393248374418516,0.0,-0.0070393248374418516,0.0
2023-09-21,GC=F,1919.199951171875,-1.0,0.0135690916659843,0.0,0.0135690916659843,0.0
2023-09-22,GC=F,1925.4000244140625,-1.0,-0.0032305509586958436,0.0,-0.0032305509586958436,0.0
2023-09-25,GC=F,1916.5999755859375,-1.0,0.004570504163571409,0.0,0.004570504163571409,0.0
2023-09-26,GC=F,1900.4000244140625,-1.0,0.008452442543166794,0.0,0.008452442543166794,0.0
2023-09-27,GC=F,1871.5999755859375,-1.0,0.01515472977169885,0.0,0.01515472977169885,0.0
2023-09-28,GC=F,1860.4000244140625,-1.0,0.005984158643926429,0.0,0.005984158643926429,0.0
2023-09-29,GC=F,1848.0999755859375,-1.0,0.006611507561121943,0.0,0.006611507561121943,0.0
2023-10-02,GC=F,1830.0,-1.0,0.009793829243571639,0.0,0.009793829243571639,0.0
2023-10-03,GC=F,1824.5999755859375,-1.0,0.0029508330131489124,0.0,0.0029508330131489124,0.0
2023-10-04,GC=F,1818.5,-1.0,0.003343185173494634,0.0,0.003343185173494634,0.0
2023-10-05,GC=F,1816.5999755859375,-1.0,0.0010448305823824722,0.0,0.0010448305823824722,0.0
2023-10-06,GC=F,1830.199951171875,-1.0,-0.00748649992772954,0.0,-0.00748649992772954,0.0
2023-10-09,GC=F,1849.5,-1.0,-0.01054532255656948,0.0,-0.01054532255656948,0.0
2023-10-10,GC=F,1861.0,-1.0,-0.00621789672884554,0.0,-0.00621789672884554,0.0
2023-10-11,GC=F,1872.800048828125,-1.0,-0.00634070329292058,0.0,-0.00634070329292058,0.0
2023-10-12,GC=F,1869.300048828125,-1.0,0.0018688594130430447,0.0,0.0018688594130430447,0.0
2023-10-13,GC=F,1927.4000244140625,-1.0,-0.03108113950051017,0.0,-0.03108113950051017,0.0
2023-10-16,GC=F,1921.0999755859375,-0.7570165556913544,0.0024744428785635417,4.859668886172912e-05,0.0024258461897018126,0.2429834443086456
2023-10-17,GC=F,1922.699951171875,-0.7582163066301078,-0.0006314755061603901,2.399501877506705e-07,-0.0006317154563481408,0.0011997509387533523
2023-10-18,GC=F,1955.300048828125,-0.7580517068053674,-0.01285305055283316,3.291996494807492e-08,-0.01285308347279811,0.0001645998247403746
2023-10-19,GC=F,1968.4000244140625,-0.7165868190612494,-0.004800935713438476,8.292977548823589e-06,-0.004809228690987299,0.04146488774411794
2023-10-20,GC=F,1982.5,-0.7460090085399267,-0.005343786159743329,5.884437895735451e-06,-0.005349670597639065,0.029422189478677252
2023-10-23,GC=F,1976.300048828125,-0.7406649992129377,0.0023163111373705188,1.068801865397795e-06,0.002315242335505121,0.005344009326988974
2023-10-24,GC=F,1975.0,-0.7434507610534475,0.0004890564523587037,5.571523681019652e-07,0.0004884992999906018,0.002785761840509826
2023-10-25,GC=F,1984.0999755859375,-0.7618709391635633,-0.0035103832638094033,3.684035622023152e-06,-0.0035140672994314263,0.01842017811011576
2023-10-26,GC=F,1987.199951171875,-0.8290242640829258,-0.00129527494099576,1.3430664983872509e-05,-0.0013087056059796324,0.06715332491936254
2023-10-27,GC=F,1988.5999755859375,-0.8499716335713728,-0.0005988230009560697,4.1894738976894e-06,-0.0006030124748537591,0.020947369488447
2023-10-30,GC=F,1996.199951171875,-0.8766395816572842,-0.003350316554388313,5.333589617182266e-06,-0.003355650144005495,0.02666794808591133
2023-10-31,GC=F,1985.199951171875,-0.9392044961331311,0.005175458225715088,1.2512982895169378e-05,0.005162945242819919,0.06256491447584689
2023-11-01,GC=F,1978.800048828125,-0.9237227356060997,0.0029779042141780043,3.096352105406264e-06,0.002974807862072598,0.015481760527031319
2023-11-02,GC=F,1985.5999755859375,0.9243446531746409,0.0031764078155777295,0.00036961347775614815,0.0028067943378215815,1.8480673887807406
2023-11-03,GC=F,1991.5,0.9343592799804684,0.002776361115618899,2.0029253611655084e-06,0.002774358190257734,0.010014626805827542
2023-11-06,GC=F,1981.5999755859375,0.937116875089664,-0.004658538760842434,5.515190218391198e-07,-0.004659090279864273,0.0027575951091955986
2023-11-07,GC=F,1966.800048828125,0.9251793741159422,-0.006909864323502547,2.3875001947443633e-06,-0.006912251823697291,0.011937500973721815
2023-11-08,GC=F,1951.5,0.891359837244769,-0.006934029232610787,6.763907374234646e-06,-0.006940793139985022,0.03381953687117323
2023-11-09,GC=F,1964.199951171875,0.8648520245846241,0.005628274908081972,5.301562532028981e-06,0.0056229733455499436,0.026507812660144903
2023-11-10,GC=F,1932.5999755859375,0.8647949931651261,-0.013912789609100074,1.1406283899595415e-08,-0.013912801015383974,5.7031419497977076e-05
2023-11-13,GC=F,1945.5,1.0,0.006674958386125196,2.704100136697478e-05,0.0066479173847582215,0.1352050068348739
2023-11-14,GC=F,1961.800048828125,1.0,0.008378334015998412,0.0,0.008378334015998412,0.0
2023-11-15,GC=F,1960.0999755859375,1.0,-0.0008665884391241274,0.0,-0.0008665884391241274,0.0
2023-11-16,GC=F,1983.9000244140625,1.0,0.012142262703212614,0.0,0.012142262703212614,0.0
2023-11-17,GC=F,1981.5999755859375,1.0,-0.0011593572255760298,0.0,-0.0011593572255760298,0.0
2023-11-20,GC=F,1977.699951171875,1.0,-0.0019681189251676834,0.0,-0.0019681189251676834,0.0
2023-11-21,GC=F,1999.300048828125,1.0,0.01092182747107362,0.0,0.01092182747107362,0.0
2023-11-22,GC=F,1991.4000244140625,1.0,-0.003951395098846233,0.0,-0.003951395098846233,0.0
2023-11-23,GC=F,1991.4000244140625,1.0,0.0,0.0,0.0,0.0
2023-11-24,GC=F,2002.199951171875,1.0,0.005423283431459369,0.0,0.005423283431459369,0.0
2023-11-27,GC=F,2011.800048828125,1.0,0.004794774693022585,0.0,0.004794774693022585,0.0
2023-11-28,GC=F,2039.699951171875,1.0,0.013868128872947194,0.0,0.013868128872947194,0.0
2023-11-29,GC=F,2047.0999755859375,1.0,0.00362799656381374,0.0,0.00362799656381374,0.0
2023-11-30,GC=F,2038.0999755859375,1.0,-0.004396463341964529,0.0,-0.004396463341964529,0.0
2023-12-01,GC=F,2071.0,1.0,0.016142497820600843,0.0,0.016142497820600843,0.0
2023-12-04,GC=F,2024.0999755859375,0.9362822885834448,-0.021203120324972388,1.274354228331105e-05,-0.0212158638672557,0.06371771141655524
2023-12-05,GC=F,2018.5,0.7866967027150326,-0.002176514194891211,2.991711717368244e-05,-0.0022064313120648935,0.1495855858684122
2023-12-06,GC=F,2030.5,0.7997193249779353,0.004754338320403865,2.604524452580548e-06,0.004751733795951285,0.013022622262902739
2023-12-07,GC=F,2029.9000244140625,0.8162040093979939,-0.00024117334586707263,3.296936884011714e-06,-0.00024447028275108437,0.01648468442005857
2023-12-08,GC=F,1998.300048828125,0.8202706223265721,-0.012769363676845844,8.133225857156479e-07,-0.01277017699943156,0.004066612928578239
2023-12-11,GC=F,1978.0,0.8247145176654169,-0.008377993578937044,8.887790677689633e-07,-0.008378882358004814,0.004443895338844817
2023-12-12,GC=F,1977.800048828125,0.8007190558478123,-8.094272677419037e-05,4.799092363520918e-06,-8.574181913771129e-05,0.02399546181760459
2023-12-13,GC=F,1982.300048828125,0.8143018027451033,0.0018527444746117105,2.7165493794581998e-06,0.0018500279252322523,0.013582746897290998
2023-12-14,GC=F,2030.199951171875,0.8140401487642851,0.01967030352077738,5.2330796163646555e-08,0.019670251189981214,0.00026165398081823277
2023-12-15,GC=F,2021.0999755859375,0.7309047672833989,-0.0032761381626893243,1.6627076296177237e-05,-0.0032927652389855015,0.08313538148088617
2023-12-18,GC=F,2026.300048828125,0.7264663258170946,0.0018691198594154427,8.876882932608688e-07,0.0018682321711221818,0.004438441466304344
2023-12-19,GC=F,2038.4000244140625,0.7277686382052633,0.004345843430042574,2.6046247763373833e-07,0.00434558296756494,0.0013023123881686915
2023-12-20,GC=F,2034.5,0.7402754131712409,-0.0014163521143637742,2.501354993195526e-06,-0.0014188534693569696,0.01250677496597763
2023-12-21,GC=F,2039.0999755859375,0.7431894817414881,0.001680340856100542,5.828137140494461e-07,0.0016797580423864925,0.00291406857024723
2023-12-22,GC=F,2057.10009765625,0.7432292156068768,0.006560843885696256,7.946773077738279e-09,0.006560835938923178,3.973386538869139e-05
2023-12-26,GC=F,2058.199951171875,0.7362311757983563,0.00039363492711764797,1.399607961704108e-06,0.00039223531915594386,0.00699803980852054
2023-12-27,GC=F,2081.89990234375,0.7382702258357995,0.008501102283087392,4.078100074886404e-07,0.008500694473079903,0.002039050037443202
2023-12-28,GC=F,2073.89990234375,0.7480363853652037,-0.00287443746751933,1.953231905880837e-06,-0.002876390699425211,0.009766159529404184
2023-12-29,GC=F,2062.39990234375,0.7453259059512591,-0.004132913024757366,5.420958827889066e-07,-0.004133455120640154,0.002710479413944533
2024-01-02,GC=F,2064.39990234375,0.7429882835240097,0.0007205084549118795,4.675244854498884e-07,0.0007200409304264296,0.0023376224272494417
2024-01-03,GC=F,2034.199951171875,0.792715779052693,-0.011596579612984236,9.945499105736655e-06,-0.011606525112089972,0.049727495528683274
2024-01-04,GC=F,2042.300048828125,0.8675497197885527,0.0034545460724701342,1.496678814717194e-05,0.003439579284322962,0.0748339407358597
2024-01-05,GC=F,2042.4000244140625,0.8669634778958473,4.2439984143838354e-05,1.1724837854107939e-07,4.232273576529727e-05,0.000586241892705397
2024-01-08,GC=F,2026.5999755859375,0.8755621847962981,-0.006773367169249879,1.7197413800901673e-06,-0.006775086910629969,0.008598706900450837
2024-01-09,GC=F,2026.4000244140625,0.857934252457736,-8.464667977758168e-05,3.525586467712416e-06,-8.817226624529409e-05,0.01762793233856208
2024-01-10,GC=F,2021.699951171875,0.937717904944268,-0.002174961893332562,1.5956730497306394e-05,-0.0021909186238298684,0.07978365248653196
2024-01-11,GC=F,2014.300048828125,0.981078912110087,-0.0035909820034961096,8.672201433163807e-06,-0.0035996542049292735,0.04336100716581903
2024-01-12,GC=F,2046.699951171875,0.9726188850554338,0.015644519748592704,1.6920054109306417e-06,0.015642827743181775,0.008460027054653207
2024-01-16,GC=F,2026.0,0.8952240461801543,-0.009054133231989956,1.5478967775055908e-05,-0.009069612199765011,0.07739483887527954
2024-01-17,GC=F,2002.5999755859375,1.0,-0.011549863975351626,2.0955190763969147e-05,-0.011570819166115595,0.10477595381984572
2024-01-18,GC=F,2018.5999755859375,1.0,0.007989613599849621,0.0,0.007989613599849621,0.0
2024-01-19,GC=F,2026.5,0.9892147217964168,0.0038714061961055077,2.1570556407166433e-06,0.0038692491404647912,0.010785278203583215
2024-01-22,GC=F,2019.800048828125,0.9983243626716731,-0.003300628908755661,1.8219281750512685e-06,-0.003302450836930712,0.009109640875256342
2024-01-23,GC=F,2023.699951171875,0.9955338295651672,0.001922212407835241,5.581066213011798e-07,0.00192165430121394,0.002790533106505899
2024-01-24,GC=F,2013.9000244140625,0.9962294175510062,-0.004824319593586299,1.3911759716780383e-07,-0.0048244587111834665,0.000695587985839019
2024-01-25,GC=F,2016.9000244140625,1.0,0.0014896469356133757,7.541164897987507e-07,0.001488892819123577,0.0037705824489937534
2024-01-26,GC=F,2016.800048828125,1.0,-4.9568934864074876e-05,0.0,-4.9568934864074876e-05,0.0
2024-01-29,GC=F,2025.199951171875,1.0,0.004164965361157513,0.0,0.004164965361157513,0.0
2024-01-30,GC=F,2031.5,1.0,0.003110828056498649,0.0,0.003110828056498649,0.0
2024-01-31,GC=F,2048.39990234375,1.0,0.008318928055008667,0.0,0.008318928055008667,0.0
2024-02-01,GC=F,2053.0,1.0,0.002245702926946258,0.0,0.002245702926946258,0.0
2024-02-02,GC=F,2036.0999755859375,1.0,-0.008231867712646168,0.0,-0.008231867712646168,0.0
2024-02-05,GC=F,2025.699951171875,1.0,-0.005107816187203462,0.0,-0.005107816187203462,0.0
2024-02-06,GC=F,2034.5,1.0,0.004344201530455782,0.0,0.004344201530455782,0.0
2024-02-07,GC=F,2035.199951171875,1.0,0.0003440408807446893,0.0,0.0003440408807446893,0.0
2024-02-08,GC=F,2032.199951171875,1.0,-0.0014740566391389098,0.0,-0.0014740566391389098,0.0
2024-02-09,GC=F,2023.300048828125,1.0,-0.00437944225843423,0.0,-0.00437944225843423,0.0
2024-02-12,GC=F,2018.199951171875,1.0,-0.0025206828118271574,0.0,-0.0025206828118271574,0.0
2024-02-13,GC=F,1992.9000244140625,1.0,-0.012535887112236854,0.0,-0.012535887112236854,0.0
2024-02-14,GC=F,1990.300048828125,1.0,-0.0013046191751149294,0.0,-0.0013046191751149294,0.0
2024-02-15,GC=F,2002.0999755859375,1.0,0.005928717514105619,0.0,0.005928717514105619,0.0
2024-02-16,GC=F,2011.5,1.0,0.00469508242779515,0.0,0.00469508242779515,0.0
2024-02-20,GC=F,2027.5,1.0,0.007954262987819982,0.0,0.007954262987819982,0.0
2024-02-21,GC=F,2022.300048828125,1.0,-0.0025647108122688334,0.0,-0.0025647108122688334,0.0
2024-02-22,GC=F,2019.699951171875,1.0,-0.0012857130957182328,0.0,-0.0012857130957182328,0.0
2024-02-23,GC=F,2038.5999755859375,1.0,0.009357837733815932,0.0,0.009357837733815932,0.0
2024-02-26,GC=F,2028.5,1.0,-0.004954368540613041,0.0,-0.004954368540613041,0.0
2024-02-27,GC=F,2034.0,1.0,0.002711363076164597,0.0,0.002711363076164597,0.0
2024-02-28,GC=F,2033.0,1.0,-0.000491642084562427,0.0,-0.000491642084562427,0.0
2024-02-29,GC=F,2045.699951171875,1.0,0.0062469017077595446,0.0,0.0062469017077595446,0.0
2024-03-01,GC=F,2086.89990234375,1.0,0.020139782057614797,0.0,0.020139782057614797,0.0
2024-03-04,GC=F,2117.699951171875,1.0,0.014758757137097955,0.0,0.014758757137097955,0.0
2024-03-05,GC=F,2133.5,1.0,0.00746094781717388,0.0,0.00746094781717388,0.0
2024-03-06,GC=F,2150.300048828125,1.0,0.007874407700082076,0.0,0.007874407700082076,0.0
2024-03-07,GC=F,2158.0,1.0,0.003580872900073251,0.0,0.003580872900073251,0.0
2024-03-08,GC=F,2178.60009765625,1.0,0.009545921064064045,0.0,0.009545921064064045,0.0
2024-03-11,GC=F,2182.5,1.0,0.0017900955517011763,0.0,0.0017900955517011763,0.0
2024-03-12,GC=F,2160.39990234375,1.0,-0.010126047036082442,0.0,-0.010126047036082442,0.0
2024-03-13,GC=F,2175.39990234375,0.992360354591196,0.006890115715483536,1.5279290817608039e-06,0.006888587786401775,0.007639645408804019
2024-03-14,GC=F,2163.0,1.0,-0.005700056495539285,1.5279290817608039e-06,-0.005701584424621046,0.007639645408804019
2024-03-15,GC=F,2157.300048828125,1.0,-0.0026352062745608196,0.0,-0.0026352062745608196,0.0
2024-03-18,GC=F,2160.699951171875,1.0,0.0015759988257531,0.0,0.0015759988257531,0.0
2024-03-19,GC=F,2156.300048828125,1.0,-0.002036331949451742,0.0,-0.002036331949451742,0.0
2024-03-20,GC=F,2157.89990234375,1.0,0.0007419438294287151,0.0,0.0007419438294287151,0.0
2024-03-21,GC=F,2182.39990234375,1.0,0.011353631358614003,0.0,0.011353631358614003,0.0
2024-03-22,GC=F,2158.10009765625,1.0,-0.0111344417956597,0.0,-0.0111344417956597,0.0
2024-03-25,GC=F,2174.800048828125,0.974476817156733,0.007540760172484621,5.1046365686534096e-06,0.0075356555359159675,0.025523182843267045
2024-03-26,GC=F,2175.60009765625,0.9936031083875658,0.00036551912113270355,3.825258246166574e-06,0.00036169386288653697,0.01912629123083287
2024-03-27,GC=F,2190.60009765625,0.9897660508848253,0.006824089950752517,7.674115005481098e-07,0.006823322539251968,0.0038370575027405485
2024-03-28,GC=F,2217.39990234375,0.9921742634549618,0.01213826133989783,4.81642514027314e-07,0.012137779697383803,0.0024082125701365698
2024-04-01,GC=F,2236.5,0.9660167436450925,0.008321013328128787,5.231503961973871e-06,0.008315781824166812,0.026157519809869356
2024-04-02,GC=F,2261.0,1.0,0.010954616588419341,6.796651270981502e-06,0.01094781993714836,0.03398325635490751
2024-04-03,GC=F,2294.39990234375,1.0,0.014772181487726632,0.0,0.014772181487726632,0.0
2024-04-04,GC=F,2288.800048828125,1.0,-0.0024406615036484114,0.0,-0.0024406615036484114,0.0
2024-04-05,GC=F,2325.699951171875,1.0,0.016121942308871873,0.0,0.016121942308871873,0.0
2024-04-08,GC=F,2331.699951171875,0.9781429183156186,0.0025234800847532203,4.371416336876277e-06,0.002519108668416344,0.021857081684381385
2024-04-09,GC=F,2343.5,0.9924746183522677,0.0050226226369072015,2.866340007329815e-06,0.005019756296899872,0.014331700036649075
2024-04-10,GC=F,2329.60009765625,0.9927176149509073,-0.005888063965324474,4.859931972791554e-08,-0.005888112564644202,0.00024299659863957768
2024-04-11,GC=F,2354.800048828125,1.0,0.010817286278974603,1.4564770098185465e-06,0.010815829801964784,0.007282385049092732
2024-04-12,GC=F,2356.199951171875,1.0,0.000594488837575291,0.0,0.000594488837575291,0.0
2024-04-15,GC=F,2365.800048828125,1.0,0.00407439854647107,0.0,0.00407439854647107,0.0
2024-04-16,GC=F,2390.800048828125,1.0,0.010567249760766284,0.0,0.010567249760766284,0.0
2024-04-17,GC=F,2371.699951171875,1.0,-0.007988998354593546,0.0,-0.007988998354593546,0.0
2024-04-18,GC=F,2382.300048828125,1.0,0.004469409231556698,0.0,0.004469409231556698,0.0
2024-04-19,GC=F,2398.39990234375,1.0,0.006758113245871167,0.0,0.006758113245871167,0.0
2024-04-22,GC=F,2332.199951171875,1.0,-0.027601715254901182,0.0,-0.027601715254901182,0.0
2024-04-23,GC=F,2327.699951171875,0.7901351050971163,-0.0015245725269612401,4.197297898057675e-05,-0.0015665455059418168,0.20986489490288374
2024-04-24,GC=F,2324.5,0.7868724541399426,-0.001081734538196673,6.525301914347415e-07,-0.0010823870683881077,0.0032626509571737072
2024-04-25,GC=F,2329.800048828125,0.7839843074022886,0.0017875479069545445,5.776293475307837e-07,0.0017869702776070137,0.0028881467376539183
2024-04-26,GC=F,2334.800048828125,0.7866054008999023,0.0016881392918151716,5.242186995227272e-07,0.001687615073115649,0.0026210934976136357
2024-04-29,GC=F,2345.39990234375,0.8058055530315699,0.003658309339379648,3.840030426333519e-06,0.0036544693089533144,0.01920015213166759
2024-04-30,GC=F,2291.39990234375,0.8134699462093157,-0.018729163010285217,1.532878635549162e-06,-0.018730695888920765,0.00766439317774581
2024-05-01,GC=F,2299.89990234375,0.7136293428848512,0.0026472242616040007,1.9968120664892885e-05,0.0026272561409391077,0.09984060332446443
2024-05-02,GC=F,2299.199951171875,0.7467303358821101,-0.00022725979210773552,6.620198599451777e-06,-0.0002338799907071873,0.03310099299725888
2024-05-03,GC=F,2299.0,0.7479767070240951,-6.504820036569968e-05,2.4927422839700063e-07,-6.529747459409668e-05,0.0012463711419850032
2024-05-06,GC=F,2321.60009765625,0.8015698211313738,0.00787975477854362,1.0718622821455726e-05,0.007869036155722164,0.05359311410727863
2024-05-07,GC=F,2315.199951171875,0.780970656113208,-0.0021529662253930337,4.119833003633145e-06,-0.0021570860583966667,0.02059916501816572
2024-05-08,GC=F,2313.60009765625,0.785961051264652,-0.0005431161789605453,9.9807903028879e-07,-0.0005441142579908342,0.004990395151443949
2024-05-09,GC=F,2332.10009765625,0.7924556388855201,0.006336630662418148,1.298917524173615e-06,0.006335331744893975,0.006494587620868075
2024-05-10,GC=F,2367.300048828125,0.8047445809454927,0.012146549791572392,2.4577884119945327e-06,0.012144092003160398,0.012288942059972663
2024-05-13,GC=F,2336.10009765625,0.7569853307946403,-0.009976726596322216,9.551850030170494e-06,-0.009986278446352387,0.04775925015085247
2024-05-14,GC=F,2353.39990234375,0.7296795051142883,0.005403583919890076,5.461165136070401e-06,0.005398122754754005,0.027305825680352003
2024-05-15,GC=F,2388.699951171875,0.7402700427998259,0.011103751908380564,2.1181075371075277e-06,0.011101633800843455,0.010590537685537638
2024-05-16,GC=F,2380.0,0.7120545630782406,-0.0025933939201749938,5.643095944317067e-06,-0.002599037016119311,0.028215479721585335
2024-05-17,GC=F,2412.199951171875,0.7125738320464601,0.00964069016733267,1.0385379364390435e-07,0.009640586313539026,0.0005192689682195217
2024-05-20,GC=F,2433.89990234375,0.6921246129227581,0.006226295750474662,4.0898438247404025e-06,0.0062222059066499216,0.02044921912370201
2024-05-21,GC=F,2421.699951171875,0.8418862272535397,-0.0042199643686564895,2.9952322866156323e-05,-0.004249916691522646,0.1497616143307816
2024-05-22,GC=F,2389.199951171875,0.8330597309614666,-0.011179932197275777,1.765299258414621e-06,-0.011181697496534191,0.008826496292073105
2024-05-23,GC=F,2335.0,0.7824987333447392,-0.017751294996694044,1.0112199523345478e-05,-0.01776140719621739,0.05056099761672739
2024-05-24,GC=F,2332.5,0.6878231250837041,-0.0007364273287834147,1.893512165220701e-05,-0.0007553624504356217,0.09467560826103505
2024-05-28,GC=F,2355.199951171875,0.6882319659985171,0.0066978915425894145,8.17681829625938e-08,0.006697809774406452,0.000408840914812969
2024-05-29,GC=F,2340.300048828125,0.6781007836197642,-0.004289926827710534,2.026236475750576e-06,-0.004291953064186285,0.010131182378752879
2024-05-30,GC=F,2342.89990234375,0.761203099716235,0.00084562513934613,1.6620463219294157e-05,0.0008290046761268359,0.08310231609647079
2024-05-31,GC=F,2322.89990234375,0.7625801567188176,-0.006509711797383744,2.754114005165231e-07,-0.00650998720878426,0.0013770570025826157
2024-06-03,GC=F,2346.60009765625,0.7465221615035711,0.007616652364095722,3.211599043049307e-06,0.007613440765052673,0.016057995215246534
2024-06-04,GC=F,2325.5,0.7311420823724776,-0.006574264338462122,3.0760158262187034e-06,-0.006577340354288341,0.015380079131093516
2024-06-05,GC=F,2354.10009765625,0.7299292237413312,0.0089770144404012,2.4257172622927927e-07,0.00897677186867497,0.0012128586311463962
2024-06-06,GC=F,2370.300048828125,0.7090519732715859,0.004879404812377096,4.1754500939490625e-06,0.004875229362283146,0.020877250469745312
2024-06-07,GC=F,2305.199951171875,0.7043385608122027,-0.019344601167521555,9.426824918766341e-07,-0.01934554385001343,0.0047134124593831705
2024-06-10,GC=F,2307.699951171875,0.6150412332914249,0.0006670150597768125,1.785946550415556e-05,0.0006491555942726569,0.08929732752077779
2024-06-11,GC=F,2307.5,0.6422514373708996,-5.564801761839933e-05,5.442040815894945e-06,-6.109005843429427e-05,0.02721020407947472
2024-06-12,GC=F,2336.0,0.6604674536332767,0.008157452840107712,3.6432032524754244e-06,0.008153809636855237,0.01821601626237712
2024-06-13,GC=F,2300.199951171875,0.6479834429489266,-0.009930581719772333,2.4968021368700245e-06,-0.009933078521909203,0.012484010684350122
2024-06-14,GC=F,2331.39990234375,0.6545637946712723,0.008878514418807968,1.3160703444691446e-06,0.008877198348463499,0.006580351722345723
2024-06-17,GC=F,2312.39990234375,0.6292962280916302,-0.0051285188447168445,5.053513315928426e-06,-0.005133572358032773,0.02526756657964213
2024-06-18,GC=F,2330.39990234375,0.6500925154458259,0.005060398621434253,4.15925747083914e-06,0.005056239363963414,0.020796287354195697
2024-06-20,GC=F,2353.800048828125,0.6531620786284993,0.006558568897369948,6.139126365346748e-07,0.006557954984733413,0.003069563182673374
2024-06-21,GC=F,2316.39990234375,0.6381308730493007,-0.010139428852560424,3.006241115839714e-06,-0.010142435093676263,0.01503120557919857
2024-06-24,GC=F,2330.0,0.6308242651906817,0.0037037091919425603,1.461321571723806e-06,0.0037022478703708363,0.00730660785861903
2024-06-25,GC=F,2316.60009765625,0.6850627135794689,-0.003939816936184195,1.0847689677757444e-05,-0.003950664625861952,0.05423844838878722
2024-06-26,GC=F,2299.199951171875,0.6808259306553174,-0.005113731513586973,8.473565848303055e-07,-0.005114578870171803,0.004236782924151528
2024-06-27,GC=F,2324.5,0.6896682100321357,0.007589004766690867,1.7684558753636726e-06,0.007587236310815503,0.008842279376818363
2024-06-28,GC=F,2327.699951171875,0.6749906925417499,0.0009292051011416168,2.9355034980771633e-06,0.0009262695976435397,0.014677517490385816
2024-07-01,GC=F,2327.60009765625,0.6748825559795117,-2.8951066401224272e-05,2.1627312447636272e-08,-2.8972693713671908e-05,0.00010813656223818136
2024-07-02,GC=F,2323.0,0.6847814699286725,-0.001353351736853025,1.979782789832152e-06,-0.0013553315196428572,0.00989891394916076
2024-07-03,GC=F,2359.800048828125,0.6998250829735022,0.011086352658016156,3.0087226089659415e-06,0.01108334393540719,0.015043613044829707
2024-07-05,GC=F,2388.5,0.6768034028011999,0.008231301047306664,4.604336034460466e-06,0.008226696711272203,0.023021680172302328
2024-07-08,GC=F,2355.199951171875,0.6772271788327735,-0.009441782760253141,8.475520631472389e-08,-0.009441867515459456,0.00042377603157361943
2024-07-09,GC=F,2360.10009765625,0.6567063261174038,0.0013663201689478733,4.1041705430739485e-06,0.0013622159984047993,0.020520852715369742
2024-07-10,GC=F,2372.199951171875,0.7814854955886558,0.004006550413094261,2.4955833894250402e-05,0.003981594579200011,0.124779169471252
2024-07-11,GC=F,2415.0,0.7784974063576943,0.014045918426150371,5.976178461922999e-07,0.014045320808304179,0.0029880892309614993
2024-07-12,GC=F,2414.0,0.7302575781335083,-0.0003023840903244401,9.647965644837186e-06,-0.0003120320559692773,0.04823982822418593
2024-07-15,GC=F,2422.89990234375,0.7480920768042182,0.002758055686698634,3.566899734141971e-06,0.002754488786964492,0.017834498670709853
2024-07-16,GC=F,2462.39990234375,0.8108283765543923,0.01321875527871254,1.2547259950034829e-05,0.013206208018762504,0.06273629975017414
2024-07-17,GC=F,2454.800048828125,0.7956549743634115,-0.0024556779946201283,3.034680438196169e-06,-0.0024587126750583244,0.015173402190980845
2024-07-18,GC=F,2451.800048828125,0.8153940785090171,-0.0009964894031571797,3.94782082912113e-06,-0.0010004372239863007,0.019739104145605646
2024-07-19,GC=F,2395.5,0.8174129530630944,-0.01877004170555837,4.037749108154465e-07,-0.018770445480469185,0.0020188745540772324
2024-07-22,GC=F,2392.0,0.71221006818207,-0.0010405907904977264,2.1040576976204873e-05,-0.0010616313674739312,0.10520288488102436
2024-07-23,GC=F,2404.60009765625,0.762562242687319,0.004016872377437014,1.0070434901049798e-05,0.004006801942535964,0.05035217450524898
2024-07-24,GC=F,2413.300048828125,0.7634839322370974,0.0027623191637760956,1.8433790995568968e-07,0.00276213482586614,0.0009216895497784483
2024-07-25,GC=F,2351.89990234375,0.7743914766221832,-0.019702378129044608,2.1815088770171576e-06,-0.019704559637921625,0.010907544385085788
2024-07-26,GC=F,2380.0,0.6687136755262725,0.007989676587694975,2.113556021918215e-05,0.007968541027475793,0.10567780109591074
2024-07-29,GC=F,2377.300048828125,0.6661952004240103,-0.0007557539966732218,5.036950204524438e-07,-0.0007562576916936742,0.0025184751022622187
2024-07-30,GC=F,2405.0,0.6655068176818713,0.00775438774059034,1.3767654842780087e-07,0.007754250064041912,0.0006883827421390043
2024-07-31,GC=F,2426.5,0.652641202259934,0.005834422390265541,2.5731230843874408e-06,0.005831849267181153,0.012865615421937204
2024-08-01,GC=F,2435.0,0.6486829153836056,0.002272328366272696,7.916573752656975e-07,0.00227153670889743,0.003958286876328487
2024-08-02,GC=F,2425.699951171875,0.6727395952888674,-0.002569409069732868,4.811335981052367e-06,-0.0025742204057139203,0.024056679905261835
2024-08-05,GC=F,2401.699951171875,0.6856069126556954,-0.006783430034612238,2.5734634733656006e-06,-0.006786003498085603,0.012867317366828002
2024-08-06,GC=F,2389.10009765625,0.7007664191719377,-0.003676376903754006,3.0319013032484635e-06,-0.0036794088050572543,0.015159506516242316
2024-08-07,GC=F,2390.5,0.6954527737535248,0.00040750321382518166,1.06272908368259e-06,0.00040644048474149905,0.005313645418412949
2024-08-08,GC=F,2422.199951171875,0.6985467498714117,0.00926329130399327,6.187952235773953e-07,0.009262672508769693,0.0030939761178869762
2024-08-09,GC=F,2432.10009765625,0.7214892935325697,0.002948910014396143,4.5885087322316e-06,0.0029443215056639115,0.022942543661158
2024-08-12,GC=F,2462.39990234375,0.7192513391678244,0.008960640690327426,4.4759087294907743e-07,0.008960193099454478,0.002237954364745387
2024-08-13,GC=F,2466.699951171875,0.6989434102187156,0.0012205534889666147,4.0615857898217425e-06,0.001216491903176793,0.02030792894910871
2024-08-14,GC=F,2439.39990234375,0.739234315211467,-0.008181429967236547,8.058180998550269e-06,-0.008189488148235096,0.04029090499275134
2024-08-15,GC=F,2453.10009765625,0.7201993135664001,0.004044794480113022,3.807000329013377e-06,0.004040987479784009,0.019035001645066885
2024-08-16,GC=F,2498.60009765625,0.7151450231848059,0.0132644805591086,1.0108580763188436e-06,0.01326346970103228,0.0050542903815942175
2024-08-19,GC=F,2501.800048828125,0.7639286902539462,0.0009783616473480676,9.756733413828056e-06,0.0009686049139342396,0.04878366706914028
2024-08-20,GC=F,2511.300048828125,0.7664189673831506,0.002910296605658236,4.980554258408932e-07,0.002909798550232395,0.0024902771292044656
2024-08-21,GC=F,2508.39990234375,0.7677393446802436,-0.0008866151069561627,2.6407545941860015e-07,-0.0008868791824155813,0.0013203772970930006
2024-08-22,GC=F,2478.89990234375,0.7660986643383214,-0.00900969202592615,3.2813606838444364e-07,-0.009010020161994535,0.0016406803419222182
2024-08-23,GC=F,2508.39990234375,0.9118110357533025,0.01085095268642782,2.914247428299621e-05,0.010821810212144824,0.14571237141498106
2024-08-26,GC=F,2517.699951171875,0.9121021899299123,0.0033816756629045956,5.8230835321970714e-08,0.0033816174320692735,0.00029115417660985354
2024-08-27,GC=F,2516.0,0.9169612157237204,-0.0006191322728937256,9.718051587616074e-07,-0.0006201040780524872,0.004859025793808036
2024-08-28,GC=F,2501.0,0.9419780212224227,-0.0056159261996567185,5.003361099740467e-06,-0.005620929560756459,0.025016805498702332
2024-08-29,GC=F,2525.699951171875,0.937334756978693,0.009257146233136775,9.286528487459478e-07,0.009256217580288028,0.004643264243729739
2024-08-30,GC=F,2493.800048828125,0.9152494835240392,-0.011559714023448363,4.4170546909307446e-06,-0.011564131078139294,0.02208527345465372
2024-09-03,GC=F,2489.89990234375,0.8619614151957288,-0.0013480534595073938,1.0657613665662092e-05,-0.001358711073173056,0.053288068328310456
2024-09-04,GC=F,2493.39990234375,0.898523105653068,0.0012630350588894515,7.3123380914678515e-06,0.0012557227207979837,0.03656169045733926
2024-09-05,GC=F,2511.39990234375,0.9155764510494847,0.006609600049875528,3.410669079283335e-06,0.006606189380796245,0.017053345396416675
2024-09-06,GC=F,2493.5,0.9086886348153735,-0.006476641895578304,1.3775632468222333e-06,-0.006478019458825126,0.006887816234111166
2024-09-09,GC=F,2501.800048828125,0.923385466181792,0.0030736492706997533,2.9393662732836833e-06,0.0030707099044264695,0.014696831366418417
2024-09-10,GC=F,2512.300048828125,0.9245592662693701,0.003880354986952591,2.3476001751563393e-07,0.0038801202269350757,0.0011738000875781696
2024-09-11,GC=F,2512.10009765625,0.9679169642573722,-7.703543665947104e-05,8.67153959760041e-06,-8.570697625707145e-05,0.04335769798800204
2024-09-12,GC=F,2551.199951171875,0.967692368267069,0.01506175246867416,4.4919198060644486e-08,0.015061707549476099,0.00022459599030322241
2024-09-13,GC=F,2581.300048828125,0.9544543759898984,0.01126104204906978,2.6475984554341195e-06,0.011258394450614346,0.013237992277170596
2024-09-16,GC=F,2580.39990234375,0.9262277999458454,-0.0003229925549453869,5.645315208810598e-06,-0.0003286378701541975,0.028226576044052987
2024-09-17,GC=F,2564.300048828125,1.0,-0.006239286205599992,1.4754440010830927e-05,-0.006254040645610823,0.07377220005415464
2024-09-18,GC=F,2570.699951171875,1.0,0.0024957696922693895,0.0,0.0024957696922693895,0.0
2024-09-19,GC=F,2588.0,1.0,0.006729703643647111,0.0,0.006729703643647111,0.0
2024-09-20,GC=F,2619.89990234375,0.9994481912175112,0.012319281181405125,1.103617564977677e-07,0.012319170819648628,0.0005518087824888385
2024-09-23,GC=F,2626.5,1.0,0.002519217490082548,1.103617564977677e-07,0.0025191071283260503,0.0005518087824888385
2024-09-24,GC=F,2651.199951171875,1.0,0.009404131418951023,0.0,0.009404131418951023,0.0
2024-09-25,GC=F,2659.199951171875,1.0,0.003017501564325231,0.0,0.003017501564325231,0.0
2024-09-26,GC=F,2669.89990234375,1.0,0.004023748258253246,0.0,0.004023748258253246,0.0
2024-09-27,GC=F,2644.300048828125,1.0,-0.009588319582000904,0.0,-0.009588319582000904,0.0
2024-09-30,GC=F,2636.10009765625,1.0,-0.0031009911963315595,0.0,-0.0031009911963315595,0.0
2024-10-01,GC=F,2667.300048828125,1.0,0.011835647363927837,0.0,0.011835647363927837,0.0
2024-10-02,GC=F,2647.10009765625,1.0,-0.007573182919840549,0.0,-0.007573182919840549,0.0
2024-10-03,GC=F,2657.10009765625,1.0,0.003777718873892999,0.0,0.003777718873892999,0.0
2024-10-04,GC=F,2645.800048828125,1.0,-0.004252774985064489,0.0,-0.004252774985064489,0.0
2024-10-07,GC=F,2644.800048828125,1.0,-0.00037795751059988003,0.0,-0.00037795751059988003,0.0
2024-10-08,GC=F,2615.0,1.0,-0.011267410873396222,0.0,-0.011267410873396222,0.0
2024-10-09,GC=F,2606.0,1.0,-0.0034416826003823564,0.0,-0.0034416826003823564,0.0
2024-10-10,GC=F,2620.60009765625,0.9991708937481111,0.005597848282427188,1.658212503777845e-07,0.005597682461176811,0.0008291062518889225
2024-10-11,GC=F,2657.60009765625,1.0,0.014118903541632033,1.658212503777845e-07,0.014118737720381655,0.0008291062518889225
2024-10-14,GC=F,2647.800048828125,1.0,-0.003687555865447112,0.0,-0.003687555865447112,0.0
2024-10-15,GC=F,2661.39990234375,1.0,0.005136284184919404,0.0,0.005136284184919404,0.0
2024-10-16,GC=F,2674.0,1.0,0.004734387209210489,0.0,0.004734387209210489,0.0
2024-10-17,GC=F,2691.0,1.0,0.006357516828721099,0.0,0.006357516828721099,0.0
2024-10-18,GC=F,2713.699951171875,1.0,0.00843550768185608,0.0,0.00843550768185608,0.0
2024-10-21,GC=F,2723.10009765625,1.0,0.003463959410956896,0.0,0.003463959410956896,0.0
2024-10-22,GC=F,2744.199951171875,1.0,0.007748467834063577,0.0,0.007748467834063577,0.0
2024-10-23,GC=F,2714.39990234375,1.0,-0.010859284803718228,0.0,-0.010859284803718228,0.0
2024-10-24,GC=F,2734.89990234375,1.0,0.007552313858506743,0.0,0.007552313858506743,0.0
2024-10-25,GC=F,2740.89990234375,1.0,0.0021938645706405246,0.0,0.0021938645706405246,0.0
2024-10-28,GC=F,2742.89990234375,1.0,0.0007296873549778038,0.0,0.0007296873549778038,0.0
2024-10-29,GC=F,2768.39990234375,1.0,0.009296730069591863,0.0,0.009296730069591863,0.0
2024-10-30,GC=F,2788.5,1.0,0.007260547018237196,0.0,0.007260547018237196,0.0
2024-10-31,GC=F,2738.300048828125,1.0,-0.018002492799668257,0.0,-0.018002492799668257,0.0
2024-11-01,GC=F,2738.60009765625,0.9639030506302281,0.00010561953606638171,7.219389873954385e-06,9.840014619242732e-05,0.036096949369771925
2024-11-04,GC=F,2736.10009765625,0.9768689197612357,-0.0008917593705970883,2.5931738262015224e-06,-0.0008943525444232898,0.012965869131007612
2024-11-05,GC=F,2740.300048828125,0.9758289869178235,0.0014979108771151692,2.0798656868243892e-07,0.0014977028905464869,0.0010399328434121946
2024-11-06,GC=F,2667.60009765625,1.0,-0.026529923685898793,4.834202616435302e-06,-0.02653475788851523,0.024171013082176507
2024-11-07,GC=F,2698.39990234375,0.7972986368808028,0.009205518591453911,4.054027262383944e-05,0.009164978318830072,0.20270136311919718
2024-11-08,GC=F,2687.5,0.7789447927454669,-0.0031464654904277143,3.6707688270671834e-06,-0.0031501362592547813,0.018353844135335917
2024-11-11,GC=F,2611.199951171875,0.8106903138101591,-0.023016078336075548,6.349104212938439e-06,-0.023022427440288488,0.031745521064692195
2024-11-12,GC=F,2600.0,0.6720146084361256,-0.0028824030874745913,2.7735141074806704e-05,-0.002910138228549398,0.1386757053740335
2024-11-13,GC=F,2580.800048828125,0.6752691948037809,-0.0049865906031169365,6.509172735310598e-07,-0.004987241520390468,0.003254586367655299
2024-11-14,GC=F,2568.199951171875,0.6755334733320915,-0.003298119797353191,5.285570566211373e-08,-0.003298172653058853,0.00026427852831056864
2024-11-15,GC=F,2565.699951171875,0.6839581295249857,-0.0006657952481589888,1.6849312385788462e-06,-0.0006674801793975676,0.008424656192894231
2024-11-18,GC=F,2610.60009765625,0.7010045255141308,0.012267687758039752,3.4092791978290296e-06,0.012264278478841923,0.017046395989145147
2024-11-19,GC=F,2627.10009765625,0.6521664837641922,0.004121943836503324,9.767608349987734e-06,0.004112176228153337,0.048838041749938665
2024-11-20,GC=F,2648.199951171875,0.6553470904196401,0.005263494764467447,6.361213310895897e-07,0.005262858643136358,0.0031806066554479484
2024-11-21,GC=F,2672.10009765625,0.65430330413716,0.00590512238593191,2.087572564960283e-07,0.005904913628675414,0.0010437862824801414
2024-11-22,GC=F,2709.89990234375,0.6509298404973198,0.009208120929917974,6.746927279680293e-07,0.009207446237190007,0.0033734636398401463
2024-11-25,GC=F,2616.800048828125,0.6265190204534878,-0.021524348179253732,4.882164008766399e-06,-0.021529230343262498,0.024410820043831993
2024-11-26,GC=F,2620.300048828125,0.5348560459738176,0.0007153760799365305,1.833259489593404e-05,0.0006970434850405964,0.0916629744796702
2024-11-27,GC=F,2639.89990234375,0.5433280610743887,0.004064095794200847,1.6944030201142103e-06,0.004062401391180733,0.008472015100571051
2024-11-29,GC=F,2657.0,0.5430199527494172,0.0035174417837067675,6.162166499430467e-08,0.0035173801620417733,0.0003081083249715233
2024-12-02,GC=F,2634.89990234375,0.5563132500455858,-0.004627240178198435,2.6586594592337367e-06,-0.004629898837657668,0.013293297296168682
2024-12-03,GC=F,2644.699951171875,0.5531900683390698,0.0020574935981949303,6.246363413032086e-07,0.002056868961853627,0.0031231817065160428
2024-12-04,GC=F,2653.800048828125,0.5510607943687335,0.0018961345845921425,4.258547940672708e-07,0.0018957087297980753,0.002129273970336354
2024-12-05,GC=F,2626.60009765625,0.5499361413785818,-0.0056365347493878264,2.2493059803032623e-07,-0.0056367596799858566,0.0011246529901516311
2024-12-06,GC=F,2638.60009765625,0.5961309083396388,0.0027235097213537786,9.238953392211392e-06,0.002714270767961567,0.046194766961056954
2024-12-09,GC=F,2664.89990234375,0.6080199730122532,0.006060337279046278,2.377812934522883e-06,0.006057959466111755,0.011889064672614413
2024-12-10,GC=F,2697.60009765625,0.5981929604745552,0.0073402481740034355,1.965402507539604e-06,0.007338282771495896,0.009827012537698021
2024-12-11,GC=F,2733.800048828125,0.6783730405832589,0.00910330295686391,1.603601602174074e-05,0.00908726694084217,0.0801800801087037
2024-12-12,GC=F,2687.5,0.666912383808549,-0.011294928444987532,2.292131354941973e-06,-0.011297220576342474,0.011460656774709865
2024-12-13,GC=F,2656.0,0.6336363642841364,-0.007426807618586168,6.655203904882523e-06,-0.007433462822491051,0.033276019524412614
2024-12-16,GC=F,2651.39990234375,0.6186146011448733,-0.0010714185153797397,3.0043526278526134e-06,-0.0010744228680075922,0.015021763139263067
2024-12-17,GC=F,2644.39990234375,0.6181294603531381,-0.001631932707943142,9.702815834704559e-08,-0.0016320297361014891,0.00048514079173522795
2024-12-18,GC=F,2636.5,0.6457375058820439,-0.0019290816156979926,5.521609105781167e-06,-0.0019346032248037737,0.027608045528905834
2024-12-19,GC=F,2592.199951171875,0.6483553474810021,-0.010894054068418098,5.235683197916341e-07,-0.010894577636737889,0.0026178415989581705
2024-12-20,GC=F,2628.699951171875,0.6258264898986362,0.00881207750620225,4.505771516473179e-06,0.008807571734685778,0.02252885758236589
2024-12-23,GC=F,2612.300048828125,0.6127782527256721,-0.0038229937572733237,2.6096474345928213e-06,-0.0038256034047079164,0.013048237172964106
2024-12-24,GC=F,2620.0,0.635326551355318,0.0018726728676616276,4.509659725929183e-06,0.0018681632079356983,0.022548298629645913
2024-12-26,GC=F,2638.800048828125,0.8147675386028134,0.005846438744009228,3.588819744949907e-05,0.005810550546559729,0.17944098724749535
2024-12-27,GC=F,2617.199951171875,0.8039185652149441,-0.006580536302485909,2.1697946775738555e-06,-0.006582706097163483,0.010848973387869276
2024-12-30,GC=F,2606.10009765625,0.8013861400018173,-0.003398773089342808,5.064850426253598e-07,-0.003399279574385433,0.002532425213126799
2024-12-31,GC=F,2629.199951171875,0.810085616216363,0.007180406879437228,1.7398952429091397e-06,0.007178666984194319,0.008699476214545698
2025-01-02,GC=F,2658.89990234375,0.8040276261297019,0.009082451574764108,1.2115980173322161e-06,0.009081239976746775,0.00605799008666108
2025-01-03,GC=F,2645.0,0.7797353278877384,-0.004076213964300772,4.85845964839271e-06,-0.004081072423949165,0.02429229824196355
2025-01-06,GC=F,2638.39990234375,0.7761942721809615,-0.0019368461234844166,7.082111413553749e-07,-0.001937554334625772,0.0035410557067768744
2025-01-07,GC=F,2656.699951171875,0.7974977682796389,0.005531476895096035,4.260699219735487e-06,0.005527216195876299,0.021303496098677432
2025-01-08,GC=F,2664.5,0.7918592349990962,0.002324892088498786,1.1277066561085513e-06,0.002323764381842677,0.005638533280542757
2025-01-09,GC=F,2683.800048828125,0.8116385591158006,0.005879025641480181,3.955864823340893e-06,0.0058750697766568405,0.019779324116704466
2025-01-10,GC=F,2708.5,0.8358388141623002,0.007692517147982451,4.8400510092999175e-06,0.007687677096973151,0.024200255046499586
2025-01-13,GC=F,2673.5,0.8620823066280181,-0.011140070419782386,5.248698493143578e-06,-0.011145319118275529,0.026243492465717888
2025-01-14,GC=F,2677.5,0.8969491003879123,0.001341984814494821,6.973358751978842e-06,0.0013350114557428422,0.03486679375989421
2025-01-15,GC=F,2712.5,0.9439398642225582,0.012339083192451698,9.39815276692917e-06,0.01232968503968477,0.04699076383464584
2025-01-16,GC=F,2746.39990234375,0.8950247504484563,0.011185714888642187,9.78302275482037e-06,0.011175931865887367,0.04891511377410185
2025-01-17,GC=F,2744.300048828125,0.8645995628659289,-0.0006610590213546279,6.0850375165054876e-06,-0.0006671440588711334,0.030425187582527435
2025-01-21,GC=F,2755.0,0.8694981166527983,0.003390149483178859,9.797107573738861e-07,0.0033891697724214853,0.004898553786869431
2025-01-22,GC=F,2767.60009765625,1.0,0.0045735381692377786,2.610037666944034e-05,0.004547437792568338,0.1305018833472017
2025-01-23,GC=F,2763.10009765625,1.0,-0.0016259574509376318,0.0,-0.0016259574509376318,0.0
2025-01-24,GC=F,2777.300048828125,1.0,0.005139137443453512,0.0,0.005139137443453512,0.0
2025-01-27,GC=F,2737.5,1.0,-0.014330482169155112,0.0,-0.014330482169155112,0.0
2025-01-28,GC=F,2766.800048828125,0.9693690130410104,0.010375364169707002,6.126197391797916e-06,0.010369237972315204,0.03063098695898958
2025-01-29,GC=F,2769.10009765625,0.98607389094936,0.0008197260580081984,3.3409755816699252e-06,0.0008163850824265285,0.016704877908349625
2025-01-30,GC=F,2823.0,1.0,0.019464772107505413,2.7852218101279915e-06,0.019461986885695285,0.013926109050639957
2025-01-31,GC=F,2812.5,0.9173962746660088,-0.0034122071852614863,1.6520745066798237e-05,-0.0034287279303282844,0.08260372533399118
2025-02-03,GC=F,2833.89990234375,0.9232079102121059,0.007024554354316917,1.1623271092194189e-06,0.007023392027207697,0.005811635546097094
2025-02-04,GC=F,2853.300048828125,0.9411817946922428,0.006443087375935785,3.5947768960273853e-06,0.006439492599039758,0.017973884480136926
2025-02-05,GC=F,2871.60009765625,0.9518943688397808,0.006105110970064126,2.1425148295076024e-06,0.0061029684552346185,0.010712574147538012
2025-02-06,GC=F,2856.0,0.9529739084114246,-0.0051770739411836275,2.1590791432875012e-07,-0.005177289849097956,0.0010795395716437506
2025-02-07,GC=F,2867.300048828125,0.922973412475903,0.0036518363543554143,6.000099187104313e-06,0.00364583625516831,0.030000495935521565
2025-02-10,GC=F,2914.300048828125,0.9279252245571287,0.01521029707791111,9.903624162451274e-07,0.015209306715494864,0.004951812081225637
2025-02-11,GC=F,2912.5,0.8845671317922446,-0.0005463624205821837,8.671618552976824e-06,-0.0005550340391351605,0.043358092764884115
2025-02-12,GC=F,2909.0,0.9778380779584738,-0.0011750843855295374,1.8654189233245845e-05,-0.0011937385747627833,0.09327094616622922
2025-02-13,GC=F,2925.89990234375,0.9689007584576637,0.005628851219910527,1.787463900162023e-06,0.005627063756010365,0.008937319500810115
2025-02-14,GC=F,2883.60009765625,1.0,-0.014457023855674711,6.219848308467269e-06,-0.014463243703983178,0.031099241542336342
2025-02-18,GC=F,2931.60009765625,0.9163742247322202,0.015253835933386703,1.6725155053555963e-05,0.015237110778333148,0.08362577526777981
2025-02-19,GC=F,2919.39990234375,0.8625408409695443,-0.0035895641882566403,1.0766676752535176e-05,-0.0036003308650091755,0.05383338376267588
2025-02-20,GC=F,2940.0,0.8480909262512785,0.005984365447203658,2.889982943653169e-06,0.0059814754642600046,0.014449914718265844
2025-02-21,GC=F,2937.60009765625,0.8443903239093666,-0.0006892701759829233,7.40120468382366e-07,-0.0006900102964513057,0.0037006023419118295
2025-02-24,GC=F,2947.89990234375,0.8462335381399979,0.002967061503643013,3.6864284612625476e-07,0.002966692860796887,0.0018432142306312738
2025-02-25,GC=F,2904.5,0.8473240297424487,-0.01247456879899402,2.1809832049015655e-07,-0.01247478689731451,0.0010904916024507827
2025-02-26,GC=F,2916.800048828125,0.8436889171395864,0.0035728748068737525,7.270225205724624e-07,0.00357214778435318,0.0036351126028623115
2025-02-27,GC=F,2883.199951171875,0.8598644815585248,-0.009905214642023508,3.235112883787683e-06,-0.009908449754907296,0.016175564418938415
2025-02-28,GC=F,2836.800048828125,0.8112921671881883,-0.013056283978667831,9.714462874067299e-06,-0.013065998441541899,0.04857231437033649
2025-03-03,GC=F,2890.199951171875,0.819908039516223,0.015433942642206414,1.723174465606947e-06,0.015432219467740807,0.008615872328034735
2025-03-04,GC=F,2909.60009765625,0.7555068873592065,0.005071256152633957,1.2880230431403317e-05,0.005058375922202554,0.06440115215701658
2025-03-05,GC=F,2915.300048828125,0.7574660886067454,0.001483887673391038,3.9184024950778e-07,0.0014834958331415302,0.0019592012475389
2025-03-06,GC=F,2916.60009765625,0.7633995078880819,0.00034043035673804006,1.186683856267301e-06,0.00033924367288177274,0.005933419281336505
2025-03-07,GC=F,2904.699951171875,0.769166467438925,-0.0031383094448730895,1.153391910168633e-06,-0.003139462836783258,0.005766959550843165
2025-03-10,GC=F,2891.0,0.7722086577880375,-0.0036421045491900578,6.084380698224923e-07,-0.0036427129872598804,0.0030421903491124613
2025-03-11,GC=F,2912.89990234375,0.7685421037897581,0.005821859917003108,7.333107996558841e-07,0.005821126606203452,0.0036665539982794204
2025-03-12,GC=F,2939.10009765625,0.8132945615135935,0.0073152106397838465,8.95049154476708e-06,0.007306260148239079,0.044752457723835404
2025-03-13,GC=F,2984.300048828125,0.7960801614531808,0.012242789708072964,3.4428800120825277e-06,0.01223934682806088,0.017214400060412638
2025-03-14,GC=F,2994.5,0.7544049205591298,0.0025784583411935496,8.335048178810212e-06,0.0025701232930147393,0.04167524089405106
2025-03-17,GC=F,3000.0,0.7574282095689084,0.001391168860453817,6.046578019557325e-07,0.0013905642026518614,0.0030232890097786624
2025-03-18,GC=F,3035.10009765625,0.8118936956782564,0.009499182668266808,1.0893097221869597e-05,0.00948828957104494,0.05446548610934798
2025-03-19,GC=F,3035.89990234375,0.8419030684650379,0.0002218569401052588,6.001874557356302e-06,0.00021585506554790249,0.030009372786781507
2025-03-20,GC=F,3040.0,0.8509096143928327,0.0011491856213570698,1.8013091855589636e-06,0.0011473843121715109,0.009006545927794818
2025-03-21,GC=F,3018.199951171875,0.8582256365114208,-0.006154394993913702,1.4632044237176123e-06,-0.00615585819833742,0.007316022118588061
2025-03-24,GC=F,3013.10009765625,0.8393674062244505,-0.0014182794005655102,3.7716460573940627e-06,-0.0014220510466229042,0.018858230286970312
2025-03-25,GC=F,3023.699951171875,0.8384100286737634,0.002949461751000384,1.914755101374288e-07,0.0029492702754902464,0.000957377550687144
2025-03-26,GC=F,3020.89990234375,0.9155442280858862,-0.0008478250436042995,1.5426839882424572e-05,-0.0008632518834867241,0.07713419941212285
2025-03-27,GC=F,3060.199951171875,0.9146319284222653,0.01189879857285886,1.8245993272418826e-07,0.011898616112926136,0.0009122996636209413
2025-03-28,GC=F,3086.5,0.9431264210822781,0.008105441252641024,5.698898532002561e-06,0.008099742354109022,0.028494492660012805
2025-03-31,GC=F,3122.800048828125,1.0,0.011760910036651584,1.1374715783544388e-05,0.011749535320868039,0.056873578917721934
2025-04-01,GC=F,3118.89990234375,1.0,-0.0012489260994595908,0.0,-0.0012489260994595908,0.0
2025-04-02,GC=F,3139.89990234375,1.0,0.006733143306144385,0.0,0.006733143306144385,0.0
2025-04-03,GC=F,3097.0,1.0,-0.013662824828182485,0.0,-0.013662824828182485,0.0
2025-04-04,GC=F,3012.0,1.0,-0.02744591540200192,0.0,-0.02744591540200192,0.0
2025-04-07,GC=F,2951.300048828125,0.7720796009217769,-0.015559493385376016,4.558407981564463e-05,-0.015605077465191661,0.22792039907822315
2025-04-08,GC=F,2968.39990234375,0.6978570245010421,0.004043388573302143,1.4844515284146942e-05,0.004028544058017996,0.07422257642073471
2025-04-09,GC=F,3056.5,0.7008623516701734,0.02080111967965589,6.010654338262533e-07,0.020800518614222063,0.0030053271691312666
2025-04-10,GC=F,3155.199951171875,0.6107621237800657,0.01972262123171057,1.8020045578021548e-05,0.01970460118613255,0.09010022789010774
2025-04-11,GC=F,3222.199951171875,0.5493664561190559,0.011665679871193636,1.2279133532201959e-05,0.011653400737661435,0.06139566766100979
2025-04-14,GC=F,3204.800048828125,0.5274876876460332,-0.0028484372142186594,4.375753694604545e-06,-0.002852812967913264,0.021878768473022725
2025-04-15,GC=F,3218.699951171875,0.5225629407311756,0.0022664670912253,9.849493829715117e-07,0.0022654821418423288,0.0049247469148575584
2025-04-16,GC=F,3326.60009765625,0.5270239631493816,0.017667369959070058,8.922044836412014e-07,0.017666477754586418,0.0044610224182060065
2025-04-17,GC=F,3308.699951171875,0.47902206134725794,-0.0025775761485140156,9.600380360424732e-06,-0.0025871765288744404,0.04800190180212366
2025-04-21,GC=F,3406.199951171875,0.4748348665966079,0.013992323322268045,8.374389501300095e-07,0.013991485883317915,0.004187194750650047
2025-04-22,GC=F,3400.800048828125,0.455908251485118,-0.0007227585200576757,3.785323022297982e-06,-0.0007265438430799737,0.01892661511148991
2025-04-23,GC=F,3276.300048828125,0.4559761401492085,-0.01669284539916963,1.357773281810415e-08,-0.016692858976902446,6.788866409052075e-05
2025-04-24,GC=F,3332.0,0.39724577220239654,0.006753523726504071,1.1746073589362394e-05,0.006741777652914709,0.05873036794681197
2025-04-25,GC=F,3282.39990234375,0.3939551108640468,-0.00586440935505266,6.58132267669953e-07,-0.00586506748732033,0.003290661338349765
2025-04-28,GC=F,3332.5,0.3862226090662878,0.005895013102290291,1.5465003595517946e-06,0.00589346660193074,0.007732501797758973
2025-04-29,GC=F,3318.800048828125,0.3835411954797466,-0.0015767428808627572,5.362827173082452e-07,-0.0015772791635800655,0.002681413586541226
2025-04-30,GC=F,3305.0,0.3836870433772045,-0.0015954260140480703,2.916957949158361e-08,-0.001595455183627562,0.00014584789745791804
2025-05-01,GC=F,3210.0,0.3828453780077819,-0.011004632650753167,1.6833307388451903e-07,-0.011004800983827051,0.0008416653694225951
2025-05-02,GC=F,3231.89990234375,0.3617131708583594,0.0024677517502324385,4.226441429884498e-06,0.002463525308802554,0.02113220714942249
2025-05-05,GC=F,3311.300048828125,0.36625515886509336,0.008998024116853767,9.083976013467888e-07,0.00899711571925242,0.0045419880067339435
2025-05-06,GC=F,3411.39990234375,0.37818752358862295,0.011432523526841269,2.38647294470592e-06,0.011430137053896562,0.011932364723529598
2025-05-07,GC=F,3381.39990234375,0.381005685269637,-0.0033505806663816045,5.636323362028129e-07,-0.0033511442987178073,0.002818161681014064
2025-05-08,GC=F,3296.60009765625,0.3750740748845851,-0.00940622499915247,1.1863220770103822e-06,-0.009407411321229481,0.005931610385051911
2025-05-09,GC=F,3335.39990234375,0.36755028143402857,0.004325935421349689,1.5047586901113076e-06,0.004324430662659578,0.007523793450556537
2025-05-12,GC=F,3220.0,0.38529129366461323,-0.013330508773940462,3.548202446116933e-06,-0.013334056976386578,0.017741012230584663
2025-05-13,GC=F,3240.300048828125,0.36409828030008107,0.002295407723083234,4.238602672906434e-06,0.0022911691204103276,0.021193013364532165
2025-05-14,GC=F,3181.39990234375,0.36410926631369345,-0.006618550380836158,2.197202722475922e-09,-0.00661855257803888,1.0986013612379608e-05
2025-05-15,GC=F,3220.699951171875,0.3575177454224344,0.004416440964140315,1.3183041782518058e-06,0.004415122659962063,0.006591520891259028
2025-05-16,GC=F,3182.0,0.3795706861253185,-0.0045609237873835565,4.410588140576821e-06,-0.004565334375524133,0.022052940702884105
2025-05-19,GC=F,3228.89990234375,0.3773315807736468,0.005561538117378026,4.478210703343422e-07,0.005561090296307691,0.0022391053516717108
2025-05-20,GC=F,3280.300048828125,0.3953090424311769,0.006292837592398496,3.595492331506023e-06,0.00628924210006699,0.017977461657530114
2025-05-21,GC=F,3309.300048828125,0.38686896499095513,0.0034201749284324327,1.6880154880443587e-06,0.003418486912944388,0.008440077440221794
2025-05-22,GC=F,3292.300048828125,0.4220174420977889,-0.0021679196234269797,7.029695421366755e-06,-0.0021749493188483464,0.035148477106833775
2025-05-23,GC=F,3363.60009765625,0.4307596692706386,0.009328792940095417,1.748445434569934e-06,0.009327044494660847,0.00874222717284967
2025-05-27,GC=F,3299.10009765625,0.4234943396790609,-0.008120877665669221,1.4530659183155326e-06,-0.008122330731587538,0.007265329591577663
2025-05-28,GC=F,3293.60009765625,0.4179345052468956,-0.0006967475101743383,1.111966886433058e-06,-0.0006978594770607713,0.005559834432165289
2025-05-29,GC=F,3317.10009765625,0.41834264901721935,0.0029848955429958184,8.162875406474424e-08,0.0029848139142417537,0.0004081437703237212
2025-05-30,GC=F,3288.89990234375,0.417316676578831,-0.0035478012240274387,2.0519448767767347e-07,-0.0035480064185151165,0.0010259724383883673
2025-06-02,GC=F,3370.60009765625,0.4449008240346296,0.011051866976072603,5.516829491159725e-06,0.011046350146581443,0.027584147455798624
2025-06-03,GC=F,3350.199951171875,0.4266238919100558,-0.002582089134439624,3.655386424914764e-06,-0.0025857445208645386,0.01827693212457382
2025-06-04,GC=F,3373.5,0.4437522815064655,0.0030862187264601468,3.4256779192819444e-06,0.003082793048540865,0.01712838959640972
2025-06-05,GC=F,3350.699951171875,0.4807340914764682,-0.003249076851640062,7.396361994000534e-06,-0.0032564732136340624,0.036981809970002666
2025-06-06,GC=F,3322.699951171875,0.48220367201510167,-0.00402951711975904,2.939161077266994e-07,-0.0040298110358667665,0.001469580538633497
2025-06-09,GC=F,3332.10009765625,0.5123835004839259,0.0014495681317920144,6.035965693764845e-06,0.0014435321660982495,0.03017982846882422
2025-06-10,GC=F,3320.89990234375,0.5199338508842596,-0.0017476547849147777,1.5100700800667388e-06,-0.0017491648549948443,0.007550350400333694
2025-06-11,GC=F,3321.300048828125,0.6182927525326107,7.450018926074099e-05,1.967178032967023e-05,5.482840893107075e-05,0.09835890164835115
2025-06-12,GC=F,3380.89990234375,0.6205412763537564,0.011135449561123617,4.497047642291419e-07,0.011134999856359388,0.0022485238211457093
2025-06-13,GC=F,3431.199951171875,0.6389132236878021,0.009505565759622905,3.674389466809136e-06,0.009501891370156095,0.01837194733404568
2025-06-16,GC=F,3396.39990234375,0.6329836099863135,-0.006419870846466786,1.185922740297718e-06,-0.006421056769207084,0.00592961370148859
2025-06-17,GC=F,3386.60009765625,0.639043807336127,-0.001843865468942271,1.212039469962689e-06,-0.0018450775084122336,0.006060197349813445
2025-06-18,GC=F,3389.800048828125,0.6516081223583211,0.0006156954215488411,2.512863004438826e-06,0.0006131825585444022,0.012564315022194128
2025-06-20,GC=F,3368.10009765625,0.6759313885728078,-0.00432700392834038,4.864653242897332e-06,-0.004331868581583277,0.02432326621448666
2025-06-23,GC=F,3377.699951171875,0.6755003232509026,0.001925329997608528,8.62130643810355e-08,0.001925243784544147,0.00043106532190517743
2025-06-24,GC=F,3317.39990234375,0.6804800663838596,-0.012148201978472451,9.959486265914031e-07,-0.012149197927099042,0.004979743132957015
2025-06-25,GC=F,3327.10009765625,0.6979870421462266,0.002040938938241759,3.501395152473408e-06,0.0020374375430892854,0.01750697576236704
2025-06-26,GC=F,3333.5,0.75778404694399,0.001457648930222972,1.195940095955268e-05,0.0014456895292634193,0.0597970047977634
2025-06-27,GC=F,3273.699951171875,0.7583777037119945,-0.013604626882297447,1.1873135360089826e-07,-0.013604745613651048,0.0005936567680044913
2025-06-30,GC=F,3294.39990234375,0.7112354860621051,0.004497217232116919,9.428443529977894e-06,0.004487788788586941,0.04714221764988946
2025-07-01,GC=F,3336.699951171875,0.7152728285456792,0.00918409314891859,8.074684967148249e-07,0.009183285680421874,0.0040373424835741245
2025-07-02,GC=F,3348.0,0.8017917269978732,0.0027153432426192015,1.7303779690438793e-05,0.0026980394629287628,0.08651889845219396
2025-07-03,GC=F,3331.60009765625,0.8065507996489748,-0.003950822685040796,9.518145302203296e-07,-0.003951774499571016,0.004759072651101648
2025-07-04,GC=F,3332.5,0.8137945709082715,0.00021981498986231408,1.44875425185933e-06,0.00021836623561045476,0.00724377125929665
2025-07-07,GC=F,3332.199951171875,0.823368981522152,-7.413380285677161e-05,1.9148821227761073e-06,-7.604868497954772e-05,0.009574410613880535
2025-07-08,GC=F,3307.0,0.8408679889237612,-0.006359111870048298,3.4998014803218516e-06,-0.00636261167152862,0.017499007401609257
2025-07-09,GC=F,3311.60009765625,0.8287543058574962,0.0011528124402728933,2.4227366132530073e-06,0.0011503897036596402,0.012113683066265035
2025-07-10,GC=F,3317.39990234375,0.8305771212623424,0.0014546397328098672,3.6456308096923797e-07,0.001454275169728898,0.0018228154048461898
2025-07-11,GC=F,3356.0,0.8297656396807794,0.009654860935171114,1.6229631631259345e-07,0.0096546986388548,0.0008114815815629672
2025-07-14,GC=F,3351.5,0.8814145135901756,-0.0011818728579129406,1.0329774781879242e-05,-0.0011922026326948198,0.05164887390939621
2025-07-15,GC=F,3329.800048828125,0.9648779382254109,-0.006247293494349035,1.6692684927047054e-05,-0.006263986179276082,0.08346342463523526
2025-07-16,GC=F,3352.5,0.9865022648717802,0.006725194580802121,4.324865329273853e-06,0.006720869715472848,0.021624326646369263
2025-07-17,GC=F,3340.10009765625,0.9653310134665168,-0.0035704728699114015,4.234250281052665e-06,-0.003574707120192454,0.021171251405263325
2025-07-18,GC=F,3353.0,0.9624719236150969,0.0037171921380285532,5.718179702839832e-07,0.0037166203200582693,0.002859089851419916
2025-07-21,GC=F,3401.89990234375,0.969097723025904,0.014133249035943112,1.3251598821614197e-06,0.01413192387606095,0.006625799410807098
2025-07-22,GC=F,3439.199951171875,0.8973933658975434,0.00983944775769354,1.4340871425672131e-05,0.009825106886267867,0.07170435712836065
2025-07-23,GC=F,3394.10009765625,0.9940809266247156,-0.013035852759353206,1.9337512145434444e-05,-0.01305519027149864,0.09668756072717222
2025-07-24,GC=F,3371.0,0.9147271748100104,-0.006225593370545627,1.5870750362941035e-05,-0.006241464120908568,0.07935375181470516
2025-07-25,GC=F,3334.0,0.8962743982690006,-0.009837482271122234,3.6905553082019707e-06,-0.009841172826430437,0.018452776541009852
2025-07-28,GC=F,3309.10009765625,0.9716032012959127,-0.0072563961695090344,1.5065760605382428e-05,-0.007271461930114417,0.07532880302691214
2025-07-29,GC=F,3323.39990234375,0.9588942159406267,0.004143724758775338,2.5417970710571947e-06,0.004141182961704281,0.012708985355285973
2025-07-30,GC=F,3295.800048828125,1.0,-0.008304704316853595,8.221156811874652e-06,-0.00831292547366547,0.04110578405937326
2025-07-31,GC=F,3293.199951171875,0.9994653831950434,-0.0007884906735384339,1.0692336099131783e-07,-0.0007885975968994252,0.0005346168049565891
2025-08-01,GC=F,3347.699951171875,1.0,0.01654925325156964,1.0692336099131783e-07,0.01654914632820865,0.0005346168049565891
2025-08-04,GC=F,3374.39990234375,0.9020305795642329,0.007194244639957256,1.9593884087153414e-05,0.007174650755870103,0.09796942043576706
2025-08-05,GC=F,3381.89990234375,0.8845349920596816,0.0019659828806419355,3.4991175009102763e-06,0.0019624837631410253,0.01749558750455138
2025-08-06,GC=F,3380.0,0.9065461397938311,-0.0005092844807494608,4.402229546829917e-06,-0.0005136867102962907,0.022011147734149583
2025-08-07,GC=F,3400.300048828125,0.9056668639354001,0.005439373242575037,1.7585517168621225e-07,0.005439197387403351,0.0008792758584310612
2025-08-08,GC=F,3439.10009765625,0.8982512966650722,0.010249740808180386,1.4831134540655766e-06,0.01024825769472632,0.007415567270327883
2025-08-11,GC=F,3353.10009765625,0.8997178417165532,-0.022498831726460968,2.933090102962055e-07,-0.022499125035471263,0.0014665450514810274
2025-08-12,GC=F,3348.89990234375,0.7435882721191689,-0.0009314413181903188,3.122591391947687e-05,-0.0009626672321097956,0.15612956959738433
2025-08-13,GC=F,3358.699951171875,0.7513542546039738,0.002198724535536246,1.5531964969609735e-06,0.002197171339039285,0.0077659824848048675
2025-08-14,GC=F,3335.199951171875,0.7581342187465699,-0.005304479232903287,1.355992828519237e-06,-0.005305835225731806,0.006779964142596184
2025-08-15,GC=F,3336.0,0.7514244405287304,0.0001802519344779199,1.3419556435679158e-06,0.000178909978834352,0.006709778217839579
2025-08-18,GC=F,3331.699951171875,0.7543517731947444,-0.0009723469599280835,5.854665332028164e-07,-0.0009729324264612863,0.002927332666014082
2025-08-19,GC=F,3313.39990234375,0.8016712476184596,-0.004403344596010641,9.463894884743042e-06,-0.004412808490895384,0.0473194744237152
2025-08-20,GC=F,3343.39990234375,0.8343118724683043,0.007553979873164289,6.52812496996893e-06,0.00754745174819432,0.032640624849844646
2025-08-21,GC=F,3336.89990234375,0.8430487816936967,-0.001638995406193447,1.7473818450784773e-06,-0.0016407427880385254,0.008736909225392386
2025-08-22,GC=F,3374.39990234375,0.8528647372288586,0.009584473188308277,1.9631911070323805e-06,0.009582509997201245,0.009815955535161902
2025-08-25,GC=F,3373.800048828125,0.8523294162974195,-0.0001515151765152564,1.0706418628780857e-07,-0.0001516222407015442,0.0005353209314390428
2025-08-26,GC=F,3388.60009765625,0.8713015657521432,0.0038221902692878278,3.7944298909447397e-06,0.003818395839396883,0.018972149454723697
2025-08-27,GC=F,3404.60009765625,0.8711749373784435,0.004113438764195277,2.5325674739939964e-08,0.004113413438520537,0.00012662837369969981
2025-08-28,GC=F,3431.800048828125,0.8957408670919139,0.00715623190645084,4.9131859426940764e-06,0.007151318720508146,0.02456592971347038
2025-08-29,GC=F,3473.699951171875,0.8863963872116095,0.010822286127859317,1.8688959760608803e-06,0.010820417231883256,0.009344479880304402
2025-09-02,GC=F,3549.39990234375,0.9210945090060981,0.020072778402441135,6.939624358897723e-06,0.020065838778082237,0.03469812179448861
2025-09-03,GC=F,3593.199951171875,0.8207008963143274,0.010127554043182605,2.0078722538354143e-05,0.010107475320644252,0.10039361269177072
2025-09-04,GC=F,3565.800048828125,0.7997330350779529,-0.006098354491811774,4.193572247274902e-06,-0.006102548064059049,0.020967861236374508
2025-09-05,GC=F,3613.199951171875,0.7784911746140281,0.010348422555073719,4.248372092784969e-06,0.010344174182980934,0.021241860463924844
2025-09-08,GC=F,3638.10009765625,0.7589724714238945,0.005230412368940015,3.90374063802672e-06,0.005226508628301988,0.0195187031901336
2025-09-09,GC=F,3643.300048828125,0.7698757321891876,0.001100386495240761,2.1806521530586267e-06,0.0010982058430877024,0.010903260765293132
2025-09-10,GC=F,3643.60009765625,1.0,8.235633192543723e-05,4.6024853562162484e-05,3.633147836327475e-05,0.2301242678108124
2025-09-11,GC=F,3636.89990234375,1.0,-0.001838894261971813,0.0,-0.001838894261971813,0.0
2025-09-12,GC=F,3649.39990234375,1.0,0.00343699313581447,0.0,0.00343699313581447,0.0
2025-09-15,GC=F,3682.199951171875,1.0,0.008987792433232666,0.0,0.008987792433232666,0.0
2025-09-16,GC=F,3688.89990234375,1.0,0.0018195511543968035,0.0,0.0018195511543968035,0.0
2025-09-17,GC=F,3681.800048828125,1.0,-0.0019246533393638687,0.0,-0.0019246533393638687,0.0
2025-09-18,GC=F,3643.699951171875,1.0,-0.010348225637178965,0.0,-0.010348225637178965,0.0
2025-09-19,GC=F,3671.5,1.0,0.007629620770278844,0.0,0.007629620770278844,0.0
2025-09-22,GC=F,3740.699951171875,1.0,0.01884786903768898,0.0,0.01884786903768898,0.0
2025-09-23,GC=F,3780.60009765625,0.9564244032530475,0.010201693343266599,8.71511934939051e-06,0.010192978223917208,0.04357559674695255
2025-09-24,GC=F,3732.10009765625,0.9582881772034181,-0.012293544779618113,3.727547900741257e-07,-0.012293917534408188,0.0018637739503706285
2025-09-25,GC=F,3736.89990234375,0.8524755689591309,0.0010963575801300135,2.1162521648857436e-05,0.001075195058481156,0.10581260824428718
2025-09-26,GC=F,3775.300048828125,0.8491636790559954,0.008725952130671063,6.623779806270936e-07,0.008725289752690435,0.0033118899031354676
2025-09-29,GC=F,3820.89990234375,0.8438613808864375,0.010192555520947093,1.0604596339115924e-06,0.010191495061313182,0.005302298169557962
2025-09-30,GC=F,3840.800048828125,0.8443658197719375,0.004397656031123357,1.0088777710000052e-07,0.004397555143346257,0.0005044388855000026
2025-10-01,GC=F,3867.5,0.937200363778704,0.006515101966526387,1.85669088013533e-05,0.006496535057725034,0.0928345440067665
2025-10-02,GC=F,3839.699951171875,0.9605366337273743,-0.006904451278299652,4.667253989734066e-06,-0.006909118532289387,0.02333626994867033
2025-10-03,GC=F,3880.800048828125,0.9643350878466779,0.010322230066896407,7.596908238607148e-07,0.010321470376072546,0.0037984541193035737
2025-10-06,GC=F,3948.5,0.9817062835127437,0.017125712900102882,3.474239133213164e-06,0.01712223866096967,0.01737119566606582
2025-10-07,GC=F,3976.60009765625,0.9163790654395528,0.00652155026693549,1.3065443614638174e-05,0.006508484823320852,0.06532721807319086
2025-10-08,GC=F,4043.300048828125,0.91639912911211,0.01537086346745107,4.012734511427141e-09,0.015370859454716558,2.0063672557135703e-05
2025-10-09,GC=F,3946.300048828125,0.8785327760969691,-0.02107626895167097,7.573270603028171e-06,-0.021083842222274,0.03786635301514085
2025-10-10,GC=F,3975.89990234375,0.7109360238240278,0.005332489142689702,3.351935045458827e-05,0.005298969792235114,0.16759675227294135
2025-10-13,GC=F,4108.60009765625,0.7093825464936906,0.023676451817989625,3.1069546606743437e-07,0.02367614112252356,0.0015534773303371718
2025-10-14,GC=F,4138.7001953125,0.6109014373201858,0.004475537283896449,1.9696221834700968e-05,0.0044558410620617475,0.09848110917350483
2025-10-15,GC=F,4176.89990234375,0.6121518475694832,0.005650088223901156,2.5008204985947914e-07,0.005649838141851296,0.0012504102492973956
2025-10-16,GC=F,4280.2001953125,0.6177616023639488,0.015278066508903504,1.1219509588931365e-06,0.015276944557944611,0.005609754794465682
2025-10-17,GC=F,4189.89990234375,0.6184027329767667,-0.013046573854567249,1.2822612256357948e-07,-0.013046702080689813,0.0006411306128178973
2025-10-20,GC=F,4336.39990234375,0.5482108135309552,0.019168210710083865,1.4038383889162299e-05,0.019154172326194704,0.07019191944581149
2025-10-21,GC=F,4087.699951171875,0.5073218117060713,-0.02909577360047765,8.177800364976795e-06,-0.029103951400842626,0.040889001824883975
2025-10-22,GC=F,4044.39990234375,0.36867061531589945,-0.0039052415381165243,2.7730239278034365e-05,-0.003932971777394559,0.13865119639017182
2025-10-23,GC=F,4125.5,0.3702385254864548,0.007424186850478642,3.135820341110707e-07,0.007423873268444531,0.0015679101705553533
2025-10-24,GC=F,4118.39990234375,0.36536729548956903,-0.0006288070484488972,9.742459993771546e-07,-0.0006297812944482744,0.004871229996885773
2025-10-27,GC=F,4001.89990234375,0.3650613307107034,-0.01032674000492124,6.119295577312611e-08,-0.010326801197877013,0.00030596477886563056
2025-10-28,GC=F,3966.199951171875,0.34652006194778606,-0.0030912190693140424,3.708253752583468e-06,-0.003094927323066626,0.01854126876291734
2025-10-29,GC=F,3983.699951171875,0.34444997408168276,0.0015198110586049879,4.140175732206597e-07,0.0015193970410317672,0.0020700878661032984
2025-10-30,GC=F,4001.300048828125,0.34480414912635504,0.0015233543618461344,7.08350089344556e-08,0.0015232835268372,0.000354175044672278
2025-10-31,GC=F,3982.199951171875,0.3462280919397936,-0.0016527104407788355,2.8478856268771004e-07,-0.0016529952293415232,0.0014239428134385501
2025-11-03,GC=F,4000.300048828125,0.3468185080221869,0.0015763771134468703,1.1808321647865939e-07,0.0015762590302303915,0.0005904160823932969
2025-11-04,GC=F,3947.699951171875,0.3515207144955284,-0.0046221592592976075,9.404412946683039e-07,-0.0046230997005922755,0.004702206473341519
2025-11-05,GC=F,3980.300048828125,0.3489344804042623,0.002881500184287103,5.172468182532253e-07,0.0028809829374688498,0.0025862340912661264
2025-11-06,GC=F,3979.89990234375,0.3530765733253773,-3.5495401803407655e-05,8.284185842230007e-07,-3.6323820387630656e-05,0.004142092921115004
2025-11-07,GC=F,3999.39990234375,0.36475448792632037,0.0017871586444610159,2.335582920188617e-06,0.0017848230615408272,0.011677914600943085
2025-11-10,GC=F,4111.7998046875,0.3653772502669314,0.010268632357710472,1.2455246812220766e-07,0.01026850780524235,0.0006227623406110383
2025-11-11,GC=F,4106.7998046875,0.3724065719318029,-0.0004528510501742504,1.4058643329742937e-06,-0.00045425691450722466,0.0070293216648714685
2025-11-12,GC=F,4204.39990234375,0.3735783705924622,0.008878271935844107,2.3435973213186135e-07,0.008878037576111976,0.0011717986606593067
2025-11-13,GC=F,4186.89990234375,0.3632086846819558,-0.001511785779081348,2.073937182101282e-06,-0.0015138597162634492,0.01036968591050641
2025-11-14,GC=F,4087.60009765625,0.376583509890038,-0.008931350128452111,2.6749650416164506e-06,-0.008934025093493728,0.013374825208082253
2025-11-17,GC=F,4068.300048828125,0.37398566011228435,-0.0017658140054660188,5.195699555507361e-07,-0.0017663335754215695,0.00259784977775368
2025-11-18,GC=F,4061.300048828125,0.4096446466112899,-0.000704842929937023,7.131797299801113e-06,-0.0007119747272368241,0.03565898649900556
2025-11-19,GC=F,4077.699951171875,0.5554173928371642,0.002242826408548191,2.9154549245174856e-05,0.002213671859303016,0.14577274622587427
2025-11-20,GC=F,4056.5,0.5630557576295984,-0.0029273253823789134,1.5276729584868366e-06,-0.0029288530553374004,0.007638364792434182
2025-11-21,GC=F,4076.699951171875,0.595462074146768,0.002965192856518674,6.481263303433926e-06,0.00295871159321524,0.03240631651716963
2025-11-24,GC=F,4091.89990234375,0.5927276792506682,0.0022099815759654595,5.468789792199669e-07,0.0022094346969862397,0.0027343948960998343
2025-11-25,GC=F,4139.2001953125,0.6839931952564688,0.007906615336736615,1.8253103201160138e-05,0.007888362233535454,0.09126551600580068
2025-11-26,GC=F,4165.2001953125,0.6861022271614351,0.004309687153184546,4.218063809932504e-07,0.0043092653468035525,0.002109031904966252
2025-11-28,GC=F,4218.2998046875,0.6844692000791516,0.00872588241840669,3.2660541645670453e-07,0.008725555812990234,0.0016330270822835224
2025-12-01,GC=F,4239.2998046875,0.6706767322040683,0.0033388360307237655,2.758493575016652e-06,0.003336077537148749,0.013792467875083259
2025-12-02,GC=F,4186.60009765625,0.6781324735268852,-0.008430020128259894,1.49114826456338e-06,-0.008431511276524457,0.0074557413228169
2025-12-03,GC=F,4199.2998046875,0.6490208432671101,0.0019687513434305803,5.8223260519550295e-06,0.0019629290173786254,0.029111630259775145
2025-12-04,GC=F,4211.7998046875,0.6815383935699867,0.002028726291491564,6.503510060575324e-06,0.0020222227814309887,0.03251755030287662
2025-12-05,GC=F,4212.89990234375,0.6853652784808096,0.00017901343166714612,7.653769821645896e-07,0.00017824805468498152,0.0038268849108229475
2025-12-08,GC=F,4187.2001953125,0.6856528008463609,-0.004182647704756625,5.75044731102592e-08,-0.004182705209229735,0.00028752236555129596
2025-12-09,GC=F,4206.7001953125,0.6758324438482542,0.0031473853745503733,1.964071399621337e-06,0.003145421303150752,0.009820356998106683
2025-12-10,GC=F,4196.39990234375,0.7930506335293158,-0.0019418198314933744,2.3443637936212315e-05,-0.001965263469429587,0.11721818968106157
2025-12-11,GC=F,4285.5,0.7914479849907395,0.016804426268605167,3.205297077152558e-07,0.01680410573889745,0.001602648538576279
2025-12-12,GC=F,4300.10009765625,0.8161087852497415,0.0027803682097234067,4.9321600518003945e-06,0.0027754360496716063,0.02466080025900197
2025-12-15,GC=F,4306.7001953125,0.8218042410620892,0.0012613632525174602,1.13909116246953e-06,0.0012602241613549907,0.0056954558123476495
2025-12-16,GC=F,4304.5,1.0,-0.0005108772871849077,3.563915178758217e-05,-0.0005465164389724898,0.17819575893791084
2025-12-17,GC=F,4347.5,1.0,0.009989545824137469,0.0,0.009989545824137469,0.0
2025-12-18,GC=F,4339.5,1.0,-0.001840138010350767,0.0,-0.001840138010350767,0.0
2025-12-19,GC=F,4361.39990234375,1.0,0.005046641858220902,0.0,0.005046641858220902,0.0
2025-12-22,GC=F,4444.60009765625,1.0,0.019076488553088078,0.0,0.019076488553088078,0.0
2025-12-23,GC=F,4482.7998046875,0.9802276452170058,0.008424696946518767,3.954470956598844e-06,0.008420742475562168,0.019772354782994217
2025-12-24,GC=F,4480.60009765625,0.9735555570715486,-0.0004777230966155115,1.3344176290914334e-06,-0.0004790575142446029,0.006672088145457167
2025-12-26,GC=F,4529.10009765625,0.9857815635567855,0.010670536265334901,2.4452012970473727e-06,0.010668091064037854,0.012226006485236862
2025-12-29,GC=F,4325.10009765625,0.969298658226165,-0.04365920867601576,3.2965810661240938e-06,-0.04366250525708189,0.016482905330620468
2025-12-30,GC=F,4370.10009765625,0.5794101887653421,0.006028405795410285,7.797769389216458e-05,0.00595042810151812,0.3898884694608229
2025-12-31,GC=F,4325.60009765625,0.5737514231247874,-0.005842414992449746,1.131753128110935e-06,-0.005843546745577857,0.005658765640554675
2026-01-02,GC=F,4314.39990234375,0.5786331572071549,-0.0014982439959071161,9.763468164734947e-07,-0.0014992203427235896,0.004881734082367473
2026-01-05,GC=F,4436.89990234375,0.5773425993786473,0.01639265483606745,2.5811156570152427e-07,0.01639239672450175,0.0012905578285076214
2026-01-06,GC=F,4482.2001953125,0.5266500341003061,0.0053770428366309705,1.0138513055668242e-05,0.0053669043235753024,0.050692565278341206
2026-01-07,GC=F,4449.2998046875,0.5237796179180723,-0.003844664066754455,5.740832364467652e-07,-0.003845238149990902,0.002870416182233826
2026-01-08,GC=F,4449.7001953125,0.5222432854274872,4.6996454416105576e-05,3.0726649811700926e-07,4.668918791798857e-05,0.0015363324905850462
2026-01-09,GC=F,4490.2998046875,0.5218688141926325,0.004761594954989451,7.489424697093572e-08,0.0047615200607424805,0.0003744712348546786
2026-01-12,GC=F,4604.2998046875,0.5216810576904377,0.013244469893664236,3.755130043896493e-08,0.013244432342363797,0.00018775650219482465
2026-01-13,GC=F,4589.2001953125,0.5117943820050805,-0.0016784083522816656,1.9773351370714345e-06,-0.0016803856874187371,0.009886675685357171
2026-01-14,GC=F,4626.2998046875,0.5090916829053856,0.004115554294437389,5.405398199389789e-07,0.00411501375461745,0.002702699099694894
2026-01-15,GC=F,4616.2998046875,0.5081298255251397,-0.0010983504030808602,1.9237147604918016e-07,-0.0010985427745569094,0.0009618573802459007
2026-01-16,GC=F,4588.39990234375,0.5071864224658857,-0.0030653233662392312,1.886806118508e-07,-0.003065512046851082,0.0009434030592539999
2026-01-20,GC=F,4759.60009765625,0.5049296481057741,0.018839694929516676,4.5135487202232484e-07,0.018839243574644653,0.002256774360111624
2026-01-21,GC=F,4831.7998046875,0.4527887650339641,0.006868479601593332,1.0428176614362006e-05,0.00685805142497897,0.05214088307181003
2026-01-22,GC=F,4908.7998046875,0.44866559441997533,0.007149975612984362,8.246341227977516e-07,0.007149150978861565,0.004123170613988758
2026-01-23,GC=F,4976.2001953125,0.4517516503395706,0.006202786609732978,6.172111839190531e-07,0.006202169398549059,0.0030860559195952653
2026-01-26,GC=F,5079.7001953125,0.4493211148602455,0.009345430963939546,4.861070958650182e-07,0.009344944856843682,0.002430535479325091
2026-01-27,GC=F,5079.89990234375,0.4423148502203411,1.7389488004972735e-05,1.4012529279808784e-06,1.5988235076991856e-05,0.0070062646399043915
2026-01-28,GC=F,5301.60009765625,0.4417119640722824,0.019277472113478328,1.2057722961174024e-07,0.019277351536248717,0.0006028861480587011
2026-01-29,GC=F,5318.39990234375,0.515939954335908,0.0016349197041762439,1.4845598052725118e-05,0.0016200741061235188,0.07422799026362559
2026-01-30,GC=F,4713.89990234375,0.513035468549106,-0.05831264034907648,5.80897157360405e-07,-0.058313221246233844,0.0029044857868020246
2026-02-02,GC=F,4622.5,0.24730554993635923,-0.004795117329922942,5.3145983722549356e-05,-0.004848263313645492,0.26572991861274675
2026-02-03,GC=F,4903.7001953125,0.24395740956991815,0.014840642773173054,6.696280732882143e-07,0.014839973145099767,0.0033481403664410714
2026-02-04,GC=F,4920.39990234375,0.22902907349350943,0.0007799657965705908,2.9856672152817454e-06,0.000776980129355309,0.014928336076408727
2026-02-05,GC=F,4861.39990234375,0.2291289421978013,-0.0027474611531536114,1.9973740858375556e-08,-0.0027474811268944697,9.986870429187777e-05
2026-02-06,GC=F,4951.2001953125,0.2284082922288067,0.004219182122571307,1.4412999379891934e-07,0.004219037992577508,0.0007206499689945967
2026-02-09,GC=F,5050.89990234375,0.22768120484420176,0.004584696341097208,1.454174769209893e-07,0.004584550923620287,0.0007270873846049464
2026-02-10,GC=F,5003.7998046875,0.2267289194578635,-0.002114267646247762,1.9045707726765284e-07,-0.0021144581033250296,0.0009522853863382641
2026-02-11,GC=F,5071.60009765625,0.22759047126348703,0.0030837965607866677,1.7231036112470567e-07,0.0030836242504255432,0.0008615518056235283
2026-02-12,GC=F,4923.7001953125,0.22759557233416625,-0.006637227359004316,1.0202141358439664e-09,-0.006637228379218452,5.101070679219832e-06
2026-02-13,GC=F,5022.0,0.22197336723956126,0.004431613985402426,1.1244410189209964e-06,0.004430489544383505,0.005622205094604982
2026-02-17,GC=F,4882.89990234375,0.22100038049262918,-0.006121301176541844,1.9459734938641617e-07,-0.00612149577389123,0.0009729867469320808
2026-02-18,GC=F,4986.5,0.21679609302630484,0.004599745409124208,8.408574932648683e-07,0.004598904551630943,0.004204287466324341
2026-02-19,GC=F,4975.89990234375,0.22061408279615335,-0.00046897238984924046,7.635979539697025e-07,-0.00046973598780321015,0.003817989769848512
2026-02-20,GC=F,5059.2998046875,0.22126895543191435,0.0037086375604206056,1.3097452715220004e-07,0.0037085065858934534,0.0006548726357610002
2026-02-23,GC=F,5204.7001953125,0.22115763787864864,0.006355900653972796,2.226351065314214e-08,0.006355878390462143,0.00011131755326571069
2026-02-24,GC=F,5155.7998046875,0.2185424564829195,-0.002053300111269932,5.230362791458276e-07,-0.002053823147549078,0.002615181395729138
2026-02-25,GC=F,5206.39990234375,0.21953865934797853,0.0021545983209492075,1.9924057301180522e-07,0.0021543990803761957,0.000996202865059026
2026-02-26,GC=F,5176.5,0.21923850589105853,-0.0012590676934327181,6.003069138399987e-08,-0.0012591277241241021,0.0003001534569199993
2026-02-27,GC=F,5230.5,0.22809786420101333,0.0023794619273359925,1.7718716619909592e-06,0.0023776900556740014,0.008859358309954796
2026-03-02,GC=F,5294.39990234375,0.22755376052394344,0.0027799757337602544,1.0882073541397809e-07,0.0027798669130248404,0.0005441036770698904
2026-03-03,GC=F,5107.39990234375,0.36509206673038647,-0.012895175607788738,2.7507661241288608e-05,-0.012922683269030026,0.13753830620644303
2026-03-04,GC=F,5120.2001953125,0.34457970115390163,0.0008635942378097815,4.102473115296967e-06,0.0008594917646944845,0.020512365576484837
2026-03-05,GC=F,5065.2998046875,0.42350634132206294,-0.00454096767388735,1.5785328033632262e-05,-0.004556753001920983,0.07892664016816131
2026-03-06,GC=F,5146.10009765625,0.41831869539358,0.006672906727224153,1.0375291856965841e-06,0.006671869198038456,0.00518764592848292
2026-03-09,GC=F,5091.5,0.4189185327325451,-0.004444723647646758,1.1996746779301403e-07,-0.004444843615114551,0.0005998373389650702
2026-03-10,GC=F,5229.7001953125,0.4220297157945773,0.011455286094567264,6.22236612406446e-07,0.011454663857954857,0.00311118306203223
2026-03-11,GC=F,5167.39990234375,0.4122829617055725,-0.004911438197413967,1.9493508178009655e-06,-0.004913387548231768,0.009746754089004828
2026-03-12,GC=F,5115.7998046875,0.4103193768797174,-0.004097325602309584,3.927169651710139e-07,-0.004097718319274755,0.001963584825855069
2026-03-13,GC=F,5052.5,0.4111615432162654,-0.0050874636174686,1.6843326730959785e-07,-0.005087632050735909,0.0008421663365479892
2026-03-16,GC=F,4994.0,0.4353987740123946,-0.005041232712464129,4.847446159225832e-06,-0.0050460801586233546,0.02423723079612916
2026-03-17,GC=F,5001.0,0.4436914090031024,0.0006219142697280441,1.658526998141563e-06,0.0006202557427299025,0.008292634990707815
2026-03-18,GC=F,4889.89990234375,0.4778230542239777,-0.01061511457442344,6.8263290441750615e-06,-0.010621940903467615,0.034131645220875306
2026-03-19,GC=F,4600.7001953125,0.474807494649361,-0.02808118593246083,6.031119149233377e-07,-0.028081789044375752,0.0030155595746166886
2026-03-20,GC=F,4570.39990234375,0.37100115924899,-0.0024434202055686636,2.07612670800742e-05,-0.0024641814726487376,0.10380633540037099
2026-03-23,GC=F,4404.10009765625,0.38118294315516177,-0.013869825475097354,2.03635678123435e-06,-0.01387186183187859,0.010181783906171749
2026-03-24,GC=F,4399.2998046875,0.38991231541574056,-0.00042498882963972525,1.7458744521157589e-06,-0.000426734704091841,0.008729372260578794
2026-03-25,GC=F,4549.7998046875,0.3887650357595731,0.013299647780193054,2.2945593123349096e-07,0.013299418324261821,0.0011472796561674548
2026-03-26,GC=F,4375.5,0.3567032703275119,-0.013665065061856756,6.4123530864122375e-06,-0.013671477414943168,0.032061765432061184
2026-03-27,GC=F,4492.0,0.339063992825637,0.009027758008041748,3.527855500374988e-06,0.009024230152541373,0.01763927750187494
2026-03-30,GC=F,4526.0,0.3254372905064861,0.0024632386191497067,2.7253404638301727e-06,0.0024605132786858766,0.013626702319150863
2026-03-31,GC=F,4647.60009765625,0.3278922494754918,0.008809485098751088,4.909917938011321e-07,0.008808994106957287,0.0024549589690056606
2026-04-01,GC=F,4783.2001953125,0.3245675975848686,0.009469704149192444,6.649303781246397e-07,0.00946903921881432,0.003324651890623198
2026-04-02,GC=F,4651.5,0.30997085897599996,-0.008534709190790083,2.9193477217737243e-06,-0.008537628538511857,0.01459673860886862
2026-04-06,GC=F,4656.7998046875,0.3033505568721543,0.0003456301630155224,1.3240604207691353e-06,0.0003443061025947533,0.006620302103845677
2026-04-07,GC=F,4657.10009765625,0.30811117141731853,1.9868498164067167e-05,9.521229090328487e-07,1.8916375255034318e-05,0.004760614545164243
2026-04-08,GC=F,4749.5,0.3083464043731838,0.006117793703095914,4.704659117304999e-08,0.006117746656504741,0.00023523295586524995
2026-04-09,GC=F,4792.2001953125,0.31369394575029586,0.0028202532375800264,1.069508275422415e-06,0.002819183729304604,0.005347541377112075
2026-04-10,GC=F,4761.89990234375,0.3122767344325569,-0.001974474386501302,2.834422635477951e-07,-0.0019747578287648494,0.0014172113177389756
2026-04-13,GC=F,4742.39990234375,0.312744310579623,-0.001280689258776959,9.351522941322133e-08,-0.0012807827740063723,0.0004675761470661066
2026-04-14,GC=F,4825.0,-0.3138936106883317,-0.005467198766539122,0.00012532758425359096,-0.005592526350792712,0.6266379212679547
2026-04-15,GC=F,4800.0,-0.3099944173800571,0.0016061886910883846,7.798386616549192e-07,0.0016054088524267297,0.0038991933082745955
2026-04-16,GC=F,4785.39990234375,-0.30994187312846677,0.0009427461698826215,1.0508850318069475e-08,0.0009427356610323034,5.254425159034737e-05
2026-04-17,GC=F,4857.60009765625,-0.3157771852638652,-0.004764319579669027,1.1670624270796903e-06,-0.0047654866420961065,0.005835312135398452
2026-04-20,GC=F,4806.60009765625,-0.37719361577917393,0.003960160165102804,1.2283286103061743e-05,0.003947876878999742,0.061416430515308706
2026-04-21,GC=F,4698.39990234375,-0.3751222435592828,0.008444284773965065,4.1427444397822426e-07,0.008443870499521087,0.002071372219891121
2026-04-22,GC=F,4732.5,-0.39788009889508713,-0.0028877384875291012,4.551571067160865e-06,-0.002892290058596262,0.022757855335804322
2026-04-23,GC=F,4705.10009765625,-0.3981310665695739,0.0023050718106749947,5.0193534897358116e-08,0.0023050216171400973,0.0002509676744867906
2026-04-24,GC=F,4722.2998046875,-0.4259082734533353,-0.0015569270309959697,5.555441376752279e-06,-0.001562482472372722,0.027777206883761396
2026-04-27,GC=F,4675.39990234375,-0.49824147327733465,0.004948325478428494,1.4466639964799866e-05,0.004933858838463694,0.07233319982399933
2026-04-28,GC=F,4591.5,0.52074748933005,-0.009344797111075415,0.00020379779252147694,-0.009548594903596892,1.0189889626073847
2026-04-29,GC=F,4545.2001953125,0.500946620114994,-0.005051449563364388,3.960173843011194e-06,-0.005055409737207399,0.019800869215055972
2026-04-30,GC=F,4614.7001953125,-0.539450319838618,-0.008248656960687797,0.00020807938799072243,-0.00845673634867852,1.0403969399536122
2026-05-01,GC=F,4629.89990234375,-0.591005285965785,-0.001946628560989702,1.0310993225433407e-05,-0.001956939554215135,0.051554966127167035
2026-05-04,GC=F,4519.5,-0.6652250150171222,0.01586228174335532,1.4843945810267423e-05,0.015847437797545053,0.07421972905133711
2026-05-05,GC=F,4555.7998046875,-0.6061745879481711,-0.004868684400717856,1.1810085413790206e-05,-0.004880494486131646,0.05905042706895103
2026-05-06,GC=F,4681.89990234375,-0.598158900526769,-0.016556455288656985,1.603137484280426e-06,-0.016558058426141265,0.008015687421402129
2026-05-07,GC=F,4699.7998046875,-0.5650429251747767,-0.002160279670992558,6.623195070398458e-06,-0.0021669028660629567,0.03311597535199229
2026-05-08,GC=F,4720.39990234375,-0.5709778194308788,-0.0025027020997995734,1.1869788512204105e-06,-0.002503889078650794,0.005934894256102052
2026-05-11,GC=F,4718.7001953125,-0.5715926925841374,0.00020581733300056626,1.2297463065171767e-07,0.00020569435836991455,0.0006148731532585883
2026-05-12,GC=F,4677.60009765625,-0.5727992874770396,0.0049891083727089105,2.413189785804404e-07,0.00498886705373033,0.001206594892902202
2026-05-13,GC=F,4697.7001953125,-0.5963948597410303,-0.002562766092057856,4.719114452798156e-06,-0.002567485206510654,0.023595572263990783
2026-05-14,GC=F,4678.10009765625,-0.595008655224982,0.0024825398096626956,2.772409032096634e-07,0.002482262568759486,0.0013862045160483172
2026-05-15,GC=F,4555.7998046875,-0.5944711315440236,0.01554135055505191,1.0750473619167701e-07,0.015541243050315718,0.000537523680958385
2026-05-18,GC=F,4552.5,-0.5699665405073607,0.00041283163060615037,4.900918207332583e-06,0.00040793071239881776,0.024504591036662915
2026-05-19,GC=F,4506.2998046875,-0.5743593771013041,0.005828778781251211,8.785673187886811e-07,0.0058279002139324226,0.0043928365939434055
2026-05-20,GC=F,4531.2998046875,-0.6054321287042432,-0.0033588096384226185,6.21455032058782e-06,-0.0033650241887432063,0.031072751602939097
2026-05-21,GC=F,4539.7998046875,-0.6082585000043621,-0.00114099650715864,5.652742600237737e-07,-0.0011415617814186639,0.0028263713001188684
2026-05-22,GC=F,4521.0,-0.6083431009771135,0.0025192149375285453,1.692019455028504e-08,0.002519198017333995,8.46009727514252e-05
2026-05-26,GC=F,4500.39990234375,-0.6109110148849867,0.002783637815949926,5.135827815746286e-07,0.0027831242331683515,0.0025679139078731428
2026-05-27,GC=F,4447.5,-0.6166520690046321,0.007248430125826829,1.1482108239290857e-06,0.0072472819150029,0.005741054119645428
2026-05-28,GC=F,4499.2998046875,-0.6340985472162091,-0.007385313299252928,3.4892956423153934e-06,-0.007388802594895243,0.017446478211576966
2026-05-29,GC=F,4560.5,-0.6257387574674922,-0.00851139862511817,1.6719579497433746e-06,-0.008513070583067914,0.008359789748716873
2026-06-01,GC=F,4475.2001953125,-0.6312122506506233,0.011806223373940486,1.0946986366262125e-06,0.01180512867530386,0.005473493183131062
2026-06-02,GC=F,4489.10009765625,-0.6013481449626649,-0.001867778004284978,5.972821137591678e-06,-0.0018737508254225697,0.029864105687958387
2026-06-03,GC=F,4436.7001953125,-0.656414721519319,0.0076621297267508316,1.101331531133083e-05,0.007651116411439501,0.055066576556654145
2026-06-04,GC=F,4475.7998046875,-0.6513213207548272,-0.005739943673910827,1.0186801528983658e-06,-0.005740962354063726,0.005093400764491829
2026-06-05,GC=F,4337.10009765625,-0.767458346996778,0.023782620432589385,2.3227405248390156e-05,0.023759393027340994,0.11613702624195077
2026-06-08,GC=F,4335.89990234375,-0.65396203166188,0.00018096934524930309,2.269926306697958e-05,0.00015827008218232352,0.1134963153348979
2026-06-09,GC=F,4260.0,-0.6610429452321325,0.01157155287672184,1.4161827140504847e-06,0.011570136694007789,0.007080913570252423
2026-06-10,GC=F,4108.2001953125,-0.643039230193817,0.0229139036501929,3.600743007663088e-06,0.022910302907185237,0.018003715038315438
2026-06-11,GC=F,4090.300048828125,-0.5595142726982554,0.0024379015055851047,1.6704991499112333e-05,0.0024211965140859926,0.08352495749556166
2026-06-12,GC=F,4215.0,-0.5684278867078071,-0.01732951834120426,1.7827228019103414e-06,-0.017331301064006172,0.008913614009551707
2026-06-15,GC=F,4328.0,-0.48487716387723273,-0.012999079363731302,1.671014456611487e-05,-0.013015789508297418,0.08355072283057435
2026-06-16,GC=F,4330.89990234375,-0.4646394168914169,-0.00031132369086001575,4.047549397163164e-06,-0.0003153712402571789,0.02023774698581582
2026-06-17,GC=F,4358.89990234375,-0.4643500299178159,-0.0030021014410105914,5.7877394720207143e-08,-0.0030021593184053116,0.0002893869736010357
2026-06-18,GC=F,4224.10009765625,-0.4642014111129101,0.014355516519210805,2.9723760981159587e-08,0.014355486795449825,0.00014861880490579793
2026-06-22,GC=F,4181.89990234375,-0.43458238830220663,0.004341625728969216,5.923804562140689e-06,0.004335701924407075,0.029619022810703444
2026-06-23,GC=F,4129.89990234375,-0.4342346433399598,0.005399507874643953,6.95489924493642e-08,0.0053994383256515035,0.00034774496224682094
2026-06-24,GC=F,3990.300048828125,-0.431798299988806,0.01459574828739178,4.872686702307672e-07,0.014595261018721549,0.0024363433511538357
2026-06-25,GC=F,4030.5,-0.4054065686860025,-0.00408423528719876,5.278346260560696e-06,-0.004089513633459321,0.02639173130280348
2026-06-26,GC=F,4078.699951171875,-0.39987563049235664,-0.00478203346099846,1.1061876387291725e-06,-0.004783139648637189,0.005530938193645862
2026-06-29,GC=F,4022.300048828125,-0.3995876057388679,0.005525462086263499,5.7604950697742744e-08,0.0055254044813128015,0.0002880247534887137
2026-06-30,GC=F,4022.89990234375,-0.40794033146859293,-6.083694379490307e-05,1.6705451459450017e-06,-6.250748894084807e-05,0.008352725729725008
2026-07-01,GC=F,4068.300048828125,-0.41210434982512656,-0.0046507738952213445,8.328036713067255e-07,-0.004651606698892651,0.0041640183565336275
2026-07-02,GC=F,4112.7001953125,-0.4061569954640749,-0.004432669635429898,1.1894708722103297e-06,-0.004433859106302109,0.005947354361051649
2026-07-06,GC=F,4155.10009765625,-0.4012283651874524,-0.004136465750866116,9.857260553244984e-07,-0.00413745147692144,0.004928630276622492
2026-07-07,GC=F,4145.2998046875,-0.4001223037790981,0.0009437355799390244,2.2121228167086838e-07,0.0009435143676573536,0.0011060614083543419
2026-07-08,GC=F,4070.89990234375,-0.4244063747337231,0.007617251905048725,4.856814190925007e-06,0.0076123950908578005,0.024284070954625037
2026-07-09,GC=F,4130.60009765625,-0.41684616071993624,-0.006113094845667472,1.512042802757374e-06,-0.0061146068884702295,0.00756021401378687
2026-07-10,GC=F,4104.10009765625,-0.41530753630495826,0.0026644190800087764,3.07724882995597e-07,0.002664111355125781,0.0015386244149779849
2026-07-13,GC=F,3997.0,-0.45855809857467117,0.011966476443022935,8.650112453942583e-06,0.011957826330568992,0.04325056226971291
2026-07-14,GC=F,4061.10009765625,-0.43365547472991606,-0.006954555486453622,4.980524768951022e-06,-0.006959536011222573,0.024902623844755112
2026-07-15,GC=F,4044.0,-0.46151725563423884,0.001943313376083641,5.572356180864557e-06,0.0019377410199027762,0.027861780904322786
2026-07-16,GC=F,3985.60009765625,-0.5034175471061221,0.007269914834106731,8.380058294376648e-06,0.0072615347758123545,0.04190029147188323
2026-07-17,GC=F,4012.699951171875,-0.4980496355575648,-0.0033864592122670257,1.0735823097114516e-06,-0.0033875327945767373,0.005367911548557258
2026-07-20,GC=F,4010.300048828125,-0.49766511743826825,0.0002976419110015917,7.69036238593146e-08,0.00029756500737773234,0.000384518119296573
2026-07-21,GC=F,4071.10009765625,-0.5444239935291576,-0.008253997203887146,9.351775218177871e-06,-0.008263348979105323,0.046758876090889356
2026-07-22,GC=F,4146.89990234375,-0.5292673878886622,-0.009854428451051857,3.0313211280990737e-06,-0.009857459772179956,0.015156605640495369
2026-07-23,GC=F,4046.60009765625,-0.5155028553720696,0.012468310527689493,2.75290650331852e-06,0.012465557621186174,0.013764532516592598
2026-07-24,GC=F,4067.60009765625,-0.5533557500576561,-0.0028716627466947573,7.570578937117301e-06,-0.0028792333256318745,0.0378528946855865
2026-07-27,GC=F,4074.5,-0.5584660129502751,-0.0009473303321731289,1.022052578523791e-06,-0.0009483523847516527,0.005110262892618955
2026-07-28,GC=F,4036.300048828125,-0.5689746536839638,0.005334348751690238,2.101728146737747e-06,0.0053322470235435005,0.010508640733688734
2026-07-29,GC=F,4034.699951171875,-0.5775989490009974,0.00022897572364999536,1.7248590634067141e-06,0.00022725086458658865,0.00862429531703357
2026-07-30,GC=F,4100.10009765625,-0.5775649381265978,-0.009361992716892685,6.802174879916301e-09,-0.009361999519067566,3.40108743995815e-05
2026-07-31,GC=F,4049.10009765625,-0.5667594151960418,0.007049762075692026,2.161104586111207e-06,0.007047600971105915,0.010805522930556033
2026-08-03,GC=F,4033.699951171875,-0.5643296891293066,0.002146343550040541,4.859452133470388e-07,0.002145857604827194,0.002429726066735194
2026-08-04,GC=F,4095.39990234375,-0.5741098426348222,-0.008781652003533449,1.9560307011031287e-06,-0.008783608034234553,0.009780153505515643
2026-08-05,GC=F,4245.7998046875,-0.5535713281275062,-0.020329412432478152,4.107702901463207e-06,-0.020333520135379615,0.02053851450731603
2026-08-06,GC=F,4242.0,-0.49509304757401806,0.0004430865724859489,1.1695656110697628e-05,0.0004313909163752513,0.05847828055348814
2026-08-07,GC=F,4340.7001953125,-0.5036580648725157,-0.01171879994663675,1.7130034596995358e-06,-0.01172051295009645,0.008565017298497679
2026-08-10,GC=F,4361.7998046875,-0.48414660781354785,-0.0023533770694710563,3.902291411793579e-06,-0.00235727936088285,0.019511457058967896
2026-08-11,GC=F,4383.0,-0.5352486489854638,-0.0026015352394323406,1.0220408234383183e-05,-0.002611755647666724,0.05110204117191591
2026-08-12,GC=F,4408.89990234375,-0.5448787889102231,-0.003219782665287627,1.9260279849518725e-06,-0.003221708693272579,0.009630139924759362
2026-08-13,GC=F,4363.60009765625,-0.5496987326888648,0.005647949778704306,9.6398875572834e-07,0.005646985789948578,0.0048199437786417
2026-08-14,GC=F,4380.39990234375,-0.5602179048547513,-0.002156831784162653,2.1038344331772988e-06,-0.0021589356185958302,0.010519172165886492
2026-08-17,GC=F,4417.7998046875,-0.5605663608913058,-0.0047861217290477275,6.969120731090684e-08,-0.004786191420255039,0.00034845603655453417
2026-08-18,GC=F,4366.0,-0.5616144069491567,0.006585069010774296,2.0960921157016088e-07,0.006584859401562726,0.0010480460578508044
2026-08-19,GC=F,4489.39990234375,-0.551278112264195,-0.015581233444262163,2.0672589369923336e-06,-0.015583300703199156,0.010336294684961667
2026-08-20,GC=F,4516.2998046875,-0.5254895926510345,-0.003148665530462126,5.157703922632107e-06,-0.003153823234384758,0.025788519613160532
2026-08-21,GC=F,4624.10009765625,-0.588677148381264,-0.014051230388567985,1.2637511146045899e-05,-0.014063867899714031,0.0631875557302295
2026-08-24,GC=F,4640.7998046875,-0.5623034629320839,-0.0020307309304101176,5.274737089836013e-06,-0.0020360056674999538,0.026373685449180062
2026-08-25,GC=F,4638.10009765625,-0.5634736391261491,0.0003277912880310544,2.3403523881304623e-07,0.0003275572527922413,0.001170176194065231
2026-08-26,GC=F,4598.2001953125,-0.5804784624186112,0.004993646854421377,3.4009646584924226e-06,0.004990245889762885,0.017004823292462112
2026-08-27,GC=F,4609.7001953125,-0.5651642203643248,-0.0014134635853427112,3.0628484108572886e-06,-0.0014165264337535684,0.015314242054286442
2026-08-28,GC=F,4478.10009765625,-0.5718895822202548,0.016326598624636913,1.3450723711859958e-06,0.016325253552265728,0.006725361855929979
2026-08-31,GC=F,4431.10009765625,0.5135282893934076,-0.0053897476776194235,0.00021708357432273246,-0.005606831251942156,1.0854178716136622
2026-09-01,GC=F,4348.0,0.5041655874100767,-0.009455035685350083,1.8725403966661781e-06,-0.00945690822574675,0.00936270198333089
2026-09-02,GC=F,4366.2998046875,0.4837221271502375,0.0020358832681397414,4.0886920519678355e-06,0.0020317945760877734,0.020443460259839175
2026-09-03,GC=F,4491.7001953125,0.555525005449919,0.015954711266181754,1.4360575659936304e-05,0.015940350690521816,0.07180287829968152
2026-09-04,GC=F,4429.7998046875,0.5099348269892869,-0.007027442529862058,9.118035692126414e-06,-0.007036560565554184,0.04559017846063207
2026-09-07,GC=F,4476.60009765625,0.5219337753559855,0.005514166480186771,2.399789673339714e-06,0.005511766690513431,0.01199894836669857
2019-01-02,ZN=F,122.1875,0.0,0.0,0.0,0.0,0.0
2019-01-03,ZN=F,123.15625,0.0,0.0,0.0,0.0,0.0
2019-01-04,ZN=F,122.296875,0.0,-0.0,0.0,-0.0,0.0
2019-01-07,ZN=F,122.046875,0.0,-0.0,0.0,-0.0,0.0
2019-01-08,ZN=F,121.75,0.0,-0.0,0.0,-0.0,0.0
2019-01-09,ZN=F,121.71875,0.0,-0.0,0.0,-0.0,0.0
2019-01-10,ZN=F,121.71875,0.0,0.0,0.0,0.0,0.0
2019-01-11,ZN=F,121.953125,0.0,0.0,0.0,0.0,0.0
2019-01-14,ZN=F,121.90625,0.0,-0.0,0.0,-0.0,0.0
2019-01-15,ZN=F,121.90625,0.0,0.0,0.0,0.0,0.0
2019-01-16,ZN=F,121.71875,0.0,-0.0,0.0,-0.0,0.0
2019-01-17,ZN=F,121.515625,0.0,-0.0,0.0,-0.0,0.0
2019-01-18,ZN=F,121.171875,0.0,-0.0,0.0,-0.0,0.0
2019-01-22,ZN=F,121.578125,0.0,0.0,0.0,0.0,0.0
2019-01-23,ZN=F,121.390625,0.0,-0.0,0.0,-0.0,0.0
2019-01-24,ZN=F,121.75,0.0,0.0,0.0,0.0,0.0
2019-01-25,ZN=F,121.40625,0.0,-0.0,0.0,-0.0,0.0
2019-01-28,ZN=F,121.5,0.0,0.0,0.0,0.0,0.0
2019-01-29,ZN=F,121.78125,0.0,0.0,0.0,0.0,0.0
2019-01-30,ZN=F,122.0,0.0,0.0,0.0,0.0,0.0
2019-01-31,ZN=F,122.46875,0.0,0.0,0.0,0.0,0.0
2019-02-01,ZN=F,121.9375,0.0,-0.0,0.0,-0.0,0.0
2019-02-04,ZN=F,121.71875,0.0,-0.0,0.0,-0.0,0.0
2019-02-05,ZN=F,121.875,0.0,0.0,0.0,0.0,0.0
2019-02-06,ZN=F,121.890625,0.0,0.0,0.0,0.0,0.0
2019-02-07,ZN=F,122.28125,0.0,0.0,0.0,0.0,0.0
2019-02-08,ZN=F,122.375,0.0,0.0,0.0,0.0,0.0
2019-02-11,ZN=F,122.125,0.0,-0.0,0.0,-0.0,0.0
2019-02-12,ZN=F,121.953125,0.0,-0.0,0.0,-0.0,0.0
2019-02-13,ZN=F,121.75,0.0,-0.0,0.0,-0.0,0.0
2019-02-14,ZN=F,122.171875,0.0,0.0,0.0,0.0,0.0
2019-02-15,ZN=F,122.046875,0.0,-0.0,0.0,-0.0,0.0
2019-02-19,ZN=F,122.21875,0.0,0.0,0.0,0.0,0.0
2019-02-20,ZN=F,122.15625,0.0,-0.0,0.0,-0.0,0.0
2019-02-21,ZN=F,121.90625,0.0,-0.0,0.0,-0.0,0.0
2019-02-22,ZN=F,122.140625,0.0,0.0,0.0,0.0,0.0
2019-02-25,ZN=F,122.03125,0.0,-0.0,0.0,-0.0,0.0
2019-02-26,ZN=F,122.328125,0.0,0.0,0.0,0.0,0.0
2019-02-27,ZN=F,121.921875,0.0,-0.0,0.0,-0.0,0.0
2019-02-28,ZN=F,121.75,0.0,-0.0,0.0,-0.0,0.0
2019-03-01,ZN=F,121.4375,0.0,-0.0,0.0,-0.0,0.0
2019-03-04,ZN=F,121.671875,0.0,0.0,0.0,0.0,0.0
2019-03-05,ZN=F,121.6875,0.0,0.0,0.0,0.0,0.0
2019-03-06,ZN=F,121.9375,0.0,0.0,0.0,0.0,0.0
2019-03-07,ZN=F,122.421875,0.0,0.0,0.0,0.0,0.0
2019-03-08,ZN=F,122.515625,0.0,0.0,0.0,0.0,0.0
2019-03-11,ZN=F,122.40625,0.0,-0.0,0.0,-0.0,0.0
2019-03-12,ZN=F,122.609375,0.0,0.0,0.0,0.0,0.0
2019-03-13,ZN=F,122.59375,0.0,-0.0,0.0,-0.0,0.0
2019-03-14,ZN=F,122.453125,0.0,-0.0,0.0,-0.0,0.0
2019-03-15,ZN=F,122.703125,0.0,0.0,0.0,0.0,0.0
2019-03-18,ZN=F,122.59375,0.0,-0.0,0.0,-0.0,0.0
2019-03-19,ZN=F,122.5,0.0,-0.0,0.0,-0.0,0.0
2019-03-20,ZN=F,122.6875,0.0,0.0,0.0,0.0,0.0
2019-03-21,ZN=F,123.359375,0.0,0.0,0.0,0.0,0.0
2019-03-22,ZN=F,124.03125,0.0,0.0,0.0,0.0,0.0
2019-03-25,ZN=F,124.328125,0.0,0.0,0.0,0.0,0.0
2019-03-26,ZN=F,124.40625,0.0,0.0,0.0,0.0,0.0
2019-03-27,ZN=F,124.6875,0.0,0.0,0.0,0.0,0.0
2019-03-28,ZN=F,124.5,0.0,-0.0,0.0,-0.0,0.0
2019-03-29,ZN=F,124.21875,0.0,-0.0,0.0,-0.0,0.0
2019-04-01,ZN=F,123.609375,0.0,-0.0,0.0,-0.0,0.0
2019-04-02,ZN=F,123.765625,0.0,0.0,0.0,0.0,0.0
2019-04-03,ZN=F,123.5,0.0,-0.0,0.0,-0.0,0.0
2019-04-04,ZN=F,123.546875,0.0,0.0,0.0,0.0,0.0
2019-04-05,ZN=F,123.59375,0.0,0.0,0.0,0.0,0.0
2019-04-08,ZN=F,123.453125,0.0,-0.0,0.0,-0.0,0.0
2019-04-09,ZN=F,123.640625,0.0,0.0,0.0,0.0,0.0
2019-04-10,ZN=F,123.796875,0.0,0.0,0.0,0.0,0.0
2019-04-11,ZN=F,123.5625,0.0,-0.0,0.0,-0.0,0.0
2019-04-12,ZN=F,123.09375,0.0,-0.0,0.0,-0.0,0.0
2019-04-15,ZN=F,123.15625,0.0,0.0,0.0,0.0,0.0
2019-04-16,ZN=F,122.828125,0.0,-0.0,0.0,-0.0,0.0
2019-04-17,ZN=F,122.859375,0.0,0.0,0.0,0.0,0.0
2019-04-18,ZN=F,123.140625,0.0,0.0,0.0,0.0,0.0
2019-04-22,ZN=F,122.9375,0.0,-0.0,0.0,-0.0,0.0
2019-04-23,ZN=F,123.125,0.0,0.0,0.0,0.0,0.0
2019-04-24,ZN=F,123.53125,0.0,0.0,0.0,0.0,0.0
2019-04-25,ZN=F,123.390625,0.0,-0.0,0.0,-0.0,0.0
2019-04-26,ZN=F,123.671875,0.0,0.0,0.0,0.0,0.0
2019-04-29,ZN=F,123.4375,0.0,-0.0,0.0,-0.0,0.0
2019-04-30,ZN=F,123.671875,0.0,0.0,0.0,0.0,0.0
2019-05-01,ZN=F,123.578125,0.0,-0.0,0.0,-0.0,0.0
2019-05-02,ZN=F,123.171875,0.0,-0.0,0.0,-0.0,0.0
2019-05-03,ZN=F,123.34375,0.0,0.0,0.0,0.0,0.0
2019-05-06,ZN=F,123.625,0.0,0.0,0.0,0.0,0.0
2019-05-07,ZN=F,124.015625,0.0,0.0,0.0,0.0,0.0
2019-05-08,ZN=F,123.75,0.0,-0.0,0.0,-0.0,0.0
2019-05-09,ZN=F,123.984375,0.0,0.0,0.0,0.0,0.0
2019-05-10,ZN=F,123.984375,0.0,0.0,0.0,0.0,0.0
2019-05-13,ZN=F,124.421875,0.0,0.0,0.0,0.0,0.0
2019-05-14,ZN=F,124.328125,0.0,-0.0,0.0,-0.0,0.0
2019-05-15,ZN=F,124.671875,0.0,0.0,0.0,0.0,0.0
2019-05-16,ZN=F,124.421875,0.0,-0.0,0.0,-0.0,0.0
2019-05-17,ZN=F,124.484375,0.0,0.0,0.0,0.0,0.0
2019-05-20,ZN=F,124.28125,0.0,-0.0,0.0,-0.0,0.0
2019-05-21,ZN=F,124.140625,0.0,-0.0,0.0,-0.0,0.0
2019-05-22,ZN=F,124.4375,0.0,0.0,0.0,0.0,0.0
2019-05-23,ZN=F,125.203125,0.0,0.0,0.0,0.0,0.0
2019-05-24,ZN=F,124.890625,0.0,-0.0,0.0,-0.0,0.0
2019-05-28,ZN=F,125.390625,1.0,0.004003503065181935,0.0002,0.0038035030651819347,1.0
2019-05-29,ZN=F,125.625,1.0,0.0018691588785046953,0.0,0.0018691588785046953,0.0
2019-05-30,ZN=F,125.6875,1.0,0.0004975124378110429,0.0,0.0004975124378110429,0.0
2019-05-31,ZN=F,126.375,1.0,0.005469915464942909,0.0,0.005469915464942909,0.0
2019-06-03,ZN=F,126.890625,1.0,0.004080118694361978,0.0,0.004080118694361978,0.0
2019-06-04,ZN=F,126.59375,1.0,-0.002339613348109837,0.0,-0.002339613348109837,0.0
2019-06-05,ZN=F,126.640625,1.0,0.00037027894347074763,0.0,0.00037027894347074763,0.0
2019-06-06,ZN=F,126.609375,1.0,-0.0002467612584824419,0.0,-0.0002467612584824419,0.0
2019-06-07,ZN=F,126.890625,1.0,0.002221399481673547,0.0,0.002221399481673547,0.0
2019-06-10,ZN=F,126.4375,1.0,-0.003570988794483476,0.0,-0.003570988794483476,0.0
2019-06-11,ZN=F,126.4375,1.0,0.0,0.0,0.0,0.0
2019-06-12,ZN=F,126.640625,1.0,0.0016065249629262368,0.0,0.0016065249629262368,0.0
2019-06-13,ZN=F,127.0,1.0,0.002837754472547749,0.0,0.002837754472547749,0.0
2019-06-14,ZN=F,126.9375,1.0,-0.0004921259842519676,0.0,-0.0004921259842519676,0.0
2019-06-17,ZN=F,126.96875,1.0,0.0002461841457410685,0.0,0.0002461841457410685,0.0
2019-06-18,ZN=F,127.140625,1.0,0.0013536795471327245,0.0,0.0013536795471327245,0.0
2019-06-19,ZN=F,126.90625,1.0,-0.0018434312400147368,0.0,-0.0018434312400147368,0.0
2019-06-20,ZN=F,128.0625,1.0,0.009111056390051608,0.0,0.009111056390051608,0.0
2019-06-21,ZN=F,127.515625,1.0,-0.0042703757930697694,0.0,-0.0042703757930697694,0.0
2019-06-24,ZN=F,127.9375,1.0,0.003308418086018783,0.0,0.003308418086018783,0.0
2019-06-25,ZN=F,128.125,1.0,0.0014655593551538004,0.0,0.0014655593551538004,0.0
2019-06-26,ZN=F,127.59375,1.0,-0.004146341463414638,0.0,-0.004146341463414638,0.0
2019-06-27,ZN=F,127.9375,1.0,0.0026940974773450588,0.0,0.0026940974773450588,0.0
2019-06-28,ZN=F,127.96875,1.0,0.0002442598925256334,0.0,0.0002442598925256334,0.0
2019-07-01,ZN=F,127.6875,1.0,-0.00219780219780219,0.0,-0.00219780219780219,0.0
2019-07-02,ZN=F,128.140625,1.0,0.0035487028879099825,0.0,0.0035487028879099825,0.0
2019-07-03,ZN=F,128.25,1.0,0.0008535544445800181,0.0,0.0008535544445800181,0.0
2019-07-05,ZN=F,127.46875,1.0,-0.006091617933723148,0.0,-0.006091617933723148,0.0
2019-07-08,ZN=F,127.5,1.0,0.0002451581269919956,0.0,0.0002451581269919956,0.0
2019-07-09,ZN=F,127.296875,1.0,-0.0015931372549019551,0.0,-0.0015931372549019551,0.0
2019-07-10,ZN=F,127.4375,1.0,0.0011047011169755816,0.0,0.0011047011169755816,0.0
2019-07-11,ZN=F,126.984375,1.0,-0.0035556645414418497,0.0,-0.0035556645414418497,0.0
2019-07-12,ZN=F,127.109375,1.0,0.0009843730773964054,0.0,0.0009843730773964054,0.0
2019-07-15,ZN=F,127.171875,1.0,0.0004917025199753233,0.0,0.0004917025199753233,0.0
2019-07-16,ZN=F,126.921875,1.0,-0.001965843469713735,0.0,-0.001965843469713735,0.0
2019-07-17,ZN=F,127.359375,1.0,0.003447002339037386,0.0,0.003447002339037386,0.0
2019-07-18,ZN=F,127.640625,1.0,0.0022083179977916423,0.0,0.0022083179977916423,0.0
2019-07-19,ZN=F,127.53125,1.0,-0.0008568980291345785,0.0,-0.0008568980291345785,0.0
2019-07-22,ZN=F,127.59375,1.0,0.0004900759617740835,0.0,0.0004900759617740835,0.0
2019-07-23,ZN=F,127.359375,1.0,-0.0018368846436443986,0.0,-0.0018368846436443986,0.0
2019-07-24,ZN=F,127.515625,1.0,0.001226843332106542,0.0,0.001226843332106542,0.0
2019-07-25,ZN=F,127.28125,1.0,-0.0018380100477882744,0.0,-0.0018380100477882744,0.0
2019-07-26,ZN=F,127.21875,1.0,-0.0004910385465258793,0.0,-0.0004910385465258793,0.0
2019-07-29,ZN=F,127.453125,1.0,0.0018422991893882745,0.0,0.0018422991893882745,0.0
2019-07-30,ZN=F,127.34375,1.0,-0.0008581586367537586,0.0,-0.0008581586367537586,0.0
2019-07-31,ZN=F,127.421875,1.0,0.0006134969325153339,0.0,0.0006134969325153339,0.0
2019-08-01,ZN=F,128.6875,1.0,0.009932556713672547,0.0,0.009932556713672547,0.0
2019-08-02,ZN=F,128.859375,1.0,0.001335599805730947,0.0,0.001335599805730947,0.0
2019-08-05,ZN=F,129.84375,1.0,0.0076391415060022005,0.0,0.0076391415060022005,0.0
2019-08-06,ZN=F,129.765625,1.0,-0.0006016847172082285,0.0,-0.0006016847172082285,0.0
2019-08-07,ZN=F,130.15625,1.0,0.003010234798314304,0.0,0.003010234798314304,0.0
2019-08-08,ZN=F,129.921875,1.0,-0.0018007202881152873,0.0,-0.0018007202881152873,0.0
2019-08-09,ZN=F,129.6875,1.0,-0.0018039687312086938,0.0,-0.0018039687312086938,0.0
2019-08-12,ZN=F,130.375,1.0,0.005301204819277094,0.0,0.005301204819277094,0.0
2019-08-13,ZN=F,129.828125,1.0,-0.004194630872483174,0.0,-0.004194630872483174,0.0
2019-08-14,ZN=F,130.515625,1.0,0.005295462751233604,0.0,0.005295462751233604,0.0
2019-08-15,ZN=F,130.953125,1.0,0.0033520890697953387,0.0,0.0033520890697953387,0.0
2019-08-16,ZN=F,130.921875,1.0,-0.00023863500775567204,0.0,-0.00023863500775567204,0.0
2019-08-19,ZN=F,130.4375,1.0,-0.003699725504236806,0.0,-0.003699725504236806,0.0
2019-08-20,ZN=F,130.734375,1.0,0.002275994250119817,0.0,0.002275994250119817,0.0
2019-08-21,ZN=F,130.53125,1.0,-0.0015537229592446078,0.0,-0.0015537229592446078,0.0
2019-08-22,ZN=F,130.296875,1.0,-0.0017955470433325127,0.0,-0.0017955470433325127,0.0
2019-08-23,ZN=F,130.953125,1.0,0.005036575128912313,0.0,0.005036575128912313,0.0
2019-08-26,ZN=F,130.78125,1.0,-0.0013124925426559741,0.0,-0.0013124925426559741,0.0
2019-08-27,ZN=F,131.140625,1.0,0.0027479091995221694,0.0,0.0027479091995221694,0.0
2019-08-28,ZN=F,131.359375,1.0,0.0016680567139282232,0.0,0.0016680567139282232,0.0
2019-08-29,ZN=F,130.953125,1.0,-0.003092660877839881,0.0,-0.003092660877839881,0.0
2019-08-30,ZN=F,131.046875,1.0,0.0007159050232670161,0.0,0.0007159050232670161,0.0
2019-09-03,ZN=F,131.453125,1.0,0.003100035769643572,0.0,0.003100035769643572,0.0
2019-09-04,ZN=F,131.609375,1.0,0.0011886366337809928,0.0,0.0011886366337809928,0.0
2019-09-05,ZN=F,130.65625,1.0,-0.007242075270093795,0.0,-0.007242075270093795,0.0
2019-09-06,ZN=F,130.734375,1.0,0.0005979430758191739,0.0,0.0005979430758191739,0.0
2019-09-09,ZN=F,130.25,1.0,-0.003705031672044945,0.0,-0.003705031672044945,0.0
2019-09-10,ZN=F,129.5625,1.0,-0.00527831094049902,0.0,-0.00527831094049902,0.0
2019-09-11,ZN=F,129.34375,1.0,-0.0016883743367100967,0.0,-0.0016883743367100967,0.0
2019-09-12,ZN=F,128.890625,1.0,-0.003503261657405221,0.0,-0.003503261657405221,0.0
2019-09-13,ZN=F,128.078125,1.0,-0.006303794399321161,0.0,-0.006303794399321161,0.0
2019-09-16,ZN=F,128.53125,1.0,0.003537879712089742,0.0,0.003537879712089742,0.0
2019-09-17,ZN=F,128.71875,1.0,0.0014587892049597873,0.0,0.0014587892049597873,0.0
2019-09-18,ZN=F,128.8125,1.0,0.0007283321194464509,0.0,0.0007283321194464509,0.0
2019-09-19,ZN=F,128.921875,1.0,0.000849102377486588,0.0,0.000849102377486588,0.0
2019-09-20,ZN=F,129.6875,1.0,0.005938674100109065,0.0,0.005938674100109065,0.0
2019-09-23,ZN=F,130.078125,1.0,0.003012048192771122,0.0,0.003012048192771122,0.0
2019-09-24,ZN=F,130.71875,1.0,0.004924924924925023,0.0,0.004924924924925023,0.0
2019-09-25,ZN=F,129.953125,1.0,-0.005857040401625602,0.0,-0.005857040401625602,0.0
2019-09-26,ZN=F,130.28125,1.0,0.002524948899843782,0.0,0.002524948899843782,0.0
2019-09-27,ZN=F,130.390625,1.0,0.0008395298632766224,0.0,0.0008395298632766224,0.0
2019-09-30,ZN=F,130.3125,1.0,-0.0005991611743558778,0.0,-0.0005991611743558778,0.0
2019-10-01,ZN=F,130.65625,1.0,0.0026378896882492953,0.0,0.0026378896882492953,0.0
2019-10-02,ZN=F,131.140625,1.0,0.0037072470700789673,0.0,0.0037072470700789673,0.0
2019-10-03,ZN=F,131.75,1.0,0.004646729417371542,0.0,0.004646729417371542,0.0
2019-10-04,ZN=F,131.90625,1.0,0.0011859582542694813,0.0,0.0011859582542694813,0.0
2019-10-07,ZN=F,131.515625,1.0,-0.0029613835583984782,0.0,-0.0029613835583984782,0.0
2019-10-08,ZN=F,131.703125,1.0,0.0014256861114412267,0.0,0.0014256861114412267,0.0
2019-10-09,ZN=F,131.28125,1.0,-0.0032032269545616554,0.0,-0.0032032269545616554,0.0
2019-10-10,ZN=F,130.703125,1.0,-0.0044037134015710855,0.0,-0.0044037134015710855,0.0
2019-10-11,ZN=F,129.875,1.0,-0.006335923490735196,0.0,-0.006335923490735196,0.0
2019-10-14,ZN=F,130.21875,1.0,0.0026467757459094354,0.0,0.0026467757459094354,0.0
2019-10-15,ZN=F,129.765625,1.0,-0.003479721622270171,0.0,-0.003479721622270171,0.0
2019-10-16,ZN=F,129.984375,1.0,0.0016857314870559748,0.0,0.0016857314870559748,0.0
2019-10-17,ZN=F,129.90625,1.0,-0.0006010337780982811,0.0,-0.0006010337780982811,0.0
2019-10-18,ZN=F,130.03125,1.0,0.0009622323791196319,0.0,0.0009622323791196319,0.0
2019-10-21,ZN=F,129.625,1.0,-0.003124248978610966,0.0,-0.003124248978610966,0.0
2019-10-22,ZN=F,129.8125,1.0,0.0014464802314368974,0.0,0.0014464802314368974,0.0
2019-10-23,ZN=F,129.859375,1.0,0.00036109773712089677,0.0,0.00036109773712089677,0.0
2019-10-24,ZN=F,129.84375,1.0,-0.0001203224642040146,0.0,-0.0001203224642040146,0.0
2019-10-25,ZN=F,129.53125,1.0,-0.002406738868832692,0.0,-0.002406738868832692,0.0
2019-10-28,ZN=F,129.15625,1.0,-0.0028950542822677727,0.0,-0.0028950542822677727,0.0
2019-10-29,ZN=F,129.265625,1.0,0.0008468424872973834,0.0,0.0008468424872973834,0.0
2019-10-30,ZN=F,129.484375,1.0,0.001692251903783415,0.0,0.001692251903783415,0.0
2019-10-31,ZN=F,130.296875,1.0,0.006274888379389498,0.0,0.006274888379389498,0.0
2019-11-01,ZN=F,130.015625,1.0,-0.002158532198105245,0.0,-0.002158532198105245,0.0
2019-11-04,ZN=F,129.578125,1.0,-0.003364980170652565,0.0,-0.003364980170652565,0.0
2019-11-05,ZN=F,128.921875,1.0,-0.005064512239237873,0.0,-0.005064512239237873,0.0
2019-11-06,ZN=F,129.328125,1.0,0.0031511331959761524,0.0,0.0031511331959761524,0.0
2019-11-07,ZN=F,128.390625,1.0,-0.007249003262051468,0.0,-0.007249003262051468,0.0
2019-11-08,ZN=F,128.390625,1.0,0.0,0.0,0.0,0.0
2019-11-11,ZN=F,128.390625,1.0,0.0,0.0,0.0,0.0
2019-11-12,ZN=F,128.53125,1.0,0.0010952902519167917,0.0,0.0010952902519167917,0.0
2019-11-13,ZN=F,128.890625,1.0,0.0027960126428396848,0.0,0.0027960126428396848,0.0
2019-11-14,ZN=F,129.34375,-1.0,-0.0035155776457751475,0.0004,-0.003915577645775148,2.0
2019-11-15,ZN=F,129.140625,-1.0,0.0015704276395264172,0.0,0.0015704276395264172,0.0
2019-11-18,ZN=F,129.328125,-1.0,-0.0014519056261343977,0.0,-0.0014519056261343977,0.0
2019-11-19,ZN=F,129.4375,-1.0,-0.0008457170472393472,0.0,-0.0008457170472393472,0.0
2019-11-20,ZN=F,129.796875,-1.0,-0.002776436504104307,0.0,-0.002776436504104307,0.0
2019-11-21,ZN=F,129.484375,-1.0,0.0024076080414108247,0.0,0.0024076080414108247,0.0
2019-11-22,ZN=F,129.453125,-1.0,0.00024134186074575847,0.0,0.00024134186074575847,0.0
2019-11-25,ZN=F,129.515625,-1.0,-0.00048280024140012756,0.0,-0.00048280024140012756,0.0
2019-11-26,ZN=F,129.6875,-1.0,-0.0013270599589818577,0.0,-0.0013270599589818577,0.0
2019-11-27,ZN=F,129.375,-1.0,0.002409638554216831,0.0,0.002409638554216831,0.0
2019-11-29,ZN=F,129.296875,-1.0,0.0006038647342995196,0.0,0.0006038647342995196,0.0
2019-12-02,ZN=F,128.890625,-1.0,0.0031419939577039813,0.0,0.0031419939577039813,0.0
2019-12-03,ZN=F,129.96875,-1.0,-0.008364650260637596,0.0,-0.008364650260637596,0.0
2019-12-04,ZN=F,129.40625,-1.0,0.004327963452753103,0.0,0.004327963452753103,0.0
2019-12-05,ZN=F,129.3125,-1.0,0.0007244626901714568,0.0,0.0007244626901714568,0.0
2019-12-06,ZN=F,128.90625,-1.0,0.003141614306428231,0.0,0.003141614306428231,0.0
2019-12-09,ZN=F,129.0,-1.0,-0.0007272727272726875,0.0,-0.0007272727272726875,0.0
2019-12-10,ZN=F,128.9375,-1.0,0.0004844961240310086,0.0,0.0004844961240310086,0.0
2019-12-11,ZN=F,129.296875,-1.0,-0.0027872031022782018,0.0,-0.0027872031022782018,0.0
2019-12-12,ZN=F,128.4375,-1.0,0.006646525679758319,0.0,0.006646525679758319,0.0
2019-12-13,ZN=F,129.09375,-1.0,-0.005109489051094984,0.0,-0.005109489051094984,0.0
2019-12-16,ZN=F,128.53125,-1.0,0.004357298474945481,0.0,0.004357298474945481,0.0
2019-12-17,ZN=F,128.578125,-1.0,-0.0003646973012398913,0.0,-0.0003646973012398913,0.0
2019-12-18,ZN=F,128.328125,-1.0,0.001944343176570662,0.0,0.001944343176570662,0.0
2019-12-19,ZN=F,128.5625,-1.0,-0.001826372823572342,0.0,-0.001826372823572342,0.0
2019-12-20,ZN=F,128.25,-1.0,0.002430724355858005,0.0,0.002430724355858005,0.0
2019-12-23,ZN=F,128.09375,-1.0,0.001218323586744674,0.0,0.001218323586744674,0.0
2019-12-24,ZN=F,128.3125,-1.0,-0.0017077335935593574,0.0,-0.0017077335935593574,0.0
2019-12-26,ZN=F,128.375,-1.0,-0.00048709206039943,0.0,-0.00048709206039943,0.0
2019-12-27,ZN=F,128.65625,-1.0,-0.002190847127556017,0.0,-0.002190847127556017,0.0
2019-12-30,ZN=F,128.53125,-1.0,0.0009715812484819564,0.0,0.0009715812484819564,0.0
2019-12-31,ZN=F,128.421875,-1.0,0.0008509603695598944,0.0,0.0008509603695598944,0.0
2020-01-02,ZN=F,128.625,-1.0,-0.001581700936853725,0.0,-0.001581700936853725,0.0
2020-01-03,ZN=F,129.390625,-1.0,-0.005952380952380931,0.0,-0.005952380952380931,0.0
2020-01-06,ZN=F,129.25,-1.0,0.0010868252626494712,0.0,0.0010868252626494712,0.0
2020-01-07,ZN=F,129.15625,-1.0,0.0007253384912959682,0.0,0.0007253384912959682,0.0
2020-01-08,ZN=F,128.765625,-1.0,0.003024437454633433,0.0,0.003024437454633433,0.0
2020-01-09,ZN=F,128.890625,-1.0,-0.0009707559762164308,0.0,-0.0009707559762164308,0.0
2020-01-10,ZN=F,129.078125,-1.0,-0.0014547217844587124,0.0,-0.0014547217844587124,0.0
2020-01-13,ZN=F,128.921875,-1.0,0.0012105072025178076,0.0,0.0012105072025178076,0.0
2020-01-14,ZN=F,129.140625,-1.0,-0.0016967640286025265,0.0,-0.0016967640286025265,0.0
2020-01-15,ZN=F,129.34375,-1.0,-0.0015728977616455975,0.0,-0.0015728977616455975,0.0
2020-01-16,ZN=F,129.15625,-1.0,0.001449625513408992,0.0,0.001449625513408992,0.0
2020-01-17,ZN=F,129.046875,-1.0,0.0008468424872973834,0.0,0.0008468424872973834,0.0
2020-01-21,ZN=F,129.578125,-1.0,-0.0041167211526820235,0.0,-0.0041167211526820235,0.0
2020-01-22,ZN=F,129.546875,-1.0,0.00024116724948752832,0.0,0.00024116724948752832,0.0
2020-01-23,ZN=F,129.78125,-1.0,-0.0018091906886985587,0.0,-0.0018091906886985587,0.0
2020-01-24,ZN=F,130.28125,-1.0,-0.0038526366482061203,0.0,-0.0038526366482061203,0.0
2020-01-27,ZN=F,130.890625,-1.0,-0.004677380666826547,0.0,-0.004677380666826547,0.0
2020-01-28,ZN=F,130.609375,-1.0,0.0021487405992598463,0.0,0.0021487405992598463,0.0
2020-01-29,ZN=F,131.015625,-1.0,-0.0031104199066873672,0.0,-0.0031104199066873672,0.0
2020-01-30,ZN=F,131.3125,-1.0,-0.002265951103160413,0.0,-0.002265951103160413,0.0
2020-01-31,ZN=F,131.65625,1.0,0.002617801047120505,0.0004,0.0022178010471205047,2.0
2020-02-03,ZN=F,131.578125,1.0,-0.0005934013766911717,0.0,-0.0005934013766911717,0.0
2020-02-04,ZN=F,130.890625,1.0,-0.005225032656454132,0.0,-0.005225032656454132,0.0
2020-02-05,ZN=F,130.546875,1.0,-0.002626238510206491,0.0,-0.002626238510206491,0.0
2020-02-06,ZN=F,130.5625,1.0,0.00011968880909640767,0.0,0.00011968880909640767,0.0
2020-02-07,ZN=F,131.078125,1.0,0.003949258018190571,0.0,0.003949258018190571,0.0
2020-02-10,ZN=F,131.359375,1.0,0.0021456669448087773,0.0,0.0021456669448087773,0.0
2020-02-11,ZN=F,131.0,1.0,-0.002735815391935237,0.0,-0.002735815391935237,0.0
2020-02-12,ZN=F,130.6875,1.0,-0.0023854961832061594,0.0,-0.0023854961832061594,0.0
2020-02-13,ZN=F,130.765625,1.0,0.0005978000956479157,0.0,0.0005978000956479157,0.0
2020-02-14,ZN=F,130.984375,1.0,0.0016728402437566903,0.0,0.0016728402437566903,0.0
2020-02-18,ZN=F,131.203125,1.0,0.001670046522724622,0.0,0.001670046522724622,0.0
2020-02-19,ZN=F,131.078125,1.0,-0.0009527212099559312,0.0,-0.0009527212099559312,0.0
2020-02-20,ZN=F,131.4375,1.0,0.002741685540588845,0.0,0.002741685540588845,0.0
2020-02-21,ZN=F,131.859375,1.0,0.003209700427960094,0.0,0.003209700427960094,0.0
2020-02-24,ZN=F,132.65625,1.0,0.006043370067543519,0.0,0.006043370067543519,0.0
2020-02-25,ZN=F,133.125,1.0,0.0035335689045936647,0.0,0.0035335689045936647,0.0
2020-02-26,ZN=F,133.328125,1.0,0.001525821596244148,0.0,0.001525821596244148,0.0
2020-02-27,ZN=F,133.4375,1.0,0.0008203445447088065,0.0,0.0008203445447088065,0.0
2020-02-28,ZN=F,134.84375,1.0,0.01053864168618257,0.0,0.01053864168618257,0.0
2020-03-02,ZN=F,135.265625,1.0,0.0031286210892236266,0.0,0.0031286210892236266,0.0
2020-03-03,ZN=F,136.0,1.0,0.005429132493935507,0.0,0.005429132493935507,0.0
2020-03-04,ZN=F,136.25,1.0,0.0018382352941177516,0.0,0.0018382352941177516,0.0
2020-03-05,ZN=F,136.765625,1.0,0.0037844036697247674,0.0,0.0037844036697247674,0.0
2020-03-06,ZN=F,138.046875,1.0,0.009368216611447489,0.0,0.009368216611447489,0.0
2020-03-09,ZN=F,139.296875,1.0,0.009054895302773147,0.0,0.009054895302773147,0.0
2020-03-10,ZN=F,137.546875,1.0,-0.012563095905776756,0.0,-0.012563095905776756,0.0
2020-03-11,ZN=F,137.140625,1.0,-0.0029535385663977953,0.0,-0.0029535385663977953,0.0
2020-03-12,ZN=F,136.890625,1.0,-0.001822946337017184,0.0,-0.001822946337017184,0.0
2020-03-13,ZN=F,135.796875,1.0,-0.00798995548453374,0.0,-0.00798995548453374,0.0
2020-03-16,ZN=F,138.0625,1.0,0.01668392590035661,0.0,0.01668392590035661,0.0
2020-03-17,ZN=F,136.0625,1.0,-0.014486192847442236,0.0,-0.014486192847442236,0.0
2020-03-18,ZN=F,134.375,1.0,-0.01240238860817644,0.0,-0.01240238860817644,0.0
2020-03-19,ZN=F,135.3125,0.9558454787568317,0.0066686893866754965,8.830904248633665e-06,0.006659858482426863,0.04415452124316832
2020-03-20,ZN=F,136.5,0.944781279585361,0.008291383054097844,2.2128398342941446e-06,0.00828917021426355,0.011064199171470723
2020-03-23,ZN=F,138.203125,0.9273362887076825,0.011570473382456264,3.488998175535696e-06,0.011566984384280728,0.01744499087767848
2020-03-24,ZN=F,137.453125,0.8960623265241806,-0.004862746373449456,6.254792436700374e-06,-0.004869001165886156,0.03127396218350187
2020-03-25,ZN=F,137.34375,0.8806281037003303,-0.0007007385160738975,3.086844564770064e-06,-0.0007038253606386675,0.015434222823850319
2020-03-26,ZN=F,137.734375,0.8789477012736066,0.002499851255044457,3.3608048534474743e-07,0.0024995151745591123,0.0016804024267237372
2020-03-27,ZN=F,138.265625,0.8786353924452838,0.003388951031552975,6.246176566455652e-08,0.0033888885697873103,0.0003123088283227826
2020-03-30,ZN=F,138.828125,0.9023309993577635,0.0036709137729550195,4.739121382495948e-06,0.0036661746515725237,0.02369560691247974
2020-03-31,ZN=F,138.6875,0.9009532938447851,-0.0009126144788523612,2.755411025956889e-07,-0.0009128900199549568,0.0013777055129784443
2020-04-01,ZN=F,138.984375,0.9052432144497888,0.0019377671332295083,8.579841210007545e-07,0.0019369091491085076,0.004289920605003772
2020-04-02,ZN=F,138.890625,0.9050532728678546,-0.000610491246453834,3.7988316386838866e-08,-0.0006105292347702209,0.0001899415819341943
2020-04-03,ZN=F,139.140625,0.9069029047203861,0.0016324048234364226,3.6992637050630165e-07,0.0016320348970659162,0.001849631852531508
2020-04-06,ZN=F,138.40625,0.9324822107287208,-0.004921579326698447,5.115861201666938e-06,-0.004926695187900114,0.02557930600833469
2020-04-07,ZN=F,137.90625,0.9515510611757365,-0.0034375292343218965,3.8137700894031348e-06,-0.0034413430044113,0.019068850447015673
2020-04-08,ZN=F,137.84375,1.0,-0.0004532064355313725,9.689787764852699e-06,-0.00046289622329622523,0.04844893882426349
2020-04-09,ZN=F,138.25,1.0,0.0029471775107685616,0.0,0.0029471775107685616,0.0
2020-04-13,ZN=F,138.078125,1.0,-0.0012432188065099048,0.0,-0.0012432188065099048,0.0
2020-04-14,ZN=F,138.21875,1.0,0.001018445173701421,0.0,0.001018445173701421,0.0
2020-04-15,ZN=F,139.15625,1.0,0.0067827266561157895,0.0,0.0067827266561157895,0.0
2020-04-16,ZN=F,139.234375,1.0,0.0005614192679093133,0.0,0.0005614192679093133,0.0
2020-04-17,ZN=F,138.890625,1.0,-0.0024688587139490847,0.0,-0.0024688587139490847,0.0
2020-04-20,ZN=F,139.109375,1.0,0.0015749803127460549,0.0,0.0015749803127460549,0.0
2020-04-21,ZN=F,139.390625,1.0,0.0020217904077277637,0.0,0.0020217904077277637,0.0
2020-04-22,ZN=F,139.046875,1.0,-0.002466091245376112,0.0,-0.002466091245376112,0.0
2020-04-23,ZN=F,139.015625,1.0,-0.00022474435329811193,0.0,-0.00022474435329811193,0.0
2020-04-24,ZN=F,139.109375,1.0,0.0006743846240304663,0.0,0.0006743846240304663,0.0
2020-04-27,ZN=F,138.65625,1.0,-0.0032573289902280145,0.0,-0.0032573289902280145,0.0
2020-04-28,ZN=F,139.015625,1.0,0.0025918413342347346,0.0,0.0025918413342347346,0.0
2020-04-29,ZN=F,138.96875,1.0,-0.00033719231201523314,0.0,-0.00033719231201523314,0.0
2020-04-30,ZN=F,139.0625,1.0,0.0006746120980436476,0.0,0.0006746120980436476,0.0
2020-05-01,ZN=F,138.875,1.0,-0.001348314606741563,0.0,-0.001348314606741563,0.0
2020-05-04,ZN=F,138.96875,1.0,0.0006750675067506151,0.0,0.0006750675067506151,0.0
2020-05-05,ZN=F,138.859375,1.0,-0.0007870474477175149,0.0,-0.0007870474477175149,0.0
2020-05-06,ZN=F,138.546875,1.0,-0.002250478226623165,0.0,-0.002250478226623165,0.0
2020-05-07,ZN=F,139.296875,1.0,0.005413330325927612,0.0,0.005413330325927612,0.0
2020-05-08,ZN=F,138.953125,1.0,-0.0024677509814918785,0.0,-0.0024677509814918785,0.0
2020-05-11,ZN=F,138.625,1.0,-0.0023614078488698453,0.0,-0.0023614078488698453,0.0
2020-05-12,ZN=F,138.953125,1.0,0.00236699729486034,0.0,0.00236699729486034,0.0
2020-05-13,ZN=F,139.21875,1.0,0.0019116158776566472,0.0,0.0019116158776566472,0.0
2020-05-14,ZN=F,139.421875,1.0,0.0014590347923681968,0.0,0.0014590347923681968,0.0
2020-05-15,ZN=F,139.328125,1.0,-0.0006724195898240026,0.0,-0.0006724195898240026,0.0
2020-05-18,ZN=F,138.59375,1.0,-0.00527083099697212,0.0,-0.00527083099697212,0.0
2020-05-19,ZN=F,138.859375,1.0,0.0019165727170236124,0.0,0.0019165727170236124,0.0
2020-05-20,ZN=F,139.078125,1.0,0.0015753347586362487,0.0,0.0015753347586362487,0.0
2020-05-21,ZN=F,139.0625,1.0,-0.00011234692731154627,0.0,-0.00011234692731154627,0.0
2020-05-22,ZN=F,139.15625,1.0,0.000674157303370837,0.0,0.000674157303370837,0.0
2020-05-26,ZN=F,138.953125,1.0,-0.0014596900965641035,0.0,-0.0014596900965641035,0.0
2020-05-27,ZN=F,139.125,1.0,0.001236927920836628,0.0,0.001236927920836628,0.0
2020-05-28,ZN=F,138.953125,1.0,-0.001235399820305516,0.0,-0.001235399820305516,0.0
2020-05-29,ZN=F,139.375,1.0,0.0030360958056898646,0.0,0.0030360958056898646,0.0
2020-06-01,ZN=F,139.328125,1.0,-0.00033632286995510796,0.0,-0.00033632286995510796,0.0
2020-06-02,ZN=F,139.1875,1.0,-0.0010093080632499474,0.0,-0.0010093080632499474,0.0
2020-06-03,ZN=F,138.5625,1.0,-0.004490345756623215,0.0,-0.004490345756623215,0.0
2020-06-04,ZN=F,138.203125,1.0,-0.002593594948128053,0.0,-0.002593594948128053,0.0
2020-06-05,ZN=F,137.546875,1.0,-0.0047484454494064465,0.0,-0.0047484454494064465,0.0
2020-06-08,ZN=F,137.734375,1.0,0.001363171646029837,0.0,0.001363171646029837,0.0
2020-06-09,ZN=F,138.15625,1.0,0.0030629608621668414,0.0,0.0030629608621668414,0.0
2020-06-10,ZN=F,138.875,1.0,0.005202442886224734,0.0,0.005202442886224734,0.0
2020-06-11,ZN=F,139.421875,1.0,0.003937893789379032,0.0,0.003937893789379032,0.0
2020-06-12,ZN=F,139.109375,1.0,-0.0022413986327468605,0.0,-0.0022413986327468605,0.0
2020-06-15,ZN=F,139.109375,1.0,0.0,0.0,0.0,0.0
2020-06-16,ZN=F,138.796875,1.0,-0.0022464337863641326,0.0,-0.0022464337863641326,0.0
2020-06-17,ZN=F,138.96875,1.0,0.0012383203872565751,0.0,0.0012383203872565751,0.0
2020-06-18,ZN=F,139.203125,1.0,0.001686530245109008,0.0,0.001686530245109008,0.0
2020-06-19,ZN=F,139.15625,1.0,-0.000336738129980918,0.0,-0.000336738129980918,0.0
2020-06-22,ZN=F,138.703125,1.0,-0.003256231753873795,0.0,-0.003256231753873795,0.0
2020-06-23,ZN=F,138.75,1.0,0.00033795201081443516,0.0,0.00033795201081443516,0.0
2020-06-24,ZN=F,138.875,1.0,0.0009009009009008917,0.0,0.0009009009009008917,0.0
2020-06-25,ZN=F,138.90625,1.0,0.00022502250225020504,0.0,0.00022502250225020504,0.0
2020-06-26,ZN=F,139.21875,1.0,0.0022497187851517886,0.0,0.0022497187851517886,0.0
2020-06-29,ZN=F,139.328125,1.0,0.000785634118967371,0.0,0.000785634118967371,0.0
2020-06-30,ZN=F,139.171875,1.0,-0.001121453403611028,0.0,-0.001121453403611028,0.0
2020-07-01,ZN=F,138.953125,1.0,-0.0015717974626697773,0.0,-0.0015717974626697773,0.0
2020-07-02,ZN=F,139.09375,1.0,0.0010120319352300289,0.0,0.0010120319352300289,0.0
2020-07-06,ZN=F,138.984375,1.0,-0.0007863401482812726,0.0,-0.0007863401482812726,0.0
2020-07-07,ZN=F,139.203125,1.0,0.001573917931422253,0.0,0.001573917931422253,0.0
2020-07-08,ZN=F,139.1875,1.0,-0.00011224604332693566,0.0,-0.00011224604332693566,0.0
2020-07-09,ZN=F,139.5,1.0,0.0022451728783117186,0.0,0.0022451728783117186,0.0
2020-07-10,ZN=F,139.21875,1.0,-0.0020161290322581182,0.0,-0.0020161290322581182,0.0
2020-07-13,ZN=F,139.21875,1.0,0.0,0.0,0.0,0.0
2020-07-14,ZN=F,139.421875,1.0,0.0014590347923681968,0.0,0.0014590347923681968,0.0
2020-07-15,ZN=F,139.34375,1.0,-0.0005603496581867429,0.0,-0.0005603496581867429,0.0
2020-07-16,ZN=F,139.484375,1.0,0.00100919488674589,0.0,0.00100919488674589,0.0
2020-07-17,ZN=F,139.359375,1.0,-0.0008961577237593943,0.0,-0.0008961577237593943,0.0
2020-07-20,ZN=F,139.390625,1.0,0.0002242403856933528,0.0,0.0002242403856933528,0.0
2020-07-21,ZN=F,139.515625,1.0,0.0008967604528640205,0.0,0.0008967604528640205,0.0
2020-07-22,ZN=F,139.5625,1.0,0.0003359838727741149,0.0,0.0003359838727741149,0.0
2020-07-23,ZN=F,139.625,1.0,0.0004478280340349805,0.0,0.0004478280340349805,0.0
2020-07-24,ZN=F,139.578125,1.0,-0.0003357206803938917,0.0,-0.0003357206803938917,0.0
2020-07-27,ZN=F,139.46875,1.0,-0.0007836113287809088,0.0,-0.0007836113287809088,0.0
2020-07-28,ZN=F,139.703125,1.0,0.0016804839793860271,0.0,0.0016804839793860271,0.0
2020-07-29,ZN=F,139.75,1.0,0.0003355329381500294,0.0,0.0003355329381500294,0.0
2020-07-30,ZN=F,140.015625,1.0,0.001900715563506239,0.0,0.001900715563506239,0.0
2020-07-31,ZN=F,140.078125,1.0,0.00044637875237141245,0.0,0.00044637875237141245,0.0
2020-08-03,ZN=F,139.9375,1.0,-0.0010039040713887282,0.0,-0.0010039040713887282,0.0
2020-08-04,ZN=F,140.328125,1.0,0.0027914247431888306,0.0,0.0027914247431888306,0.0
2020-08-05,ZN=F,140.078125,1.0,-0.0017815388041421132,0.0,-0.0017815388041421132,0.0
2020-08-06,ZN=F,140.15625,1.0,0.000557724484104849,0.0,0.000557724484104849,0.0
2020-08-07,ZN=F,139.953125,1.0,-0.0014492753623188692,0.0,-0.0014492753623188692,0.0
2020-08-10,ZN=F,139.875,1.0,-0.0005582226191804818,0.0,-0.0005582226191804818,0.0
2020-08-11,ZN=F,139.25,1.0,-0.0044682752457551045,0.0,-0.0044682752457551045,0.0
2020-08-12,ZN=F,139.1875,1.0,-0.0004488330341113622,0.0,-0.0004488330341113622,0.0
2020-08-13,ZN=F,138.96875,1.0,-0.0015716210148181142,0.0,-0.0015716210148181142,0.0
2020-08-14,ZN=F,139.125,1.0,0.0011243534967393387,0.0,0.0011243534967393387,0.0
2020-08-17,ZN=F,139.328125,1.0,0.0014600179694519433,0.0,0.0014600179694519433,0.0
2020-08-18,ZN=F,139.390625,1.0,0.00044858136144432237,0.0,0.00044858136144432237,0.0
2020-08-19,ZN=F,139.375,1.0,-0.00011209505660803032,0.0,-0.00011209505660803032,0.0
2020-08-20,ZN=F,139.5625,1.0,0.0013452914798206539,0.0,0.0013452914798206539,0.0
2020-08-21,ZN=F,139.5625,1.0,0.0,0.0,0.0,0.0
2020-08-24,ZN=F,139.515625,1.0,-0.0003358710255262354,0.0,-0.0003358710255262354,0.0
2020-08-25,ZN=F,139.3125,1.0,-0.001455930115354498,0.0,-0.001455930115354498,0.0
2020-08-26,ZN=F,139.3125,1.0,0.0,0.0,0.0,0.0
2020-08-27,ZN=F,138.96875,1.0,-0.0024674742036787656,0.0,-0.0024674742036787656,0.0
2020-08-28,ZN=F,139.25,1.0,0.002023836294130943,0.0,0.002023836294130943,0.0
2020-08-31,ZN=F,139.40625,1.0,0.001122082585278239,0.0,0.001122082585278239,0.0
2020-09-01,ZN=F,139.578125,1.0,0.0012329074198609291,0.0,0.0012329074198609291,0.0
2020-09-02,ZN=F,139.703125,1.0,0.000895555804321102,0.0,0.000895555804321102,0.0
2020-09-03,ZN=F,139.921875,1.0,0.0015658203780337665,0.0,0.0015658203780337665,0.0
2020-09-04,ZN=F,139.203125,1.0,-0.005136795086543855,0.0,-0.005136795086543855,0.0
2020-09-08,ZN=F,139.5625,1.0,0.0025816589965204084,0.0,0.0025816589965204084,0.0
2020-09-09,ZN=F,139.46875,1.0,-0.0006717420510523597,0.0,-0.0006717420510523597,0.0
2020-09-10,ZN=F,139.59375,1.0,0.0008962581223392885,0.0,0.0008962581223392885,0.0
2020-09-11,ZN=F,139.765625,1.0,0.001231251399149258,0.0,0.001231251399149258,0.0
2020-09-14,ZN=F,139.734375,1.0,-0.00022358859698157207,0.0,-0.00022358859698157207,0.0
2020-09-15,ZN=F,139.671875,1.0,-0.0004472772000447822,0.0,-0.0004472772000447822,0.0
2020-09-16,ZN=F,139.640625,1.0,-0.00022373867322966756,0.0,-0.00022373867322966756,0.0
2020-09-17,ZN=F,139.640625,1.0,0.0,0.0,0.0,0.0
2020-09-18,ZN=F,139.609375,1.0,-0.00022378874342621202,0.0,-0.00022378874342621202,0.0
2020-09-21,ZN=F,139.765625,1.0,0.0011191941801902416,0.0,0.0011191941801902416,0.0
2020-09-22,ZN=F,139.625,1.0,-0.0010061486864170188,0.0,-0.0010061486864170188,0.0
2020-09-23,ZN=F,139.5,1.0,-0.0008952551477170445,0.0,-0.0008952551477170445,0.0
2020-09-24,ZN=F,139.578125,1.0,0.0005600358422939156,0.0,0.0005600358422939156,0.0
2020-09-25,ZN=F,139.640625,1.0,0.000447777902160551,0.0,0.000447777902160551,0.0
2020-09-28,ZN=F,139.625,1.0,-0.00011189437171310601,0.0,-0.00011189437171310601,0.0
2020-09-29,ZN=F,139.78125,1.0,0.0011190689346463056,0.0,0.0011190689346463056,0.0
2020-09-30,ZN=F,139.53125,1.0,-0.0017885088307623143,0.0,-0.0017885088307623143,0.0
2020-10-01,ZN=F,139.546875,1.0,0.00011198208286677946,0.0,0.00011198208286677946,0.0
2020-10-02,ZN=F,139.4375,1.0,-0.0007837868099876966,0.0,-0.0007837868099876966,0.0
2020-10-05,ZN=F,138.921875,1.0,-0.0036978933213805965,0.0,-0.0036978933213805965,0.0
2020-10-06,ZN=F,139.046875,1.0,0.0008997863007536022,0.0,0.0008997863007536022,0.0
2020-10-07,ZN=F,138.71875,1.0,-0.0023598157096302863,0.0,-0.0023598157096302863,0.0
2020-10-08,ZN=F,138.921875,1.0,0.0014642937598559058,0.0,0.0014642937598559058,0.0
2020-10-09,ZN=F,138.828125,1.0,-0.0006748397255651462,0.0,-0.0006748397255651462,0.0
2020-10-12,ZN=F,138.90625,1.0,0.0005627462014632378,0.0,0.0005627462014632378,0.0
2020-10-13,ZN=F,139.203125,1.0,0.002137232845894177,0.0,0.002137232845894177,0.0
2020-10-14,ZN=F,139.21875,1.0,0.00011224604332693566,0.0,0.00011224604332693566,0.0
2020-10-15,ZN=F,139.125,1.0,-0.0006734006734007147,0.0,-0.0006734006734007147,0.0
2020-10-16,ZN=F,139.0625,1.0,-0.0004492362982928544,0.0,-0.0004492362982928544,0.0
2020-10-19,ZN=F,138.921875,-1.0,0.0010112359550561445,0.0004,0.0006112359550561445,2.0
2020-10-20,ZN=F,138.703125,-1.0,0.0015746260263187484,0.0,0.0015746260263187484,0.0
2020-10-21,ZN=F,138.578125,-1.0,0.0009012053621718641,0.0,0.0009012053621718641,0.0
2020-10-22,ZN=F,138.328125,-1.0,0.0018040365317397722,0.0,0.0018040365317397722,0.0
2020-10-23,ZN=F,138.359375,-1.0,-0.00022591212018530094,0.0,-0.00022591212018530094,0.0
2020-10-26,ZN=F,138.640625,-1.0,-0.0020327498588368353,0.0,-0.0020327498588368353,0.0
2020-10-27,ZN=F,138.84375,-1.0,-0.0014651189000338682,0.0,-0.0014651189000338682,0.0
2020-10-28,ZN=F,138.796875,-1.0,0.0003376097231599928,0.0,0.0003376097231599928,0.0
2020-10-29,ZN=F,138.40625,-1.0,0.002814364516492196,0.0,0.002814364516492196,0.0
2020-10-30,ZN=F,138.21875,-1.0,0.0013547076089410748,0.0,0.0013547076089410748,0.0
2020-11-02,ZN=F,138.296875,-1.0,-0.000565227221343001,0.0,-0.000565227221343001,0.0
2020-11-03,ZN=F,138.09375,-1.0,0.0014687605920234992,0.0,0.0014687605920234992,0.0
2020-11-04,ZN=F,138.984375,-1.0,-0.006449422946367855,0.0,-0.006449422946367855,0.0
2020-11-05,ZN=F,138.875,-1.0,0.0007869589657111264,0.0,0.0007869589657111264,0.0
2020-11-06,ZN=F,138.546875,-1.0,0.002362736273627375,0.0,0.002362736273627375,0.0
2020-11-09,ZN=F,137.578125,-1.0,0.006992218337656508,0.0,0.006992218337656508,0.0
2020-11-10,ZN=F,137.4375,-1.0,0.0010221465076660774,0.0,0.0010221465076660774,0.0
2020-11-11,ZN=F,137.609375,-1.0,-0.001250568440199995,0.0,-0.001250568440199995,0.0
2020-11-12,ZN=F,138.15625,-1.0,-0.0039741115022140505,0.0,-0.0039741115022140505,0.0
2020-11-13,ZN=F,138.109375,-1.0,0.00033928975344943435,0.0,0.00033928975344943435,0.0
2020-11-16,ZN=F,138.03125,-1.0,0.0005656748500961761,0.0,0.0005656748500961761,0.0
2020-11-17,ZN=F,138.296875,-1.0,-0.0019243830654289695,0.0,-0.0019243830654289695,0.0
2020-11-18,ZN=F,138.1875,-1.0,0.000790871088012679,0.0,0.000790871088012679,0.0
2020-11-19,ZN=F,138.359375,-1.0,-0.0012437810945273853,0.0,-0.0012437810945273853,0.0
2020-11-20,ZN=F,138.5,-1.0,-0.0010163749294183066,0.0,-0.0010163749294183066,0.0
2020-11-23,ZN=F,138.3125,-1.0,0.0013537906137184308,0.0,0.0013537906137184308,0.0
2020-11-24,ZN=F,138.25,-1.0,0.0004518752824220762,0.0,0.0004518752824220762,0.0
2020-11-25,ZN=F,138.265625,-1.0,-0.00011301989150092062,0.0,-0.00011301989150092062,0.0
2020-11-27,ZN=F,138.546875,-1.0,-0.002034128150073533,0.0,-0.002034128150073533,0.0
2020-11-30,ZN=F,138.53125,-1.0,0.0001127777151235243,0.0,0.0001127777151235243,0.0
2020-12-01,ZN=F,137.84375,-1.0,0.00496277915632759,0.0,0.00496277915632759,0.0
2020-12-02,ZN=F,137.84375,-1.0,-0.0,0.0,-0.0,0.0
2020-12-03,ZN=F,138.078125,-1.0,-0.0017002947177511274,0.0,-0.0017002947177511274,0.0
2020-12-04,ZN=F,137.8125,-1.0,0.001923729772547289,0.0,0.001923729772547289,0.0
2020-12-07,ZN=F,138.140625,-1.0,-0.0023809523809523725,0.0,-0.0023809523809523725,0.0
2020-12-08,ZN=F,138.21875,-1.0,-0.0005655468838365874,0.0,-0.0005655468838365874,0.0
2020-12-09,ZN=F,138.046875,-1.0,0.0012434998869546021,0.0,0.0012434998869546021,0.0
2020-12-10,ZN=F,138.3125,-1.0,-0.0019241652518393604,0.0,-0.0019241652518393604,0.0
2020-12-11,ZN=F,138.5,-1.0,-0.0013556258472662286,0.0,-0.0013556258472662286,0.0
2020-12-14,ZN=F,138.5,-1.0,-0.0,0.0,-0.0,0.0
2020-12-15,ZN=F,138.296875,-1.0,0.0014666064981949667,0.0,0.0014666064981949667,0.0
2020-12-16,ZN=F,138.328125,-1.0,-0.00022596316800371774,0.0,-0.00022596316800371774,0.0
2020-12-17,ZN=F,138.296875,-1.0,0.00022591212018530094,0.0,0.00022591212018530094,0.0
2020-12-18,ZN=F,138.203125,-1.0,0.0006778895040108202,0.0,0.0006778895040108202,0.0
2020-12-21,ZN=F,138.40625,-1.0,-0.0014697569248163234,0.0,-0.0014697569248163234,0.0
2020-12-22,ZN=F,137.984375,-1.0,0.0030480921201173627,0.0,0.0030480921201173627,0.0
2020-12-23,ZN=F,137.765625,-1.0,0.0015853244253198895,0.0,0.0015853244253198895,0.0
2020-12-24,ZN=F,137.875,-1.0,-0.0007939208347509386,0.0,-0.0007939208347509386,0.0
2020-12-28,ZN=F,137.921875,-1.0,-0.00033998186763373184,0.0,-0.00033998186763373184,0.0
2020-12-29,ZN=F,137.921875,-1.0,-0.0,0.0,-0.0,0.0
2020-12-30,ZN=F,137.96875,-1.0,-0.00033986631924776134,0.0,-0.00033986631924776134,0.0
2020-12-31,ZN=F,138.078125,-1.0,-0.0007927519818800022,0.0,-0.0007927519818800022,0.0
2021-01-04,ZN=F,138.125,-1.0,-0.00033948172456721437,0.0,-0.00033948172456721437,0.0
2021-01-05,ZN=F,137.84375,-1.0,0.002036199095022617,0.0,0.002036199095022617,0.0
2021-01-06,ZN=F,137.203125,-1.0,0.004647472228519578,0.0,0.004647472228519578,0.0
2021-01-07,ZN=F,136.953125,-1.0,0.0018221159321262226,0.0,0.0018221159321262226,0.0
2021-01-08,ZN=F,136.65625,-1.0,0.0021677124928694003,0.0,0.0021677124928694003,0.0
2021-01-11,ZN=F,136.421875,-1.0,0.0017150697461696396,0.0,0.0017150697461696396,0.0
2021-01-12,ZN=F,136.390625,-1.0,0.00022906883518492016,0.0,0.00022906883518492016,0.0
2021-01-13,ZN=F,136.765625,-1.0,-0.0027494558368656996,0.0,-0.0027494558368656996,0.0
2021-01-14,ZN=F,136.5625,-1.0,0.0014852050725465693,0.0,0.0014852050725465693,0.0
2021-01-15,ZN=F,136.859375,-1.0,-0.0021739130434783593,0.0,-0.0021739130434783593,0.0
2021-01-19,ZN=F,136.9375,-1.0,-0.0005708414202534318,0.0,-0.0005708414202534318,0.0
2021-01-20,ZN=F,136.96875,-1.0,-0.0002282062984937383,0.0,-0.0002282062984937383,0.0
2021-01-21,ZN=F,136.890625,-1.0,0.0005703855806524771,0.0,0.0005703855806524771,0.0
2021-01-22,ZN=F,137.03125,-1.0,-0.0010272799908686014,0.0,-0.0010272799908686014,0.0
2021-01-25,ZN=F,137.375,-1.0,-0.0025085518814138563,0.0,-0.0025085518814138563,0.0
2021-01-26,ZN=F,137.375,-1.0,-0.0,0.0,-0.0,0.0
2021-01-27,ZN=F,137.53125,-1.0,-0.0011373976342128334,0.0,-0.0011373976342128334,0.0
2021-01-28,ZN=F,137.25,-1.0,0.002044989775051076,0.0,0.002044989775051076,0.0
2021-01-29,ZN=F,137.03125,-1.0,0.0015938069216757667,0.0,0.0015938069216757667,0.0
2021-02-01,ZN=F,137.1875,-1.0,-0.0011402508551880963,0.0,-0.0011402508551880963,0.0
2021-02-02,ZN=F,136.9375,-1.0,0.0018223234624146212,0.0,0.0018223234624146212,0.0
2021-02-03,ZN=F,136.796875,-1.0,0.0010269283432222664,0.0,0.0010269283432222664,0.0
2021-02-04,ZN=F,136.796875,-1.0,-0.0,0.0,-0.0,0.0
2021-02-05,ZN=F,136.6875,-1.0,0.0007995431182181711,0.0,0.0007995431182181711,0.0
2021-02-08,ZN=F,136.6875,-1.0,-0.0,0.0,-0.0,0.0
2021-02-09,ZN=F,136.71875,-1.0,-0.00022862368541387568,0.0,-0.00022862368541387568,0.0
2021-02-10,ZN=F,136.921875,-1.0,-0.0014857142857143124,0.0,-0.0014857142857143124,0.0
2021-02-11,ZN=F,136.859375,-1.0,0.000456464681045321,0.0,0.000456464681045321,0.0
2021-02-12,ZN=F,136.546875,-1.0,0.002283365681013838,0.0,0.002283365681013838,0.0
2021-02-16,ZN=F,135.78125,-1.0,0.005607048861425823,0.0,0.005607048861425823,0.0
2021-02-17,ZN=F,135.75,-1.0,0.00023014959723821615,0.0,0.00023014959723821615,0.0
2021-02-18,ZN=F,135.859375,-1.0,-0.0008057090239410591,0.0,-0.0008057090239410591,0.0
2021-02-19,ZN=F,135.453125,-1.0,0.002990224266820052,0.0,0.002990224266820052,0.0
2021-02-22,ZN=F,135.328125,-1.0,0.0009228284692582855,0.0,0.0009228284692582855,0.0
2021-02-23,ZN=F,135.421875,-1.0,-0.0006927606511950568,0.0,-0.0006927606511950568,0.0
2021-02-24,ZN=F,135.15625,-1.0,0.0019614630206530315,0.0,0.0019614630206530315,0.0
2021-02-25,ZN=F,133.671875,-1.0,0.010982658959537539,0.0,0.010982658959537539,0.0
2021-02-26,ZN=F,133.796875,-1.0,-0.0009351256575103051,0.0,-0.0009351256575103051,0.0
2021-03-01,ZN=F,134.28125,-1.0,-0.0036202265561136038,0.0,-0.0036202265561136038,0.0
2021-03-02,ZN=F,134.640625,-1.0,-0.0026762857807773877,0.0,-0.0026762857807773877,0.0
2021-03-03,ZN=F,134.140625,-1.0,0.003713589416270202,0.0,0.003713589416270202,0.0
2021-03-04,ZN=F,133.5,-1.0,0.004775771694816577,0.0,0.004775771694816577,0.0
2021-03-05,ZN=F,133.453125,-1.0,0.000351123595505598,0.0,0.000351123595505598,0.0
2021-03-08,ZN=F,132.984375,-1.0,0.0035124692658938805,0.0,0.0035124692658938805,0.0
2021-03-09,ZN=F,133.40625,-1.0,-0.003172365174480163,0.0,-0.003172365174480163,0.0
2021-03-10,ZN=F,133.625,-1.0,-0.0016397282736004826,0.0,-0.0016397282736004826,0.0
2021-03-11,ZN=F,133.71875,-1.0,-0.0007015902712814714,0.0,-0.0007015902712814714,0.0
2021-03-12,ZN=F,132.90625,-1.0,0.006076186024772112,0.0,0.006076186024772112,0.0
2021-03-15,ZN=F,133.078125,-1.0,-0.0012932047966141003,0.0,-0.0012932047966141003,0.0
2021-03-16,ZN=F,133.078125,-1.0,-0.0,0.0,-0.0,0.0
2021-03-17,ZN=F,133.234375,-1.0,-0.0011741223435481896,0.0,-0.0011741223435481896,0.0
2021-03-18,ZN=F,132.4375,-1.0,0.005981001524569041,0.0,0.005981001524569041,0.0
2021-03-19,ZN=F,132.359375,-1.0,0.0005899008966493424,0.0,0.0005899008966493424,0.0
2021-03-22,ZN=F,132.75,-1.0,-0.002951245425569571,0.0,-0.002951245425569571,0.0
2021-03-23,ZN=F,131.921875,-1.0,0.006238229755178959,0.0,0.006238229755178959,0.0
2021-03-24,ZN=F,132.09375,-1.0,-0.0013028544356270544,0.0,-0.0013028544356270544,0.0
2021-03-25,ZN=F,132.140625,-1.0,-0.0003548616039743546,0.0,-0.0003548616039743546,0.0
2021-03-26,ZN=F,131.765625,-1.0,0.0028378857750975817,0.0,0.0028378857750975817,0.0
2021-03-29,ZN=F,131.359375,-1.0,0.00308312581524961,0.0,0.00308312581524961,0.0
2021-03-30,ZN=F,131.1875,-1.0,0.0013084334483168814,0.0,0.0013084334483168814,0.0
2021-03-31,ZN=F,130.9375,-1.0,0.0019056693663649371,0.0,0.0019056693663649371,0.0
2021-04-01,ZN=F,131.421875,-1.0,-0.003699284009546444,0.0,-0.003699284009546444,0.0
2021-04-05,ZN=F,131.109375,-1.0,0.0023778385447628114,0.0,0.0023778385447628114,0.0
2021-04-06,ZN=F,131.6875,-1.0,-0.004409486354427283,0.0,-0.004409486354427283,0.0
2021-04-07,ZN=F,131.828125,-1.0,-0.0010678690080683229,0.0,-0.0010678690080683229,0.0
2021-04-08,ZN=F,132.0,-1.0,-0.0013037809647979959,0.0,-0.0013037809647979959,0.0
2021-04-09,ZN=F,131.734375,-1.0,0.0020123106060605522,0.0,0.0020123106060605522,0.0
2021-04-12,ZN=F,131.625,-1.0,0.0008302692444549509,0.0,0.0008302692444549509,0.0
2021-04-13,ZN=F,132.078125,-1.0,-0.0034425451092117143,0.0,-0.0034425451092117143,0.0
2021-04-14,ZN=F,131.921875,-1.0,0.0011830119484206314,0.0,0.0011830119484206314,0.0
2021-04-15,ZN=F,132.65625,-1.0,-0.0055667416794977775,0.0,-0.0055667416794977775,0.0
2021-04-16,ZN=F,132.375,-1.0,0.0021201413427561766,0.0,0.0021201413427561766,0.0
2021-04-19,ZN=F,132.234375,-1.0,0.0010623229461755868,0.0,0.0010623229461755868,0.0
2021-04-20,ZN=F,132.5625,-1.0,-0.002481389578163684,0.0,-0.002481389578163684,0.0
2021-04-21,ZN=F,132.53125,-1.0,0.00023573785950026238,0.0,0.00023573785950026238,0.0
2021-04-22,ZN=F,132.546875,-1.0,-0.00011789672247108918,0.0,-0.00011789672247108918,0.0
2021-04-23,ZN=F,132.4375,-1.0,0.0008251797713073605,0.0,0.0008251797713073605,0.0
2021-04-26,ZN=F,132.375,-1.0,0.00047192071731949614,0.0,0.00047192071731949614,0.0
2021-04-27,ZN=F,132.03125,-1.0,0.002596789423984891,0.0,0.002596789423984891,0.0
2021-04-28,ZN=F,132.09375,-1.0,-0.0004733727810650734,0.0,-0.0004733727810650734,0.0
2021-04-29,ZN=F,131.984375,-1.0,0.0008280104092737162,0.0,0.0008280104092737162,0.0
2021-04-30,ZN=F,132.03125,-1.0,-0.0003551556765715169,0.0,-0.0003551556765715169,0.0
2021-05-03,ZN=F,132.328125,-1.0,-0.0022485207100590987,0.0,-0.0022485207100590987,0.0
2021-05-04,ZN=F,132.421875,-1.0,-0.000708466170740385,0.0,-0.000708466170740385,0.0
2021-05-05,ZN=F,132.546875,-1.0,-0.0009439528023598154,0.0,-0.0009439528023598154,0.0
2021-05-06,ZN=F,132.671875,-1.0,-0.0009430625957798089,0.0,-0.0009430625957798089,0.0
2021-05-07,ZN=F,132.75,-1.0,-0.0005888587916618171,0.0,-0.0005888587916618171,0.0
2021-05-10,ZN=F,132.609375,-1.0,0.0010593220338983578,0.0,0.0010593220338983578,0.0
2021-05-11,ZN=F,132.453125,-1.0,0.0011782726522917564,0.0,0.0011782726522917564,0.0
2021-05-12,ZN=F,131.921875,-1.0,0.004010852896071726,0.0,0.004010852896071726,0.0
2021-05-13,ZN=F,132.1875,-1.0,-0.0020135023096055082,0.0,-0.0020135023096055082,0.0
2021-05-14,ZN=F,132.40625,-1.0,-0.0016548463356973464,0.0,-0.0016548463356973464,0.0
2021-05-17,ZN=F,132.34375,-1.0,0.0004720320981826953,0.0,0.0004720320981826953,0.0
2021-05-18,ZN=F,132.390625,-1.0,-0.0003541912632820665,0.0,-0.0003541912632820665,0.0
2021-05-19,ZN=F,132.03125,-1.0,0.0027145048979110298,0.0,0.0027145048979110298,0.0
2021-05-20,ZN=F,132.484375,-1.0,-0.0034319526627220043,0.0,-0.0034319526627220043,0.0
2021-05-21,ZN=F,132.4375,-1.0,0.0003538153084090556,0.0,0.0003538153084090556,0.0
2021-05-24,ZN=F,132.625,-1.0,-0.0014157621519583774,0.0,-0.0014157621519583774,0.0
2021-05-25,ZN=F,132.96875,-1.0,-0.0025918944392082643,0.0,-0.0025918944392082643,0.0
2021-05-26,ZN=F,132.90625,-1.0,0.0004700352526439966,0.0,0.0004700352526439966,0.0
2021-05-27,ZN=F,132.6875,-1.0,0.0016458970138725215,0.0,0.0016458970138725215,0.0
2021-05-28,ZN=F,132.859375,-1.0,-0.0012953367875647714,0.0,-0.0012953367875647714,0.0
2021-06-01,ZN=F,132.734375,-1.0,0.000940844407856023,0.0,0.000940844407856023,0.0
2021-06-02,ZN=F,132.859375,-1.0,-0.0009417304296646112,0.0,-0.0009417304296646112,0.0
2021-06-03,ZN=F,132.53125,-1.0,0.002469716570622116,0.0,0.002469716570622116,0.0
2021-06-04,ZN=F,133.125,-1.0,-0.004480075453902277,0.0,-0.004480075453902277,0.0
2021-06-07,ZN=F,133.03125,-1.0,0.0007042253521126751,0.0,0.0007042253521126751,0.0
2021-06-08,ZN=F,133.359375,-1.0,-0.0024665257223397408,0.0,-0.0024665257223397408,0.0
2021-06-09,ZN=F,133.640625,-1.0,-0.002108963093145899,0.0,-0.002108963093145899,0.0
2021-06-10,ZN=F,133.796875,-1.0,-0.0011691804045363963,0.0,-0.0011691804045363963,0.0
2021-06-11,ZN=F,133.703125,-1.0,0.0007006890108607333,0.0,0.0007006890108607333,0.0
2021-06-14,ZN=F,133.421875,-1.0,0.002103540960617045,0.0,0.002103540960617045,0.0
2021-06-15,ZN=F,133.4375,-1.0,-0.00011710973181866535,0.0,-0.00011710973181866535,0.0
2021-06-16,ZN=F,132.703125,-1.0,0.005503512880562056,0.0,0.005503512880562056,0.0
2021-06-17,ZN=F,132.90625,-1.0,-0.0015306723183798887,0.0,-0.0015306723183798887,0.0
2021-06-18,ZN=F,133.15625,-1.0,-0.00188102515871158,0.0,-0.00188102515871158,0.0
2021-06-21,ZN=F,133.0625,-1.0,0.0007040600797935115,0.0,0.0007040600797935115,0.0
2021-06-22,ZN=F,132.359375,-1.0,0.005284170972287505,0.0,0.005284170972287505,0.0
2021-06-23,ZN=F,132.1875,-1.0,0.0012985479872505978,0.0,0.0012985479872505978,0.0
2021-06-24,ZN=F,132.171875,-1.0,0.00011820330969269932,0.0,0.00011820330969269932,0.0
2021-06-25,ZN=F,131.859375,-1.0,0.002364345667336565,0.0,0.002364345667336565,0.0
2021-06-28,ZN=F,132.265625,-1.0,-0.0030809337599242426,0.0,-0.0030809337599242426,0.0
2021-06-29,ZN=F,132.265625,-1.0,-0.0,0.0,-0.0,0.0
2021-06-30,ZN=F,132.5,-1.0,-0.0017720023626697223,0.0,-0.0017720023626697223,0.0
2021-07-01,ZN=F,132.265625,-1.0,0.00176886792452835,0.0,0.00176886792452835,0.0
2021-07-02,ZN=F,132.671875,-1.0,-0.003071470761961015,0.0,-0.003071470761961015,0.0
2021-07-06,ZN=F,133.21875,-1.0,-0.004122011541632276,0.0,-0.004122011541632276,0.0
2021-07-07,ZN=F,133.546875,-1.0,-0.0024630541871921707,0.0,-0.0024630541871921707,0.0
2021-07-08,ZN=F,133.890625,-1.0,-0.002574002574002643,0.0,-0.002574002574002643,0.0
2021-07-09,ZN=F,133.421875,1.0,-0.003500991947718468,0.0004,-0.0039009919477184683,2.0
2021-07-12,ZN=F,133.40625,1.0,-0.00011710973181866535,0.0,-0.00011710973181866535,0.0
2021-07-13,ZN=F,132.984375,1.0,-0.003162333099086423,0.0,-0.003162333099086423,0.0
2021-07-14,ZN=F,133.453125,1.0,0.0035248501938667243,0.0,0.0035248501938667243,0.0
2021-07-15,ZN=F,133.796875,1.0,0.0025758107949889197,0.0,0.0025758107949889197,0.0
2021-07-16,ZN=F,133.78125,1.0,-0.00011678150181015923,0.0,-0.00011678150181015923,0.0
2021-07-19,ZN=F,134.6875,1.0,0.006774118196682943,0.0,0.006774118196682943,0.0
2021-07-20,ZN=F,134.671875,1.0,-0.00011600928074251282,0.0,-0.00011600928074251282,0.0
2021-07-21,ZN=F,134.109375,1.0,-0.004176818656456693,0.0,-0.004176818656456693,0.0
2021-07-22,ZN=F,134.25,1.0,0.0010485844110450504,0.0,0.0010485844110450504,0.0
2021-07-23,ZN=F,134.140625,1.0,-0.0008147113594041411,0.0,-0.0008147113594041411,0.0
2021-07-26,ZN=F,134.203125,1.0,0.0004659289458357474,0.0,0.0004659289458357474,0.0
2021-07-27,ZN=F,134.46875,1.0,0.0019792758179066894,0.0,0.0019792758179066894,0.0
2021-07-28,ZN=F,134.265625,1.0,-0.0015105740181269312,0.0,-0.0015105740181269312,0.0
2021-07-29,ZN=F,134.21875,1.0,-0.000349121377865691,0.0,-0.000349121377865691,0.0
2021-07-30,ZN=F,134.453125,1.0,0.0017462165308497202,0.0,0.0017462165308497202,0.0
2021-08-02,ZN=F,135.0,1.0,0.004067402672864651,0.0,0.004067402672864651,0.0
2021-08-03,ZN=F,135.0,1.0,0.0,0.0,0.0,0.0
2021-08-04,ZN=F,134.828125,1.0,-0.0012731481481481621,0.0,-0.0012731481481481621,0.0
2021-08-05,ZN=F,134.5,1.0,-0.0024336539575848803,0.0,-0.0024336539575848803,0.0
2021-08-06,ZN=F,134.0,1.0,-0.0037174721189591198,0.0,-0.0037174721189591198,0.0
2021-08-09,ZN=F,133.78125,1.0,-0.0016324626865671377,0.0,-0.0016324626865671377,0.0
2021-08-10,ZN=F,133.546875,1.0,-0.0017519271198318531,0.0,-0.0017519271198318531,0.0
2021-08-11,ZN=F,133.578125,1.0,0.00023400023400022008,0.0,0.00023400023400022008,0.0
2021-08-12,ZN=F,133.453125,1.0,-0.0009357819628026398,0.0,-0.0009357819628026398,0.0
2021-08-13,ZN=F,133.953125,1.0,0.0037466338836202873,0.0,0.0037466338836202873,0.0
2021-08-16,ZN=F,134.328125,1.0,0.0027994867607605833,0.0,0.0027994867607605833,0.0
2021-08-17,ZN=F,134.265625,1.0,-0.0004652785855531194,0.0,-0.0004652785855531194,0.0
2021-08-18,ZN=F,134.140625,1.0,-0.0009309903409752129,0.0,-0.0009309903409752129,0.0
2021-08-19,ZN=F,134.328125,1.0,0.0013977868375072422,0.0,0.0013977868375072422,0.0
2021-08-20,ZN=F,134.125,1.0,-0.0015121554030476103,0.0,-0.0015121554030476103,0.0
2021-08-23,ZN=F,134.21875,1.0,0.0006989748369059523,0.0,0.0006989748369059523,0.0
2021-08-24,ZN=F,133.984375,1.0,-0.0017462165308498312,0.0,-0.0017462165308498312,0.0
2021-08-25,ZN=F,133.625,1.0,-0.002682215743440186,0.0,-0.002682215743440186,0.0
2021-08-26,ZN=F,133.59375,1.0,-0.0002338634237605275,0.0,-0.0002338634237605275,0.0
2021-08-27,ZN=F,133.890625,1.0,0.0022222222222221255,0.0,0.0022222222222221255,0.0
2021-08-30,ZN=F,134.125,1.0,0.001750495973859234,0.0,0.001750495973859234,0.0
2021-08-31,ZN=F,134.046875,1.0,-0.0005824790307549232,0.0,-0.0005824790307549232,0.0
2021-09-01,ZN=F,134.046875,1.0,0.0,0.0,0.0,0.0
2021-09-02,ZN=F,134.125,1.0,0.0005828185103158301,0.0,0.0005828185103158301,0.0
2021-09-03,ZN=F,134.0,1.0,-0.0009319664492077884,0.0,-0.0009319664492077884,0.0
2021-09-07,ZN=F,133.625,1.0,-0.002798507462686617,0.0,-0.002798507462686617,0.0
2021-09-08,ZN=F,133.859375,1.0,0.0017539756782039007,0.0,0.0017539756782039007,0.0
2021-09-09,ZN=F,134.09375,1.0,0.0017509046340609125,0.0,0.0017509046340609125,0.0
2021-09-10,ZN=F,133.765625,1.0,-0.002446982055464897,0.0,-0.002446982055464897,0.0
2021-09-13,ZN=F,133.921875,1.0,0.0011680878402056116,0.0,0.0011680878402056116,0.0
2021-09-14,ZN=F,134.203125,1.0,0.0021001050052502634,0.0,0.0021001050052502634,0.0
2021-09-15,ZN=F,134.0,1.0,-0.0015135638607520763,0.0,-0.0015135638607520763,0.0
2021-09-16,ZN=F,133.703125,1.0,-0.0022154850746268773,0.0,-0.0022154850746268773,0.0
2021-09-17,ZN=F,133.40625,1.0,-0.0022204043473179613,0.0,-0.0022204043473179613,0.0
2021-09-20,ZN=F,133.84375,1.0,0.003279456547200743,0.0,0.003279456547200743,0.0
2021-09-21,ZN=F,133.859375,1.0,0.00011674060238142658,0.0,0.00011674060238142658,0.0
2021-09-22,ZN=F,132.984375,1.0,-0.006536710633827436,0.0,-0.006536710633827436,0.0
2021-09-23,ZN=F,132.375,1.0,-0.0045823052520267415,0.0,-0.0045823052520267415,0.0
2021-09-24,ZN=F,132.015625,1.0,-0.002714825306893265,0.0,-0.002714825306893265,0.0
2021-09-27,ZN=F,131.796875,1.0,-0.001657000828500399,0.0,-0.001657000828500399,0.0
2021-09-28,ZN=F,131.46875,1.0,-0.0024896265560165887,0.0,-0.0024896265560165887,0.0
2021-09-29,ZN=F,131.46875,1.0,0.0,0.0,0.0,0.0
2021-09-30,ZN=F,131.609375,-1.0,-0.001069645828381205,0.0004,-0.0014696458283812049,2.0
2021-10-01,ZN=F,132.171875,-1.0,-0.004274011634809449,0.0,-0.004274011634809449,0.0
2021-10-04,ZN=F,132.078125,-1.0,0.0007093037002009472,0.0,0.0007093037002009472,0.0
2021-10-05,ZN=F,131.734375,-1.0,0.0026026262865255223,0.0,0.0026026262865255223,0.0
2021-10-06,ZN=F,131.71875,-1.0,0.0001186098920650247,0.0,0.0001186098920650247,0.0
2021-10-07,ZN=F,131.390625,-1.0,0.002491103202846956,0.0,0.002491103202846956,0.0
2021-10-08,ZN=F,131.140625,-1.0,0.001902723272684037,0.0,0.001902723272684037,0.0
2021-10-11,ZN=F,130.84375,-1.0,0.0022637912546169536,0.0,0.0022637912546169536,0.0
2021-10-12,ZN=F,131.140625,-1.0,-0.0022689276331502306,0.0,-0.0022689276331502306,0.0
2021-10-13,ZN=F,131.21875,-1.0,-0.0005957345406886194,0.0,-0.0005957345406886194,0.0
2021-10-14,ZN=F,131.5,-1.0,-0.00214336746844479,0.0,-0.00214336746844479,0.0
2021-10-15,ZN=F,130.96875,-1.0,0.004039923954372582,0.0,0.004039923954372582,0.0
2021-10-18,ZN=F,130.765625,-1.0,0.0015509424958244367,0.0,0.0015509424958244367,0.0
2021-10-19,ZN=F,130.5625,-1.0,0.0015533516549169901,0.0,0.0015533516549169901,0.0
2021-10-20,ZN=F,130.640625,-1.0,-0.0005983724269986723,0.0,-0.0005983724269986723,0.0
2021-10-21,ZN=F,130.1875,-1.0,0.003468484631025004,0.0,0.003468484631025004,0.0
2021-10-22,ZN=F,130.34375,-1.0,-0.001200192030724967,0.0,-0.001200192030724967,0.0
2021-10-25,ZN=F,130.5625,-1.0,-0.0016782546152001032,0.0,-0.0016782546152001032,0.0
2021-10-26,ZN=F,130.609375,-1.0,-0.0003590234561992034,0.0,-0.0003590234561992034,0.0
2021-10-27,ZN=F,131.171875,-1.0,-0.004306735255413363,0.0,-0.004306735255413363,0.0
2021-10-28,ZN=F,130.75,-1.0,0.0032162001191184952,0.0,0.0032162001191184952,0.0
2021-10-29,ZN=F,130.703125,-1.0,0.00035850860420649777,0.0,0.00035850860420649777,0.0
2021-11-01,ZN=F,130.65625,-1.0,0.0003586371787208664,0.0,0.0003586371787208664,0.0
2021-11-02,ZN=F,130.96875,-1.0,-0.0023917723032766958,0.0,-0.0023917723032766958,0.0
2021-11-03,ZN=F,130.765625,-1.0,0.0015509424958244367,0.0,0.0015509424958244367,0.0
2021-11-04,ZN=F,131.3125,-1.0,-0.004182100609391837,0.0,-0.004182100609391837,0.0
2021-11-05,ZN=F,131.828125,-1.0,-0.003926701570680535,0.0,-0.003926701570680535,0.0
2021-11-08,ZN=F,131.296875,-1.0,0.004029868436648099,0.0,0.004029868436648099,0.0
2021-11-09,ZN=F,131.84375,-1.0,-0.004165179102701311,0.0,-0.004165179102701311,0.0
2021-11-10,ZN=F,130.734375,-1.0,0.008414316188670279,0.0,0.008414316188670279,0.0
2021-11-11,ZN=F,130.328125,-1.0,0.0031074459184893266,0.0,0.0031074459184893266,0.0
2021-11-12,ZN=F,130.53125,-1.0,-0.0015585661191703792,0.0,-0.0015585661191703792,0.0
2021-11-15,ZN=F,130.296875,-1.0,0.0017955470433325127,0.0,0.0017955470433325127,0.0
2021-11-16,ZN=F,130.171875,-1.0,0.0009593476436023929,0.0,0.0009593476436023929,0.0
2021-11-17,ZN=F,130.453125,-1.0,-0.002160604969391411,0.0,-0.002160604969391411,0.0
2021-11-18,ZN=F,130.578125,-1.0,-0.000958198586657133,0.0,-0.000958198586657133,0.0
2021-11-19,ZN=F,130.875,-1.0,-0.0022735431374896198,0.0,-0.0022735431374896198,0.0
2021-11-22,ZN=F,130.0,-1.0,0.006685768863419317,0.0,0.006685768863419317,0.0
2021-11-23,ZN=F,129.78125,-1.0,0.0016826923076923572,0.0,0.0016826923076923572,0.0
2021-11-24,ZN=F,129.828125,-1.0,-0.0003611846857694001,0.0,-0.0003611846857694001,0.0
2021-11-26,ZN=F,131.171875,-1.0,-0.010350222650138408,0.0,-0.010350222650138408,0.0
2021-11-29,ZN=F,131.046875,-1.0,0.0009529481834424924,0.0,0.0009529481834424924,0.0
2021-11-30,ZN=F,131.546875,-1.0,-0.0038154286395613024,0.0,-0.0038154286395613024,0.0
2021-12-01,ZN=F,131.640625,-1.0,-0.000712673714217793,0.0,-0.000712673714217793,0.0
2021-12-02,ZN=F,131.3125,-1.0,0.0024925816023738667,0.0,0.0024925816023738667,0.0
2021-12-03,ZN=F,132.125,-1.0,-0.006187529747739173,0.0,-0.006187529747739173,0.0
2021-12-06,ZN=F,131.34375,-1.0,0.00591296121097451,0.0,0.00591296121097451,0.0
2021-12-07,ZN=F,131.03125,-1.0,0.0023792529145848507,0.0,0.0023792529145848507,0.0
2021-12-08,ZN=F,130.921875,-1.0,0.0008347245409014992,0.0,0.0008347245409014992,0.0
2021-12-09,ZN=F,131.078125,-1.0,-0.0011934598400764607,0.0,-0.0011934598400764607,0.0
2021-12-10,ZN=F,131.09375,-1.0,-0.00011920371915596917,0.0,-0.00011920371915596917,0.0
2021-12-13,ZN=F,131.515625,-1.0,-0.0032181168057210385,0.0,-0.0032181168057210385,0.0
2021-12-14,ZN=F,131.296875,-1.0,0.0016633004633479498,0.0,0.0016633004633479498,0.0
2021-12-15,ZN=F,131.15625,-1.0,0.001071046054980318,0.0,0.001071046054980318,0.0
2021-12-16,ZN=F,131.765625,-1.0,-0.004646175839885691,0.0,-0.004646175839885691,0.0
2021-12-17,ZN=F,131.828125,-1.0,-0.0004743270484999229,0.0,-0.0004743270484999229,0.0
2021-12-20,ZN=F,131.828125,-1.0,-0.0,0.0,-0.0,0.0
2021-12-21,ZN=F,131.21875,-1.0,0.0046224961479198745,0.0,0.0046224961479198745,0.0
2021-12-22,ZN=F,130.734375,-1.0,0.00369135508454399,0.0,0.00369135508454399,0.0
2021-12-23,ZN=F,130.546875,-1.0,0.0014342058085334841,0.0,0.0014342058085334841,0.0
2021-12-27,ZN=F,130.5625,-1.0,-0.00011968880909640767,0.0,-0.00011968880909640767,0.0
2021-12-28,ZN=F,130.609375,-1.0,-0.0003590234561992034,0.0,-0.0003590234561992034,0.0
2021-12-29,ZN=F,130.21875,-1.0,0.0029907883718147676,0.0,0.0029907883718147676,0.0
2021-12-30,ZN=F,130.40625,-1.0,-0.0014398848092151972,0.0,-0.0014398848092151972,0.0
2021-12-31,ZN=F,130.46875,-1.0,-0.00047927150730897594,0.0,-0.00047927150730897594,0.0
2022-01-03,ZN=F,129.4375,-1.0,0.007904191616766476,0.0,0.007904191616766476,0.0
2022-01-04,ZN=F,129.28125,-1.0,0.0012071463061322785,0.0,0.0012071463061322785,0.0
2022-01-05,ZN=F,128.84375,-1.0,0.0033840947546531774,0.0,0.0033840947546531774,0.0
2022-01-06,ZN=F,128.53125,-1.0,0.002425418384671363,0.0,0.002425418384671363,0.0
2022-01-07,ZN=F,128.296875,-1.0,0.0018234865061999006,0.0,0.0018234865061999006,0.0
2022-01-10,ZN=F,128.140625,-1.0,0.0012178784557300704,0.0,0.0012178784557300704,0.0
2022-01-11,ZN=F,128.390625,-1.0,-0.0019509815876113112,0.0,-0.0019509815876113112,0.0
2022-01-12,ZN=F,128.578125,-1.0,-0.0014603870025555743,0.0,-0.0014603870025555743,0.0
2022-01-13,ZN=F,128.71875,-1.0,-0.001093693036821053,0.0,-0.001093693036821053,0.0
2022-01-14,ZN=F,128.1875,-1.0,0.00412721534353,0.0,0.00412721534353,0.0
2022-01-18,ZN=F,127.375,-1.0,0.006338371526084852,0.0,0.006338371526084852,0.0
2022-01-19,ZN=F,127.671875,-1.0,-0.0023307163886163718,0.0,-0.0023307163886163718,0.0
2022-01-20,ZN=F,127.703125,-1.0,-0.00024476808224216384,0.0,-0.00024476808224216384,0.0
2022-01-21,ZN=F,128.3125,-1.0,-0.004771809617031719,0.0,-0.004771809617031719,0.0
2022-01-24,ZN=F,128.515625,-1.0,-0.0015830491962980364,0.0,-0.0015830491962980364,0.0
2022-01-25,ZN=F,128.125,-1.0,0.003039513677811523,0.0,0.003039513677811523,0.0
2022-01-26,ZN=F,127.515625,-1.0,0.004756097560975614,0.0,0.004756097560975614,0.0
2022-01-27,ZN=F,127.65625,-1.0,-0.0011028060286728536,0.0,-0.0011028060286728536,0.0
2022-01-28,ZN=F,127.953125,-1.0,-0.0023255813953488857,0.0,-0.0023255813953488857,0.0
2022-01-31,ZN=F,127.96875,-1.0,-0.00012211503236048138,0.0,-0.00012211503236048138,0.0
2022-02-01,ZN=F,127.875,-1.0,0.00073260073260073,0.0,0.00073260073260073,0.0
2022-02-02,ZN=F,128.125,-1.0,-0.0019550342130987275,0.0,-0.0019550342130987275,0.0
2022-02-03,ZN=F,127.640625,-1.0,0.003780487804878052,0.0,0.003780487804878052,0.0
2022-02-04,ZN=F,126.765625,-1.0,0.006855184233076295,0.0,0.006855184233076295,0.0
2022-02-07,ZN=F,126.90625,-1.0,-0.0011093307038088085,0.0,-0.0011093307038088085,0.0
2022-02-08,ZN=F,126.578125,-1.0,0.0025855700566362882,0.0,0.0025855700566362882,0.0
2022-02-09,ZN=F,126.75,-1.0,-0.001357857054684608,0.0,-0.001357857054684608,0.0
2022-02-10,ZN=F,125.796875,-1.0,0.0075197238658777366,0.0,0.0075197238658777366,0.0
2022-02-11,ZN=F,126.390625,-1.0,-0.004719910570115449,0.0,-0.004719910570115449,0.0
2022-02-14,ZN=F,125.984375,-1.0,0.0032142415626158494,0.0,0.0032142415626158494,0.0
2022-02-15,ZN=F,125.734375,-1.0,0.0019843730621357247,0.0,0.0019843730621357247,0.0
2022-02-16,ZN=F,125.8125,-1.0,-0.0006213495712688033,0.0,-0.0006213495712688033,0.0
2022-02-17,ZN=F,126.421875,-1.0,-0.004843517138599207,0.0,-0.004843517138599207,0.0
2022-02-18,ZN=F,126.671875,-1.0,-0.0019775058707205417,0.0,-0.0019775058707205417,0.0
2022-02-22,ZN=F,126.46875,-1.0,0.0016035524855063654,0.0,0.0016035524855063654,0.0
2022-02-23,ZN=F,126.28125,-1.0,0.001482579688658281,0.0,0.001482579688658281,0.0
2022-02-24,ZN=F,126.46875,-1.0,-0.0014847809948033142,0.0,-0.0014847809948033142,0.0
2022-02-25,ZN=F,126.25,-1.0,0.0017296763034346796,0.0,0.0017296763034346796,0.0
2022-02-28,ZN=F,127.453125,-1.0,-0.009529702970296983,0.0,-0.009529702970296983,0.0
2022-03-01,ZN=F,128.71875,-1.0,-0.009930121368149969,0.0,-0.009930121368149969,0.0
2022-03-02,ZN=F,127.3125,-1.0,0.010924981791696986,0.0,0.010924981791696986,0.0
2022-03-03,ZN=F,127.5625,-1.0,-0.0019636720667648433,0.0,-0.0019636720667648433,0.0
2022-03-04,ZN=F,128.53125,-1.0,-0.007594316511513988,0.0,-0.007594316511513988,0.0
2022-03-07,ZN=F,128.078125,-1.0,0.0035254072453196894,0.0,0.0035254072453196894,0.0
2022-03-08,ZN=F,127.171875,-1.0,0.007075759424179595,0.0,0.007075759424179595,0.0
2022-03-09,ZN=F,126.59375,-1.0,0.004546013023712936,0.0,0.004546013023712936,0.0
2022-03-10,ZN=F,126.09375,-1.0,0.003949642063687975,0.0,0.003949642063687975,0.0
2022-03-11,ZN=F,126.015625,-1.0,0.0006195786864932051,0.0,0.0006195786864932051,0.0
2022-03-14,ZN=F,124.953125,-1.0,0.008431494110353377,0.0,0.008431494110353377,0.0
2022-03-15,ZN=F,124.8125,-1.0,0.001125422033262491,0.0,0.001125422033262491,0.0
2022-03-16,ZN=F,124.453125,-1.0,0.0028793189784677153,0.0,0.0028793189784677153,0.0
2022-03-17,ZN=F,124.515625,-1.0,-0.0005021971123666535,0.0,-0.0005021971123666535,0.0
2022-03-18,ZN=F,124.8125,-1.0,-0.002384238925837723,0.0,-0.002384238925837723,0.0
2022-03-21,ZN=F,123.4375,-1.0,0.011016524787180737,0.0,0.011016524787180737,0.0
2022-03-22,ZN=F,122.921875,-1.0,0.004177215189873462,0.0,0.004177215189873462,0.0
2022-03-23,ZN=F,123.140625,-1.0,-0.0017795856107791774,0.0,-0.0017795856107791774,0.0
2022-03-24,ZN=F,122.921875,-1.0,0.0017764243116356049,0.0,0.0017764243116356049,0.0
2022-03-25,ZN=F,121.546875,-1.0,0.011185966696326433,0.0,0.011185966696326433,0.0
2022-03-28,ZN=F,121.703125,-1.0,-0.0012855122766421978,0.0,-0.0012855122766421978,0.0
2022-03-29,ZN=F,122.328125,-1.0,-0.0051354474258569205,0.0,-0.0051354474258569205,0.0
2022-03-30,ZN=F,122.625,-1.0,-0.0024268744411801713,0.0,-0.0024268744411801713,0.0
2022-03-31,ZN=F,122.875,-1.0,-0.0020387359836901986,0.0,-0.0020387359836901986,0.0
2022-04-01,ZN=F,122.234375,-1.0,0.005213631739572788,0.0,0.005213631739572788,0.0
2022-04-04,ZN=F,122.09375,-1.0,0.001150453790106143,0.0,0.001150453790106143,0.0
2022-04-05,ZN=F,120.921875,-1.0,0.009598157153826503,0.0,0.009598157153826503,0.0
2022-04-06,ZN=F,120.6875,-1.0,0.0019382349140716348,0.0,0.0019382349140716348,0.0
2022-04-07,ZN=F,120.546875,-1.0,0.0011651993785602999,0.0,0.0011651993785602999,0.0
2022-04-08,ZN=F,120.125,-1.0,0.0034996759559300372,0.0,0.0034996759559300372,0.0
2022-04-11,ZN=F,119.75,-1.0,0.003121748178980255,0.0,0.003121748178980255,0.0
2022-04-12,ZN=F,120.5,-1.0,-0.006263048016701411,0.0,-0.006263048016701411,0.0
2022-04-13,ZN=F,120.796875,-1.0,-0.0024636929460581936,0.0,-0.0024636929460581936,0.0
2022-04-14,ZN=F,119.9375,-1.0,0.007114215496054843,0.0,0.007114215496054843,0.0
2022-04-18,ZN=F,119.640625,-1.0,0.0024752475247524774,0.0,0.0024752475247524774,0.0
2022-04-19,ZN=F,119.109375,-1.0,0.00444038135039837,0.0,0.00444038135039837,0.0
2022-04-20,ZN=F,119.5,-1.0,-0.0032795487340941953,0.0,-0.0032795487340941953,0.0
2022-04-21,ZN=F,118.75,-1.0,0.006276150627615107,0.0,0.006276150627615107,0.0
2022-04-22,ZN=F,118.9375,-1.0,-0.0015789473684211242,0.0,-0.0015789473684211242,0.0
2022-04-25,ZN=F,119.609375,-1.0,-0.005648975302154469,0.0,-0.005648975302154469,0.0
2022-04-26,ZN=F,120.046875,-1.0,-0.0036577400391901715,0.0,-0.0036577400391901715,0.0
2022-04-27,ZN=F,119.796875,-1.0,0.002082519849017306,0.0,0.002082519849017306,0.0
2022-04-28,ZN=F,119.359375,-1.0,0.0036520151297769754,0.0,0.0036520151297769754,0.0
2022-04-29,ZN=F,119.15625,-1.0,0.0017017934284592195,0.0,0.0017017934284592195,0.0
2022-05-02,ZN=F,118.34375,-1.0,0.006818777865198022,0.0,0.006818777865198022,0.0
2022-05-03,ZN=F,118.515625,-1.0,-0.0014523369421706178,0.0,-0.0014523369421706178,0.0
2022-05-04,ZN=F,119.15625,-1.0,-0.00540540540540535,0.0,-0.00540540540540535,0.0
2022-05-05,ZN=F,118.0625,-1.0,0.009179124049304987,0.0,0.009179124049304987,0.0
2022-05-06,ZN=F,117.796875,-1.0,0.002249867654843807,0.0,0.002249867654843807,0.0
2022-05-09,ZN=F,118.1875,-1.0,-0.003316089667064537,0.0,-0.003316089667064537,0.0
2022-05-10,ZN=F,118.78125,-1.0,-0.005023796932839719,0.0,-0.005023796932839719,0.0
2022-05-11,ZN=F,119.265625,-1.0,-0.00407787424362005,0.0,-0.00407787424362005,0.0
2022-05-12,ZN=F,120.0,-1.0,-0.0061574741255077114,0.0,-0.0061574741255077114,0.0
2022-05-13,ZN=F,119.171875,-1.0,0.0069010416666667185,0.0,0.0069010416666667185,0.0
2022-05-16,ZN=F,119.671875,-1.0,-0.004195620820768298,0.0,-0.004195620820768298,0.0
2022-05-17,ZN=F,118.859375,-1.0,0.006789398093745902,0.0,0.006789398093745902,0.0
2022-05-18,ZN=F,119.4375,-1.0,-0.004863941106875158,0.0,-0.004863941106875158,0.0
2022-05-19,ZN=F,119.703125,-1.0,-0.002223966509680819,0.0,-0.002223966509680819,0.0
2022-05-20,ZN=F,120.125,-1.0,-0.00352434408040736,0.0,-0.00352434408040736,0.0
2022-05-23,ZN=F,119.578125,-1.0,0.004552549427679464,0.0,0.004552549427679464,0.0
2022-05-24,ZN=F,120.375,-1.0,-0.006664053312426477,0.0,-0.006664053312426477,0.0
2022-05-25,ZN=F,120.59375,-1.0,-0.0018172377985461452,0.0,-0.0018172377985461452,0.0
2022-05-26,ZN=F,120.59375,-1.0,-0.0,0.0,-0.0,0.0
2022-05-27,ZN=F,120.484375,-1.0,0.0009069707178025466,0.0,0.0009069707178025466,0.0
2022-05-31,ZN=F,119.84375,-1.0,0.005317079496822696,0.0,0.005317079496822696,0.0
2022-06-01,ZN=F,119.046875,-1.0,0.0066492829204694015,0.0,0.0066492829204694015,0.0
2022-06-02,ZN=F,119.28125,-1.0,-0.001968762304764393,0.0,-0.001968762304764393,0.0
2022-06-03,ZN=F,119.046875,-1.0,0.0019648938957296247,0.0,0.0019648938957296247,0.0
2022-06-06,ZN=F,118.453125,-1.0,0.004987531172069848,0.0,0.004987531172069848,0.0
2022-06-07,ZN=F,118.953125,-1.0,-0.004221079013322804,0.0,-0.004221079013322804,0.0
2022-06-08,ZN=F,118.609375,-1.0,0.002889793773807936,0.0,0.002889793773807936,0.0
2022-06-09,ZN=F,118.421875,-1.0,0.001580819391384547,0.0,0.001580819391384547,0.0
2022-06-10,ZN=F,117.3125,-1.0,0.009367990500065981,0.0,0.009367990500065981,0.0
2022-06-13,ZN=F,115.796875,-1.0,0.012919552477357432,0.0,0.012919552477357432,0.0
2022-06-14,ZN=F,114.96875,-1.0,0.007151531507219033,0.0,0.007151531507219033,0.0
2022-06-15,ZN=F,115.6875,-1.0,-0.006251698831204022,0.0,-0.006251698831204022,0.0
2022-06-16,ZN=F,116.34375,-1.0,-0.005672609400324102,0.0,-0.005672609400324102,0.0
2022-06-17,ZN=F,116.6875,-1.0,-0.002954606500134238,0.0,-0.002954606500134238,0.0
2022-06-21,ZN=F,116.34375,-1.0,0.0029459025174075615,0.0,0.0029459025174075615,0.0
2022-06-22,ZN=F,116.953125,-1.0,-0.0052377115229653715,0.0,-0.0052377115229653715,0.0
2022-06-23,ZN=F,117.65625,-1.0,-0.006012024048096087,0.0,-0.006012024048096087,0.0
2022-06-24,ZN=F,117.34375,-1.0,0.0026560424966799445,0.0,0.0026560424966799445,0.0
2022-06-27,ZN=F,116.8125,-1.0,0.004527296937416825,0.0,0.004527296937416825,0.0
2022-06-28,ZN=F,116.703125,-1.0,0.000936329588014928,0.0,0.000936329588014928,0.0
2022-06-29,ZN=F,117.515625,-1.0,-0.0069621100548935555,0.0,-0.0069621100548935555,0.0
2022-06-30,ZN=F,118.53125,-1.0,-0.008642467756947214,0.0,-0.008642467756947214,0.0
2022-07-01,ZN=F,119.265625,-1.0,-0.006195623517005089,0.0,-0.006195623517005089,0.0
2022-07-05,ZN=F,119.921875,-1.0,-0.005502423686623903,0.0,-0.005502423686623903,0.0
2022-07-06,ZN=F,119.046875,-1.0,0.0072964169381107835,0.0,0.0072964169381107835,0.0
2022-07-07,ZN=F,118.265625,-1.0,0.006562541015881385,0.0,0.006562541015881385,0.0
2022-07-08,ZN=F,117.625,-1.0,0.005416831813978118,0.0,0.005416831813978118,0.0
2022-07-11,ZN=F,118.375,-1.0,-0.006376195536663021,0.0,-0.006376195536663021,0.0
2022-07-12,ZN=F,118.65625,-1.0,-0.002375923970432847,0.0,-0.002375923970432847,0.0
2022-07-13,ZN=F,118.921875,-1.0,-0.0022386094284960745,0.0,-0.0022386094284960745,0.0
2022-07-14,ZN=F,118.5,-1.0,0.0035474970437524567,0.0,0.0035474970437524567,0.0
2022-07-15,ZN=F,118.640625,-1.0,-0.0011867088607595555,0.0,-0.0011867088607595555,0.0
2022-07-18,ZN=F,118.46875,-1.0,0.0014487027525352802,0.0,0.0014487027525352802,0.0
2022-07-19,ZN=F,117.96875,-1.0,0.004220522289633322,0.0,0.004220522289633322,0.0
2022-07-20,ZN=F,117.78125,-1.0,0.0015894039735099286,0.0,0.0015894039735099286,0.0
2022-07-21,ZN=F,118.90625,-1.0,-0.009551605200318392,0.0,-0.009551605200318392,0.0
2022-07-22,ZN=F,119.890625,-1.0,-0.00827858081471744,0.0,-0.00827858081471744,0.0
2022-07-25,ZN=F,119.65625,-1.0,0.001954906816108437,0.0,0.001954906816108437,0.0
2022-07-26,ZN=F,119.859375,-1.0,-0.001697571167406542,0.0,-0.001697571167406542,0.0
2022-07-27,ZN=F,120.421875,-1.0,-0.00469299960891667,0.0,-0.00469299960891667,0.0
2022-07-28,ZN=F,120.984375,-1.0,-0.004671078240560567,0.0,-0.004671078240560567,0.0
2022-07-29,ZN=F,121.140625,-1.0,-0.0012914890869171192,0.0,-0.0012914890869171192,0.0
2022-08-01,ZN=F,121.359375,-1.0,-0.0018057526118921974,0.0,-0.0018057526118921974,0.0
2022-08-02,ZN=F,120.125,-1.0,0.010171237285953372,0.0,0.010171237285953372,0.0
2022-08-03,ZN=F,120.09375,-1.0,0.0002601456815817249,0.0,0.0002601456815817249,0.0
2022-08-04,ZN=F,120.734375,-1.0,-0.005334374186833246,0.0,-0.005334374186833246,0.0
2022-08-05,ZN=F,119.375,-1.0,0.011259220913679258,0.0,0.011259220913679258,0.0
2022-08-08,ZN=F,119.859375,-1.0,-0.004057591623036538,0.0,-0.004057591623036538,0.0
2022-08-09,ZN=F,119.484375,1.0,-0.003128666405944447,0.0004,-0.003528666405944447,2.0
2022-08-10,ZN=F,119.75,1.0,0.002223094023800165,0.0,0.002223094023800165,0.0
2022-08-11,ZN=F,119.09375,1.0,-0.005480167014613735,0.0,-0.005480167014613735,0.0
2022-08-12,ZN=F,119.265625,1.0,0.0014431907635790164,0.0,0.0014431907635790164,0.0
2022-08-15,ZN=F,119.703125,1.0,0.0036682824577491946,0.0,0.0036682824577491946,0.0
2022-08-16,ZN=F,119.390625,1.0,-0.00261062524474609,0.0,-0.00261062524474609,0.0
2022-08-17,ZN=F,118.765625,1.0,-0.00523491689569433,0.0,-0.00523491689569433,0.0
2022-08-18,ZN=F,118.84375,1.0,0.0006578081831338789,0.0,0.0006578081831338789,0.0
2022-08-19,ZN=F,118.109375,1.0,-0.006179332106231894,0.0,-0.006179332106231894,0.0
2022-08-22,ZN=F,117.71875,1.0,-0.0033073157825108668,0.0,-0.0033073157825108668,0.0
2022-08-23,ZN=F,117.625,1.0,-0.0007963897000266007,0.0,-0.0007963897000266007,0.0
2022-08-24,ZN=F,117.25,1.0,-0.0031880977683315104,0.0,-0.0031880977683315104,0.0
2022-08-25,ZN=F,117.78125,1.0,0.004530916844349697,0.0,0.004530916844349697,0.0
2022-08-26,ZN=F,117.578125,1.0,-0.00172459538339087,0.0,-0.00172459538339087,0.0
2022-08-29,ZN=F,117.03125,1.0,-0.0046511627906976605,0.0,-0.0046511627906976605,0.0
2022-08-30,ZN=F,117.0,-1.0,0.0002670226969292422,0.0004,-0.00013297730307075783,2.0
2022-08-31,ZN=F,116.875,-1.0,0.0010683760683760646,0.0,0.0010683760683760646,0.0
2022-09-01,ZN=F,115.984375,-1.0,0.007620320855614926,0.0,0.007620320855614926,0.0
2022-09-02,ZN=F,116.65625,-1.0,-0.005792806143068763,0.0,-0.005792806143068763,0.0
2022-09-06,ZN=F,115.609375,-1.0,0.008974015537101532,0.0,0.008974015537101532,0.0
2022-09-07,ZN=F,116.171875,-1.0,-0.004865522367887509,0.0,-0.004865522367887509,0.0
2022-09-08,ZN=F,115.96875,-1.0,0.0017484868863483216,0.0,0.0017484868863483216,0.0
2022-09-09,ZN=F,115.734375,-1.0,0.0020210185933710045,0.0,0.0020210185933710045,0.0
2022-09-12,ZN=F,115.59375,-1.0,0.0012150668286755595,0.0,0.0012150668286755595,0.0
2022-09-13,ZN=F,114.921875,-1.0,0.005812381724790483,0.0,0.005812381724790483,0.0
2022-09-14,ZN=F,114.953125,-1.0,-0.00027192386131891233,0.0,-0.00027192386131891233,0.0
2022-09-15,ZN=F,114.484375,-1.0,0.0040777490825064655,0.0,0.0040777490825064655,0.0
2022-09-16,ZN=F,114.75,-1.0,-0.002320185614849146,0.0,-0.002320185614849146,0.0
2022-09-19,ZN=F,114.359375,-1.0,0.003404139433551223,0.0,0.003404139433551223,0.0
2022-09-20,ZN=F,113.84375,-1.0,0.004508812679327789,0.0,0.004508812679327789,0.0
2022-09-21,ZN=F,113.625,-1.0,0.0019214932747735336,0.0,0.0019214932747735336,0.0
2022-09-22,ZN=F,112.75,-1.0,0.007700770077007646,0.0,0.007700770077007646,0.0
2022-09-23,ZN=F,112.625,-1.0,0.0011086474501108556,0.0,0.0011086474501108556,0.0
2022-09-26,ZN=F,111.359375,-1.0,0.011237513873473937,0.0,0.011237513873473937,0.0
2022-09-27,ZN=F,110.890625,-1.0,0.004209344745334631,0.0,0.004209344745334631,0.0
2022-09-28,ZN=F,112.859375,-1.0,-0.017753980555164084,0.0,-0.017753980555164084,0.0
2022-09-29,ZN=F,112.453125,-1.0,0.003599612349439285,0.0,0.003599612349439285,0.0
2022-09-30,ZN=F,112.0625,-1.0,0.0034736695845490884,0.0,0.0034736695845490884,0.0
2022-10-03,ZN=F,113.203125,-1.0,-0.010178471834913605,0.0,-0.010178471834913605,0.0
2022-10-04,ZN=F,113.5,-1.0,-0.0026224982746720915,0.0,-0.0026224982746720915,0.0
2022-10-05,ZN=F,112.53125,-1.0,0.008535242290748868,0.0,0.008535242290748868,0.0
2022-10-06,ZN=F,111.9375,-1.0,0.005276312135517935,0.0,0.005276312135517935,0.0
2022-10-07,ZN=F,111.484375,-1.0,0.004048017867113396,0.0,0.004048017867113396,0.0
2022-10-10,ZN=F,111.015625,-1.0,0.0042046250875963365,0.0,0.0042046250875963365,0.0
2022-10-11,ZN=F,111.140625,-1.0,-0.0011259676284307574,0.0,-0.0011259676284307574,0.0
2022-10-12,ZN=F,111.484375,-1.0,-0.003092928440882936,0.0,-0.003092928440882936,0.0
2022-10-13,ZN=F,111.015625,-1.0,0.0042046250875963365,0.0,0.0042046250875963365,0.0
2022-10-14,ZN=F,110.59375,-1.0,0.003800140745953584,0.0,0.003800140745953584,0.0
2022-10-17,ZN=F,110.703125,-1.0,-0.0009889799378355324,0.0,-0.0009889799378355324,0.0
2022-10-18,ZN=F,110.90625,-1.0,-0.0018348623853210455,0.0,-0.0018348623853210455,0.0
2022-10-19,ZN=F,110.0,-1.0,0.008171315863623518,0.0,0.008171315863623518,0.0
2022-10-20,ZN=F,109.359375,-1.0,0.005823863636363669,0.0,0.005823863636363669,0.0
2022-10-21,ZN=F,109.796875,-1.0,-0.004000571510215822,0.0,-0.004000571510215822,0.0
2022-10-24,ZN=F,109.734375,-1.0,0.0005692329585883504,0.0,0.0005692329585883504,0.0
2022-10-25,ZN=F,110.5625,-1.0,-0.007546632493236505,0.0,-0.007546632493236505,0.0
2022-10-26,ZN=F,111.09375,-1.0,-0.004804974561899433,0.0,-0.004804974561899433,0.0
2022-10-27,ZN=F,111.6875,-1.0,-0.00534458509142044,0.0,-0.00534458509142044,0.0
2022-10-28,ZN=F,111.0,-1.0,0.00615556799104644,0.0,0.00615556799104644,0.0
2022-10-31,ZN=F,110.59375,-1.0,0.003659909909909942,0.0,0.003659909909909942,0.0
2022-11-01,ZN=F,110.578125,-1.0,0.00014128284826220305,0.0,0.00014128284826220305,0.0
2022-11-02,ZN=F,110.625,-1.0,-0.0004239084357777756,0.0,-0.0004239084357777756,0.0
2022-11-03,ZN=F,110.03125,-1.0,0.005367231638418124,0.0,0.005367231638418124,0.0
2022-11-04,ZN=F,110.046875,-1.0,-0.00014200511218409595,0.0,-0.00014200511218409595,0.0
2022-11-07,ZN=F,109.640625,-1.0,0.0036916086894789313,0.0,0.0036916086894789313,0.0
2022-11-08,ZN=F,110.28125,-1.0,-0.005842952828844172,0.0,-0.005842952828844172,0.0
2022-11-09,ZN=F,110.328125,-1.0,-0.00042504958911870894,0.0,-0.00042504958911870894,0.0
2022-11-10,ZN=F,112.515625,-1.0,-0.01982721994051828,0.0,-0.01982721994051828,0.0
2022-11-11,ZN=F,112.3125,-1.0,0.0018053048187751664,0.0,0.0018053048187751664,0.0
2022-11-14,ZN=F,112.125,-1.0,0.0016694490818029983,0.0,0.0016694490818029983,0.0
2022-11-15,ZN=F,112.5625,-1.0,-0.0039018952062430667,0.0,-0.0039018952062430667,0.0
2022-11-16,ZN=F,113.203125,-1.0,-0.005691282620766236,0.0,-0.005691282620766236,0.0
2022-11-17,ZN=F,112.625,-1.0,0.005106970324361582,0.0,0.005106970324361582,0.0
2022-11-18,ZN=F,112.296875,-1.0,0.002913429522752531,0.0,0.002913429522752531,0.0
2022-11-21,ZN=F,112.3125,-1.0,-0.00013914011409488225,0.0,-0.00013914011409488225,0.0
2022-11-22,ZN=F,112.609375,-1.0,-0.002643294379521377,0.0,-0.002643294379521377,0.0
2022-11-23,ZN=F,112.953125,-1.0,-0.0030525877618980957,0.0,-0.0030525877618980957,0.0
2022-11-25,ZN=F,113.03125,-1.0,-0.000691658597316458,0.0,-0.000691658597316458,0.0
2022-11-28,ZN=F,112.921875,-1.0,0.0009676527508984956,0.0,0.0009676527508984956,0.0
2022-11-29,ZN=F,112.71875,-1.0,0.001798810017988095,0.0,0.001798810017988095,0.0
2022-11-30,ZN=F,113.21875,-1.0,-0.004435819240365957,0.0,-0.004435819240365957,0.0
2022-12-01,ZN=F,114.296875,-1.0,-0.00952249516974879,0.0,-0.00952249516974879,0.0
2022-12-02,ZN=F,114.359375,-1.0,-0.0005468215994530734,0.0,-0.0005468215994530734,0.0
2022-12-05,ZN=F,113.59375,-1.0,0.0066949036753655156,0.0,0.0066949036753655156,0.0
2022-12-06,ZN=F,114.09375,-1.0,-0.0044016506189821225,0.0,-0.0044016506189821225,0.0
2022-12-07,ZN=F,114.859375,-1.0,-0.006710490276636616,0.0,-0.006710490276636616,0.0
2022-12-08,ZN=F,114.1875,-1.0,0.005849544279689867,0.0,0.005849544279689867,0.0
2022-12-09,ZN=F,113.828125,-1.0,0.003147235905856638,0.0,0.003147235905856638,0.0
2022-12-12,ZN=F,113.59375,-1.0,0.0020590253946465298,0.0,0.0020590253946465298,0.0
2022-12-13,ZN=F,114.53125,-1.0,-0.008253094910591452,0.0,-0.008253094910591452,0.0
2022-12-14,ZN=F,114.453125,-1.0,0.0006821282401091588,0.0,0.0006821282401091588,0.0
2022-12-15,ZN=F,114.703125,-1.0,-0.0021843003412969075,0.0,-0.0021843003412969075,0.0
2022-12-16,ZN=F,114.671875,-1.0,0.00027244244653312766,0.0,0.00027244244653312766,0.0
2022-12-19,ZN=F,114.046875,-1.0,0.005450333832947241,0.0,0.005450333832947241,0.0
2022-12-20,ZN=F,113.453125,-1.0,0.005206192629127249,0.0,0.005206192629127249,0.0
2022-12-21,ZN=F,113.5625,-1.0,-0.0009640545379423493,0.0,-0.0009640545379423493,0.0
2022-12-22,ZN=F,113.546875,-1.0,0.00013758943313157967,0.0,0.00013758943313157967,0.0
2022-12-23,ZN=F,113.078125,-1.0,0.004128250997660676,0.0,0.004128250997660676,0.0
2022-12-27,ZN=F,112.328125,-1.0,0.006632582561834965,0.0,0.006632582561834965,0.0
2022-12-28,ZN=F,112.1875,1.0,-0.0012519126443176765,0.0004,-0.0016519126443176764,2.0
2022-12-29,ZN=F,112.4375,1.0,0.0022284122562674646,0.0,0.0022284122562674646,0.0
2022-12-30,ZN=F,112.296875,1.0,-0.001250694830461363,0.0,-0.001250694830461363,0.0
2023-01-03,ZN=F,112.640625,1.0,0.0030610825100876315,0.0,0.0030610825100876315,0.0
2023-01-04,ZN=F,113.1875,1.0,0.004855042308225865,0.0,0.004855042308225865,0.0
2023-01-05,ZN=F,113.015625,1.0,-0.0015184980673661475,0.0,-0.0015184980673661475,0.0
2023-01-06,ZN=F,114.21875,1.0,0.010645651873358197,0.0,0.010645651873358197,0.0
2023-01-09,ZN=F,114.625,1.0,0.003556771545827564,0.0,0.003556771545827564,0.0
2023-01-10,ZN=F,114.0,1.0,-0.005452562704471142,0.0,-0.005452562704471142,0.0
2023-01-11,ZN=F,114.4375,1.0,0.003837719298245723,0.0,0.003837719298245723,0.0
2023-01-12,ZN=F,115.234375,1.0,0.006963407973784808,0.0,0.006963407973784808,0.0
2023-01-13,ZN=F,114.765625,1.0,-0.004067796610169538,0.0,-0.004067796610169538,0.0
2023-01-17,ZN=F,114.671875,1.0,-0.0008168822328114,0.0,-0.0008168822328114,0.0
2023-01-18,ZN=F,115.90625,1.0,0.010764409320070945,0.0,0.010764409320070945,0.0
2023-01-19,ZN=F,115.640625,1.0,-0.0022917228363440456,0.0,-0.0022917228363440456,0.0
2023-01-20,ZN=F,115.0625,1.0,-0.004999324415619566,0.0,-0.004999324415619566,0.0
2023-01-23,ZN=F,114.6875,1.0,-0.0032590983161325804,0.0,-0.0032590983161325804,0.0
2023-01-24,ZN=F,115.03125,1.0,0.0029972752043596618,0.0,0.0029972752043596618,0.0
2023-01-25,ZN=F,115.140625,1.0,0.000950828579190377,0.0,0.000950828579190377,0.0
2023-01-26,ZN=F,114.859375,1.0,-0.0024426652191613663,0.0,-0.0024426652191613663,0.0
2023-01-27,ZN=F,114.609375,1.0,-0.0021765746156985344,0.0,-0.0021765746156985344,0.0
2023-01-30,ZN=F,114.28125,1.0,-0.002862985685071595,0.0,-0.002862985685071595,0.0
2023-01-31,ZN=F,114.515625,1.0,0.002050861361772016,0.0,0.002050861361772016,0.0
2023-02-01,ZN=F,115.484375,1.0,0.008459544276163244,0.0,0.008459544276163244,0.0
2023-02-02,ZN=F,115.546875,1.0,0.0005411987552428332,0.0,0.0005411987552428332,0.0
2023-02-03,ZN=F,114.421875,1.0,-0.00973630831643002,0.0,-0.00973630831643002,0.0
2023-02-06,ZN=F,113.5,1.0,-0.008056807319404613,0.0,-0.008056807319404613,0.0
2023-02-07,ZN=F,113.234375,1.0,-0.002340308370044064,0.0,-0.002340308370044064,0.0
2023-02-08,ZN=F,113.40625,1.0,0.0015178694632260736,0.0,0.0015178694632260736,0.0
2023-02-09,ZN=F,113.03125,1.0,-0.0033066960595204975,0.0,-0.0033066960595204975,0.0
2023-02-10,ZN=F,112.6875,1.0,-0.003041194359966859,0.0,-0.003041194359966859,0.0
2023-02-13,ZN=F,112.78125,1.0,0.0008319467554076532,0.0,0.0008319467554076532,0.0
2023-02-14,ZN=F,112.328125,1.0,-0.004017733444167337,0.0,-0.004017733444167337,0.0
2023-02-15,ZN=F,112.046875,1.0,-0.002503825288635464,0.0,-0.002503825288635464,0.0
2023-02-16,ZN=F,111.890625,1.0,-0.0013945056477479012,0.0,-0.0013945056477479012,0.0
2023-02-17,ZN=F,112.0,1.0,0.0009775171065493637,0.0,0.0009775171065493637,0.0
2023-02-21,ZN=F,111.0625,1.0,-0.008370535714285698,0.0,-0.008370535714285698,0.0
2023-02-22,ZN=F,111.203125,1.0,0.0012661789532921741,0.0,0.0012661789532921741,0.0
2023-02-23,ZN=F,111.4375,1.0,0.002107629619221507,0.0,0.002107629619221507,0.0
2023-02-24,ZN=F,110.921875,1.0,-0.004627033090297217,0.0,-0.004627033090297217,0.0
2023-02-27,ZN=F,111.140625,1.0,0.001972108747710921,0.0,0.001972108747710921,0.0
2023-02-28,ZN=F,111.171875,1.0,0.00028117531280758,0.0,0.00028117531280758,0.0
2023-03-01,ZN=F,110.5625,-1.0,0.005481377371749807,0.0004,0.005081377371749807,2.0
2023-03-02,ZN=F,110.09375,-1.0,0.00423968343697001,0.0,0.00423968343697001,0.0
2023-03-03,ZN=F,110.65625,-1.0,-0.005109281862049286,0.0,-0.005109281862049286,0.0
2023-03-06,ZN=F,110.5625,-1.0,0.0008472182999152977,0.0,0.0008472182999152977,0.0
2023-03-07,ZN=F,110.515625,-1.0,0.0004239683436969566,0.0,0.0004239683436969566,0.0
2023-03-08,ZN=F,110.453125,-1.0,0.0005655308921249658,0.0,0.0005655308921249658,0.0
2023-03-09,ZN=F,111.015625,-1.0,-0.005092658084594692,0.0,-0.005092658084594692,0.0
2023-03-10,ZN=F,112.625,-1.0,-0.014496833216045113,0.0,-0.014496833216045113,0.0
2023-03-13,ZN=F,114.140625,-1.0,-0.013457269700333008,0.0,-0.013457269700333008,0.0
2023-03-14,ZN=F,113.34375,-1.0,0.00698151950718684,0.0,0.00698151950718684,0.0
2023-03-15,ZN=F,114.53125,-1.0,-0.010476978218913802,0.0,-0.010476978218913802,0.0
2023-03-16,ZN=F,113.65625,-1.0,0.007639836289222379,0.0,0.007639836289222379,0.0
2023-03-17,ZN=F,115.125,-1.0,-0.01292273852075887,0.0,-0.01292273852075887,0.0
2023-03-20,ZN=F,114.59375,-1.0,0.0046145494028230205,0.0,0.0046145494028230205,0.0
2023-03-21,ZN=F,113.640625,-1.0,0.008317425688573743,0.0,0.008317425688573743,0.0
2023-03-22,ZN=F,113.71875,-1.0,-0.0006874742197167105,0.0,-0.0006874742197167105,0.0
2023-03-23,ZN=F,115.984375,-1.0,-0.01992305578455622,0.0,-0.01992305578455622,0.0
2023-03-24,ZN=F,116.109375,-0.9351324235363611,-0.0010078215530500716,1.297351529272779e-05,-0.0010207950683427994,0.06486757646363894
2023-03-27,ZN=F,114.984375,-0.9516911657919186,0.009221069026647618,3.3117484511115073e-06,0.009217757278196508,0.016558742255557535
2023-03-28,ZN=F,114.640625,-0.9037951475850204,0.002701928692331941,9.57920364137963e-06,0.0026923494886905612,0.04789601820689815
2023-03-29,ZN=F,114.53125,-0.8975047086067016,0.0008562808995838866,1.2580877956637648e-06,0.0008550228117882229,0.006290438978318824
2023-03-30,ZN=F,114.578125,0.9118866471651538,0.00037321418028594543,0.0003618782711543711,1.1335909131574343e-05,1.8093913557718553
2023-03-31,ZN=F,114.921875,0.9239365917544633,0.0027719357723440443,2.409988917861905e-06,0.0027695257834261825,0.012049944589309525
2023-04-03,ZN=F,115.453125,0.9269731881277835,0.004285124187130525,6.073192746640422e-07,0.004284516867855861,0.0030365963733202106
2023-04-04,ZN=F,116.25,0.9276413440628,0.006402721416592632,1.3363118700329136e-07,0.006402587785405629,0.0006681559350164568
2023-04-05,ZN=F,116.578125,0.9232900140194189,0.002606060523441998,8.702660086762127e-07,0.002605190257433322,0.004351330043381063
2023-04-06,ZN=F,116.546875,0.9268621107447432,-0.0002484551965540355,7.144193450648651e-07,-0.00024916961589910037,0.003572096725324325
2023-04-10,ZN=F,115.515625,0.9261571768723977,-0.00819498239356192,1.4098677446909846e-07,-0.00819512338033639,0.0007049338723454923
2023-04-11,ZN=F,115.375,0.9418094322939092,-0.0011465284580881002,3.1304510843022992e-06,-0.0011496589091724025,0.015652255421511496
2023-04-12,ZN=F,115.703125,1.0,0.0028439869989165256,1.1638113541218155e-05,0.0028323488853753075,0.05819056770609077
2023-04-13,ZN=F,115.453125,1.0,-0.002160702228224176,0.0,-0.002160702228224176,0.0
2023-04-14,ZN=F,114.859375,1.0,-0.005142779807822406,0.0,-0.005142779807822406,0.0
2023-04-17,ZN=F,114.359375,1.0,-0.004353149231397069,0.0,-0.004353149231397069,0.0
2023-04-18,ZN=F,114.484375,1.0,0.0010930454980189186,0.0,0.0010930454980189186,0.0
2023-04-19,ZN=F,114.1875,1.0,-0.0025931486283609084,0.0,-0.0025931486283609084,0.0
2023-04-20,ZN=F,114.65625,1.0,0.004105090311986803,0.0,0.004105090311986803,0.0
2023-04-21,ZN=F,114.46875,1.0,-0.0016353229762877675,0.0,-0.0016353229762877675,0.0
2023-04-24,ZN=F,114.875,1.0,0.00354900354900356,0.0,0.00354900354900356,0.0
2023-04-25,ZN=F,115.796875,1.0,0.008025027203482082,0.0,0.008025027203482082,0.0
2023-04-26,ZN=F,115.546875,1.0,-0.0021589529078397396,0.0,-0.0021589529078397396,0.0
2023-04-27,ZN=F,114.734375,1.0,-0.007031778228532848,0.0,-0.007031778228532848,0.0
2023-04-28,ZN=F,115.203125,1.0,0.004085523627944898,0.0,0.004085523627944898,0.0
2023-05-01,ZN=F,114.5,1.0,-0.0061033500610334634,0.0,-0.0061033500610334634,0.0
2023-05-02,ZN=F,115.5625,1.0,0.009279475982532759,0.0,0.009279475982532759,0.0
2023-05-03,ZN=F,115.90625,1.0,0.0029745808545158514,0.0,0.0029745808545158514,0.0
2023-05-04,ZN=F,116.5625,1.0,0.005661903478026531,0.0,0.005661903478026531,0.0
2023-05-05,ZN=F,115.71875,1.0,-0.007238605898123307,0.0,-0.007238605898123307,0.0
2023-05-08,ZN=F,115.171875,1.0,-0.00472589792060496,0.0,-0.00472589792060496,0.0
2023-05-09,ZN=F,115.1875,1.0,0.0001356668023335672,0.0,0.0001356668023335672,0.0
2023-05-10,ZN=F,115.90625,1.0,0.00623982637004894,0.0,0.00623982637004894,0.0
2023-05-11,ZN=F,116.046875,1.0,0.001213265031005717,0.0,0.001213265031005717,0.0
2023-05-12,ZN=F,115.4375,1.0,-0.0052511108119025485,0.0,-0.0052511108119025485,0.0
2023-05-15,ZN=F,115.234375,1.0,-0.0017596101786681029,0.0,-0.0017596101786681029,0.0
2023-05-16,ZN=F,114.921875,1.0,-0.0027118644067796183,0.0,-0.0027118644067796183,0.0
2023-05-17,ZN=F,114.578125,1.0,-0.0029911624745071475,0.0,-0.0029911624745071475,0.0
2023-05-18,ZN=F,113.921875,1.0,-0.005727533069684987,0.0,-0.005727533069684987,0.0
2023-05-19,ZN=F,113.5625,1.0,-0.003154574132492094,0.0,-0.003154574132492094,0.0
2023-05-22,ZN=F,113.46875,1.0,-0.000825536598789256,0.0,-0.000825536598789256,0.0
2023-05-23,ZN=F,113.609375,1.0,0.0012393280088129899,0.0,0.0012393280088129899,0.0
2023-05-24,ZN=F,113.421875,1.0,-0.0016503919680924684,0.0,-0.0016503919680924684,0.0
2023-05-25,ZN=F,112.625,1.0,-0.007025761124121788,0.0,-0.007025761124121788,0.0
2023-05-26,ZN=F,112.40625,1.0,-0.0019422863485016872,0.0,-0.0019422863485016872,0.0
2023-05-30,ZN=F,113.171875,1.0,0.0068112315818738,0.0,0.0068112315818738,0.0
2023-05-31,ZN=F,113.625,1.0,0.004003865801463391,0.0,0.004003865801463391,0.0
2023-06-01,ZN=F,113.921875,1.0,0.0026127612761275287,0.0,0.0026127612761275287,0.0
2023-06-02,ZN=F,113.046875,1.0,-0.007680702235632997,0.0,-0.007680702235632997,0.0
2023-06-05,ZN=F,113.109375,1.0,0.0005528680027644395,0.0,0.0005528680027644395,0.0
2023-06-06,ZN=F,113.03125,1.0,-0.0006907031357922255,0.0,-0.0006907031357922255,0.0
2023-06-07,ZN=F,112.53125,-1.0,0.004423555432679027,0.0004,0.004023555432679027,2.0
2023-06-08,ZN=F,113.03125,-1.0,-0.004443210219383431,0.0,-0.004443210219383431,0.0
2023-06-09,ZN=F,112.65625,-1.0,0.0033176665745092704,0.0,0.0033176665745092704,0.0
2023-06-12,ZN=F,112.703125,-1.0,-0.0004160887656032841,0.0,-0.0004160887656032841,0.0
2023-06-13,ZN=F,112.015625,-1.0,0.006100097046998432,0.0,0.006100097046998432,0.0
2023-06-14,ZN=F,112.203125,-1.0,-0.0016738736225414552,0.0,-0.0016738736225414552,0.0
2023-06-15,ZN=F,112.828125,-1.0,-0.005570254839158961,0.0,-0.005570254839158961,0.0
2023-06-16,ZN=F,112.40625,-1.0,0.0037390943082675765,0.0,0.0037390943082675765,0.0
2023-06-20,ZN=F,112.671875,-1.0,-0.0023630803447316495,0.0,-0.0023630803447316495,0.0
2023-06-21,ZN=F,112.46875,-1.0,0.0018028012758285472,0.0,0.0018028012758285472,0.0
2023-06-22,ZN=F,112.734375,-1.0,-0.0023617671575437704,0.0,-0.0023617671575437704,0.0
2023-06-23,ZN=F,113.078125,-1.0,-0.0030492030492030864,0.0,-0.0030492030492030864,0.0
2023-06-26,ZN=F,113.234375,-1.0,-0.0013817880337156918,0.0,-0.0013817880337156918,0.0
2023-06-27,ZN=F,112.828125,-1.0,0.0035876914585345476,0.0,0.0035876914585345476,0.0
2023-06-28,ZN=F,113.25,-1.0,-0.0037390943082675765,0.0,-0.0037390943082675765,0.0
2023-06-29,ZN=F,112.125,-1.0,0.009933774834437137,0.0,0.009933774834437137,0.0
2023-06-30,ZN=F,112.265625,-1.0,-0.0012541806020067714,0.0,-0.0012541806020067714,0.0
2023-07-03,ZN=F,111.9375,-1.0,0.0029227557411273253,0.0,0.0029227557411273253,0.0
2023-07-05,ZN=F,111.359375,-1.0,0.005164712451144582,0.0,0.005164712451144582,0.0
2023-07-06,ZN=F,110.609375,-1.0,0.006734951592535454,0.0,0.006734951592535454,0.0
2023-07-07,ZN=F,110.671875,-1.0,-0.0005650515609549878,0.0,-0.0005650515609549878,0.0
2023-07-10,ZN=F,111.140625,-1.0,-0.004235493434985083,0.0,-0.004235493434985083,0.0
2023-07-11,ZN=F,111.265625,-1.0,-0.001124701251230098,0.0,-0.001124701251230098,0.0
2023-07-12,ZN=F,112.265625,-1.0,-0.00898750175537133,0.0,-0.00898750175537133,0.0
2023-07-13,ZN=F,113.046875,-1.0,-0.00695894224077942,0.0,-0.00695894224077942,0.0
2023-07-14,ZN=F,112.5625,-1.0,0.004284727021423684,0.0,0.004284727021423684,0.0
2023-07-17,ZN=F,112.71875,-1.0,-0.0013881177123820088,0.0,-0.0013881177123820088,0.0
2023-07-18,ZN=F,112.75,-1.0,-0.0002772387025229417,0.0,-0.0002772387025229417,0.0
2023-07-19,ZN=F,113.0,-1.0,-0.0022172949002217113,0.0,-0.0022172949002217113,0.0
2023-07-20,ZN=F,112.140625,-1.0,0.007605088495575174,0.0,0.007605088495575174,0.0
2023-07-21,ZN=F,112.234375,-1.0,-0.000836003901351523,0.0,-0.000836003901351523,0.0
2023-07-24,ZN=F,112.0625,-1.0,0.0015313935681470214,0.0,0.0015313935681470214,0.0
2023-07-25,ZN=F,111.609375,-1.0,0.004043502509760155,0.0,0.004043502509760155,0.0
2023-07-26,ZN=F,112.140625,-1.0,-0.004759904801904025,0.0,-0.004759904801904025,0.0
2023-07-27,ZN=F,111.015625,-1.0,0.010032046816218498,0.0,0.010032046816218498,0.0
2023-07-28,ZN=F,111.34375,-1.0,-0.002955665024630516,0.0,-0.002955665024630516,0.0
2023-07-31,ZN=F,111.40625,-1.0,-0.0005613247263542842,0.0,-0.0005613247263542842,0.0
2023-08-01,ZN=F,110.875,-1.0,0.004768583450210362,0.0,0.004768583450210362,0.0
2023-08-02,ZN=F,110.796875,-1.0,0.0007046223224351778,0.0,0.0007046223224351778,0.0
2023-08-03,ZN=F,110.234375,-1.0,0.00507685798900015,0.0,0.00507685798900015,0.0
2023-08-04,ZN=F,111.140625,-1.0,-0.008221119773210495,0.0,-0.008221119773210495,0.0
2023-08-07,ZN=F,111.125,-1.0,0.00014058765640379,0.0,0.00014058765640379,0.0
2023-08-08,ZN=F,111.40625,-1.0,-0.0025309336332959287,0.0,-0.0025309336332959287,0.0
2023-08-09,ZN=F,111.390625,-1.0,0.00014025245441795509,0.0,0.00014025245441795509,0.0
2023-08-10,ZN=F,110.859375,-1.0,0.004769252349558162,0.0,0.004769252349558162,0.0
2023-08-11,ZN=F,110.1875,-1.0,0.0060606060606061,0.0,0.0060606060606061,0.0
2023-08-14,ZN=F,110.0,-1.0,0.001701644923425949,0.0,0.001701644923425949,0.0
2023-08-15,ZN=F,109.765625,-1.0,0.0021306818181817677,0.0,0.0021306818181817677,0.0
2023-08-16,ZN=F,109.5625,-1.0,0.00185053380782918,0.0,0.00185053380782918,0.0
2023-08-17,ZN=F,109.28125,-1.0,0.0025670279520821904,0.0,0.0025670279520821904,0.0
2023-08-18,ZN=F,109.640625,-1.0,-0.0032885330283098924,0.0,-0.0032885330283098924,0.0
2023-08-21,ZN=F,109.078125,-1.0,0.005130397605814463,0.0,0.005130397605814463,0.0
2023-08-22,ZN=F,109.0625,-1.0,0.00014324595330184042,0.0,0.00014324595330184042,0.0
2023-08-23,ZN=F,109.90625,-1.0,-0.007736389684813716,0.0,-0.007736389684813716,0.0
2023-08-24,ZN=F,109.59375,-1.0,0.0028433323855558967,0.0,0.0028433323855558967,0.0
2023-08-25,ZN=F,109.4375,-1.0,0.0014257199885941985,0.0,0.0014257199885941985,0.0
2023-08-28,ZN=F,109.640625,-1.0,-0.001856082238720802,0.0,-0.001856082238720802,0.0
2023-08-29,ZN=F,110.328125,-1.0,-0.006270485962662109,0.0,-0.006270485962662109,0.0
2023-08-30,ZN=F,110.359375,-1.0,-0.00028324599915019455,0.0,-0.00028324599915019455,0.0
2023-08-31,ZN=F,110.5625,-1.0,-0.0018405776582188782,0.0,-0.0018405776582188782,0.0
2023-09-01,ZN=F,110.15625,-1.0,0.0036743923120406974,0.0,0.0036743923120406974,0.0
2023-09-05,ZN=F,109.546875,-1.0,0.00553191489361704,0.0,0.00553191489361704,0.0
2023-09-06,ZN=F,109.28125,-1.0,0.002424761089716121,0.0,0.002424761089716121,0.0
2023-09-07,ZN=F,109.609375,-1.0,-0.0030025736345438148,0.0,-0.0030025736345438148,0.0
2023-09-08,ZN=F,109.53125,-1.0,0.0007127583749109156,0.0,0.0007127583749109156,0.0
2023-09-11,ZN=F,109.40625,-1.0,0.001141226818830221,0.0,0.001141226818830221,0.0
2023-09-12,ZN=F,109.515625,-1.0,-0.0009997143673237119,0.0,-0.0009997143673237119,0.0
2023-09-13,ZN=F,109.640625,-1.0,-0.0011413896418890346,0.0,-0.0011413896418890346,0.0
2023-09-14,ZN=F,109.359375,-1.0,0.002565198802907176,0.0,0.002565198802907176,0.0
2023-09-15,ZN=F,109.171875,-1.0,0.0017145306472353683,0.0,0.0017145306472353683,0.0
2023-09-18,ZN=F,109.203125,-1.0,-0.00028624588521530825,0.0,-0.00028624588521530825,0.0
2023-09-19,ZN=F,108.828125,-1.0,0.003433967663471149,0.0,0.003433967663471149,0.0
2023-09-20,ZN=F,109.1875,-1.0,-0.003302225412778137,0.0,-0.003302225412778137,0.0
2023-09-21,ZN=F,108.421875,-1.0,0.007012020606754432,0.0,0.007012020606754432,0.0
2023-09-22,ZN=F,108.6875,-1.0,-0.0024499207378585464,0.0,-0.0024499207378585464,0.0
2023-09-25,ZN=F,108.171875,-1.0,0.004744105807935606,0.0,0.004744105807935606,0.0
2023-09-26,ZN=F,108.109375,-1.0,0.000577784197602238,0.0,0.000577784197602238,0.0
2023-09-27,ZN=F,107.578125,-1.0,0.004914004914004955,0.0,0.004914004914004955,0.0
2023-09-28,ZN=F,107.859375,-1.0,-0.002614379084967311,0.0,-0.002614379084967311,0.0
2023-09-29,ZN=F,108.0625,-1.0,-0.0018832391713747842,0.0,-0.0018832391713747842,0.0
2023-10-02,ZN=F,107.328125,-1.0,0.006795835743204193,0.0,0.006795835743204193,0.0
2023-10-03,ZN=F,106.640625,-1.0,0.006405590333381839,0.0,0.006405590333381839,0.0
2023-10-04,ZN=F,107.109375,-1.0,-0.00439560439560438,0.0,-0.00439560439560438,0.0
2023-10-05,ZN=F,107.3125,-1.0,-0.00189642596644779,0.0,-0.00189642596644779,0.0
2023-10-06,ZN=F,106.84375,-1.0,0.004368083867210215,0.0,0.004368083867210215,0.0
2023-10-09,ZN=F,107.84375,-1.0,-0.009359461830944715,0.0,-0.009359461830944715,0.0
2023-10-10,ZN=F,107.71875,-1.0,0.0011590843233845183,0.0,0.0011590843233845183,0.0
2023-10-11,ZN=F,107.9375,-1.0,-0.0020307513780097874,0.0,-0.0020307513780097874,0.0
2023-10-12,ZN=F,107.234375,-1.0,0.0065141864504921765,0.0,0.0065141864504921765,0.0
2023-10-13,ZN=F,107.71875,-1.0,-0.004516975083782571,0.0,-0.004516975083782571,0.0
2023-10-16,ZN=F,107.203125,-1.0,0.004786771105309007,0.0,0.004786771105309007,0.0
2023-10-17,ZN=F,106.21875,-1.0,0.009182334936598147,0.0,0.009182334936598147,0.0
2023-10-18,ZN=F,105.875,-1.0,0.003236245954692518,0.0,0.003236245954692518,0.0
2023-10-19,ZN=F,105.421875,-1.0,0.004279811097992914,0.0,0.004279811097992914,0.0
2023-10-20,ZN=F,106.0,-1.0,-0.005483918778716568,0.0,-0.005483918778716568,0.0
2023-10-23,ZN=F,106.484375,-1.0,-0.004569575471698117,0.0,-0.004569575471698117,0.0
2023-10-24,ZN=F,106.359375,-1.0,0.0011738811445340946,0.0,0.0011738811445340946,0.0
2023-10-25,ZN=F,105.671875,-1.0,0.006463934185397369,0.0,0.006463934185397369,0.0
2023-10-26,ZN=F,106.34375,-1.0,-0.006358125092414513,0.0,-0.006358125092414513,0.0
2023-10-27,ZN=F,106.421875,-1.0,-0.0007346459006758455,0.0,-0.0007346459006758455,0.0
2023-10-30,ZN=F,106.21875,-1.0,0.0019086771399207114,0.0,0.0019086771399207114,0.0
2023-10-31,ZN=F,106.171875,-1.0,0.00044130626654903526,0.0,0.00044130626654903526,0.0
2023-11-01,ZN=F,106.859375,-1.0,-0.006475349521707141,0.0,-0.006475349521707141,0.0
2023-11-02,ZN=F,107.484375,-1.0,-0.005848808305307873,0.0,-0.005848808305307873,0.0
2023-11-03,ZN=F,108.359375,-1.0,-0.008140718127634727,0.0,-0.008140718127634727,0.0
2023-11-06,ZN=F,107.59375,-1.0,0.007065609228550818,0.0,0.007065609228550818,0.0
2023-11-07,ZN=F,108.125,-1.0,-0.004937554458321225,0.0,-0.004937554458321225,0.0
2023-11-08,ZN=F,108.328125,-1.0,-0.0018786127167629285,0.0,-0.0018786127167629285,0.0
2023-11-09,ZN=F,107.53125,-1.0,0.007356122890523564,0.0,0.007356122890523564,0.0
2023-11-10,ZN=F,107.421875,-1.0,0.0010171461784365121,0.0,0.0010171461784365121,0.0
2023-11-13,ZN=F,107.4375,-1.0,-0.0001454545454544487,0.0,-0.0001454545454544487,0.0
2023-11-14,ZN=F,108.90625,-1.0,-0.013670738801628834,0.0,-0.013670738801628834,0.0
2023-11-15,ZN=F,108.21875,-1.0,0.006312769010043073,0.0,0.006312769010043073,0.0
2023-11-16,ZN=F,108.859375,-1.0,-0.005919722783713555,0.0,-0.005919722783713555,0.0
2023-11-17,ZN=F,108.75,-1.0,0.0010047366154729565,0.0,0.0010047366154729565,0.0
2023-11-20,ZN=F,108.84375,-1.0,-0.0008620689655172153,0.0,-0.0008620689655172153,0.0
2023-11-21,ZN=F,108.9375,-1.0,-0.0008613264427217437,0.0,-0.0008613264427217437,0.0
2023-11-22,ZN=F,108.8125,-1.0,0.0011474469305794432,0.0,0.0011474469305794432,0.0
2023-11-23,ZN=F,108.59375,-1.0,0.0020103388856979043,0.0,0.0020103388856979043,0.0
2023-11-24,ZN=F,108.390625,-1.0,0.0018705035971222639,0.0,0.0018705035971222639,0.0
2023-11-27,ZN=F,109.0,-1.0,-0.005622026812743153,0.0,-0.005622026812743153,0.0
2023-11-28,ZN=F,109.53125,-1.0,-0.004873853211009083,0.0,-0.004873853211009083,0.0
2023-11-29,ZN=F,109.9375,-1.0,-0.003708987161198385,0.0,-0.003708987161198385,0.0
2023-11-30,ZN=F,109.46875,-1.0,0.004263786242183043,0.0,0.004263786242183043,0.0
2023-12-01,ZN=F,110.34375,-1.0,-0.007993148729660282,0.0,-0.007993148729660282,0.0
2023-12-04,ZN=F,109.890625,-1.0,0.004106485414896666,0.0,0.004106485414896666,0.0
2023-12-05,ZN=F,110.625,-1.0,-0.006682781174463193,0.0,-0.006682781174463193,0.0
2023-12-06,ZN=F,110.8125,-1.0,-0.0016949152542373724,0.0,-0.0016949152542373724,0.0
2023-12-07,ZN=F,110.84375,1.0,0.0002820078962211259,0.0004,-0.00011799210377887414,2.0
2023-12-08,ZN=F,109.96875,1.0,-0.007893994925288972,0.0,-0.007893994925288972,0.0
2023-12-11,ZN=F,110.03125,1.0,0.0005683432793406329,0.0,0.0005683432793406329,0.0
2023-12-12,ZN=F,110.25,1.0,0.001988071570576455,0.0,0.001988071570576455,0.0
2023-12-13,ZN=F,111.609375,1.0,0.012329931972789199,0.0,0.012329931972789199,0.0
2023-12-14,ZN=F,112.234375,1.0,0.005599888002239872,0.0,0.005599888002239872,0.0
2023-12-15,ZN=F,112.109375,1.0,-0.0011137407768342378,0.0,-0.0011137407768342378,0.0
2023-12-18,ZN=F,111.953125,1.0,-0.0013937282229965486,0.0,-0.0013937282229965486,0.0
2023-12-19,ZN=F,112.1875,1.0,0.002093510118632347,0.0,0.002093510118632347,0.0
2023-12-20,ZN=F,112.78125,1.0,0.005292479108635062,0.0,0.005292479108635062,0.0
2023-12-21,ZN=F,112.671875,1.0,-0.0009697977279025105,0.0,-0.0009697977279025105,0.0
2023-12-22,ZN=F,112.59375,1.0,-0.0006933851060879626,0.0,-0.0006933851060879626,0.0
2023-12-26,ZN=F,112.71875,1.0,0.0011101859561477578,0.0,0.0011101859561477578,0.0
2023-12-27,ZN=F,113.328125,1.0,0.00540615469919592,0.0,0.00540615469919592,0.0
2023-12-28,ZN=F,112.890625,1.0,-0.003860471529022469,0.0,-0.003860471529022469,0.0
2023-12-29,ZN=F,112.890625,1.0,0.0,0.0,0.0,0.0
2024-01-02,ZN=F,112.296875,1.0,-0.005259515570934292,0.0,-0.005259515570934292,0.0
2024-01-03,ZN=F,112.515625,1.0,0.0019479615973285735,0.0,0.0019479615973285735,0.0
2024-01-04,ZN=F,111.984375,1.0,-0.004721566449104264,0.0,-0.004721566449104264,0.0
2024-01-05,ZN=F,111.71875,1.0,-0.002371982698479158,0.0,-0.002371982698479158,0.0
2024-01-08,ZN=F,112.046875,1.0,0.002937062937062862,0.0,0.002937062937062862,0.0
2024-01-09,ZN=F,111.90625,1.0,-0.0012550550829730778,0.0,-0.0012550550829730778,0.0
2024-01-10,ZN=F,111.875,1.0,-0.0002792516056967509,0.0,-0.0002792516056967509,0.0
2024-01-11,ZN=F,112.34375,1.0,0.0041899441340782495,0.0,0.0041899441340782495,0.0
2024-01-12,ZN=F,112.59375,1.0,0.0022253129346314626,0.0,0.0022253129346314626,0.0
2024-01-16,ZN=F,111.84375,1.0,-0.006661115736885881,0.0,-0.006661115736885881,0.0
2024-01-17,ZN=F,111.421875,1.0,-0.0037720033528918506,0.0,-0.0037720033528918506,0.0
2024-01-18,ZN=F,111.203125,1.0,-0.0019632590099565306,0.0,-0.0019632590099565306,0.0
2024-01-19,ZN=F,111.125,1.0,-0.000702543206407169,0.0,-0.000702543206407169,0.0
2024-01-22,ZN=F,111.5,1.0,0.003374578177727683,0.0,0.003374578177727683,0.0
2024-01-23,ZN=F,111.21875,1.0,-0.0025224215246636428,0.0,-0.0025224215246636428,0.0
2024-01-24,ZN=F,110.96875,1.0,-0.0022478224220287,0.0,-0.0022478224220287,0.0
2024-01-25,ZN=F,111.3125,1.0,0.0030977189524077353,0.0,0.0030977189524077353,0.0
2024-01-26,ZN=F,111.03125,1.0,-0.0025266704098820814,0.0,-0.0025266704098820814,0.0
2024-01-29,ZN=F,111.515625,1.0,0.00436251055446113,0.0,0.00436251055446113,0.0
2024-01-30,ZN=F,111.625,1.0,0.0009808042594927624,0.0,0.0009808042594927624,0.0
2024-01-31,ZN=F,112.328125,1.0,0.00629899216125418,0.0,0.00629899216125418,0.0
2024-02-01,ZN=F,112.890625,1.0,0.005007650577270928,0.0,0.005007650577270928,0.0
2024-02-02,ZN=F,111.65625,1.0,-0.010934256055363356,0.0,-0.010934256055363356,0.0
2024-02-05,ZN=F,110.78125,1.0,-0.007836551917156487,0.0,-0.007836551917156487,0.0
2024-02-06,ZN=F,111.28125,1.0,0.004513399153737607,0.0,0.004513399153737607,0.0
2024-02-07,ZN=F,111.1875,1.0,-0.0008424599831508006,0.0,-0.0008424599831508006,0.0
2024-02-08,ZN=F,110.75,1.0,-0.00393479482855541,0.0,-0.00393479482855541,0.0
2024-02-09,ZN=F,110.578125,1.0,-0.0015519187358916664,0.0,-0.0015519187358916664,0.0
2024-02-12,ZN=F,110.71875,1.0,0.0012717253073335488,0.0,0.0012717253073335488,0.0
2024-02-13,ZN=F,109.625,1.0,-0.009878633926051372,0.0,-0.009878633926051372,0.0
2024-02-14,ZN=F,110.015625,1.0,0.0035632839224628565,0.0,0.0035632839224628565,0.0
2024-02-15,ZN=F,110.171875,1.0,0.0014202528049993557,0.0,0.0014202528049993557,0.0
2024-02-16,ZN=F,109.75,1.0,-0.0038292440788540993,0.0,-0.0038292440788540993,0.0
2024-02-20,ZN=F,109.9375,1.0,0.0017084282460135825,0.0,0.0017084282460135825,0.0
2024-02-21,ZN=F,109.625,1.0,-0.002842524161455362,0.0,-0.002842524161455362,0.0
2024-02-22,ZN=F,109.5,1.0,-0.0011402508551880963,0.0,-0.0011402508551880963,0.0
2024-02-23,ZN=F,109.875,1.0,0.003424657534246478,0.0,0.003424657534246478,0.0
2024-02-26,ZN=F,109.609375,1.0,-0.002417519908987531,0.0,-0.002417519908987531,0.0
2024-02-27,ZN=F,109.53125,1.0,-0.0007127583749109156,0.0,-0.0007127583749109156,0.0
2024-02-28,ZN=F,109.8125,1.0,0.002567760342367942,0.0,0.002567760342367942,0.0
2024-02-29,ZN=F,109.921875,1.0,0.0009960159362549792,0.0,0.0009960159362549792,0.0
2024-03-01,ZN=F,110.5,1.0,0.005259417199715788,0.0,0.005259417199715788,0.0
2024-03-04,ZN=F,110.21875,1.0,-0.0025452488687782715,0.0,-0.0025452488687782715,0.0
2024-03-05,ZN=F,110.75,1.0,0.004819960306209348,0.0,0.004819960306209348,0.0
2024-03-06,ZN=F,110.921875,1.0,0.0015519187358916664,0.0,0.0015519187358916664,0.0
2024-03-07,ZN=F,111.078125,1.0,0.0014086491055078643,0.0,0.0014086491055078643,0.0
2024-03-08,ZN=F,111.140625,1.0,0.0005626670417779867,0.0,0.0005626670417779867,0.0
2024-03-11,ZN=F,111.015625,1.0,-0.001124701251230098,0.0,-0.001124701251230098,0.0
2024-03-12,ZN=F,110.609375,1.0,-0.0036593947923997394,0.0,-0.0036593947923997394,0.0
2024-03-13,ZN=F,110.40625,1.0,-0.0018364175731035992,0.0,-0.0018364175731035992,0.0
2024-03-14,ZN=F,109.734375,1.0,-0.006085479762241719,0.0,-0.006085479762241719,0.0
2024-03-15,ZN=F,109.609375,-1.0,0.0011391143386016989,0.0004,0.0007391143386016989,2.0
2024-03-18,ZN=F,109.359375,-1.0,0.0022808267997148635,0.0,0.0022808267997148635,0.0
2024-03-19,ZN=F,109.671875,-1.0,-0.002857551078725429,0.0,-0.002857551078725429,0.0
2024-03-20,ZN=F,110.4375,-1.0,-0.006981051431827812,0.0,-0.006981051431827812,0.0
2024-03-21,ZN=F,110.390625,-1.0,0.0004244482173174635,0.0,0.0004244482173174635,0.0
2024-03-22,ZN=F,110.75,-1.0,-0.003255484784147278,0.0,-0.003255484784147278,0.0
2024-03-25,ZN=F,110.515625,-1.0,0.0021162528216703835,0.0,0.0021162528216703835,0.0
2024-03-26,ZN=F,110.640625,-1.0,-0.0011310617842499315,0.0,-0.0011310617842499315,0.0
2024-03-27,ZN=F,110.875,-1.0,-0.002118344866544275,0.0,-0.002118344866544275,0.0
2024-03-28,ZN=F,110.796875,-1.0,0.0007046223224351778,0.0,0.0007046223224351778,0.0
2024-04-01,ZN=F,109.921875,-1.0,0.007897334649555776,0.0,0.007897334649555776,0.0
2024-04-02,ZN=F,109.71875,-1.0,0.0018479033404406042,0.0,0.0018479033404406042,0.0
2024-04-03,ZN=F,109.796875,-1.0,-0.000712047849615427,0.0,-0.000712047849615427,0.0
2024-04-04,ZN=F,110.125,-1.0,-0.0029884730325886455,0.0,-0.0029884730325886455,0.0
2024-04-05,ZN=F,109.65625,-1.0,0.004256526674233818,0.0,0.004256526674233818,0.0
2024-04-08,ZN=F,109.265625,-1.0,0.0035622684525505877,0.0,0.0035622684525505877,0.0
2024-04-09,ZN=F,109.640625,-1.0,-0.00343200343200345,0.0,-0.00343200343200345,0.0
2024-04-10,ZN=F,108.203125,-1.0,0.013111016103747986,0.0,0.013111016103747986,0.0
2024-04-11,ZN=F,108.109375,-1.0,0.0008664259927797513,0.0,0.0008664259927797513,0.0
2024-04-12,ZN=F,108.6875,-1.0,-0.005347593582887722,0.0,-0.005347593582887722,0.0
2024-04-15,ZN=F,107.890625,-1.0,0.00733179988499133,0.0,0.00733179988499133,0.0
2024-04-16,ZN=F,107.671875,-1.0,0.002027516292541609,0.0,0.002027516292541609,0.0
2024-04-17,ZN=F,108.15625,-1.0,-0.004498621390219171,0.0,-0.004498621390219171,0.0
2024-04-18,ZN=F,107.703125,-1.0,0.004189540595203711,0.0,0.004189540595203711,0.0
2024-04-19,ZN=F,107.90625,-1.0,-0.0018859712752066216,0.0,-0.0018859712752066216,0.0
2024-04-22,ZN=F,107.859375,-1.0,0.0004344048653345256,0.0,0.0004344048653345256,0.0
2024-04-23,ZN=F,108.078125,-1.0,-0.0020281037230189813,0.0,-0.0020281037230189813,0.0
2024-04-24,ZN=F,107.734375,-1.0,0.0031805696111031345,0.0,0.0031805696111031345,0.0
2024-04-25,ZN=F,107.359375,-1.0,0.003480783176214697,0.0,0.003480783176214697,0.0
2024-04-26,ZN=F,107.578125,-1.0,-0.002037549119487725,0.0,-0.002037549119487725,0.0
2024-04-29,ZN=F,107.953125,-1.0,-0.0034858387799563406,0.0,-0.0034858387799563406,0.0
2024-04-30,ZN=F,107.4375,-1.0,0.004776378636560996,0.0,0.004776378636560996,0.0
2024-05-01,ZN=F,108.109375,-1.0,-0.006253635834787774,0.0,-0.006253635834787774,0.0
2024-05-02,ZN=F,108.359375,-1.0,-0.00231247290070824,0.0,-0.00231247290070824,0.0
2024-05-03,ZN=F,108.859375,-1.0,-0.004614275414563718,0.0,-0.004614275414563718,0.0
2024-05-06,ZN=F,108.890625,-1.0,-0.0002870676044208764,0.0,-0.0002870676044208764,0.0
2024-05-07,ZN=F,109.015625,-1.0,-0.00114794088104464,0.0,-0.00114794088104464,0.0
2024-05-08,ZN=F,108.828125,-1.0,0.0017199369356456495,0.0,0.0017199369356456495,0.0
2024-05-09,ZN=F,109.09375,-1.0,-0.0024407753050970094,0.0,-0.0024407753050970094,0.0
2024-05-10,ZN=F,108.703125,-1.0,0.003580635920939601,0.0,0.003580635920939601,0.0
2024-05-13,ZN=F,108.828125,-1.0,-0.0011499209429350898,0.0,-0.0011499209429350898,0.0
2024-05-14,ZN=F,109.09375,-1.0,-0.0024407753050970094,0.0,-0.0024407753050970094,0.0
2024-05-15,ZN=F,109.71875,-1.0,-0.005729017473503184,0.0,-0.005729017473503184,0.0
2024-05-16,ZN=F,109.484375,-1.0,0.002136143548846503,0.0,0.002136143548846503,0.0
2024-05-17,ZN=F,109.1875,-1.0,0.002711574140145556,0.0,0.002711574140145556,0.0
2024-05-20,ZN=F,109.09375,-1.0,0.0008586147681740597,0.0,0.0008586147681740597,0.0
2024-05-21,ZN=F,109.234375,-1.0,-0.0012890289315381498,0.0,-0.0012890289315381498,0.0
2024-05-22,ZN=F,109.03125,-1.0,0.00185953368616798,0.0,0.00185953368616798,0.0
2024-05-23,ZN=F,108.71875,-1.0,0.002866150759530006,0.0,0.002866150759530006,0.0
2024-05-24,ZN=F,108.703125,-1.0,0.00014371945961477728,0.0,0.00014371945961477728,0.0
2024-05-28,ZN=F,108.296875,-1.0,0.003737243064539264,0.0,0.003737243064539264,0.0
2024-05-29,ZN=F,107.765625,-1.0,0.004905497042273832,0.0,0.004905497042273832,0.0
2024-05-30,ZN=F,108.234375,-1.0,-0.004349717268377518,0.0,-0.004349717268377518,0.0
2024-05-31,ZN=F,108.484375,-1.0,-0.002309802223184665,0.0,-0.002309802223184665,0.0
2024-06-03,ZN=F,109.25,-1.0,-0.007057467953334395,0.0,-0.007057467953334395,0.0
2024-06-04,ZN=F,109.703125,-1.0,-0.004147597254004598,0.0,-0.004147597254004598,0.0
2024-06-05,ZN=F,109.984375,-1.0,-0.0025637373593505597,0.0,-0.0025637373593505597,0.0
2024-06-06,ZN=F,110.0625,-1.0,-0.0007103281716152043,0.0,-0.0007103281716152043,0.0
2024-06-07,ZN=F,109.046875,-1.0,0.009227711527541205,0.0,0.009227711527541205,0.0
2024-06-10,ZN=F,108.828125,-1.0,0.0020060180541624506,0.0,0.0020060180541624506,0.0
2024-06-11,ZN=F,109.28125,-1.0,-0.004163675520459487,0.0,-0.004163675520459487,0.0
2024-06-12,ZN=F,110.03125,-1.0,-0.006863025450386084,0.0,-0.006863025450386084,0.0
2024-06-13,ZN=F,110.421875,-1.0,-0.0035501278046010665,0.0,-0.0035501278046010665,0.0
2024-06-14,ZN=F,110.46875,-1.0,-0.00042450827791151724,0.0,-0.00042450827791151724,0.0
2024-06-17,ZN=F,110.0625,-1.0,0.003677510608203649,0.0,0.003677510608203649,0.0
2024-06-18,ZN=F,110.484375,-1.0,-0.0038330494037479568,0.0,-0.0038330494037479568,0.0
2024-06-20,ZN=F,110.546875,-1.0,-0.0005656908499505064,0.0,-0.0005656908499505064,0.0
2024-06-21,ZN=F,110.5,-1.0,0.0004240282685512575,0.0,0.0004240282685512575,0.0
2024-06-24,ZN=F,110.53125,-1.0,-0.0002828054298642524,0.0,-0.0002828054298642524,0.0
2024-06-25,ZN=F,110.59375,-1.0,-0.0005654509471302305,0.0,-0.0005654509471302305,0.0
2024-06-26,ZN=F,110.0625,1.0,-0.004803616840915459,0.0004,-0.005203616840915459,2.0
2024-06-27,ZN=F,110.25,1.0,0.0017035775127767216,0.0,0.0017035775127767216,0.0
2024-06-28,ZN=F,109.984375,1.0,-0.0024092970521542023,0.0,-0.0024092970521542023,0.0
2024-07-01,ZN=F,109.171875,1.0,-0.007387412984798947,0.0,-0.007387412984798947,0.0
2024-07-02,ZN=F,109.46875,1.0,0.0027193359095463165,0.0,0.0027193359095463165,0.0
2024-07-03,ZN=F,110.046875,1.0,0.005281187553525468,0.0,0.005281187553525468,0.0
2024-07-05,ZN=F,110.609375,1.0,0.005111458185432349,0.0,0.005111458185432349,0.0
2024-07-08,ZN=F,110.59375,1.0,-0.00014126289023874694,0.0,-0.00014126289023874694,0.0
2024-07-09,ZN=F,110.40625,1.0,-0.0016953941791466587,0.0,-0.0016953941791466587,0.0
2024-07-10,ZN=F,110.5,1.0,0.0008491367110103898,0.0,0.0008491367110103898,0.0
2024-07-11,ZN=F,111.15625,1.0,0.0059389140271493,0.0,0.0059389140271493,0.0
2024-07-12,ZN=F,111.1875,1.0,0.0002811357885859067,0.0,0.0002811357885859067,0.0
2024-07-15,ZN=F,110.984375,1.0,-0.0018268690275435873,0.0,-0.0018268690275435873,0.0
2024-07-16,ZN=F,111.328125,1.0,0.003097282838237403,0.0,0.003097282838237403,0.0
2024-07-17,ZN=F,111.4375,1.0,0.0009824561403508625,0.0,0.0009824561403508625,0.0
2024-07-18,ZN=F,111.21875,1.0,-0.0019629837352775903,0.0,-0.0019629837352775903,0.0
2024-07-19,ZN=F,110.828125,1.0,-0.00351222253441974,0.0,-0.00351222253441974,0.0
2024-07-22,ZN=F,110.71875,1.0,-0.0009868884816015555,0.0,-0.0009868884816015555,0.0
2024-07-23,ZN=F,110.875,1.0,0.0014112334180074182,0.0,0.0014112334180074182,0.0
2024-07-24,ZN=F,110.671875,1.0,-0.00183201803833144,0.0,-0.00183201803833144,0.0
2024-07-25,ZN=F,110.796875,1.0,0.0011294649159960812,0.0,0.0011294649159960812,0.0
2024-07-26,ZN=F,111.203125,1.0,0.003666619658722281,0.0,0.003666619658722281,0.0
2024-07-29,ZN=F,111.34375,1.0,0.0012645777715329931,0.0,0.0012645777715329931,0.0
2024-07-30,ZN=F,111.5625,1.0,0.0019646365422396617,0.0,0.0019646365422396617,0.0
2024-07-31,ZN=F,111.8125,1.0,0.0022408963585434094,0.0,0.0022408963585434094,0.0
2024-08-01,ZN=F,112.734375,1.0,0.008244829513694762,0.0,0.008244829513694762,0.0
2024-08-02,ZN=F,114.140625,1.0,0.012474012474012364,0.0,0.012474012474012364,0.0
2024-08-05,ZN=F,114.078125,1.0,-0.000547570157426458,0.0,-0.000547570157426458,0.0
2024-08-06,ZN=F,113.390625,1.0,-0.0060265717025065335,0.0,-0.0060265717025065335,0.0
2024-08-07,ZN=F,112.890625,1.0,-0.004409535620779947,0.0,-0.004409535620779947,0.0
2024-08-08,ZN=F,112.65625,1.0,-0.0020761245674740803,0.0,-0.0020761245674740803,0.0
2024-08-09,ZN=F,112.953125,1.0,0.0026352288488211695,0.0,0.0026352288488211695,0.0
2024-08-12,ZN=F,113.234375,1.0,0.002489970950338982,0.0,0.002489970950338982,0.0
2024-08-13,ZN=F,113.625,1.0,0.0034497033255140863,0.0,0.0034497033255140863,0.0
2024-08-14,ZN=F,113.765625,1.0,0.0012376237623761277,0.0,0.0012376237623761277,0.0
2024-08-15,ZN=F,112.953125,1.0,-0.0071418761159181,0.0,-0.0071418761159181,0.0
2024-08-16,ZN=F,113.109375,1.0,0.0013833171946326939,0.0,0.0013833171946326939,0.0
2024-08-19,ZN=F,113.21875,1.0,0.0009669843901092268,0.0,0.0009669843901092268,0.0
2024-08-20,ZN=F,113.5625,1.0,0.0030361578802098332,0.0,0.0030361578802098332,0.0
2024-08-21,ZN=F,113.890625,1.0,0.002889378095762174,0.0,0.002889378095762174,0.0
2024-08-22,ZN=F,113.296875,1.0,-0.005213335162573718,0.0,-0.005213335162573718,0.0
2024-08-23,ZN=F,113.703125,1.0,0.0035857123155427217,0.0,0.0035857123155427217,0.0
2024-08-26,ZN=F,113.59375,1.0,-0.0009619348632677882,0.0,-0.0009619348632677882,0.0
2024-08-27,ZN=F,113.515625,1.0,-0.0006877579092159358,0.0,-0.0006877579092159358,0.0
2024-08-28,ZN=F,113.53125,1.0,0.00013764624913981116,0.0,0.00013764624913981116,0.0
2024-08-29,ZN=F,113.3125,1.0,-0.0019267822736031004,0.0,-0.0019267822736031004,0.0
2024-08-30,ZN=F,113.046875,1.0,-0.002344180915609506,0.0,-0.002344180915609506,0.0
2024-09-03,ZN=F,113.484375,1.0,0.0038700760193504102,0.0,0.0038700760193504102,0.0
2024-09-04,ZN=F,114.03125,1.0,0.004818945339391423,0.0,0.004818945339391423,0.0
2024-09-05,ZN=F,114.234375,1.0,0.0017813099479309091,0.0,0.0017813099479309091,0.0
2024-09-06,ZN=F,114.515625,1.0,0.0024620434961017956,0.0,0.0024620434961017956,0.0
2024-09-09,ZN=F,114.515625,1.0,0.0,0.0,0.0,0.0
2024-09-10,ZN=F,114.921875,1.0,0.003547550825487855,0.0,0.003547550825487855,0.0
2024-09-11,ZN=F,114.78125,1.0,-0.0012236573759347724,0.0,-0.0012236573759347724,0.0
2024-09-12,ZN=F,114.6875,1.0,-0.0008167710318540689,0.0,-0.0008167710318540689,0.0
2024-09-13,ZN=F,114.921875,1.0,0.002043596730245234,0.0,0.002043596730245234,0.0
2024-09-16,ZN=F,115.078125,1.0,0.0013596193065941176,0.0,0.0013596193065941176,0.0
2024-09-17,ZN=F,114.921875,1.0,-0.0013577732518669228,0.0,-0.0013577732518669228,0.0
2024-09-18,ZN=F,114.640625,1.0,-0.002447314751869434,0.0,-0.002447314751869434,0.0
2024-09-19,ZN=F,114.328125,1.0,-0.0027259097723865144,0.0,-0.0027259097723865144,0.0
2024-09-20,ZN=F,114.84375,1.0,0.004510045100450943,0.0,0.004510045100450943,0.0
2024-09-23,ZN=F,114.765625,1.0,-0.0006802721088435826,0.0,-0.0006802721088435826,0.0
2024-09-24,ZN=F,114.84375,1.0,0.000680735194009463,0.0,0.000680735194009463,0.0
2024-09-25,ZN=F,114.546875,1.0,-0.002585034013605436,0.0,-0.002585034013605436,0.0
2024-09-26,ZN=F,114.40625,1.0,-0.0012276633474287424,0.0,-0.0012276633474287424,0.0
2024-09-27,ZN=F,114.734375,1.0,0.002868068833651982,0.0,0.002868068833651982,0.0
2024-09-30,ZN=F,114.28125,1.0,-0.003949339507013483,0.0,-0.003949339507013483,0.0
2024-10-01,ZN=F,114.6875,1.0,0.003554826360404606,0.0,0.003554826360404606,0.0
2024-10-02,ZN=F,114.421875,1.0,-0.00231607629427788,0.0,-0.00231607629427788,0.0
2024-10-03,ZN=F,113.90625,1.0,-0.004506349856616132,0.0,-0.004506349856616132,0.0
2024-10-04,ZN=F,112.84375,1.0,-0.009327846364883374,0.0,-0.009327846364883374,0.0
2024-10-07,ZN=F,112.484375,1.0,-0.0031847133757961776,0.0,-0.0031847133757961776,0.0
2024-10-08,ZN=F,112.46875,1.0,-0.00013890818169193242,0.0,-0.00013890818169193242,0.0
2024-10-09,ZN=F,112.203125,1.0,-0.0023617671575437704,0.0,-0.0023617671575437704,0.0
2024-10-10,ZN=F,112.078125,1.0,-0.0011140509678317922,0.0,-0.0011140509678317922,0.0
2024-10-11,ZN=F,112.25,1.0,0.0015335285096891305,0.0,0.0015335285096891305,0.0
2024-10-14,ZN=F,111.859375,1.0,-0.003479955456570205,0.0,-0.003479955456570205,0.0
2024-10-15,ZN=F,112.4375,1.0,0.005168319597709248,0.0,0.005168319597709248,0.0
2024-10-16,ZN=F,112.53125,1.0,0.0008337965536409087,0.0,0.0008337965536409087,0.0
2024-10-17,ZN=F,112.046875,1.0,-0.004304359900027754,0.0,-0.004304359900027754,0.0
2024-10-18,ZN=F,112.21875,1.0,0.0015339562125227246,0.0,0.0015339562125227246,0.0
2024-10-21,ZN=F,111.515625,1.0,-0.006265664160400974,0.0,-0.006265664160400974,0.0
2024-10-22,ZN=F,111.34375,1.0,-0.0015412638363457853,0.0,-0.0015412638363457853,0.0
2024-10-23,ZN=F,111.03125,1.0,-0.002806623631770977,0.0,-0.002806623631770977,0.0
2024-10-24,ZN=F,111.28125,1.0,0.0022516183506895437,0.0,0.0022516183506895437,0.0
2024-10-25,ZN=F,111.0625,1.0,-0.0019657399606851644,0.0,-0.0019657399606851644,0.0
2024-10-28,ZN=F,110.703125,1.0,-0.0032357906584130625,0.0,-0.0032357906584130625,0.0
2024-10-29,ZN=F,110.75,-1.0,-0.0004234297812280019,0.0004,-0.0008234297812280019,2.0
2024-10-30,ZN=F,110.703125,-1.0,0.0004232505643341211,0.0,0.0004232505643341211,0.0
2024-10-31,ZN=F,110.46875,-1.0,0.0021171489061396764,0.0,0.0021171489061396764,0.0
2024-11-01,ZN=F,110.03125,-1.0,0.003960396039603964,0.0,0.003960396039603964,0.0
2024-11-04,ZN=F,110.359375,-1.0,-0.0029821073558649047,0.0,-0.0029821073558649047,0.0
2024-11-05,ZN=F,110.40625,-1.0,-0.00042474869035813434,0.0,-0.00042474869035813434,0.0
2024-11-06,ZN=F,109.546875,-1.0,0.0077837531842627206,0.0,0.0077837531842627206,0.0
2024-11-07,ZN=F,110.1875,-1.0,-0.005847953216374213,0.0,-0.005847953216374213,0.0
2024-11-08,ZN=F,110.28125,-1.0,-0.0008508224617129745,0.0,-0.0008508224617129745,0.0
2024-11-11,ZN=F,109.90625,-1.0,0.0034003967129498935,0.0,0.0034003967129498935,0.0
2024-11-12,ZN=F,109.421875,-1.0,0.00440716519761164,0.0,0.00440716519761164,0.0
2024-11-13,ZN=F,109.421875,-1.0,-0.0,0.0,-0.0,0.0
2024-11-14,ZN=F,109.546875,-1.0,-0.0011423675567614477,0.0,-0.0011423675567614477,0.0
2024-11-15,ZN=F,109.53125,-1.0,0.00014263300527739275,0.0,0.00014263300527739275,0.0
2024-11-18,ZN=F,109.625,-1.0,-0.0008559201141227213,0.0,-0.0008559201141227213,0.0
2024-11-19,ZN=F,109.84375,-1.0,-0.0019954389965792796,0.0,-0.0019954389965792796,0.0
2024-11-20,ZN=F,109.6875,-1.0,0.0014224751066855834,0.0,0.0014224751066855834,0.0
2024-11-21,ZN=F,109.5,-1.0,0.0017094017094017033,0.0,0.0017094017094017033,0.0
2024-11-22,ZN=F,109.640625,-1.0,-0.0012842465753424293,0.0,-0.0012842465753424293,0.0
2024-11-25,ZN=F,110.53125,-1.0,-0.008123129542539465,0.0,-0.008123129542539465,0.0
2024-11-26,ZN=F,110.328125,-1.0,0.0018377155781735821,0.0,0.0018377155781735821,0.0
2024-11-27,ZN=F,110.734375,-1.0,-0.0036821979889534173,0.0,-0.0036821979889534173,0.0
2024-11-29,ZN=F,111.015625,-1.0,-0.0025398617186398464,0.0,-0.0025398617186398464,0.0
2024-12-02,ZN=F,110.953125,-1.0,0.0005629838142153787,0.0,0.0005629838142153787,0.0
2024-12-03,ZN=F,110.8125,-1.0,0.0012674271229404788,0.0,0.0012674271229404788,0.0
2024-12-04,ZN=F,111.109375,-1.0,-0.0026790750141003628,0.0,-0.0026790750141003628,0.0
2024-12-05,ZN=F,111.0625,-1.0,0.0004218815918998198,0.0,0.0004218815918998198,0.0
2024-12-06,ZN=F,111.328125,-1.0,-0.0023916713562184277,0.0,-0.0023916713562184277,0.0
2024-12-09,ZN=F,111.0625,-1.0,0.0023859649122807136,0.0,0.0023859649122807136,0.0
2024-12-10,ZN=F,110.875,-1.0,0.0016882386043893804,0.0,0.0016882386043893804,0.0
2024-12-11,ZN=F,110.609375,-1.0,0.0023957158962796266,0.0,0.0023957158962796266,0.0
2024-12-12,ZN=F,110.3125,-1.0,0.00268399491453597,0.0,0.00268399491453597,0.0
2024-12-13,ZN=F,109.828125,-1.0,0.004390934844192618,0.0,0.004390934844192618,0.0
2024-12-16,ZN=F,109.8125,-1.0,0.00014226774790160324,0.0,0.00014226774790160324,0.0
2024-12-17,ZN=F,109.890625,-1.0,-0.000711439954467874,0.0,-0.000711439954467874,0.0
2024-12-18,ZN=F,109.0625,-1.0,0.00753590217545852,0.0,0.00753590217545852,0.0
2024-12-19,ZN=F,108.703125,-1.0,0.0032951289398280847,0.0,0.0032951289398280847,0.0
2024-12-20,ZN=F,108.96875,-1.0,-0.002443582003737177,0.0,-0.002443582003737177,0.0
2024-12-23,ZN=F,108.46875,-1.0,0.004588471465443056,0.0,0.004588471465443056,0.0
2024-12-24,ZN=F,108.5625,-1.0,-0.0008643042350906516,0.0,-0.0008643042350906516,0.0
2024-12-26,ZN=F,108.65625,-1.0,-0.0008635578583764403,0.0,-0.0008635578583764403,0.0
2024-12-27,ZN=F,108.4375,-1.0,0.002013229795800986,0.0,0.002013229795800986,0.0
2024-12-30,ZN=F,108.96875,-1.0,-0.004899135446685854,0.0,-0.004899135446685854,0.0
2024-12-31,ZN=F,108.75,-1.0,0.0020074562661313022,0.0,0.0020074562661313022,0.0
2025-01-02,ZN=F,108.8125,-1.0,-0.0005747126436781436,0.0,-0.0005747126436781436,0.0
2025-01-03,ZN=F,108.640625,-1.0,0.0015795519816197423,0.0,0.0015795519816197423,0.0
2025-01-06,ZN=F,108.53125,-1.0,0.0010067596720839678,0.0,0.0010067596720839678,0.0
2025-01-07,ZN=F,108.171875,-1.0,0.0033112582781457123,0.0,0.0033112582781457123,0.0
2025-01-08,ZN=F,108.140625,-1.0,0.000288892098801119,0.0,0.000288892098801119,0.0
2025-01-09,ZN=F,108.21875,-1.0,-0.0007224389539084441,0.0,-0.0007224389539084441,0.0
2025-01-10,ZN=F,107.390625,-1.0,0.007652324574068725,0.0,0.007652324574068725,0.0
2025-01-13,ZN=F,107.234375,-1.0,0.0014549687181725224,0.0,0.0014549687181725224,0.0
2025-01-14,ZN=F,107.359375,-1.0,-0.0011656709893632655,0.0,-0.0011656709893632655,0.0
2025-01-15,ZN=F,108.328125,-1.0,-0.009023431814874083,0.0,-0.009023431814874083,0.0
2025-01-16,ZN=F,108.609375,-1.0,-0.0025962786672435456,0.0,-0.0025962786672435456,0.0
2025-01-17,ZN=F,108.546875,-1.0,0.0005754567688102119,0.0,0.0005754567688102119,0.0
2025-01-21,ZN=F,108.734375,-1.0,-0.001727364329926484,0.0,-0.001727364329926484,0.0
2025-01-22,ZN=F,108.5625,-1.0,0.0015806868802988872,0.0,0.0015806868802988872,0.0
2025-01-23,ZN=F,108.375,-1.0,0.0017271157167529916,0.0,0.0017271157167529916,0.0
2025-01-24,ZN=F,108.46875,-1.0,-0.0008650519031141446,0.0,-0.0008650519031141446,0.0
2025-01-27,ZN=F,109.15625,-1.0,-0.006338231057332111,0.0,-0.006338231057332111,0.0
2025-01-28,ZN=F,109.03125,-1.0,0.001145147437732641,0.0,0.001145147437732641,0.0
2025-01-29,ZN=F,108.953125,-1.0,0.000716537689882446,0.0,0.000716537689882446,0.0
2025-01-30,ZN=F,109.234375,-1.0,-0.002581385343467746,0.0,-0.002581385343467746,0.0
2025-01-31,ZN=F,108.84375,-1.0,0.0035760263195536712,0.0,0.0035760263195536712,0.0
2025-02-03,ZN=F,108.953125,-1.0,-0.0010048808498421824,0.0,-0.0010048808498421824,0.0
2025-02-04,ZN=F,109.203125,-1.0,-0.002294564749748984,0.0,-0.002294564749748984,0.0
2025-02-05,ZN=F,109.75,-1.0,-0.005007869509228824,0.0,-0.005007869509228824,0.0
2025-02-06,ZN=F,109.578125,-1.0,0.0015660592255125616,0.0,0.0015660592255125616,0.0
2025-02-07,ZN=F,109.234375,-1.0,0.003137031227719911,0.0,0.003137031227719911,0.0
2025-02-10,ZN=F,109.21875,-1.0,0.00014304105278217794,0.0,0.00014304105278217794,0.0
2025-02-11,ZN=F,108.953125,-1.0,0.0024320457796852546,0.0,0.0024320457796852546,0.0
2025-02-12,ZN=F,108.265625,-1.0,0.006310053061809873,0.0,0.006310053061809873,0.0
2025-02-13,ZN=F,108.96875,-1.0,-0.006494443642661274,0.0,-0.006494443642661274,0.0
2025-02-14,ZN=F,109.3125,-1.0,-0.003154574132492094,0.0,-0.003154574132492094,0.0
2025-02-18,ZN=F,108.84375,-1.0,0.004288164665523175,0.0,0.004288164665523175,0.0
2025-02-19,ZN=F,108.953125,-1.0,-0.0010048808498421824,0.0,-0.0010048808498421824,0.0
2025-02-20,ZN=F,109.171875,-1.0,-0.0020077441560304443,0.0,-0.0020077441560304443,0.0
2025-02-21,ZN=F,109.6875,-1.0,-0.00472305710605414,0.0,-0.00472305710605414,0.0
2025-02-24,ZN=F,109.875,-1.0,-0.0017094017094017033,0.0,-0.0017094017094017033,0.0
2025-02-25,ZN=F,110.515625,-1.0,-0.005830489192264032,0.0,-0.005830489192264032,0.0
2025-02-26,ZN=F,110.84375,-1.0,-0.0029690371836561535,0.0,-0.0029690371836561535,0.0
2025-02-27,ZN=F,110.609375,-1.0,0.0021144629264167047,0.0,0.0021144629264167047,0.0
2025-02-28,ZN=F,111.0625,-1.0,-0.004096623816923328,0.0,-0.004096623816923328,0.0
2025-03-03,ZN=F,111.375,-1.0,-0.002813731007315745,0.0,-0.002813731007315745,0.0
2025-03-04,ZN=F,111.21875,-1.0,0.0014029180695847021,0.0,0.0014029180695847021,0.0
2025-03-05,ZN=F,110.84375,-1.0,0.0033717336330429948,0.0,0.0033717336330429948,0.0
2025-03-06,ZN=F,110.78125,-1.0,0.0005638567803777361,0.0,0.0005638567803777361,0.0
2025-03-07,ZN=F,110.546875,1.0,-0.002115655853314524,0.0004,-0.0025156558533145244,2.0
2025-03-10,ZN=F,111.28125,1.0,0.006643109540636072,0.0,0.006643109540636072,0.0
2025-03-11,ZN=F,110.8125,1.0,-0.004212299915754003,0.0,-0.004212299915754003,0.0
2025-03-12,ZN=F,110.625,1.0,-0.0016920473773265332,0.0,-0.0016920473773265332,0.0
2025-03-13,ZN=F,110.90625,1.0,0.0025423728813558366,0.0,0.0025423728813558366,0.0
2025-03-14,ZN=F,110.625,1.0,-0.002535925612848655,0.0,-0.002535925612848655,0.0
2025-03-17,ZN=F,110.59375,1.0,-0.00028248587570622874,0.0,-0.00028248587570622874,0.0
2025-03-18,ZN=F,110.78125,1.0,0.0016953941791466587,0.0,0.0016953941791466587,0.0
2025-03-19,ZN=F,110.984375,1.0,0.0018335684062058544,0.0,0.0018335684062058544,0.0
2025-03-20,ZN=F,111.15625,1.0,0.0015486414191185904,0.0,0.0015486414191185904,0.0
2025-03-21,ZN=F,111.09375,1.0,-0.0005622715771718134,0.0,-0.0005622715771718134,0.0
2025-03-24,ZN=F,110.546875,1.0,-0.004922644163150469,0.0,-0.004922644163150469,0.0
2025-03-25,ZN=F,110.75,1.0,0.0018374558303886346,0.0,0.0018374558303886346,0.0
2025-03-26,ZN=F,110.5625,1.0,-0.0016930022573363734,0.0,-0.0016930022573363734,0.0
2025-03-27,ZN=F,110.421875,1.0,-0.0012719050310909807,0.0,-0.0012719050310909807,0.0
2025-03-28,ZN=F,111.203125,1.0,0.007075137965190326,0.0,0.007075137965190326,0.0
2025-03-31,ZN=F,111.21875,1.0,0.000140508641281345,0.0,0.000140508641281345,0.0
2025-04-01,ZN=F,111.78125,1.0,0.005057600449564381,0.0,0.005057600449564381,0.0
2025-04-02,ZN=F,111.5,1.0,-0.002516074923119893,0.0,-0.002516074923119893,0.0
2025-04-03,ZN=F,112.640625,1.0,0.010229820627802644,0.0,0.010229820627802644,0.0
2025-04-04,ZN=F,113.046875,1.0,0.0036066028575392206,0.0,0.0036066028575392206,0.0
2025-04-07,ZN=F,112.0625,1.0,-0.008707671043538312,0.0,-0.008707671043538312,0.0
2025-04-08,ZN=F,111.46875,1.0,-0.005298382598996065,0.0,-0.005298382598996065,0.0
2025-04-09,ZN=F,110.328125,1.0,-0.010232688533781897,0.0,-0.010232688533781897,0.0
2025-04-10,ZN=F,110.59375,1.0,0.0024075909927772088,0.0,0.0024075909927772088,0.0
2025-04-11,ZN=F,109.734375,1.0,-0.007770556654422167,0.0,-0.007770556654422167,0.0
2025-04-14,ZN=F,110.75,1.0,0.009255304001139164,0.0,0.009255304001139164,0.0
2025-04-15,ZN=F,111.078125,1.0,0.0029627539503385147,0.0,0.0029627539503385147,0.0
2025-04-16,ZN=F,111.421875,1.0,0.0030946687297792597,0.0,0.0030946687297792597,0.0
2025-04-17,ZN=F,111.171875,1.0,-0.002243724582807416,0.0,-0.002243724582807416,0.0
2025-04-21,ZN=F,110.8125,1.0,-0.0032326071679550372,0.0,-0.0032326071679550372,0.0
2025-04-22,ZN=F,110.796875,1.0,-0.00014100394811056294,0.0,-0.00014100394811056294,0.0
2025-04-23,ZN=F,110.65625,1.0,-0.0012692144972500374,0.0,-0.0012692144972500374,0.0
2025-04-24,ZN=F,111.21875,1.0,0.005083309799491564,0.0,0.005083309799491564,0.0
2025-04-25,ZN=F,111.515625,1.0,0.002669289126159047,0.0,0.002669289126159047,0.0
2025-04-28,ZN=F,111.90625,1.0,0.003502872355331421,0.0,0.003502872355331421,0.0
2025-04-29,ZN=F,112.15625,1.0,0.002234012845573785,0.0,0.002234012845573785,0.0
2025-04-30,ZN=F,112.21875,1.0,0.0005572582892170441,0.0,0.0005572582892170441,0.0
2025-05-01,ZN=F,111.859375,1.0,-0.003202450570871651,0.0,-0.003202450570871651,0.0
2025-05-02,ZN=F,111.15625,1.0,-0.006285794105321929,0.0,-0.006285794105321929,0.0
2025-05-05,ZN=F,111.0625,1.0,-0.0008434073657576091,0.0,-0.0008434073657576091,0.0
2025-05-06,ZN=F,111.3125,1.0,0.0022509848058525073,0.0,0.0022509848058525073,0.0
2025-05-07,ZN=F,111.546875,1.0,0.0021055586749016975,0.0,0.0021055586749016975,0.0
2025-05-08,ZN=F,110.796875,1.0,-0.006723630760610777,0.0,-0.006723630760610777,0.0
2025-05-09,ZN=F,110.8125,1.0,0.00014102383302772026,0.0,0.00014102383302772026,0.0
2025-05-12,ZN=F,110.15625,1.0,-0.005922165820642977,0.0,-0.005922165820642977,0.0
2025-05-13,ZN=F,109.96875,1.0,-0.0017021276595744483,0.0,-0.0017021276595744483,0.0
2025-05-14,ZN=F,109.71875,1.0,-0.0022733731173628646,0.0,-0.0022733731173628646,0.0
2025-05-15,ZN=F,110.25,1.0,0.004841925377385259,0.0,0.004841925377385259,0.0
2025-05-16,ZN=F,110.328125,1.0,0.0007086167800454124,0.0,0.0007086167800454124,0.0
2025-05-19,ZN=F,110.140625,1.0,-0.0016994759949016114,0.0,-0.0016994759949016114,0.0
2025-05-20,ZN=F,110.203125,1.0,0.000567456376791009,0.0,0.000567456376791009,0.0
2025-05-21,ZN=F,109.5,1.0,-0.0063802637175669474,0.0,-0.0063802637175669474,0.0
2025-05-22,ZN=F,109.828125,1.0,0.0029965753424656683,0.0,0.0029965753424656683,0.0
2025-05-23,ZN=F,110.078125,1.0,0.0022762839664247636,0.0,0.0022762839664247636,0.0
2025-05-27,ZN=F,110.515625,1.0,0.003974449964513793,0.0,0.003974449964513793,0.0
2025-05-28,ZN=F,110.21875,1.0,-0.002686271737593615,0.0,-0.002686271737593615,0.0
2025-05-29,ZN=F,110.640625,1.0,0.003827615537283835,0.0,0.003827615537283835,0.0
2025-05-30,ZN=F,110.71875,1.0,0.0007061149555147583,0.0,0.0007061149555147583,0.0
2025-06-02,ZN=F,110.46875,1.0,-0.002257973468811736,0.0,-0.002257973468811736,0.0
2025-06-03,ZN=F,110.453125,1.0,-0.00014144271570015743,0.0,-0.00014144271570015743,0.0
2025-06-04,ZN=F,111.09375,1.0,0.005799971707455054,0.0,0.005799971707455054,0.0
2025-06-05,ZN=F,110.78125,1.0,-0.002812939521800284,0.0,-0.002812939521800284,0.0
2025-06-06,ZN=F,109.9375,1.0,-0.007616361071932309,0.0,-0.007616361071932309,0.0
2025-06-09,ZN=F,110.171875,-1.0,-0.0021318931210916325,0.0004,-0.0025318931210916327,2.0
2025-06-10,ZN=F,110.21875,-1.0,-0.00042547156431704813,0.0,-0.00042547156431704813,0.0
2025-06-11,ZN=F,110.6875,-1.0,-0.004252906152537594,0.0,-0.004252906152537594,0.0
2025-06-12,ZN=F,111.046875,-1.0,-0.0032467532467532756,0.0,-0.0032467532467532756,0.0
2025-06-13,ZN=F,110.625,-1.0,0.003799071338117299,0.0,0.003799071338117299,0.0
2025-06-16,ZN=F,110.5,-1.0,0.001129943502824804,0.0,0.001129943502824804,0.0
2025-06-17,ZN=F,110.84375,-1.0,-0.0031108597285067763,0.0,-0.0031108597285067763,0.0
2025-06-18,ZN=F,111.0625,-1.0,-0.001973498731322243,0.0,-0.001973498731322243,0.0
2025-06-20,ZN=F,110.984375,-1.0,0.0007034327518289363,0.0,0.0007034327518289363,0.0
2025-06-23,ZN=F,111.453125,1.0,0.004223567506687287,0.0004,0.0038235675066872867,2.0
2025-06-24,ZN=F,111.65625,1.0,0.001822515070797781,0.0,0.001822515070797781,0.0
2025-06-25,ZN=F,111.6875,1.0,0.00027987685418406905,0.0,0.00027987685418406905,0.0
2025-06-26,ZN=F,112.015625,1.0,0.0029378847229994953,0.0,0.0029378847229994953,0.0
2025-06-27,ZN=F,111.8125,1.0,-0.001813363091086595,0.0,-0.001813363091086595,0.0
2025-06-30,ZN=F,112.125,1.0,0.0027948574622693734,0.0,0.0027948574622693734,0.0
2025-07-01,ZN=F,111.859375,1.0,-0.002369007803790457,0.0,-0.002369007803790457,0.0
2025-07-02,ZN=F,111.625,1.0,-0.0020952647017740134,0.0,-0.0020952647017740134,0.0
2025-07-03,ZN=F,111.21875,1.0,-0.0036394176931691113,0.0,-0.0036394176931691113,0.0
2025-07-04,ZN=F,111.359375,1.0,0.0012644001123911508,0.0,0.0012644001123911508,0.0
2025-07-07,ZN=F,110.921875,1.0,-0.003928721762312293,0.0,-0.003928721762312293,0.0
2025-07-08,ZN=F,110.78125,1.0,-0.001267784194956989,0.0,-0.001267784194956989,0.0
2025-07-09,ZN=F,111.265625,1.0,0.004372355430183328,0.0,0.004372355430183328,0.0
2025-07-10,ZN=F,111.21875,1.0,-0.00042128914478301027,0.0,-0.00042128914478301027,0.0
2025-07-11,ZN=F,110.71875,1.0,-0.004495644844057289,0.0,-0.004495644844057289,0.0
2025-07-14,ZN=F,110.765625,1.0,0.00042337002540215884,0.0,0.00042337002540215884,0.0
2025-07-15,ZN=F,110.28125,1.0,-0.004372972210466952,0.0,-0.004372972210466952,0.0
2025-07-16,ZN=F,110.625,1.0,0.0031170303202039396,0.0,0.0031170303202039396,0.0
2025-07-17,ZN=F,110.515625,1.0,-0.0009887005649718006,0.0,-0.0009887005649718006,0.0
2025-07-18,ZN=F,110.78125,1.0,0.0024035062915310768,0.0,0.0024035062915310768,0.0
2025-07-21,ZN=F,111.1875,1.0,0.003667136812411931,0.0,0.003667136812411931,0.0
2025-07-22,ZN=F,111.40625,1.0,0.0019673974142777606,0.0,0.0019673974142777606,0.0
2025-07-23,ZN=F,111.015625,1.0,-0.003506311360448766,0.0,-0.003506311360448766,0.0
2025-07-24,ZN=F,110.828125,1.0,-0.001688951442646025,0.0,-0.001688951442646025,0.0
2025-07-25,ZN=F,110.984375,1.0,0.0014098406880023173,0.0,0.0014098406880023173,0.0
2025-07-28,ZN=F,110.765625,1.0,-0.001970998169787408,0.0,-0.001970998169787408,0.0
2025-07-29,ZN=F,111.359375,1.0,0.0053604175483144,0.0,0.0053604175483144,0.0
2025-07-30,ZN=F,111.0,1.0,-0.003227164304756558,0.0,-0.003227164304756558,0.0
2025-07-31,ZN=F,111.0625,-1.0,-0.0005630630630630851,0.0004,-0.000963063063063085,2.0
2025-08-01,ZN=F,112.203125,-1.0,-0.010270118176702203,0.0,-0.010270118176702203,0.0
2025-08-04,ZN=F,112.375,1.0,0.0015318200807687976,0.0004,0.0011318200807687976,2.0
2025-08-05,ZN=F,112.296875,1.0,-0.0006952169076751558,0.0,-0.0006952169076751558,0.0
2025-08-06,ZN=F,112.234375,1.0,-0.000556560456379529,0.0,-0.000556560456379529,0.0
2025-08-07,ZN=F,112.09375,1.0,-0.001252958373938462,0.0,-0.001252958373938462,0.0
2025-08-08,ZN=F,111.828125,1.0,-0.0023696682464454666,0.0,-0.0023696682464454666,0.0
2025-08-11,ZN=F,111.890625,1.0,0.0005588933910856131,0.0,0.0005588933910856131,0.0
2025-08-12,ZN=F,111.8125,1.0,-0.0006982265046781011,0.0,-0.0006982265046781011,0.0
2025-08-13,ZN=F,112.171875,1.0,0.0032140860816098904,0.0,0.0032140860816098904,0.0
2025-08-14,ZN=F,111.796875,1.0,-0.0033430839949853963,0.0,-0.0033430839949853963,0.0
2025-08-15,ZN=F,111.59375,1.0,-0.0018169112508734653,0.0,-0.0018169112508734653,0.0
2025-08-18,ZN=F,111.515625,1.0,-0.0007000840100812589,0.0,-0.0007000840100812589,0.0
2025-08-19,ZN=F,111.765625,1.0,0.0022418383074120918,0.0,0.0022418383074120918,0.0
2025-08-20,ZN=F,111.859375,1.0,0.0008388088913742209,0.0,0.0008388088913742209,0.0
2025-08-21,ZN=F,111.546875,1.0,-0.002793686269031981,0.0,-0.002793686269031981,0.0
2025-08-22,ZN=F,112.140625,1.0,0.005322874352150064,0.0,0.005322874352150064,0.0
2025-08-25,ZN=F,111.96875,1.0,-0.0015326738191444589,0.0,-0.0015326738191444589,0.0
2025-08-26,ZN=F,112.203125,1.0,0.002093217973764938,0.0,0.002093217973764938,0.0
2025-08-27,ZN=F,112.40625,1.0,0.0018103328227265791,0.0,0.0018103328227265791,0.0
2025-08-28,ZN=F,112.53125,1.0,0.0011120378092854821,0.0,0.0011120378092854821,0.0
2025-08-29,ZN=F,112.453125,1.0,-0.0006942515967787166,0.0,-0.0006942515967787166,0.0
2025-09-02,ZN=F,112.140625,1.0,-0.002778935667639315,0.0,-0.002778935667639315,0.0
2025-09-03,ZN=F,112.59375,1.0,0.004040685523199139,0.0,0.004040685523199139,0.0
2025-09-04,ZN=F,112.828125,1.0,0.002081598667776907,0.0,0.002081598667776907,0.0
2025-09-05,ZN=F,113.359375,1.0,0.004708489128929516,0.0,0.004708489128929516,0.0
2025-09-08,ZN=F,113.5,1.0,0.0012405237767056931,0.0,0.0012405237767056931,0.0
2025-09-09,ZN=F,113.3125,1.0,-0.0016519823788546661,0.0,-0.0016519823788546661,0.0
2025-09-10,ZN=F,113.515625,1.0,0.0017926089354660668,0.0,0.0017926089354660668,0.0
2025-09-11,ZN=F,113.59375,1.0,0.0006882312456986117,0.0,0.0006882312456986117,0.0
2025-09-12,ZN=F,113.25,1.0,-0.003026134800550251,0.0,-0.003026134800550251,0.0
2025-09-15,ZN=F,113.40625,1.0,0.0013796909492274079,0.0,0.0013796909492274079,0.0
2025-09-16,ZN=F,113.515625,1.0,0.0009644530173602561,0.0,0.0009644530173602561,0.0
2025-09-17,ZN=F,113.09375,1.0,-0.003716448726772237,0.0,-0.003716448726772237,0.0
2025-09-18,ZN=F,112.96875,1.0,-0.0011052777010224224,0.0,-0.0011052777010224224,0.0
2025-09-19,ZN=F,112.828125,1.0,-0.0012448132780082943,0.0,-0.0012448132780082943,0.0
2025-09-22,ZN=F,112.703125,1.0,-0.0011078797950422326,0.0,-0.0011078797950422326,0.0
2025-09-23,ZN=F,112.875,1.0,0.001525024261749719,0.0,0.001525024261749719,0.0
2025-09-24,ZN=F,112.640625,1.0,-0.0020764119601328623,0.0,-0.0020764119601328623,0.0
2025-09-25,ZN=F,112.328125,1.0,-0.0027743098904147168,0.0,-0.0027743098904147168,0.0
2025-09-26,ZN=F,112.265625,1.0,-0.0005564056196967204,0.0,-0.0005564056196967204,0.0
2025-09-29,ZN=F,112.515625,1.0,0.0022268615170493167,0.0,0.0022268615170493167,0.0
2025-09-30,ZN=F,112.5,1.0,-0.00013886960144426919,0.0,-0.00013886960144426919,0.0
2025-10-01,ZN=F,112.84375,1.0,0.003055555555555589,0.0,0.003055555555555589,0.0
2025-10-02,ZN=F,112.921875,1.0,0.000692328994738256,0.0,0.000692328994738256,0.0
2025-10-03,ZN=F,112.671875,1.0,-0.0022139200221391597,0.0,-0.0022139200221391597,0.0
2025-10-06,ZN=F,112.390625,1.0,-0.0024961863819165098,0.0,-0.0024961863819165098,0.0
2025-10-07,ZN=F,112.671875,1.0,0.002502432920895359,0.0,0.002502432920895359,0.0
2025-10-08,ZN=F,112.609375,1.0,-0.0005547080848703478,0.0,-0.0005547080848703478,0.0
2025-10-09,ZN=F,112.484375,1.0,-0.0011100319134175196,0.0,-0.0011100319134175196,0.0
2025-10-10,ZN=F,113.140625,1.0,0.005834143631059829,0.0,0.005834143631059829,0.0
2025-10-13,ZN=F,113.15625,1.0,0.00013810247203416282,0.0,0.00013810247203416282,0.0
2025-10-14,ZN=F,113.40625,1.0,0.002209334438000532,0.0,0.002209334438000532,0.0
2025-10-15,ZN=F,113.234375,1.0,-0.001515569027280228,0.0,-0.001515569027280228,0.0
2025-10-16,ZN=F,113.75,1.0,0.004553608389678443,0.0,0.004553608389678443,0.0
2025-10-17,ZN=F,113.46875,1.0,-0.0024725274725274637,0.0,-0.0024725274725274637,0.0
2025-10-20,ZN=F,113.59375,1.0,0.0011016248967226083,0.0,0.0011016248967226083,0.0
2025-10-21,ZN=F,113.75,1.0,0.0013755158184318717,0.0,0.0013755158184318717,0.0
2025-10-22,ZN=F,113.796875,1.0,0.0004120879120879106,0.0,0.0004120879120879106,0.0
2025-10-23,ZN=F,113.484375,1.0,-0.0027461211039406797,0.0,-0.0027461211039406797,0.0
2025-10-24,ZN=F,113.4375,1.0,-0.00041305245766209975,0.0,-0.00041305245766209975,0.0
2025-10-27,ZN=F,113.421875,1.0,-0.00013774104683195176,0.0,-0.00013774104683195176,0.0
2025-10-28,ZN=F,113.46875,1.0,0.00041328006612473267,0.0,0.00041328006612473267,0.0
2025-10-29,ZN=F,112.90625,1.0,-0.0049573120352519595,0.0,-0.0049573120352519595,0.0
2025-10-30,ZN=F,112.703125,1.0,-0.0017990589537780766,0.0,-0.0017990589537780766,0.0
2025-10-31,ZN=F,112.671875,1.0,-0.00027727713849989843,0.0,-0.00027727713849989843,0.0
2025-11-03,ZN=F,112.671875,1.0,0.0,0.0,0.0,0.0
2025-11-04,ZN=F,112.78125,1.0,0.000970739148523192,0.0,0.000970739148523192,0.0
2025-11-05,ZN=F,112.328125,1.0,-0.004017733444167337,0.0,-0.004017733444167337,0.0
2025-11-06,ZN=F,112.828125,1.0,0.004451244957573985,0.0,0.004451244957573985,0.0
2025-11-07,ZN=F,112.859375,1.0,0.0002769699487605859,0.0,0.0002769699487605859,0.0
2025-11-10,ZN=F,112.6875,1.0,-0.001522912917070518,0.0,-0.001522912917070518,0.0
2025-11-11,ZN=F,113.03125,1.0,0.0030504714364947283,0.0,0.0030504714364947283,0.0
2025-11-12,ZN=F,113.0,1.0,-0.00027647221454241144,0.0,-0.00027647221454241144,0.0
2025-11-13,ZN=F,112.765625,1.0,-0.002074115044247815,0.0,-0.002074115044247815,0.0
2025-11-14,ZN=F,112.53125,1.0,-0.0020784259387557347,0.0,-0.0020784259387557347,0.0
2025-11-17,ZN=F,112.640625,1.0,0.00097195223549007,0.0,0.00097195223549007,0.0
2025-11-18,ZN=F,112.78125,1.0,0.0012484394506866447,0.0,0.0012484394506866447,0.0
2025-11-19,ZN=F,112.6875,1.0,-0.0008312551953449931,0.0,-0.0008312551953449931,0.0
2025-11-20,ZN=F,112.875,1.0,0.0016638935108153063,0.0,0.0016638935108153063,0.0
2025-11-21,ZN=F,113.25,1.0,0.0033222591362125353,0.0,0.0033222591362125353,0.0
2025-11-24,ZN=F,113.375,1.0,0.001103752759381793,0.0,0.001103752759381793,0.0
2025-11-25,ZN=F,113.640625,1.0,0.0023428886438809915,0.0,0.0023428886438809915,0.0
2025-11-26,ZN=F,113.625,1.0,-0.0001374948439433199,0.0,-0.0001374948439433199,0.0
2025-11-28,ZN=F,113.421875,1.0,-0.001787678767876777,0.0,-0.001787678767876777,0.0
2025-12-01,ZN=F,112.9375,1.0,-0.004270560683289681,0.0,-0.004270560683289681,0.0
2025-12-02,ZN=F,113.0,1.0,0.0005534034311012181,0.0,0.0005534034311012181,0.0
2025-12-03,ZN=F,113.21875,1.0,0.0019358407079645978,0.0,0.0019358407079645978,0.0
2025-12-04,ZN=F,112.84375,1.0,-0.003312172232956101,0.0,-0.003312172232956101,0.0
2025-12-05,ZN=F,112.640625,1.0,-0.0018000553863195545,0.0,-0.0018000553863195545,0.0
2025-12-08,ZN=F,112.390625,1.0,-0.0022194479123318622,0.0,-0.0022194479123318622,0.0
2025-12-09,ZN=F,112.234375,1.0,-0.0013902405116085204,0.0,-0.0013902405116085204,0.0
2025-12-10,ZN=F,112.359375,1.0,0.0011137407768342378,0.0,0.0011137407768342378,0.0
2025-12-11,ZN=F,112.609375,1.0,0.002225003476567844,0.0,0.002225003476567844,0.0
2025-12-12,ZN=F,112.34375,1.0,-0.0023588178160122153,0.0,-0.0023588178160122153,0.0
2025-12-15,ZN=F,112.453125,1.0,0.0009735744089012233,0.0,0.0009735744089012233,0.0
2025-12-16,ZN=F,112.6875,1.0,0.002084201750729431,0.0,0.002084201750729431,0.0
2025-12-17,ZN=F,112.671875,1.0,-0.0001386577925679422,0.0,-0.0001386577925679422,0.0
2025-12-18,ZN=F,112.9375,1.0,0.002357509360698895,0.0,0.002357509360698895,0.0
2025-12-19,ZN=F,112.703125,1.0,-0.0020752628666297346,0.0,-0.0020752628666297346,0.0
2025-12-22,ZN=F,112.34375,1.0,-0.0031886870927492206,0.0,-0.0031886870927492206,0.0
2025-12-23,ZN=F,112.296875,1.0,-0.0004172461752434131,0.0,-0.0004172461752434131,0.0
2025-12-24,ZN=F,112.515625,1.0,0.0019479615973285735,0.0,0.0019479615973285735,0.0
2025-12-26,ZN=F,112.578125,-1.0,-0.0005554784057770767,0.0004,-0.0009554784057770767,2.0
2025-12-29,ZN=F,112.71875,-1.0,-0.0012491325468424463,0.0,-0.0012491325468424463,0.0
2025-12-30,ZN=F,112.640625,-1.0,0.0006930967563071322,0.0,0.0006930967563071322,0.0
2025-12-31,ZN=F,112.4375,-1.0,0.0018033014287696103,0.0,0.0018033014287696103,0.0
2026-01-02,ZN=F,112.203125,-1.0,0.0020844913841022716,0.0,0.0020844913841022716,0.0
2026-01-05,ZN=F,112.421875,-1.0,-0.001949589193705581,0.0,-0.001949589193705581,0.0
2026-01-06,ZN=F,112.328125,-1.0,0.0008339124391938402,0.0,0.0008339124391938402,0.0
2026-01-07,ZN=F,112.578125,-1.0,-0.0022256224787871037,0.0,-0.0022256224787871037,0.0
2026-01-08,ZN=F,112.25,-1.0,0.0029146426092990785,0.0,0.0029146426092990785,0.0
2026-01-09,ZN=F,112.21875,-1.0,0.0002783964365256075,0.0,0.0002783964365256075,0.0
2026-01-12,ZN=F,112.140625,-1.0,0.0006961849067111947,0.0,0.0006961849067111947,0.0
2026-01-13,ZN=F,112.265625,-1.0,-0.0011146718684686974,0.0,-0.0011146718684686974,0.0
2026-01-14,ZN=F,112.46875,-1.0,-0.001809324982602556,0.0,-0.001809324982602556,0.0
2026-01-15,ZN=F,112.21875,-1.0,0.0022228396776882153,0.0,0.0022228396776882153,0.0
2026-01-16,ZN=F,111.75,-1.0,0.00417710944026739,0.0,0.00417710944026739,0.0
2026-01-20,ZN=F,111.421875,-1.0,0.002936241610738244,0.0,0.002936241610738244,0.0
2026-01-21,ZN=F,111.65625,-1.0,-0.0021034917963820288,0.0,-0.0021034917963820288,0.0
2026-01-22,ZN=F,111.59375,-1.0,0.0005597537083683601,0.0,0.0005597537083683601,0.0
2026-01-23,ZN=F,111.671875,-1.0,-0.0007000840100812589,0.0,-0.0007000840100812589,0.0
2026-01-26,ZN=F,111.828125,-1.0,-0.001399188470686985,0.0,-0.001399188470686985,0.0
2026-01-27,ZN=F,111.796875,-1.0,0.00027944669554280654,0.0,0.00027944669554280654,0.0
2026-01-28,ZN=F,111.640625,-1.0,0.0013976240391334604,0.0,0.0013976240391334604,0.0
2026-01-29,ZN=F,111.859375,-1.0,-0.0019594121763470973,0.0,-0.0019594121763470973,0.0
2026-01-30,ZN=F,111.828125,-1.0,0.0002793686269032536,0.0,0.0002793686269032536,0.0
2026-02-02,ZN=F,111.59375,-1.0,0.0020958502165712156,0.0,0.0020958502165712156,0.0
2026-02-03,ZN=F,111.59375,-1.0,-0.0,0.0,-0.0,0.0
2026-02-04,ZN=F,111.609375,-1.0,-0.00014001680201625177,0.0,-0.00014001680201625177,0.0
2026-02-05,ZN=F,112.125,-1.0,-0.00461990760184805,0.0,-0.00461990760184805,0.0
2026-02-06,ZN=F,112.109375,-1.0,0.0001393534002229746,0.0,0.0001393534002229746,0.0
2026-02-09,ZN=F,112.1875,-1.0,-0.0006968641114981633,0.0,-0.0006968641114981633,0.0
2026-02-10,ZN=F,112.515625,-1.0,-0.0029247910863510196,0.0,-0.0029247910863510196,0.0
2026-02-11,ZN=F,112.28125,-1.0,0.0020830440216637047,0.0,0.0020830440216637047,0.0
2026-02-12,ZN=F,112.796875,-1.0,-0.004592262733092101,0.0,-0.004592262733092101,0.0
2026-02-13,ZN=F,113.171875,-1.0,-0.0033245601883917786,0.0,-0.0033245601883917786,0.0
2026-02-17,ZN=F,113.125,-1.0,0.00041419301394451935,0.0,0.00041419301394451935,0.0
2026-02-18,ZN=F,112.953125,-1.0,0.0015193370165745845,0.0,0.0015193370165745845,0.0
2026-02-19,ZN=F,112.96875,-1.0,-0.00013833171946320277,0.0,-0.00013833171946320277,0.0
2026-02-20,ZN=F,112.9375,-1.0,0.0002766251728907321,0.0,0.0002766251728907321,0.0
2026-02-23,ZN=F,113.375,-1.0,-0.003873824017708971,0.0,-0.003873824017708971,0.0
2026-02-24,ZN=F,113.296875,-1.0,0.0006890848952590956,0.0,0.0006890848952590956,0.0
2026-02-25,ZN=F,113.171875,-1.0,0.001103296097090034,0.0,0.001103296097090034,0.0
2026-02-26,ZN=F,113.421875,-1.0,-0.002209029407703955,0.0,-0.002209029407703955,0.0
2026-02-27,ZN=F,113.859375,-1.0,-0.0038572806171648377,0.0,-0.0038572806171648377,0.0
2026-03-02,ZN=F,113.15625,-1.0,0.006175380815150233,0.0,0.006175380815150233,0.0
2026-03-03,ZN=F,113.109375,1.0,-0.00041425020712515526,0.0004,-0.0008142502071251552,2.0
2026-03-04,ZN=F,112.90625,1.0,-0.0017958281530597864,0.0,-0.0017958281530597864,0.0
2026-03-05,ZN=F,112.421875,1.0,-0.00429006365900908,0.0,-0.00429006365900908,0.0
2026-03-06,ZN=F,112.5625,1.0,0.0012508686587908713,0.0,0.0012508686587908713,0.0
2026-03-09,ZN=F,112.484375,1.0,-0.0006940588561910044,0.0,-0.0006940588561910044,0.0
2026-03-10,ZN=F,112.578125,1.0,0.0008334490901513725,0.0,0.0008334490901513725,0.0
2026-03-11,ZN=F,112.125,1.0,-0.00402498265093687,0.0,-0.00402498265093687,0.0
2026-03-12,ZN=F,111.5625,1.0,-0.0050167224080267525,0.0,-0.0050167224080267525,0.0
2026-03-13,ZN=F,111.5625,1.0,0.0,0.0,0.0,0.0
2026-03-16,ZN=F,112.03125,1.0,0.004201680672268893,0.0,0.004201680672268893,0.0
2026-03-17,ZN=F,112.140625,1.0,0.0009762900976291178,0.0,0.0009762900976291178,0.0
2026-03-18,ZN=F,111.6875,1.0,-0.004040685523199139,0.0,-0.004040685523199139,0.0
2026-03-19,ZN=F,111.359375,1.0,-0.0029378847229994953,0.0,-0.0029378847229994953,0.0
2026-03-20,ZN=F,110.796875,1.0,-0.005051213694401535,0.0,-0.005051213694401535,0.0
2026-03-23,ZN=F,110.921875,-1.0,-0.0011281906642222062,0.0004,-0.0015281906642222061,2.0
2026-03-24,ZN=F,110.421875,-1.0,0.00450767713762501,0.0,0.00450767713762501,0.0
2026-03-25,ZN=F,110.890625,-1.0,-0.004245082779114284,0.0,-0.004245082779114284,0.0
2026-03-26,ZN=F,110.171875,-1.0,0.006481611948710775,0.0,0.006481611948710775,0.0
2026-03-27,ZN=F,110.15625,-1.0,0.00014182385477234938,0.0,0.00014182385477234938,0.0
2026-03-30,ZN=F,110.8125,-1.0,-0.005957446808510625,0.0,-0.005957446808510625,0.0
2026-03-31,ZN=F,111.046875,-1.0,-0.002115059221658111,0.0,-0.002115059221658111,0.0
2026-04-01,ZN=F,110.984375,-1.0,0.0005628253834247809,0.0,0.0005628253834247809,0.0
2026-04-02,ZN=F,111.015625,-1.0,-0.000281571167112471,0.0,-0.000281571167112471,0.0
2026-04-06,ZN=F,110.8125,-1.0,0.0018296973961998697,0.0,0.0018296973961998697,0.0
2026-04-07,ZN=F,110.859375,-1.0,-0.0004230118443315778,0.0,-0.0004230118443315778,0.0
2026-04-08,ZN=F,111.234375,-1.0,-0.0033826638477800763,0.0,-0.0033826638477800763,0.0
2026-04-09,ZN=F,111.234375,-1.0,-0.0,0.0,-0.0,0.0
2026-04-10,ZN=F,111.09375,-1.0,0.0012642225031606058,0.0,0.0012642225031606058,0.0
2026-04-13,ZN=F,111.234375,-1.0,-0.0012658227848101333,0.0,-0.0012658227848101333,0.0
2026-04-14,ZN=F,111.53125,-1.0,-0.002668914173338921,0.0,-0.002668914173338921,0.0
2026-04-15,ZN=F,111.359375,-1.0,0.0015410479125805843,0.0,0.0015410479125805843,0.0
2026-04-16,ZN=F,111.21875,-1.0,0.0012628034236004115,0.0,0.0012628034236004115,0.0
2026-04-17,ZN=F,111.71875,-1.0,-0.0044956448440574,0.0,-0.0044956448440574,0.0
2026-04-20,ZN=F,111.65625,-1.0,0.0005594405594405716,0.0,0.0005594405594405716,0.0
2026-04-21,ZN=F,111.296875,-1.0,0.0032185838231177932,0.0,0.0032185838231177932,0.0
2026-04-22,ZN=F,111.28125,-1.0,0.00014039028499224226,0.0,0.00014039028499224226,0.0
2026-04-23,ZN=F,111.046875,-1.0,0.002106149957876946,0.0,0.002106149957876946,0.0
2026-04-24,ZN=F,111.21875,-1.0,-0.0015477698044181754,0.0,-0.0015477698044181754,0.0
2026-04-27,ZN=F,111.03125,-1.0,0.0016858668165214974,0.0,0.0016858668165214974,0.0
2026-04-28,ZN=F,110.859375,-1.0,0.001547987616099089,0.0,0.001547987616099089,0.0
2026-04-29,ZN=F,110.359375,-1.0,0.0045102184637068055,0.0,0.0045102184637068055,0.0
2026-04-30,ZN=F,110.59375,-1.0,-0.002123743451791116,0.0,-0.002123743451791116,0.0
2026-05-01,ZN=F,110.640625,-1.0,-0.0004238485447867202,0.0,-0.0004238485447867202,0.0
2026-05-04,ZN=F,110.171875,-1.0,0.00423668973308855,0.0,0.00423668973308855,0.0
2026-05-05,ZN=F,110.34375,-1.0,-0.0015600624024960652,0.0,-0.0015600624024960652,0.0
2026-05-06,ZN=F,110.796875,-1.0,-0.004106485414896666,0.0,-0.004106485414896666,0.0
2026-05-07,ZN=F,110.515625,-1.0,0.002538428994500075,0.0,0.002538428994500075,0.0
2026-05-08,ZN=F,110.75,-1.0,-0.0021207408454686494,0.0,-0.0021207408454686494,0.0
2026-05-11,ZN=F,110.40625,-1.0,0.003103837471783333,0.0,0.003103837471783333,0.0
2026-05-12,ZN=F,110.03125,-1.0,0.0033965468440418922,0.0,0.0033965468440418922,0.0
2026-05-13,ZN=F,110.0,-1.0,0.0002840102243680809,0.0,0.0002840102243680809,0.0
2026-05-14,ZN=F,110.109375,-1.0,-0.0009943181818181657,0.0,-0.0009943181818181657,0.0
2026-05-15,ZN=F,109.171875,-1.0,0.008514261387824629,0.0,0.008514261387824629,0.0
2026-05-18,ZN=F,109.015625,-1.0,0.0014312294260769853,0.0,0.0014312294260769853,0.0
2026-05-19,ZN=F,108.703125,-1.0,0.002866561559409453,0.0,0.002866561559409453,0.0
2026-05-20,ZN=F,109.40625,-1.0,-0.0064683053040104355,0.0,-0.0064683053040104355,0.0
2026-05-21,ZN=F,109.234375,-1.0,0.0015709797200800235,0.0,0.0015709797200800235,0.0
2026-05-22,ZN=F,109.25,-1.0,-0.0001430410527820669,0.0,-0.0001430410527820669,0.0
2026-05-26,ZN=F,109.828125,-1.0,-0.00529176201373005,0.0,-0.00529176201373005,0.0
2026-05-27,ZN=F,109.90625,-1.0,-0.0007113387395076831,0.0,-0.0007113387395076831,0.0
2026-05-28,ZN=F,110.046875,-1.0,-0.0012794995735001535,0.0,-0.0012794995735001535,0.0
2026-05-29,ZN=F,110.078125,-1.0,-0.0002839698991907724,0.0,-0.0002839698991907724,0.0
2026-06-01,ZN=F,109.859375,-1.0,0.0019872249822568966,0.0,0.0019872249822568966,0.0
2026-06-02,ZN=F,109.953125,-1.0,-0.0008533636751528739,0.0,-0.0008533636751528739,0.0
2026-06-03,ZN=F,109.71875,-1.0,0.0021315901662640746,0.0,0.0021315901662640746,0.0
2026-06-04,ZN=F,109.84375,-1.0,-0.0011392765593847276,0.0,-0.0011392765593847276,0.0
2026-06-05,ZN=F,109.34375,-1.0,0.004551920341394067,0.0,0.004551920341394067,0.0
2026-06-08,ZN=F,109.296875,-1.0,0.0004286939125464073,0.0,0.0004286939125464073,0.0
2026-06-09,ZN=F,109.484375,-1.0,-0.0017155110793423134,0.0,-0.0017155110793423134,0.0
2026-06-10,ZN=F,109.40625,-1.0,0.0007135721421436259,0.0,0.0007135721421436259,0.0
2026-06-11,ZN=F,109.9375,-1.0,-0.004855755498428982,0.0,-0.004855755498428982,0.0
2026-06-12,ZN=F,109.78125,-1.0,0.001421262080727681,0.0,0.001421262080727681,0.0
2026-06-15,ZN=F,109.90625,-1.0,-0.001138627953316318,0.0,-0.001138627953316318,0.0
2026-06-16,ZN=F,110.1875,-1.0,-0.002558999147000307,0.0,-0.002558999147000307,0.0
2026-06-17,ZN=F,109.8125,-1.0,0.003403289846852009,0.0,0.003403289846852009,0.0
2026-06-18,ZN=F,109.921875,-1.0,-0.0009960159362549792,0.0,-0.0009960159362549792,0.0
2026-06-22,ZN=F,109.234375,-1.0,0.006254442075337652,0.0,0.006254442075337652,0.0
2026-06-23,ZN=F,109.375,-1.0,-0.0012873694750392684,0.0,-0.0012873694750392684,0.0
2026-06-24,ZN=F,110.0,-1.0,-0.005714285714285783,0.0,-0.005714285714285783,0.0
2026-06-25,ZN=F,110.09375,-1.0,-0.0008522727272726183,0.0,-0.0008522727272726183,0.0
2026-06-26,ZN=F,110.265625,-1.0,-0.0015611694578483437,0.0,-0.0015611694578483437,0.0
2026-06-29,ZN=F,110.1875,-1.0,0.0007085163667280847,0.0,0.0007085163667280847,0.0
2026-06-30,ZN=F,109.890625,-1.0,0.0026942711287577525,0.0,0.0026942711287577525,0.0
2026-07-01,ZN=F,109.578125,-1.0,0.002843736669984387,0.0,0.002843736669984387,0.0
2026-07-02,ZN=F,109.578125,-1.0,-0.0,0.0,-0.0,0.0
2026-07-06,ZN=F,109.640625,-1.0,-0.000570369314130792,0.0,-0.000570369314130792,0.0
2026-07-07,ZN=F,109.328125,-1.0,0.0028502208921191707,0.0,0.0028502208921191707,0.0
2026-07-08,ZN=F,109.0,-1.0,0.0030012862655424133,0.0,0.0030012862655424133,0.0
2026-07-09,ZN=F,109.265625,-1.0,-0.0024369266055046523,0.0,-0.0024369266055046523,0.0
2026-07-10,ZN=F,109.03125,-1.0,0.0021450021450021284,0.0,0.0021450021450021284,0.0
2026-07-13,ZN=F,108.703125,-1.0,0.003009458297506429,0.0,0.003009458297506429,0.0
2026-07-14,ZN=F,108.921875,-1.0,-0.0020123616501366293,0.0,-0.0020123616501366293,0.0
2026-07-15,ZN=F,109.296875,-1.0,-0.0034428346004877763,0.0,-0.0034428346004877763,0.0
2026-07-16,ZN=F,109.140625,-1.0,0.0014295925661186315,0.0,0.0014295925661186315,0.0
2026-07-17,ZN=F,109.265625,-1.0,-0.0011453113815318439,0.0,-0.0011453113815318439,0.0
2026-07-20,ZN=F,108.859375,-1.0,0.003718003718003682,0.0,0.003718003718003682,0.0
2026-07-21,ZN=F,108.640625,-1.0,0.002009473230945913,0.0,0.002009473230945913,0.0
2026-07-22,ZN=F,108.421875,-1.0,0.0020135193441679355,0.0,0.0020135193441679355,0.0
2026-07-23,ZN=F,108.09375,-1.0,0.003026372676178113,0.0,0.003026372676178113,0.0
2026-07-24,ZN=F,108.328125,-1.0,-0.002168256721595929,0.0,-0.002168256721595929,0.0
2026-07-27,ZN=F,108.578125,-1.0,-0.00230780325977209,0.0,-0.00230780325977209,0.0
2026-07-28,ZN=F,108.8125,-1.0,-0.0021585839689164388,0.0,-0.0021585839689164388,0.0
2026-07-29,ZN=F,108.78125,-1.0,0.0002871912693853673,0.0,0.0002871912693853673,0.0
2026-07-30,ZN=F,108.546875,-1.0,0.002154553289284711,0.0,0.002154553289284711,0.0
2026-07-31,ZN=F,108.0,-1.0,0.0050381459622859115,0.0,0.0050381459622859115,0.0
2026-08-03,ZN=F,108.421875,-1.0,-0.00390625,0.0,-0.00390625,0.0
2026-08-04,ZN=F,108.84375,-1.0,-0.0038910505836575737,0.0,-0.0038910505836575737,0.0
2026-08-05,ZN=F,108.890625,-1.0,-0.00043066322136087187,0.0,-0.00043066322136087187,0.0
2026-08-06,ZN=F,108.5,-1.0,0.0035873152532645003,0.0,0.0035873152532645003,0.0
2026-08-07,ZN=F,108.640625,-1.0,-0.001296082949308719,0.0,-0.001296082949308719,0.0
2026-08-10,ZN=F,108.375,-1.0,0.0024449877750610804,0.0,0.0024449877750610804,0.0
2026-08-11,ZN=F,108.484375,-1.0,-0.0010092272202999464,0.0,-0.0010092272202999464,0.0
2026-08-12,ZN=F,108.546875,-1.0,-0.0005761198329252704,0.0,-0.0005761198329252704,0.0
2026-08-13,ZN=F,108.921875,-1.0,-0.00345472865985319,0.0,-0.00345472865985319,0.0
2026-08-14,ZN=F,108.578125,-1.0,0.0031559317171137025,0.0,0.0031559317171137025,0.0
2026-08-17,ZN=F,108.453125,-1.0,0.0011512447834221007,0.0,0.0011512447834221007,0.0
2026-08-18,ZN=F,108.5625,-1.0,-0.0010085002161071,0.0,-0.0010085002161071,0.0
2026-08-19,ZN=F,108.78125,-1.0,-0.002014968336211842,0.0,-0.002014968336211842,0.0
2026-08-20,ZN=F,108.5,-1.0,0.002585463947141653,0.0,0.002585463947141653,0.0
2026-08-21,ZN=F,108.265625,-1.0,0.002160138248847976,0.0,0.002160138248847976,0.0
2026-08-24,ZN=F,108.453125,-1.0,-0.0017318516380429028,0.0,-0.0017318516380429028,0.0
2026-08-25,ZN=F,108.859375,-1.0,-0.0037458579455409424,0.0,-0.0037458579455409424,0.0
2026-08-26,ZN=F,108.65625,-1.0,0.0018659394287354747,0.0,0.0018659394287354747,0.0
2026-08-27,ZN=F,108.578125,-1.0,0.000719010641357487,0.0,0.000719010641357487,0.0
2026-08-28,ZN=F,108.109375,-1.0,0.0043171679378327665,0.0,0.0043171679378327665,0.0
2026-08-31,ZN=F,107.90625,-1.0,0.0018788842318253618,0.0,0.0018788842318253618,0.0
2026-09-01,ZN=F,107.625,-1.0,0.0026064291920069316,0.0,0.0026064291920069316,0.0
2026-09-02,ZN=F,107.671875,-1.0,-0.00043554006968649084,0.0,-0.00043554006968649084,0.0
2026-09-03,ZN=F,107.921875,-1.0,-0.0023218691046291706,0.0,-0.0023218691046291706,0.0
2026-09-04,ZN=F,107.734375,-1.0,0.0017373678876502208,0.0,0.0017373678876502208,0.0
2026-09-07,ZN=F,107.46875,-1.0,0.002465554749818688,0.0,0.002465554749818688,0.0
