date,gross_return,cost,net_return,turnover,equity,drawdown
2019-01-02,0.0,0.0,0.0,0.0,1.0,0.0
2019-01-03,0.0,0.0,0.0,0.0,1.0,0.0
2019-01-04,0.0,0.0,0.0,0.0,1.0,0.0
2019-01-07,0.0,0.0,0.0,0.0,1.0,0.0
2019-01-08,0.0,0.0,0.0,0.0,1.0,0.0
2019-01-09,0.0,0.0,0.0,0.0,1.0,0.0
2019-01-10,0.0,0.0,0.0,0.0,1.0,0.0
2019-01-11,0.0,0.0,0.0,0.0,1.0,0.0
2019-01-14,0.0,0.0,0.0,0.0,1.0,0.0
2019-01-15,0.0,0.0,0.0,0.0,1.0,0.0
2019-01-16,0.0,0.0,0.0,0.0,1.0,0.0
2019-01-17,0.0,0.0,0.0,0.0,1.0,0.0
2019-01-18,0.0,0.0,0.0,0.0,1.0,0.0
2019-01-22,0.0,0.0,0.0,0.0,1.0,0.0
2019-01-23,0.0,0.0,0.0,0.0,1.0,0.0
2019-01-24,0.0,0.0,0.0,0.0,1.0,0.0
2019-01-25,0.0,0.0,0.0,0.0,1.0,0.0
2019-01-28,0.0,0.0,0.0,0.0,1.0,0.0
2019-01-29,0.0,0.0,0.0,0.0,1.0,0.0
2019-01-30,0.0,0.0,0.0,0.0,1.0,0.0
2019-01-31,0.0,0.0,0.0,0.0,1.0,0.0
2019-02-01,0.0,0.0,0.0,0.0,1.0,0.0
2019-02-04,0.0,0.0,0.0,0.0,1.0,0.0
2019-02-05,0.0,0.0,0.0,0.0,1.0,0.0
2019-02-06,0.0,0.0,0.0,0.0,1.0,0.0
2019-02-07,0.0,0.0,0.0,0.0,1.0,0.0
2019-02-08,0.0,0.0,0.0,0.0,1.0,0.0
2019-02-11,0.0,0.0,0.0,0.0,1.0,0.0
2019-02-12,0.0,0.0,0.0,0.0,1.0,0.0
2019-02-13,0.0,0.0,0.0,0.0,1.0,0.0
2019-02-14,0.0,0.0,0.0,0.0,1.0,0.0
2019-02-15,0.0,0.0,0.0,0.0,1.0,0.0
2019-02-19,0.0,0.0,0.0,0.0,1.0,0.0
2019-02-20,0.0,0.0,0.0,0.0,1.0,0.0
2019-02-21,0.0,0.0,0.0,0.0,1.0,0.0
2019-02-22,0.0,0.0,0.0,0.0,1.0,0.0
2019-02-25,0.0,0.0,0.0,0.0,1.0,0.0
2019-02-26,0.0,0.0,0.0,0.0,1.0,0.0
2019-02-27,0.0,0.0,0.0,0.0,1.0,0.0
2019-02-28,0.0,0.0,0.0,0.0,1.0,0.0
2019-03-01,0.0,0.0,0.0,0.0,1.0,0.0
2019-03-04,0.0,0.0,0.0,0.0,1.0,0.0
2019-03-05,0.0,0.0,0.0,0.0,1.0,0.0
2019-03-06,0.0,0.0,0.0,0.0,1.0,0.0
2019-03-07,0.0,0.0,0.0,0.0,1.0,0.0
2019-03-08,0.0,0.0,0.0,0.0,1.0,0.0
2019-03-11,0.0,0.0,0.0,0.0,1.0,0.0
2019-03-12,0.0,0.0,0.0,0.0,1.0,0.0
2019-03-13,0.0,0.0,0.0,0.0,1.0,0.0
2019-03-14,0.0,0.0,0.0,0.0,1.0,0.0
2019-03-15,0.0,0.0,0.0,0.0,1.0,0.0
2019-03-18,0.0,0.0,0.0,0.0,1.0,0.0
2019-03-19,0.0,0.0,0.0,0.0,1.0,0.0
2019-03-20,0.0,0.0,0.0,0.0,1.0,0.0
2019-03-21,0.0,0.0,0.0,0.0,1.0,0.0
2019-03-22,0.0,0.0,0.0,0.0,1.0,0.0
2019-03-25,0.0,0.0,0.0,0.0,1.0,0.0
2019-03-26,0.0,0.0,0.0,0.0,1.0,0.0
2019-03-27,0.0,0.0,0.0,0.0,1.0,0.0
2019-03-28,0.0,0.0,0.0,0.0,1.0,0.0
2019-03-29,0.0,0.0,0.0,0.0,1.0,0.0
2019-04-01,0.0,0.0,0.0,0.0,1.0,0.0
2019-04-02,0.0,0.0,0.0,0.0,1.0,0.0
2019-04-03,0.0,0.0,0.0,0.0,1.0,0.0
2019-04-04,0.0,0.0,0.0,0.0,1.0,0.0
2019-04-05,0.0,0.0,0.0,0.0,1.0,0.0
2019-04-08,0.0,0.0,0.0,0.0,1.0,0.0
2019-04-09,0.0,0.0,0.0,0.0,1.0,0.0
2019-04-10,0.0,0.0,0.0,0.0,1.0,0.0
2019-04-11,0.0,0.0,0.0,0.0,1.0,0.0
2019-04-12,0.0,0.0,0.0,0.0,1.0,0.0
2019-04-15,0.0,0.0,0.0,0.0,1.0,0.0
2019-04-16,0.0,0.0,0.0,0.0,1.0,0.0
2019-04-17,0.0,0.0,0.0,0.0,1.0,0.0
2019-04-18,0.0,0.0,0.0,0.0,1.0,0.0
2019-04-22,0.0,0.0,0.0,0.0,1.0,0.0
2019-04-23,0.0,0.0,0.0,0.0,1.0,0.0
2019-04-24,0.0,0.0,0.0,0.0,1.0,0.0
2019-04-25,0.0,0.0,0.0,0.0,1.0,0.0
2019-04-26,0.0,0.0,0.0,0.0,1.0,0.0
2019-04-29,0.0,0.0,0.0,0.0,1.0,0.0
2019-04-30,0.0,0.0,0.0,0.0,1.0,0.0
2019-05-01,0.0,0.0,0.0,0.0,1.0,0.0
2019-05-02,0.0,0.0,0.0,0.0,1.0,0.0
2019-05-03,0.0,0.0,0.0,0.0,1.0,0.0
2019-05-06,0.0,0.0,0.0,0.0,1.0,0.0
2019-05-07,0.0,0.0,0.0,0.0,1.0,0.0
2019-05-08,0.0,0.0,0.0,0.0,1.0,0.0
2019-05-09,0.0,0.0,0.0,0.0,1.0,0.0
2019-05-10,0.0,0.0,0.0,0.0,1.0,0.0
2019-05-13,0.0,0.0,0.0,0.0,1.0,0.0
2019-05-14,0.0,0.0,0.0,0.0,1.0,0.0
2019-05-15,0.0,0.0,0.0,0.0,1.0,0.0
2019-05-16,0.0,0.0,0.0,0.0,1.0,0.0
2019-05-17,0.0,0.0,0.0,0.0,1.0,0.0
2019-05-20,0.0,0.0,0.0,0.0,1.0,0.0
2019-05-21,0.0,0.0,0.0,0.0,1.0,0.0
2019-05-22,0.0,0.0,0.0,0.0,1.0,0.0
2019-05-23,0.0,0.0,0.0,0.0,1.0,0.0
2019-05-24,0.0,0.0,0.0,0.0,1.0,0.0
2019-05-28,0.0013393494288832944,0.00016333541480111598,0.0011760140140821785,0.8166770740055799,1.0011760140140822,0.0
2019-05-29,-0.0027491283494540273,7.529619702743157e-07,-0.002749881311424302,0.0037648098513715783,0.9984228988036986,-0.002749881311424285
2019-05-30,-0.004682898422852813,4.1858328613695876e-07,-0.00468331700613895,0.0020929164306847936,0.9937469678624127,-0.007420319751652582
2019-05-31,-0.010649479442623351,1.986084293350229e-06,-0.0106514655269167,0.009930421466751146,0.9831621062917483,-0.017992747998535785
2019-06-03,-0.002854603881124852,3.6957464616514784e-06,-0.0028582996275865035,0.01847873230825739,0.9803519344094773,-0.020799618961218846
2019-06-04,0.0037597273473853974,1.9777917365798483e-06,0.0037577495556488172,0.00988895868289924,0.9840358514553841,-0.01712002916447919
2019-06-05,-0.0025041010290454456,4.9698121861778695e-06,-0.002509070841231624,0.024849060930889344,0.9815668357937708,-0.019586144639733183
2019-06-06,0.0009013409656130735,1.180386349641069e-06,0.0009001605792634325,0.005901931748205344,0.9824504035652646,-0.01870361473577431
2019-06-07,0.004046445482415767,6.769495773974483e-07,0.004045768532838369,0.003384747886987241,0.9864251704930832,-0.014733516698884341
2019-06-10,0.004166822531410874,3.479460899812007e-05,0.004132027922412754,0.17397304499060035,0.9905011068409315,-0.010662368078866669
2019-06-11,0.0001694865460316338,0.00010000798682082562,6.947855921080818e-05,0.5000399341041281,0.9905699254307315,-0.010593630325627768
2019-06-12,0.004293955483676625,8.227548562831039e-06,0.004285727935113795,0.04113774281415519,0.9948152386318336,-0.0063533038079347515
2019-06-13,0.001334535876609352,1.9160776740893114e-06,0.0013326197989352627,0.009580388370446558,0.9961409491151169,-0.0050291505474425735
2019-06-14,-0.000604184731575519,6.656712068251664e-07,-0.0006048504027823442,0.0033283560341258317,0.9955384328608166,-0.005630959066490693
2019-06-17,0.0007860971983451848,1.123017347564459e-06,0.0007849741809976205,0.005615086737822295,0.9963199048268031,-0.004850405042974515
2019-06-18,0.0012027723795642025,6.654857265475878e-07,0.001202106893837655,0.0033274286327379388,0.9975175878528632,-0.0036541288544769124
2019-06-19,-7.743142557692124e-05,1.760144940790165e-06,-7.919157051771136e-05,0.008800724703950824,0.997438592868462,-0.003733031048791746
2019-06-20,0.009457268526122671,6.922393471320732e-07,0.009456576286775539,0.0034611967356603657,1.0068709470132966,0.0
2019-06-21,-0.0016285714260289932,1.1241850329846293e-05,-0.0016398132763588398,0.05620925164923146,1.0052198666668042,-0.0016398132763588702
2019-06-24,0.0027405106467908993,5.797494932146716e-06,0.0027347131518587527,0.028987474660733578,1.0079688546566876,0.0
2019-06-25,-0.0019931674358427535,5.467214845082335e-07,-0.0019937141573272616,0.0027336074225411677,1.0059592528810135,-0.0019937141573274086
2019-06-26,-0.0038012098779505567,1.3990681024901642e-06,-0.0038026089460530465,0.0069953405124508206,1.0021339832266434,-0.005788741788089857
2019-06-27,0.0012629160757419529,1.4989605633936672e-06,0.001261417115178559,0.007494802816968335,1.0033980921847876,-0.0045346266908781185
2019-06-28,0.0025867685845762213,1.4200924152162425e-06,0.0025853484921610054,0.007100462076081213,1.0059922259294547,-0.0019610017889949427
2019-07-01,-0.0030170050247064375,3.3073658385964796e-06,-0.003020312390545034,0.016536829192982397,1.002953815144688,-0.004975391341538793
2019-07-02,0.00862034710862903,3.5087333227287024e-06,0.008616838375306302,0.01754366661364351,1.0115961060676866,0.0
2019-07-03,0.0022121466354191135,3.086976765541233e-06,0.002209059658653572,0.015434883827706164,1.0138307822164516,0.0
2019-07-05,-0.005292092525844877,1.1212886826643288e-06,-0.0052932138145275415,0.005606443413321643,1.0084643591144302,-0.00529321381452752
2019-07-08,-0.0011145434563417976,2.3996099787272962e-06,-0.001116943066320525,0.011998049893636481,1.007337961840886,-0.0064042446623794325
2019-07-09,-0.0002854852708469573,4.03071525027332e-07,-0.0002858883423719847,0.00201535762513666,1.007049975660767,-0.006688302105860688
2019-07-10,-0.0005532636329557781,1.8653671422143082e-06,-0.0005551290000979923,0.00932683571107154,1.0064909330147296,-0.007239718235498405
2019-07-11,-0.0007857146935702696,1.3995094370793548e-06,-0.0007871142030073489,0.006997547185396774,1.0056987097061556,-0.008021133953456827
2019-07-12,0.0018942469637163932,2.0091456849226837e-06,0.0018922378180314706,0.010045728424613418,1.007601730838207,-0.006144074028435531
2019-07-15,0.0013637004097690271,1.8174432452102429e-07,0.001363518665444506,0.0009087216226051215,1.0089756146055393,-0.0047889329226105115
2019-07-16,0.0011919359046891496,2.754460231241484e-07,0.0011916604586660253,0.0013772301156207423,1.010177970949223,-0.0036029792459476573
2019-07-17,0.0017263142170405013,1.0075279747145033e-06,0.0017253066890657869,0.005037639873572516,1.0119208377596487,-0.001883888801075262
2019-07-18,0.0043713247814341685,7.96901898518676e-07,0.00437052787953565,0.00398450949259338,1.0163434659929602,0.0
2019-07-19,-0.0025285593015673823,7.469059643296611e-07,-0.0025293062075317117,0.0037345298216483053,1.01377282215544,-0.0025293062075315564
2019-07-22,0.00017573938036075708,1.7079849271942048e-05,0.00015865953108881495,0.08539924635971025,1.0139336668760337,-0.0023710479749797786
2019-07-23,-0.0006977250151318067,1.0739082624910412e-07,-0.0006978324059580557,0.0005369541312455206,1.0132261111057956,-0.0030672257868248343
2019-07-24,0.0033712866389157443,1.3429259729273725e-07,0.0033711523463184514,0.0006714629864636862,1.0166418506876012,0.0
2019-07-25,-0.0034959267280722617,2.378560539678748e-07,-0.0034961645841262295,0.001189280269839374,1.0130875034544866,-0.003496164584126271
2019-07-26,0.001874844015463248,9.713564303624385e-07,0.0018738726590328855,0.004856782151812192,1.0149859004284179,-0.0016288432923190488
2019-07-29,-0.0007306423006950714,2.8563139955797848e-08,-0.0007306708638350273,0.00014281569977898922,1.0142442798037714,-0.0023583240078186574
2019-07-30,-0.0012385105610816746,1.569739091398237e-08,-0.0012385262584725886,7.848695456991184e-05,1.0129881116307289,-0.003593929420081521
2019-07-31,-0.003834191871518273,4.1946975601068474e-07,-0.003834611341274285,0.0020973487800534235,1.0091036959292936,-0.007414759438841845
2019-08-01,0.007972278210149952,3.594350226966314e-06,0.007968683859922986,0.01797175113483157,1.0171449242640338,0.0
2019-08-02,0.0005195528686096889,6.783414352006507e-06,0.0005127694542576815,0.03391707176003253,1.0176664851117496,0.0
2019-08-05,-0.002226029343404581,7.200821396301683e-07,-0.002226749425544211,0.003600410698150841,1.0154003968506313,-0.00222674942554435
2019-08-06,0.005997281218832678,8.73053441300718e-06,0.005988550684419671,0.0436526720650359,1.0214811735921512,0.0
2019-08-07,0.010488187718989822,3.6875342144868733e-06,0.010484500184775335,0.018437671072434367,1.0321908931454227,0.0
2019-08-08,-0.0002721773918484714,8.695956200110433e-07,-0.00027304698746848273,0.0043479781000552165,1.031909056531557,-0.00027304698746843936
2019-08-09,-0.004538900055974961,4.6856521433588875e-06,-0.00454358570811832,0.023428260716794436,1.0272204892902224,-0.004815392083196812
2019-08-12,-8.310997587708427e-05,1.1047016133338165e-06,-8.421467749041836e-05,0.005523508066669083,1.0271339822480052,-0.004899201233996009
2019-08-13,-0.0012629680550333632,9.800949491856198e-07,-0.001263948149982549,0.004900474745928099,1.0258357381513588,-0.0061569570476422975
2019-08-14,0.0009315755683247853,2.6814915825273735e-06,0.0009288940767422584,0.013407457912636866,1.026788630892238,-0.005233782131832343
2019-08-15,0.0027122339257402554,4.090679991470817e-06,0.0027081432457487847,0.020453399957354082,1.0295693215878006,-0.002539812717813561
2019-08-16,0.00037857185232891043,2.618937138439165e-07,0.0003783099586150665,0.0013094685692195823,1.0299588179152417,-0.0021624635956427607
2019-08-19,-0.002992445229810487,1.8774406129137473e-06,-0.0029943226704234006,0.009387203064568736,1.0268747888771557,-0.005150311152297693
2019-08-20,-7.406021366136793e-05,2.6520518840532114e-06,-7.67122655454212e-05,0.013260259420266055,1.0267960149856694,-0.005226628325806337
2019-08-21,0.0017782770292665315,7.930390709031232e-07,0.0017774839901956285,0.003965195354515616,1.0286211284635032,-0.003458434583782477
2019-08-22,-0.00151370184280707,5.31003530848162e-07,-0.001514232846337918,0.00265501765424081,1.0270635565643467,-0.004967430554876695
2019-08-23,0.004342613088592602,4.86037108022655e-07,0.004342127051484579,0.002430185540113275,1.0315231970168985,-0.0006468727179809175
2019-08-26,0.001469182940945251,5.519735321444924e-06,0.0014636632056238062,0.02759867660722462,1.0330329995661196,0.0
2019-08-27,0.0019606790838907107,4.9497984417314264e-05,0.0019111810994733966,0.24748992208657133,1.0350073127100228,0.0
2019-08-28,-0.002059655509852588,4.228527122921405e-07,-0.00206007836256488,0.0021142635614607025,1.0328751165400125,-0.0020600783625648322
2019-08-29,-0.004976551799972867,2.51556042583917e-07,-0.004976803356015451,0.0012577802129195848,1.0277347001936714,-0.00702662911367169
2019-08-30,0.0014979849366972056,4.221457713019466e-06,0.0014937634789841862,0.021107288565097332,1.0292698927549055,-0.005543361756637832
2019-09-03,0.007102462390221145,2.101840956942788e-06,0.007100360549264202,0.01050920478471394,1.0365780800959679,0.0
2019-09-04,-0.004063680244976753,5.451075536336603e-06,-0.004069131320513091,0.027255377681683013,1.032360107764092,-0.00406913132051312
2019-09-05,-0.008260189628433705,1.433849965716305e-06,-0.008261623478399423,0.007169249828581525,1.0238311372596252,-0.012297137168058359
2019-09-06,-0.0018479016595582165,3.251956982782198e-06,-0.0018511536165409987,0.016259784913910988,1.0219358685471598,-0.014125526894657514
2019-09-09,-0.003386277640369398,2.109555971148661e-06,-0.0033883871963405468,0.010547779855743303,1.0184731541346934,-0.017466051336526678
2019-09-10,-0.002270031162728746,1.0708701919318165e-06,-0.002271102032920678,0.005354350959659082,1.016160097683863,-0.01969748618474987
2019-09-11,0.0014951786043357028,1.4927423449603875e-06,0.0014936858619907425,0.0074637117248019386,1.0176779216552925,-0.018233222179390052
2019-09-12,0.0013368510766059607,6.393828903599732e-05,0.0012729127875699634,0.31969144517998654,1.018973336895395,-0.016983518693490907
2019-09-13,-0.0026012171322349004,1.1520335882809885e-05,-0.0026127374681177104,0.05760167941404942,1.0163110270790754,-0.01955188268597785
2019-09-16,-0.012555808309324575,6.341512704503034e-07,-0.012556442460595023,0.0031707563522515164,1.0035497761454888,-0.03186282305663002
2019-09-17,0.003988277438429516,1.237168918088414e-05,0.003975905749248631,0.0618584459044207,1.0075397954701228,-0.028013600888759482
2019-09-18,0.001565505480315148,2.692216210200693e-06,0.0015628132641049472,0.013461081051003465,1.0091143920265973,-0.026494567651698775
2019-09-19,-0.0010878790620276447,1.8765656133400338e-06,-0.0010897556276409847,0.009382828066700169,1.0080147039389526,-0.027555450675139426
2019-09-20,0.003352561813290046,1.9445986000891676e-06,0.003350617214689957,0.009722993000445837,1.0113921753586312,-0.02429716122784009
2019-09-23,0.0012257143735563214,3.8805196615517016e-07,0.001225326321590166,0.0019402598307758506,1.0126314608125486,-0.023101606857442114
2019-09-24,0.0013499061850815717,5.7511286748694754e-06,0.0013441550564067023,0.028755643374347377,1.0139925945108763,-0.02178850394270404
2019-09-25,-0.003446430266760077,5.465288538917646e-07,-0.003446976795613969,0.0027326442694588227,1.0104973855666728,-0.025160376270816465
2019-09-26,0.00048367726041126537,2.19883038380106e-05,0.0004616889565732548,0.10994151919005299,1.010963921050235,-0.024710303582110682
2019-09-27,-0.002779310573149656,1.2667746777391687e-07,-0.0027794372506174296,0.0006333873388695843,1.0081540102690376,-0.02742106009447809
2019-09-30,-0.00515060990528394,2.761703288318887e-07,-0.0051508860756127725,0.0013808516441594434,1.0029611238154696,-0.03243070341347165
2019-10-01,-0.0010894320279062112,4.634780004617101e-06,-0.0010940668079108284,0.023173900023085503,1.0018638173402783,-0.03348928886522051
2019-10-02,-0.0023065892727850137,2.1395047161982995e-06,-0.0023087287775012118,0.010697523580991498,0.9995507855140475,-0.0357206999577806
2019-10-03,0.004455173501281653,2.1703013693153444e-06,0.004453003199912338,0.010851506846576722,1.0040017883604164,-0.03142676114908338
2019-10-04,0.0038807275498743284,4.86586232543846e-06,0.00387586168754889,0.024329311627192297,1.0078931604261532,-0.027672705241035933
2019-10-07,-0.0031408492225987045,7.475243880247771e-07,-0.003141596746986729,0.003737621940123885,1.004726766552048,-0.030727365507257298
2019-10-08,-0.003383774102578604,2.062620734628858e-05,-0.0034044003099248923,0.10313103673144289,1.0013062744366086,-0.0340271575645259
2019-10-09,0.0026138127062488832,4.6688777647447975e-06,0.0026091438284841385,0.023344388823723985,1.0039188265229773,-0.03150679548420221
2019-10-10,-0.001936199772874588,8.908371462310757e-07,-0.0019370906100208193,0.004454185731155379,1.0019741447908965,-0.03338285457653867
2019-10-11,-0.002138716744876431,1.6432736401842425e-06,-0.0021403600185166153,0.008216368200921212,0.9998295593917987,-0.03545176326781563
2019-10-14,0.0025704206206718446,2.2808826276444763e-06,0.0025681397380442,0.01140441313822238,1.002397261414544,-0.032974668611803315
2019-10-15,0.0010340912290952103,1.2113583063944202e-05,0.0010219776460312661,0.060567915319721,1.0034216890081524,-0.03198639033997874
2019-10-16,-1.4548606167975485e-05,8.770045898235513e-06,-2.331865206621096e-05,0.04385022949117756,1.0033982905669108,-0.03200896311253776
2019-10-17,-0.0006167532083999338,7.545659683146133e-07,-0.0006175077743682484,0.0037728298415730666,1.002778684321698,-0.03260670510333452
2019-10-18,-0.0006064788129799658,1.0390552963617906e-06,-0.0006075178682763276,0.0051952764818089525,1.002169478353046,-0.03319441381563493
2019-10-21,0.0008622248393404593,4.612459436573735e-07,0.000861763593396802,0.0023062297182868674,1.003033111523904,-0.032361255959568735
2019-10-22,-0.0027859555918478022,2.4420018256613106e-06,-0.0027883975936734643,0.012210009128306554,1.0002362564093559,-0.035059417504996304
2019-10-23,-0.0025876394047984943,1.5480336591573496e-06,-0.0025891874384576514,0.007740168295786748,0.9976464572587709,-0.03755782954005027
2019-10-24,0.000733512254663705,7.542641367367786e-06,0.0007259696132963374,0.03771320683683893,0.9983707182715535,-0.036859125769741374
2019-10-25,-0.00032927387135094343,7.77759377646467e-07,-0.0003300516307285899,0.003888796888232335,0.9980412043879163,-0.0371770119859024
2019-10-28,0.000733381556294948,8.757165241209286e-07,0.0007325058397708269,0.004378582620604643,0.9987722753984625,-0.03647173852451646
2019-10-29,0.0003356456196643068,5.260134840261835e-06,0.00033038548482404494,0.026300674201309174,0.9991022552608988,-0.03615340277270718
2019-10-30,0.0035542509192970327,3.477002670413393e-06,0.0035507739166266193,0.017385013352066964,1.0026498414889222,-0.032731001415643
2019-10-31,0.005928902408057057,5.778886011464968e-06,0.005923123522045591,0.028894430057324838,1.0085886603494205,-0.027001747657982578
2019-11-01,-0.003983152728738882,1.1443010818451284e-06,-0.003984297029820727,0.005721505409225641,1.0045701435456795,-0.030878461704809568
2019-11-04,-0.0005484219596740629,3.5590750833328605e-06,-0.0005519810347573957,0.017795375416664302,1.0040156398783588,-0.031413398414323335
2019-11-05,-0.007549444826895364,3.366891978866804e-08,-0.007549478495815152,0.0001683445989433402,0.9964358453956351,-0.03872572213432901
2019-11-06,0.004505359318327216,7.078679745616545e-08,0.004505288531529759,0.00035393398728082726,1.0009250763823012,-0.03439490415460633
2019-11-07,-0.006967367480360765,8.084337477163362e-07,-0.006968175914108482,0.004042168738581681,0.9939504543732268,-0.04112341032601663
2019-11-08,-0.00030213473052170277,1.5345332624040642e-06,-0.00030366926378410687,0.007672666312020321,0.9936486221705094,-0.041414591674062806
2019-11-11,-0.00042556468645378674,1.882753348650798e-06,-0.0004274474398024375,0.00941376674325399,0.9932238896108995,-0.04182433655268358
2019-11-12,0.00018835721839996803,1.420977681426472e-06,0.00018693624071854152,0.007104888407132359,0.9934095591510151,-0.04164521879621086
2019-11-13,0.0018926345734217392,9.188363878642581e-07,0.0018917157370338749,0.00459418193932129,0.995288807647381,-0.03983228397494587
2019-11-14,0.00178101329770175,0.00010013547257692031,0.0016808778251248297,0.5006773628846015,0.9969617665337506,-0.03821835935267848
2019-11-15,-0.0008646989876898237,8.84494496523336e-08,-0.0008647874371394762,0.00044224724826166795,0.9960996065227438,-0.039050096032781756
2019-11-18,-0.0009737206594997367,5.231870110457806e-05,-0.0010260393606043147,0.2615935055228903,0.995077569119369,-0.04003606845782104
2019-11-19,-0.00420640198079893,2.372423150349301e-07,-0.004206639223113965,0.0011862115751746505,0.9908916367870706,-0.044074290385020976
2019-11-20,0.0025255534322931083,2.5514322603612222e-06,0.002523002000032747,0.01275716130180611,0.9933916583685,-0.04166248790777982
2019-11-21,0.0014287391505938595,1.401310389315652e-07,0.001428599019554928,0.000700655194657826,0.9948108167176791,-0.04029340787760227
2019-11-22,-0.0008477102632279147,0.0001011258301224305,-0.0009488360933503452,0.5056291506121525,0.993866904308722,-0.04120401213123426
2019-11-25,0.0031440726676219516,3.6428251082617214e-07,0.0031437083851111255,0.0018214125541308607,0.9969913320294819,-0.03818983714456026
2019-11-26,0.0007550255202709907,4.845649388913909e-07,0.0007545409553320994,0.0024228246944569543,0.9977436028216091,-0.037464111985431314
2019-11-27,0.0019274112811370992,5.904384178550548e-08,0.0019273522372953138,0.0002952192089275274,0.9996666061867545,-0.035608966288189325
2019-11-29,-0.008350775895552585,1.2801900746141072e-07,-0.008350903914560047,0.0006400950373070535,0.9913184864118946,-0.043662503146779885
2019-12-02,0.0003348930520444219,3.5686588768019087e-06,0.00033132439316762,0.017843294384009542,0.9916469344078407,-0.04334564520597173
2019-12-03,-0.006424768770884435,1.4651379591116564e-06,-0.006426233908843547,0.007325689795558282,0.9852743792523483,-0.049493329859791935
2019-12-04,0.00758802689355376,4.4347638228869895e-08,0.007587982545915531,0.00022173819114434945,0.9927506240450529,-0.042280901836991736
2019-12-05,0.00023168273116641602,1.8964279780367439e-06,0.0002297863031883793,0.009482139890183719,0.9929787445409402,-0.04206083110593195
2019-12-06,0.007284999774477309,3.11570001601269e-07,0.007284688204475708,0.001557850008006345,1.0002122850885926,-0.035082542941684114
2019-12-09,-0.0014121391501865218,2.6600723456740585e-08,-0.0014121657509099787,0.0001330036172837029,0.9987998195559511,-0.036445166326997014
2019-12-10,2.087799578788307e-05,2.6691459851294064e-08,2.085130432803175e-05,0.00013345729925647032,0.9988206458349514,-0.036425074951923375
2019-12-11,-0.002055242136134298,8.035772675165365e-08,-0.0020553224938610498,0.00040178863375826823,0.996767747294234,-0.038405532169895173
2019-12-12,0.004771079386789079,1.0510416697881998e-07,0.0047709742826221,0.0005255208348940998,1.0015233005823219,-0.03381778969356619
2019-12-13,-0.0010880200259304569,1.492133063931145e-08,-0.0010880349472610963,7.460665319655724e-05,1.000433608230792,-0.03486902970380146
2019-12-16,0.003159067277041315,9.042724175769291e-08,0.0031589768497995575,0.0004521362087884645,1.0035939548389545,-0.031820203311611284
2019-12-17,0.0009295153316592878,2.1917298567879775e-07,0.000929296158673609,0.0010958649283939886,1.0045265908460543,-0.03092047754564342
2019-12-18,0.0010251469910788856,1.4416555600053617e-07,0.001025002825522885,0.0007208277800026808,1.0055562334399846,-0.029927168296971174
2019-12-19,3.931165518554448e-05,1.7380569751693331e-06,3.757359821037528e-05,0.008690284875846666,1.0055940158058778,-0.029890719170157953
2019-12-20,0.001669286561736836,1.514396784013558e-06,0.0016677721649528223,0.00757198392006779,1.0072711175146818,-0.028272797914627668
2019-12-23,-0.0011599087486311873,5.726782594783487e-07,-0.0011604814268906657,0.002863391297391743,1.0061021980909626,-0.02940046928465223
2019-12-24,-0.0022154545834662167,5.277000941408538e-07,-0.0022159822835603575,0.002638500470704269,1.0038726934445419,-0.03155130064914946
2019-12-26,0.000703751358919591,1.0453392231389857e-07,0.0007036468249972767,0.0005226696115694929,1.0045790652779856,-0.030869854796678475
2019-12-27,-0.001758010305076922,5.489306969802821e-08,-0.0017580651981466203,0.00027446534849014104,1.0028129497845337,-0.03257364877743518
2019-12-30,-0.0010286077054077847,1.298279301816585e-07,-0.0010287375333379663,0.0006491396509082925,1.001781318464173,-0.033568876575677975
2019-12-31,-0.0017798839050280572,1.170717564267613e-05,-0.0017915910806707335,0.058535878213380646,0.99998653598923,-0.03530032595648769
2020-01-02,0.001280557158798162,1.000245912751696e-06,0.0012795569128854103,0.00500122956375848,1.0012660756741474,-0.034065937819707015
2020-01-03,-0.0021784500667679776,1.5830627394408658e-08,-0.0021784658973953716,7.915313697204329e-05,0.9990848516740723,-0.036170192233299314
2020-01-06,-0.0011590765212627424,6.020876340829052e-06,-0.0011650973976035715,0.030104381704145255,0.9979208205134017,-0.037293147834061124
2020-01-07,-0.0031490584622596504,1.704732477342319e-07,-0.0031492289355073847,0.0008523662386711595,0.9947781393900956,-0.040324932109313316
2020-01-08,-0.00928648871342723,0.00010067309424621923,-0.009387161807673449,0.5033654712310961,0.9854399960329046,-0.049333557254393146
2020-01-09,-5.6432666522810175e-05,1.3912144828517438e-05,-7.034481135132745e-05,0.06956072414258718,0.9853706754422855,-0.049400431705966086
2020-01-10,-0.001397100970949713,2.4847271581590614e-08,-0.0013971258182212945,0.00012423635790795307,0.983993988631107,-0.05072853890561968
2020-01-13,-0.001307187994031839,3.162412598527453e-08,-0.0013072196181578245,0.00015812062992637266,0.982707692385019,-0.05196944518251967
2020-01-14,-0.0012053986713372882,5.597951492824494e-07,-0.0012059584664865705,0.0027989757464122467,0.9815225877233058,-0.053112730656589724
2020-01-15,0.0006961175912062701,6.906787895232525e-07,0.0006954269124167468,0.0034533939476162623,0.9822051649459534,-0.05245423976646357
2020-01-16,0.0031539244828955697,4.2020109056534195e-08,0.0031538824627865133,0.00021010054528267097,0.9853029245905349,-0.0494657918105752
2020-01-17,0.002477623033564334,1.2840422851290168e-08,0.0024776101931414827,6.420211425645084e-05,0.9877441211598325,-0.04711073856743553
2020-01-21,-0.0022624056341222446,5.806444048944704e-09,-0.0022624114405662933,2.9032220244723517e-05,0.9855094375597684,-0.049266566134093304
2020-01-22,-0.003605696527653205,1.3136849660126405e-07,-0.003605827896149806,0.0006568424830063202,0.9819558601378965,-0.05269474727172929
2020-01-23,-0.0009395798676115111,1.379030075598728e-06,-0.00094095889768711,0.006895150377993639,0.9810318800341638,-0.053586122578109685
2020-01-24,-0.005338601990602704,6.087071995303228e-07,-0.005339210697802234,0.003043535997651614,0.9757939441254003,-0.05863922567698909
2020-01-27,-0.006605851369264301,4.273557885258267e-07,-0.006606278725052826,0.0021367789426291334,0.9693475773522893,-0.06485811733299851
2020-01-28,0.0030700659009984164,1.9603765680613618e-07,0.0030698698633416103,0.0009801882840306808,0.9723233482671062,-0.06198735344945061
2020-01-29,-0.0014443712251328742,2.6915768050129465e-07,-0.0014446403828133757,0.0013457884025064731,0.9709186906930473,-0.0633424443982471
2020-01-30,0.00035087631247878413,4.973255448651182e-08,0.00035082657992429765,0.0002486627724325591,0.9712593147766877,-0.06301384003145505
2020-01-31,-0.00569895929854176,0.00010045270894394132,-0.005799412007485702,0.5022635447197066,0.9656265818441895,-0.0684478088184246
2020-02-03,-0.002648571749568348,1.6850459834804877e-06,-0.0026502567955518285,0.008425229917402438,0.9630674234336914,-0.07091666134351471
2020-02-04,-0.00020648239506431635,4.915186989753036e-05,-0.000255634264961847,0.2457593494876518,0.9628212304007933,-0.07115416687988052
2020-02-05,-0.00018620912655199946,5.1746996501182475e-06,-0.00019138382620211784,0.025873498250591237,0.9626369619897706,-0.0713319329493749
2020-02-06,0.0013959567066445942,4.384583561944267e-06,0.00139157212308265,0.021922917809721332,0.9639765407507245,-0.07003962435567013
2020-02-07,0.001991712032868048,4.836362399912203e-06,0.001986875670468136,0.024181811999561015,0.9658918422864442,-0.06819190871080294
2020-02-10,0.005384622780856727,6.120274155443695e-07,0.0053840107534411825,0.0030601370777218473,0.9710922143519755,-0.06317504392715856
2020-02-11,-0.0028861137372796575,5.905711801930336e-07,-0.002886704308459851,0.002952855900965168,0.9682889582728939,-0.06587938056412668
2020-02-12,-0.002194240336483342,1.2085100858854616e-06,-0.0021954488465692275,0.006042550429427307,0.966163129396308,-0.06793019460062355
2020-02-13,0.0005872227017820179,3.140668084296328e-06,0.0005840820336977216,0.015703340421481637,0.9667274479218095,-0.06738578937313766
2020-02-14,0.00035860943295134033,3.6701522017729976e-07,0.00035824241773116296,0.0018350761008864985,0.9670737707000401,-0.0670516874035123
2020-02-18,0.002399493371197838,4.6290571957927635e-07,0.002399030465478259,0.0023145285978963814,0.9693938101383144,-0.06481351597887686
2020-02-19,-0.0008117210903154338,2.3114800150888517e-07,-0.0008119522383169427,0.0011557400075444257,0.9686067086643619,-0.0655728427378216
2020-02-20,-6.81129241363182e-05,2.0374187065159283e-06,-7.015034284283414e-05,0.010187093532579641,0.9685387605716692,-0.06563839312326525
2020-02-21,0.004116964169393985,1.3802064506486356e-06,0.004115583962943337,0.006901032253243178,0.972524863162167,-0.061792949478413295
2020-02-24,0.003153101666995968,1.7936928594666947e-06,0.0031513079741365014,0.008968464297333473,0.975589588518496,-0.058836370118713566
2020-02-25,-0.004283296996575136,1.0185821123261838e-05,-0.004293482817698397,0.05092910561630919,0.9714009113830664,-0.06287723999225148
2020-02-26,0.0009424096753034478,9.17237395189719e-06,0.0009332373013515507,0.045861869759485946,0.972307458948136,-0.062002682076666704
2020-02-27,-0.003718280608362951,1.43721152654612e-06,-0.0037197178198894974,0.0071860576327306,0.9686907495666751,-0.06549176741515472
2020-02-28,-0.002983597667227773,8.126142902792742e-06,-0.0029917238101305667,0.0406307145139637,0.9657926943865432,-0.0682875579453418
2020-03-02,0.0038935422517987254,1.85571822765052e-05,0.0038749850695222196,0.09278591138252601,0.9695351266575448,-0.06467718614329188
2020-03-03,0.002537622205576922,6.3114418017897555e-06,0.0025313107637751327,0.031557209008948775,0.9719893213595112,-0.062309593436971844
2020-03-04,0.005079771266779703,3.318077638019651e-06,0.005076453189141683,0.016590388190098254,0.9769235796497383,-0.05754945198214756
2020-03-05,0.0014752701058387606,2.8396561470981605e-06,0.0014724304496916624,0.0141982807354908,0.9783620316754363,-0.05616175909791743
2020-03-06,0.00951296307650894,1.4054491411640226e-06,0.009511557627367778,0.007027245705820112,0.987667778520146,-0.0471843872786637
2020-03-09,0.01113487152168463,4.4134677711930865e-06,0.011130458053913437,0.022067338855965436,0.9986609733001662,-0.0365791130681552
2020-03-10,-0.004405880518244648,9.170237004999951e-06,-0.004415050755249648,0.045851185024999755,0.994251834415759,-0.04083266518262685
2020-03-11,0.0020678169309686347,2.9217237129286176e-05,0.0020385996938393483,0.1460861856464309,0.9962787159009981,-0.03887730694752756
2020-03-12,0.003442206600440165,7.449383975355849e-07,0.0034414616620426297,0.0037246919876779243,0.9997073709064804,-0.035569640046868356
2020-03-13,-0.012316424040738006,4.578216051741668e-06,-0.012321002256789747,0.022891080258708344,0.9873899741334123,-0.04745238868836743
2020-03-16,0.009785958991600298,4.918596316880473e-06,0.009781040395283417,0.024592981584402363,0.997047675356309,-0.03813548202369765
2020-03-17,-0.0007987184058992781,1.310247153731512e-06,-0.0008000286530530096,0.00655123576865756,0.996250008647564,-0.038905001198433875
2020-03-18,0.002304881118078299,8.926030551512498e-07,0.002303988515023148,0.004463015275756248,0.9985453572255796,-0.03669064935934896
2020-03-19,-0.003682400670711291,3.849162052926638e-06,-0.0036862498327642178,0.019245810264633192,0.9948644695694993,-0.04024164829204824
2020-03-20,0.0038873075161608506,1.571001380882305e-06,0.003885736514779968,0.007855006904411526,0.9987302507661626,-0.03651228021945174
2020-03-23,0.01059152780422699,1.3745984173027368e-06,0.010590153205809687,0.006872992086513683,1.009306957133053,-0.026308797655059446
2020-03-24,-0.0008724710481949466,4.4433639131489435e-06,-0.0008769144121080952,0.022216819565744717,1.008421881316102,-0.02716264150333858
2020-03-25,-0.002068908373161172,3.351884357994904e-06,-0.002072260257519167,0.01675942178997452,1.006332168728638,-0.02917861369838126
2020-03-26,0.0008266603584217818,2.4611818862763995e-07,0.0008264142402331543,0.0012305909431381996,1.00716381596328,-0.028376313080018645
2020-03-27,0.0017178988413627725,2.0199842920168024e-07,0.001717696842933571,0.001009992146008401,1.0088938180702771,-0.026707358140476645
2020-03-30,0.0008868147835226964,2.1173953380132875e-06,0.0008846973881846829,0.010586976690066436,1.0097863837960794,-0.025846288682284335
2020-03-31,-0.0017624508476623039,2.563936753671288e-07,-0.001762707241337671,0.001281968376835644,1.008006426025158,-0.027563436483399983
2020-04-01,0.001953893054943347,4.5390176378070915e-07,0.001953439153179566,0.0022695088189035456,1.0099755052444122,-0.02566384082624318
2020-04-02,-0.0033544428162675553,4.652356852678577e-08,-0.0033544893398360824,0.00023261784263392885,1.0065875531785742,-0.028932241085608434
2020-04-03,-0.0006626279734656237,1.0000139036812208e-06,-0.000663627987369305,0.005000069518406104,1.0059195535065473,-0.029576668828055985
2020-04-06,-0.0002740341688267176,1.3507399786460661e-06,-0.0002753849088053637,0.00675369989323033,1.0056425384420393,-0.029843908768613425
2020-04-07,0.00024684265218351536,1.593760744829076e-06,0.0002452488914386861,0.007968803724145379,1.0058891711597757,-0.02960597906271656
2020-04-08,-0.002311730238367161,2.5710361323890475e-06,-0.00231430127449955,0.012855180661945236,1.0035612405689553,-0.03185176318213845
2020-04-09,0.004705999536780685,1.2186044352900524e-07,0.004705877676337155,0.0006093022176450261,1.008283877007786,-0.027295776007112083
2020-04-13,0.0005561313301804538,8.430036775318055e-07,0.0005552883265029221,0.004215018387659027,1.0088437652744895,-0.026755644706388804
2020-04-14,0.001277654258466994,2.0253234949318936e-06,0.0012756289349720618,0.010126617474659469,1.0101306755723398,-0.025514146045978014
2020-04-15,0.0016719346800840107,1.724790062633979e-06,0.0016702098900213767,0.008623950313169895,1.0118178058168947,-0.02388655013501806
2020-04-16,-0.0003699728919946512,2.2934476328953792e-07,-0.00037020223675794076,0.0011467238164476895,1.0114432286019897,-0.024247909517487787
2020-04-17,-0.0019618679163389196,1.640942071123433e-06,-0.0019635088584100432,0.008204710355617165,1.0094572508628508,-0.026163807390762295
2020-04-20,0.06987833781797637,1.133994492869276e-06,0.06987720382348349,0.00566997246434638,1.0799953009324874,0.0
2020-04-21,0.004188054440980974,4.007775526421477e-06,0.004184046665454553,0.020038877632107384,1.0845140516700607,0.0
2020-04-22,-1.9994447578089783e-05,3.2854265549006767e-06,-2.3279874132990565e-05,0.016427132774503382,1.0844888043194423,-2.3279874132975387e-05
2020-04-23,-0.00011899432976350966,5.215216385523149e-06,-0.00012420954614903292,0.026076081927615746,1.084354100457254,-0.00014748652869944756
2020-04-24,-0.0016188258294147191,6.697566172718598e-07,-0.001619495586031991,0.0033487830863592983,1.0825979937778678,-0.0017667432609492772
2020-04-27,-0.0018527187862833194,1.0018044240714125e-06,-0.0018537205907073909,0.005009022120357062,1.0805911595853432,-0.0036171888032953126
2020-04-28,0.0006908264226575328,1.1084505259797876e-06,0.0006897179721315531,0.005542252629898937,1.0813364627286357,-0.0029299656712900024
2020-04-29,-0.003003858764783607,4.175904171276172e-07,-0.0030042763552007344,0.002087952085638086,1.0780878291616436,-0.005925439599902993
2020-04-30,-0.0008439045075342012,1.4636355540128352e-06,-0.0008453681430882138,0.007318177770064176,1.0771764480554191,-0.006765798565119829
2020-05-01,0.002528879692486774,2.111588594400391e-06,0.002526768103892374,0.010557942972001954,1.0798982231466296,-0.004256126065239063
2020-05-04,0.0009022279946881288,2.382767254624309e-06,0.0008998452274335045,0.011913836273121543,1.0808699644088422,-0.003360110692532614
2020-05-05,-0.0018494230512218026,3.1162715285569855e-07,-0.0018497346783746583,0.0015581357642784925,1.0788706417528615,-0.005203630057636244
2020-05-06,-0.0012388924508994188,5.252441071684668e-06,-0.0012441448919711033,0.02626220535842334,1.077528370354827,-0.006441300879851397
2020-05-07,0.002756926174450686,4.82545070603056e-07,0.0027564436293800827,0.0024127253530152794,1.080498516566768,-0.0037026123332464245
2020-05-08,-0.0033414007011010748,2.4961718069638184e-06,-0.0033438968729080387,0.01248085903481909,1.0768854409560387,-0.007034128052351707
2020-05-11,-0.0016794713683080183,6.653526848150137e-06,-0.0016861248951561682,0.03326763424075068,1.0750696776048114,-0.008708392529083175
2020-05-12,0.0037437634925135974,2.39095235733349e-07,0.0037435243972778636,0.001195476178666745,1.0790942271716988,-0.0049974682116988856
2020-05-13,0.002855751431605721,3.717167866477646e-07,0.002855379714819073,0.001858583933238823,1.082175450938343,-0.00215635816623716
2020-05-14,0.0011586269301330446,1.9031089899143398e-06,0.0011567238211431304,0.009515544949571698,1.0834272290610998,-0.0010021286559517284
2020-05-15,0.0010797431854522469,1.2578649766910627e-06,0.0010784853204755555,0.006289324883455313,1.0845956894234456,0.0
2020-05-18,-0.007703046661108734,3.587703282912863e-06,-0.0077066343643916475,0.017938516414564315,1.076237107011864,-0.0077066343643915625
2020-05-19,0.002604890591387026,2.934052280752732e-06,0.0026019565391062734,0.014670261403763658,1.0790374291900822,-0.00512473015296433
2020-05-20,-0.0013916137443063734,4.432881530599872e-06,-0.001396046625836973,0.02216440765299936,1.0775310426279097,-0.0065136224165628365
2020-05-21,-0.0026176896483496815,8.562410672203372e-06,-0.0026262520590218845,0.042812053361016865,1.0747011745085482,-0.009122768061301523
2020-05-22,0.001483448201613958,3.86122433579926e-06,0.0014795869772781588,0.0193061216789963,1.0762912883708164,-0.007656679012843615
2020-05-26,-0.005897047847094198,8.442545145093892e-07,-0.005897892101608708,0.0042212725725469455,1.0699434384821038,-0.013509412847778068
2020-05-27,0.00032690856907447135,3.280343516026184e-06,0.00032362822555844525,0.01640171758013092,1.0702897023785478,-0.013190156649527829
2020-05-28,-0.0007236834675246686,3.651213670737619e-07,-0.0007240485888917424,0.0018256068353688093,1.0695147606298352,-0.013904654924110194
2020-05-29,0.001698249104257946,2.029056612438598e-06,0.0016962200476455071,0.010145283062192988,1.0713288930080684,-0.012232020230902418
2020-06-01,-0.0004377158060823151,2.4263402649927767e-06,-0.00044014214634730784,0.012131701324963884,1.070857356009656,-0.01266677854961129
2020-06-02,-0.003955922698109856,3.416718803099496e-06,-0.0039593394169129565,0.01708359401549748,1.0666174682701157,-0.016575965890927358
2020-06-03,-0.006292970928518694,2.3017729948929672e-07,-0.006293201105818184,0.0011508864974464836,1.0599050300393131,-0.02276485110987092
2020-06-04,0.0016295673404079425,5.060427649700061e-06,0.0016245069127582422,0.025302138248500305,1.0616268530874793,-0.021177325855108453
2020-06-05,-0.004818422701860092,5.730704825671478e-05,-0.004875729750116807,0.2865352412835739,1.0564506474563577,-0.025949800687525615
2020-06-08,0.006096159875643633,1.880725902906229e-06,0.006094279149740728,0.009403629514531144,1.062888952609881,-0.02001366686705497
2020-06-09,0.00040013641043847655,1.7870638835994268e-06,0.0003983493465548771,0.008935319417997134,1.0633123537296136,-0.01962328995161866
2020-06-10,-0.0005455923230771118,8.302734297630566e-07,-0.0005464225965068751,0.004151367148815283,1.0627313358323909,-0.020158989939078165
2020-06-11,-0.010160028882910009,2.4274318325317594e-05,-0.010184303201235327,0.12137159162658798,1.05190815768682,-0.03013798787454336
2020-06-12,-3.79822757590085e-05,1.1460153743828007e-05,-4.944242950283631e-05,0.05730076871914003,1.05185614879189,-0.030185940208705242
2020-06-15,0.001670542794899965,1.9774408925031753e-06,0.0016685653540074615,0.009887204462515876,1.053611239519164,-0.028567742068708157
2020-06-16,0.004052750922272615,1.0565346172500726e-06,0.004051694387655364,0.005282673086250363,1.0578801502650943,-0.024631795441260596
2020-06-17,-0.000749290652460824,3.2752876867524094e-06,-0.0007525659401475765,0.016376438433762047,1.0570840256952465,-0.02536582433111445
2020-06-18,0.0009632210636182669,7.274087311813032e-07,0.0009624936548870855,0.003637043655906516,1.0581014623626608,-0.024427745121196942
2020-06-19,0.005357267653998901,5.387551070932236e-07,0.005356728898891808,0.0026937755354661183,1.0637694250440586,-0.01920186903053056
2020-06-22,-0.0005776406716239643,1.1971731426223222e-06,-0.0005788378447665866,0.005985865713111611,1.0631536750427375,-0.01976959210681206
2020-06-23,0.001817401666219261,1.2173459273236613e-06,0.0018161843202919373,0.006086729636618306,1.0650845580774109,-0.017989313009723062
2020-06-24,-0.006452389169504603,3.004641963394197e-06,-0.006455393811467997,0.015023209816970987,1.0582090178125079,-0.024328578721315552
2020-06-25,0.0015010589499070037,1.516978879413043e-06,0.0014995419710275907,0.007584894397065216,1.0597958466488375,-0.02286551847517604
2020-06-26,-0.0009502190089895638,2.8134534413254976e-07,-0.0009505003543336967,0.0014067267206627487,1.0587885103210763,-0.02379428514609716
2020-06-29,0.0037722473259275695,2.736790285158031e-06,0.0037695105356424113,0.013683951425790153,1.0627796247657486,-0.020114467419001136
2020-06-30,0.0025877889513113393,4.7272563297783565e-07,0.002587316225678361,0.0023636281648891783,1.0655293717332255,-0.01757919368124683
2020-07-01,-0.0013109280565217756,4.885060960016424e-07,-0.0013114165626177774,0.002442530480008212,1.0641320188671788,-0.018867556598113566
2020-07-02,0.0036446263406656786,2.0047723822671587e-06,0.0036426215682834116,0.010023861911335794,1.0680082491106053,-0.015293662398435215
2020-07-06,0.0017568783514088073,1.3589352446158844e-06,0.0017555194161641917,0.0067946762230794225,1.0698831583285426,-0.013564991303555707
2020-07-07,0.0013552961701570568,9.122335341006442e-06,0.0013461738348160505,0.04561167670503221,1.0713234070425948,-0.012237078305102123
2020-07-08,0.00293999498063928,6.64126069334911e-07,0.0029393308545699447,0.003320630346674555,1.074472380988138,-0.009333716272364123
2020-07-09,-0.004566194135426787,2.0904076005506813e-07,-0.004566403176186841,0.0010452038002753405,1.0695659068948689,-0.01385749793691915
2020-07-10,0.002195877809236615,3.731982006918017e-07,0.002195504611035923,0.0018659910034590083,1.0719141437752635,-0.011692417526500964
2020-07-13,-0.0006441046243369944,1.3206748431535736e-05,-0.0006573113727685303,0.06603374215767867,1.0712095624179288,-0.012342043340254016
2020-07-14,0.0024126100205484166,7.303607220521731e-07,0.002411879659826364,0.0036518036102608648,1.073793190972936,-0.009959931203720851
2020-07-15,0.0036480019311341313,4.531671803532145e-07,0.003647548763953778,0.0022658359017660723,1.0777099039994111,-0.006348711774518345
2020-07-16,-0.003693860598872452,1.4475916529043594e-06,-0.0036953081905253555,0.007237958264521796,1.0737274337641518,-0.010020559518424066
2020-07-17,0.0017108604417755777,3.253378924008649e-07,0.0017105351038831768,0.0016266894620043243,1.0755640822316077,-0.008327164933357833
2020-07-20,0.003111832693830992,3.6912854376206785e-07,0.0031114635652872303,0.0018456427188103391,1.078910660685603,-0.005241611038362848
2020-07-21,0.006796511259798374,1.4029239523339065e-06,0.00679510833584604,0.007014619761669533,1.0862419755096608,0.0
2020-07-22,0.003644320612642062,2.474234986985055e-06,0.003641846377655077,0.012371174934925275,1.0901979019134276,0.0
2020-07-23,-0.0003140016480974086,3.5585205771640483e-08,-0.0003140372333031798,0.0001779260288582024,1.0898555391805578,-0.0003140372333031438
2020-07-24,0.00026048810000117674,8.149676578823753e-06,0.000252338423422353,0.040748382894118765,1.0901305516090727,-6.177805354123933e-05
2020-07-27,0.006742479145761536,1.1561145700288073e-06,0.006741323031191507,0.005780572850144036,1.0974794738036404,0.0
2020-07-28,-0.0006585820144389054,5.76049729368488e-06,-0.0006643425117325904,0.0288024864684244,1.0967503715334388,-0.0006643425117325297
2020-07-29,0.004532858239025868,1.7136717820117665e-06,0.004531144567243857,0.008568358910058832,1.1017199060210352,0.0
2020-07-30,-0.00538337376807102,9.215331349491818e-07,-0.00538429530120597,0.004607665674745909,1.095787920707801,-0.005384295301206099
2020-07-31,0.004732838437144215,2.6548663728863253e-06,0.004730183570771328,0.013274331864431624,1.1009711987273827,-0.0006795804356086732
2020-08-03,0.004005831972662737,1.2604869442480793e-06,0.004004571485718489,0.006302434721240396,1.1053801165964037,0.0
2020-08-04,0.007901215868634601,2.3415365244538804e-06,0.007898874332110147,0.0117076826222694,1.114111375226612,0.0
2020-08-05,0.005780094628295536,3.6321561113487585e-06,0.005776462472184187,0.01816078055674379,1.120546997775442,0.0
2020-08-06,0.004010064402399325,2.2797668332465688e-06,0.0040077846355660775,0.011398834166232844,1.1250379088165563,0.0
2020-08-07,-0.007534271944264085,5.2974109938030015e-06,-0.007539569355257888,0.026487054969015003,1.1165556074757395,-0.007539569355258013
2020-08-10,0.004132684048991692,8.610886172933697e-06,0.004124073162818758,0.04305443086466848,1.1211603644913248,-0.00344658992807656
2020-08-11,-0.013231157100272346,2.4019917209761325e-07,-0.013231397299444444,0.001200995860488066,1.1063258462723502,-0.016632384026854297
2020-08-12,0.006185326669121888,1.550896043888002e-05,0.006169817708683007,0.07754480219440009,1.113151675070255,-0.010565185095677831
2020-08-13,-0.00029859139060777113,3.4151711523319476e-07,-0.0002989329077230044,0.0017075855761659736,1.1128189174032896,-0.010860959721899488
2020-08-14,-0.002184147525216594,2.5907966316607855e-07,-0.00218440660487976,0.0012953983158303928,1.1103880684100789,-0.013021641574627263
2020-08-17,0.00748537931276678,6.663779166618256e-07,0.007484712934850118,0.0033318895833091278,1.118699004348411,-0.005634391888903689
2020-08-18,0.0015459228041618971,2.0348093667623664e-06,0.0015438879947951348,0.010174046833811831,1.1204261503110138,-0.004099202764103915
2020-08-19,-0.0035068608911369824,1.9896173224353164e-06,-0.003508850508459418,0.009948086612176582,1.1164947424438039,-0.007593669782860135
2020-08-20,-0.001609374324511712,1.2725279452727695e-06,-0.0016106468524569846,0.006362639726363847,1.114696463701102,-0.009192085914982662
2020-08-21,0.00017535470418535306,1.285002753373374e-06,0.00017406970143197972,0.006425013766866869,1.1148904985817258,-0.009019616277201381
2020-08-24,0.0029415779172500527,1.4504230575956012e-07,0.002941432874944293,0.0007252115287978006,1.1181698741462172,-0.006104713998094313
2020-08-25,0.0020145439917384385,6.98005382071737e-07,0.0020138459863563666,0.0034900269103586845,1.1204216960593312,-0.004103161965520741
2020-08-26,0.004657007985715387,6.560277716094188e-08,0.004656942382938225,0.00032801388580470936,1.1256394353424732,0.0
2020-08-27,-0.0024850554280553615,5.404268549053071e-07,-0.002485595854910267,0.0027021342745265353,1.1228415506278624,-0.002485595854910372
2020-08-28,0.0042700560825920135,4.882099800626736e-06,0.004265173982791386,0.024410499003133676,1.1276306651963977,0.0
2020-08-31,-0.001239059667738819,8.499771551209679e-07,-0.0012399096448939399,0.004249885775604839,1.1262325050587425,-0.001239909644893955
2020-09-01,0.0029018589063916213,6.791877008371638e-07,0.002901179718690784,0.0033959385041858192,1.1294999079609493,0.0
2020-09-02,-0.0029177031998950443,2.0556271842578773e-06,-0.002919758827079302,0.010278135921289386,1.126202040634495,-0.0029197588270793995
2020-09-03,-0.008737907353996389,3.938006377270851e-06,-0.00874184536037366,0.01969003188635425,1.116356956550731,-0.011636080107297109
2020-09-04,-0.009670190874022747,1.1165903460388315e-05,-0.009681356777483134,0.05582951730194158,1.105549106563338,-0.02120478384177027
2020-09-08,-0.012808803074233018,6.7426643147513654e-06,-0.01281554573854777,0.033713321573756824,1.091380891421965,-0.03374857870311776
2020-09-09,0.006869820083471695,1.2156469651866768e-05,0.006857663613819828,0.06078234825933383,1.0988652144498876,-0.027122351489488494
2020-09-10,-0.0033267924507846985,1.0655698786000637e-05,-0.0033374481495706985,0.05327849393000318,1.0951978087732943,-0.030369280197268478
2020-09-11,-0.0012773090204328654,1.6415809968019255e-06,-0.0012789506014296674,0.008207904984009626,1.0937971048770792,-0.031609389989525005
2020-09-14,0.003272162524953056,3.5609053186511363e-07,0.0032718064344211912,0.0017804526593255682,1.0973757972827674,-0.028441003360659578
2020-09-15,0.0034416002842284636,1.2198632852416624e-06,0.003440380420943222,0.006099316426208312,1.101151187490156,-0.025098470810830165
2020-09-16,0.003698698751115363,4.944912685695133e-06,0.0036937538384296683,0.024724563428475663,1.105218568915639,-0.021497424545296906
2020-09-17,-0.001667861415479212,2.476303022980353e-06,-0.0016703377185021925,0.012381515114901764,1.1033724806527903,-0.023131854304730415
2020-09-18,0.0011272126361922853,3.6125431081324936e-06,0.001123600093084153,0.018062715540662466,1.104612230074758,-0.022034245165296396
2020-09-21,-0.011791875731378701,1.5903529392240158e-06,-0.011793466084317925,0.007951764696120078,1.0915850232030486,-0.03356785112656391
2020-09-22,0.0010056721933738811,9.543562466895817e-06,0.000996128630906985,0.04771781233447908,1.0926723822977304,-0.032605160393242016
2020-09-23,-0.006096784342534554,2.814276304478669e-07,-0.006097065770165002,0.0014071381522393345,1.0860102869176183,-0.038503430356042756
2020-09-24,0.0018195266779972422,3.385940897040474e-06,0.001816140737100202,0.016929704485202368,1.0879826344405992,-0.03675721726733028
2020-09-25,0.0010568006502561242,2.3103690679287886e-06,0.0010544902811881953,0.011551845339643943,1.0891299015547182,-0.03574148711451408
2020-09-28,0.004311828809987128,1.4020336386465273e-06,0.004310426776348481,0.007010168193232635,1.0938245162453015,-0.03158512140125047
2020-09-29,-7.191768639535842e-05,5.626512127118933e-06,-7.754419852247724e-05,0.02813256063559466,1.0937396964998651,-0.03166021635684857
2020-09-30,0.0011137808499486843,2.1411950034058102e-06,0.0011116396549452788,0.010705975017029051,1.0949555409186822,-0.030583771453889685
2020-10-01,0.00031036520836478913,4.126903008828314e-07,0.00030995251806390607,0.002063451504414157,1.095294925145758,-0.030283298452799867
2020-10-02,-0.004882634718905619,1.8794386807846482e-06,-0.0048845141575864035,0.00939719340392324,1.089944941577151,-0.03501989341035516
2020-10-05,-0.0009315362582796086,2.8262490779444274e-05,-0.000959798749059053,0.14131245389722136,1.0888988137856819,-0.03594608010952682
2020-10-06,-0.0047131670287214045,1.817779193260319e-06,-0.004714984807914665,0.009088895966301594,1.0837646724213261,-0.040491579695820956
2020-10-07,0.0011959529052537707,3.5428960431675555e-06,0.0011924100092106035,0.017714480215837776,1.0850569642643502,-0.03934745225152836
2020-10-08,0.0001864996474855707,9.127636263926544e-07,0.00018558688385917797,0.004563818131963271,1.0852583366051576,-0.03916916773872048
2020-10-09,0.005627155419029998,1.7788329011614231e-06,0.005625376586128836,0.008894164505807114,1.0913633234417974,-0.03376413247168708
2020-10-12,0.005045435789213412,2.794389548618334e-06,0.005042641399664794,0.01397194774309167,1.0968666773186606,-0.02889175148424805
2020-10-13,-0.002740305509415948,2.6887314272217356e-05,-0.0027671928236881653,0.13443657136108678,1.0938314357206418,-0.03157899526056507
2020-10-14,0.001505502029986274,2.6441768483168982e-06,0.001502857853137957,0.01322088424158449,1.0954753088838238,-0.030123596148448617
2020-10-15,-0.0003728238512999843,1.331975384992043e-06,-0.0003741558266849763,0.006659876924960215,1.0950654304140155,-0.030486481056113846
2020-10-16,-0.0007958095094941994,2.847114527353431e-05,-0.0008242806547677338,0.14235572636767155,1.0941627891640204,-0.031285632294315024
2020-10-19,-0.0009229358907648971,0.00010048914829100501,-0.001023425039055902,0.5024457414550251,1.0930429955687866,-0.0322770388339183
2020-10-20,0.00016141093050382667,1.0251001119940475e-05,0.00015115992938388625,0.05125500559970238,1.0932082198708104,-0.032130757899445195
2020-10-21,0.004337428845117111,2.8093300341626714e-07,0.004337147912113695,0.0014046650170813357,1.0979496256191286,-0.027932965836869772
2020-10-22,-0.0026403828191147237,1.1833070599329327e-05,-0.002652215889714053,0.05916535299664663,1.0950376261759558,-0.03051109747074454
2020-10-23,0.00155507087914664,3.215172615069556e-06,0.0015518557065315707,0.01607586307534778,1.0967369665650037,-0.029006590584935488
2020-10-26,-0.0015869704058008808,2.5426762067320475e-06,-0.0015895130820076126,0.012713381033660237,1.0949936888091274,-0.030549997311743904
2020-10-27,-0.0019851653394716657,2.14564279801123e-06,-0.0019873109822696774,0.010728213990056149,1.092817595825841,-0.03247659594884755
2020-10-28,-0.007362841433165957,2.3378487846754586e-06,-0.0073651792819506325,0.011689243923377293,1.0847687983101133,-0.03960257927916766
2020-10-29,0.0033457619771941746,1.4694011683828159e-05,0.0033310679655103466,0.0734700584191408,1.0883822369041491,-0.036403430196845776
2020-10-30,0.000759550262069949,2.5942588211596813e-06,0.0007569560032487893,0.012971294105798406,1.089206094372203,-0.03567402998862346
2020-11-02,0.0011524627117752134,1.532173717702412e-06,0.001150930538057511,0.00766086858851206,1.0904596949284544,-0.03456415778109534
2020-11-03,0.0036566077006202876,2.168923368225731e-06,0.0036544387772520625,0.010844616841128654,1.0944447131226316,-0.031036031602341474
2020-11-04,-0.0030343967508797923,2.6281821273546118e-06,-0.0030370249330071465,0.013140910636773057,1.0911208572410802,-0.03397879933355075
2020-11-05,0.009754339262436894,2.2968921354890624e-06,0.009752042370301407,0.01148446067744531,1.101761514072015,-0.024558119654041977
2020-11-06,0.004101062224093205,9.581575572270673e-06,0.004091480648520935,0.047907877861353365,1.1062693499861256,-0.020567118076849744
2020-11-09,-0.012345033286400159,3.304101399240106e-06,-0.012348337387799401,0.01652050699620053,1.0926087628107153,-0.0326614857515416
2020-11-10,0.00012463287908036358,1.6433607493695224e-05,0.00010819927158666831,0.08216803746847612,1.0927269822829806,-0.03255682042892216
2020-11-11,-0.0003807866505115224,6.941029529481725e-07,-0.0003814807534644706,0.003470514764740862,1.0923101279704484,-0.032925881381999034
2020-11-12,-0.0027793248078598056,5.248462784214618e-05,-0.002831809435701952,0.2624231392107309,1.089216913843349,-0.035664450996124475
2020-11-13,0.0025516534087430195,6.265362307895886e-07,0.0025510268725122288,0.003132681153947943,1.0919955354605582,-0.0332044050964968
2020-11-16,-0.00013742950354098322,8.32205934364906e-07,-0.00013826170947534803,0.00416102967182453,1.091844554291086,-0.0333380759081614
2020-11-17,-0.0010390265768168523,6.615069167513782e-07,-0.0010396880837336036,0.003307534583756891,1.0907093765187001,-0.03434310279163855
2020-11-18,-0.001188234541588208,2.6937022304481254e-07,-0.0011885039118112526,0.0013468511152240625,1.0894130641580584,-0.03549078979143827
2020-11-19,0.001231755018709377,1.147706868838204e-06,0.001230607311840539,0.005738534344191019,1.0907537038404258,-0.034303857705018204
2020-11-20,-0.0026189799066195798,3.4645102765265694e-07,-0.0026193263576472325,0.0017322551382632848,1.087896663914255,-0.03683333106400977
2020-11-23,0.002305354471424521,5.454320602588312e-07,0.0023048090393642615,0.0027271603012941556,1.090404057979139,-0.03461341581903166
2020-11-24,0.0019794288235965678,2.4774858714972538e-06,0.0019769513377250704,0.012387429357486268,1.0925597337402215,-0.03270489352001338
2020-11-25,-0.00136213136678885,1.3511234846927484e-06,-0.0013634824902735427,0.006755617423463742,1.0910700476736888,-0.03402378346062618
2020-11-27,0.0018769877714192858,1.0398719331486103e-05,0.0018665890520877994,0.051993596657430516,1.0931066270797372,-0.0322207028302568
2020-11-30,-0.0004942079277262747,2.8074895368444266e-05,-0.000522282823094719,0.14037447684222132,1.0925357162646023,-0.03272615733371531
2020-12-01,-0.0007596532499513633,2.076617267293521e-06,-0.0007617298672186563,0.010383086336467603,1.0917034991785204,-0.033462958709453705
2020-12-02,0.0007330127886087777,1.5746779804473254e-06,0.0007314381106283304,0.007873389902236627,1.0925020127233258,-0.032755996682119815
2020-12-03,-0.0007478061904332059,2.071238507207429e-06,-0.0007498774289404134,0.010356192536037145,1.0916827701229126,-0.03348131112848596
2020-12-04,0.0035332844439286038,4.46638360402423e-06,0.00352881806032458,0.022331918020121147,1.0955351199982675,-0.030070642523554958
2020-12-07,-0.003715230863796251,6.9362760711810746e-06,-0.003722167139867432,0.03468138035590537,1.0914573551740392,-0.03368088170594652
2020-12-08,-0.00030475655185538533,2.3808547866444015e-06,-0.00030713740664202975,0.011904273933222007,1.0911221277925107,-0.03397767445392785
2020-12-09,0.00174377061955967,2.0883962816696487e-05,0.0017228866567429737,0.10441981408348243,1.0930020075473614,-0.03231332747912874
2020-12-10,0.0027016589874100196,4.351677956567332e-06,0.002697307309453452,0.02175838978283666,1.0959501698515661,-0.029703179144077607
2020-12-11,-0.00195081133233754,2.069901811545305e-06,-0.0019528812341490856,0.010349509057726525,1.0938099093313005,-0.031598053597081566
2020-12-14,0.0011393073971246181,1.5141850948190234e-06,0.0011377932120297993,0.0075709254740951165,1.0950544388213885,-0.030496212435948022
2020-12-15,0.003017305179577584,2.8707878064361065e-06,0.0030144343917711475,0.014353939032180532,1.0983554085826333,-0.02757370687576266
2020-12-16,0.0005802382632585578,3.1295504526328513e-06,0.000577108712805925,0.015647752263164255,1.0989892790586837,-0.027012511189439148
2020-12-17,4.955730666030868e-05,1.1632453703794289e-07,4.944098212327072e-05,0.0005816226851897144,1.0990436141679834,-0.026964405732398666
2020-12-18,0.0027313052720608667,1.807845175438061e-06,0.002729497426885429,0.009039225877190304,1.1020434508848898,-0.02430850758157732
2020-12-21,-0.006313734864521019,4.6690790951869897e-07,-0.006314201772430538,0.002334539547593495,1.0950849261740168,-0.030469220532351238
2020-12-22,-0.00048609980262588354,3.7039314533204473e-06,-0.0004898037340792041,0.018519657266602235,1.094548549488043,-0.030944100328439195
2020-12-23,0.002655386758234634,2.705113656580519e-06,0.0026526816445780533,0.013525568282902592,1.0974520383343693,-0.028373503530810362
2020-12-24,0.0004748684774449059,6.573791349362826e-06,0.0004682946860955431,0.03286895674681413,1.097965969292166,-0.027918496005644333
2020-12-28,0.000664796676107838,7.567364705671542e-07,0.0006640399396372707,0.003783682352835771,1.0986950625481386,-0.027272995062409322
2020-12-29,0.0002828693076293049,3.3685936988529732e-06,0.000279500713930452,0.016842968494264865,1.0990021486025128,-0.0270011171700697
2020-12-30,3.2653342628006805e-05,5.578587371546984e-07,3.209548389085208e-05,0.002789293685773492,1.0990374216082692,-0.026969888300100053
2020-12-31,0.0015279940717534768,7.384608812656929e-06,0.0015206094629408198,0.036923044063284644,1.1007086283116927,-0.025490289504522923
2021-01-04,-0.013216257698385811,1.0163300266669728e-06,-0.013217274028412478,0.005081650133334864,1.0861602607458591,-0.03837065139149054
2021-01-05,0.008069299163707591,1.0787999511275893e-05,0.008058511164196315,0.05393999755637946,1.094913095333186,-0.030621350549909998
2021-01-06,0.008906970034722808,5.1996481918970445e-06,0.008901770386530911,0.02599824095948522,1.1046597603010477,-0.021992164394900038
2021-01-07,0.004077154100448533,5.058919173132854e-06,0.0040720951812754,0.025294595865664266,1.1091580399879184,-0.018009623400282893
2021-01-08,0.012355676830321185,2.360592777675419e-07,0.012355440771043417,0.0011802963888377094,1.1228621764567157,-0.005876699464470558
2021-01-11,-0.0024081474306870162,7.966040112409679e-06,-0.0024161134707994256,0.03983020056204839,1.1201492140263276,-0.008278614162529951
2021-01-12,0.0028129260128485177,1.0593585050348464e-06,0.002811866654343483,0.005296792525174232,1.1232989242491374,-0.00549002586729419
2021-01-13,-0.0015243927705403887,8.930283912024772e-08,-0.0015244820733795088,0.0004465141956012386,1.1215864751760731,-0.0070061384946564775
2021-01-14,0.001192980133189688,3.314134089835469e-07,0.0011926487197807044,0.0016570670449177344,1.1229241338498153,-0.00582184563698207
2021-01-15,-0.00336824960874422,6.189589984782001e-07,-0.003368868567742698,0.0030947949923910006,1.119141150031329,-0.009171101171951968
2021-01-19,0.0021965086255945634,1.8519863622238842e-06,0.0021946566392323395,0.00925993181111942,1.1215972805864836,-0.006996571950795616
2021-01-20,0.001962484147891757,1.1140985142023913e-06,0.0019613700493775546,0.005570492571011956,1.123797147900089,-0.005048924768090823
2021-01-21,3.367384748921257e-05,1.4850888756314628e-06,3.218875861358113e-05,0.007425444378157314,1.1238333215352134,-0.005016898528097835
2021-01-22,-0.002163478817691249,2.2975729974103303e-06,-0.002165776390688659,0.01148786498705165,1.1213993498603632,-0.007171809438399901
2021-01-25,0.0014626632392969368,1.697525005193129e-07,0.0014624934867964175,0.0008487625025965645,1.1230393891056316,-0.0057198046761958166
2021-01-26,-0.0004277392527654825,7.870027215771209e-07,-0.0004285262554870596,0.003935013607885604,1.1225581372414537,-0.006145879845202873
2021-01-27,-0.005693943846996697,1.5570230007602992e-07,-0.005694099549296772,0.0007785115003801496,1.1161661794581277,-0.011804984142843034
2021-01-28,0.0018085715432915811,9.4282474345536e-06,0.0017991432958570273,0.047141237172768,1.1181743223569622,-0.010027079705064224
2021-01-29,-0.004609141445143828,1.3549734763862954e-06,-0.0046104964186202135,0.006774867381931476,1.1130189836483424,-0.014591346308614916
2021-02-01,0.004731453430464423,4.049740742318064e-06,0.004727403689722105,0.02024870371159032,1.1182806736983721,-0.009932921803270434
2021-02-02,0.007744308216470238,3.011480252092022e-06,0.007741296736218146,0.01505740126046011,1.126937616227849,-0.0022685187621891423
2021-02-03,0.002350215796590366,4.3128514160756025e-06,0.0023459029451742904,0.021564257080378013,1.1295813025007855,0.0
2021-02-04,0.006988601486554149,5.438057354352369e-06,0.006983163429199796,0.027190286771761843,1.1374693533427167,0.0
2021-02-05,0.0005820818974408522,7.674482310019326e-07,0.0005813144492098504,0.003837241155009663,1.1381305807133484,0.0
2021-02-08,0.0023748646796210686,2.485664842803098e-06,0.0023723790147782663,0.01242832421401549,1.14083065781911,0.0
2021-02-09,0.0004548976296530815,1.1799303626857467e-05,0.0004430983260262243,0.05899651813428733,1.141336157973869,0.0
2021-02-10,-0.00026547448666471506,1.5005424481861707e-06,-0.00026697502911290124,0.007502712240930853,1.1410314497198664,-0.0002669750291128814
2021-02-11,0.0011524895609342067,9.064681590113088e-07,0.0011515830927751952,0.004532340795056544,1.1423454422456887,0.0
2021-02-12,0.0050755563218297505,5.673325468686319e-07,0.005074988989282882,0.0028366627343431594,1.148142832787043,0.0
2021-02-16,0.005450082180885959,1.0968755718867353e-06,0.005448985305314073,0.005484377859433676,1.1543990462113014,0.0
2021-02-17,0.0061245030433426505,5.942467645988992e-06,0.006118560575696661,0.029712338229944957,1.1614623067040717,0.0
2021-02-18,-0.0030560237822327566,2.328100402518807e-06,-0.0030583518826352756,0.011640502012594034,1.1579101462717534,-0.0030583518826352574
2021-02-19,-0.0032326280369548988,6.175835399424201e-06,-0.0032388038723543235,0.030879176997121005,1.1541599024061702,-0.006287250353068985
2021-02-22,0.000508350263914153,3.424048184131312e-06,0.0005049262157300217,0.01712024092065656,1.1547426679980393,-0.005785498734867223
2021-02-23,0.0006896980560633604,6.226511660031964e-06,0.0006834715444033284,0.03113255830015982,1.1555319017527244,-0.005105981414219363
2021-02-24,0.006949363609726514,1.9346553174182104e-07,0.006949170144194773,0.0009673276587091051,1.163561889545049,0.0
2021-02-25,0.001159248752476885,1.6217752985689838e-06,0.0011576269771783158,0.008108876492844919,1.1649088601780029,0.0
2021-02-26,-0.0005794997094247627,1.7732376891010816e-06,-0.0005812729471138638,0.008866188445505407,1.1642317301717282,-0.0005812729471138534
2021-03-01,0.002605559086319547,7.997764483224356e-06,0.0025975613218363223,0.03998882241612178,1.1672558934836768,0.0
2021-03-02,-0.004875442899650669,1.5723412839249135e-06,-0.004877015240934594,0.007861706419624567,1.1615631687010861,-0.004877015240934646
2021-03-03,0.002865311336179709,1.4298749494660785e-06,0.0028638814612302428,0.007149374747330392,1.164889747925977,-0.0020271009732389933
2021-03-04,0.004596623106924129,1.1914342861414907e-06,0.004595431672637987,0.005957171430707453,1.1702429191687274,0.0
2021-03-05,0.00755819901676514,3.5924165558470335e-06,0.007554606600209292,0.017962082779235167,1.1790836440497277,0.0
2021-03-08,0.0007101867004577203,6.735226519757254e-06,0.000703451473937963,0.03367613259878627,1.1799130721770306,0.0
2021-03-09,-0.00429734905473513,2.2161676824016375e-06,-0.004299565222417532,0.011080838412008187,1.1748399589664225,-0.0042995652224174785
2021-03-10,0.000731484221010434,5.7563257073278285e-06,0.000725727895303106,0.02878162853663914,1.175692573097161,-0.0035769576415340953
2021-03-11,0.0037252536167281425,3.5153297910361376e-07,0.003724902083749039,0.0017576648955180685,1.180071912812539,0.0
2021-03-12,0.0014850432937556016,1.2162936710858859e-06,0.0014838270000845156,0.0060814683554294285,1.1818229353788117,0.0
2021-03-15,-0.0005138744864407567,2.573627451775085e-07,-0.0005141318491859343,0.0012868137258875423,1.181215322567635,-0.0005141318491860281
2021-03-16,-0.0011906089502993198,7.600672991297048e-07,-0.0011913690175984495,0.0038003364956485236,1.1798080592292153,-0.0017048883460283326
2021-03-17,0.0003053628452681237,1.040740319557018e-06,0.00030432210494856665,0.00520370159778509,1.180167100901235,-0.0014010850762899985
2021-03-18,-0.00788873078670004,1.6118190218723184e-06,-0.007890342605721913,0.008059095109361591,1.1708551781431227,-0.00928037264074033
2021-03-19,0.0007006748481931061,4.98040642734384e-06,0.0006956944417657624,0.024902032136719196,1.1716697355826695,-0.008591134502638265
2021-03-22,0.0005038991259311157,3.2030112032629955e-07,0.0005035788248107895,0.0016015056016314977,1.1722597636511807,-0.00809188199124411
2021-03-23,-0.0028024789341671713,4.490764087334165e-06,-0.0028069696982545057,0.022453820436670824,1.1689692660161288,-0.010876138021947312
2021-03-24,0.0018731451264770728,2.4993367959707943e-06,0.001870645789681102,0.01249668397985397,1.1711559934518685,-0.009025837634064948
2021-03-25,-0.0009575696627943938,2.149303559849629e-06,-0.0009597189663542436,0.010746517799248144,1.1700320128323933,-0.009976894332854536
2021-03-26,0.005287751048285056,5.765355417523032e-06,0.005281985692867533,0.028826777087615163,1.1762121051843712,-0.00474760645311223
2021-03-29,0.003969875075500139,1.1291713640555584e-05,0.003958583361859584,0.05645856820277791,1.180868238853972,-0.0008078168871664682
2021-03-30,0.0027690466052986474,6.474242032703594e-06,0.002762572363265944,0.03237121016351797,1.1841304728152886,0.0
2021-03-31,-0.0037856068264884987,4.1277104304582205e-06,-0.0037897345369189567,0.0206385521522911,1.1796429326662423,-0.0037897345369189983
2021-04-01,0.002076241723815039,6.0066645260313155e-06,0.002070235059289008,0.030033322630156574,1.1820850708228905,-0.0017273451189336875
2021-04-05,0.0011988279861859623,3.4077685045798194e-06,0.0011954202176813827,0.017038842522899098,1.1834981592155716,-0.0005339898045303437
2021-04-06,-0.0024069843158449097,2.7304067874857606e-06,-0.002409714722632395,0.013652033937428802,1.1806462662771013,-0.0029424177640691163
2021-04-07,0.0006973552000026936,2.825382710441313e-06,0.0006945298172922524,0.014126913552206563,1.1814662603127055,-0.002249931543648942
2021-04-08,-0.0017212150235932577,7.164157470179041e-06,-0.0017283791810634365,0.0358207873508952,1.1794242386252523,-0.003974421989873522
2021-04-09,0.004019031981009334,2.5541027610058443e-08,0.004019006439981723,0.0001277051380502922,1.1841643522357577,0.0
2021-04-12,0.0023290243791915643,1.2169871208974615e-06,0.002327807392070667,0.006084935604487307,1.1869208587683187,0.0
2021-04-13,-0.0017116682561534452,1.0479682453134353e-06,-0.0017127162243987587,0.005239841226567177,1.1848880001564288,-0.0017127162243988359
2021-04-14,0.0038032393628165267,8.374850711824047e-07,0.0038024018777453442,0.004187425355912024,1.1893934205131416,0.0
2021-04-15,-0.0024963896527555544,1.483511869416919e-06,-0.002497873164624971,0.007417559347084594,1.1864224666058603,-0.0024978731646250196
2021-04-16,-0.0005535260719153031,4.212639357816638e-06,-0.0005577387112731197,0.021063196789083187,1.18576075286831,-0.003054218715338286
2021-04-19,0.00039393991048528986,1.944589655157815e-06,0.0003919953208301322,0.009722948275789074,1.1862255655350586,-0.002663420633953195
2021-04-20,-0.0042216474265237445,4.6082615545525036e-07,-0.0042221082526792,0.0023041307772762518,1.181217192785274,-0.00687428363639353
2021-04-21,-0.0004581764954634498,1.2469540737354705e-07,-0.0004583011908708234,0.0006234770368677353,1.1806758395391432,-0.00732943433488753
2021-04-22,-0.0008656477809692933,1.9342734074885915e-06,-0.0008675820543767819,0.009671367037442959,1.179651506368723,-0.008190657503566512
2021-04-23,0.004258074746056624,2.5509737261801504e-06,0.004255523772330444,0.01275486863090075,1.1846715413971405,-0.003969989268953533
2021-04-26,1.9221036182985303e-05,1.800434374337104e-06,1.7420601808648196e-05,0.009002171871685519,1.1846921790883371,-0.003952637826747152
2021-04-27,0.002336468779715267,1.6592498529398952e-06,0.0023348095298623274,0.008296249264699476,1.187458209678026,-0.0016270569533508583
2021-04-28,0.0016797819574382485,2.5051820693763023e-06,0.001677276775368872,0.01252591034688151,1.18944990575484,0.0
2021-04-29,0.004260269784759193,5.988418313193567e-06,0.004254281366445999,0.029942091565967832,1.1945101603252137,0.0
2021-04-30,-0.0038603150026732254,1.0855067587160984e-06,-0.0038614005094319416,0.005427533793580491,1.1898976781836124,-0.003861400509431956
2021-05-03,-0.0018312800736247853,8.509017404529418e-07,-0.0018321309753652386,0.004254508702264709,1.187717629789897,-0.0056864568933154835
2021-05-04,0.0026938691954151426,4.623115849858198e-06,0.0026892460795652842,0.023115579249290988,1.1909116947694403,-0.0030125030956570376
2021-05-05,-0.001412203309767932,3.8202660772878594e-07,-0.0014125853363756607,0.0019101330386439297,1.1892294303724906,-0.004420833014334047
2021-05-06,-0.0043053767862466395,7.725916162746871e-08,-0.004305454045408267,0.00038629580813734354,1.1841092577105747,-0.008707253366356693
2021-05-07,4.665602101839358e-05,4.053988063084465e-06,4.2602032955309146e-05,0.020269940315422327,1.1841597031721944,-0.008665022280096246
2021-05-10,-0.0030009217149372493,1.1707850396283387e-06,-0.003002092499976878,0.005853925198141693,1.1806047462085263,-0.011641101581673974
2021-05-11,-0.0010478978800997811,1.9062282034654099e-06,-0.0010498041083032467,0.00953114101732705,1.1793653424956743,-0.012678684813711594
2021-05-12,-0.0009847137087031343,4.921336994785835e-07,-0.0009852058424026132,0.0024606684973929177,1.1782034248699205,-0.013651399541761644
2021-05-13,-0.0033386857305051005,1.189434603791093e-05,-0.0033505800765430117,0.059471730189554636,1.1742557599484367,-0.016956239510983018
2021-05-14,0.004280637065478211,5.997754533117272e-06,0.004274639310945093,0.02998877266558636,1.179275279781016,-0.01275408200801742
2021-05-17,0.005288400258181432,0.00010475247894159984,0.005183647779239832,0.5237623947079992,1.1853882274661651,-0.007636546897654806
2021-05-18,-0.0032622992762630955,5.799899752701121e-07,-0.0032628792662383658,0.0028999498763505605,1.1815204487963227,-0.010874509033355184
2021-05-19,-0.0021312368641524405,5.323889856915009e-07,-0.0021317692531381324,0.0026619449284575047,1.1790017198316247,-0.01298309634249295
2021-05-20,-0.000905914145736905,3.0871244036726976e-06,-0.0009090012701405774,0.015435622018363487,1.1779300057707998,-0.013880295961567923
2021-05-21,0.001984196831606754,1.4110264591694456e-06,0.001982785805147585,0.007055132295847227,1.1802655886656994,-0.011925031810224307
2021-05-24,0.0070477066002919185,2.3768941536820025e-06,0.007045329706138237,0.01188447076841001,1.1885809488786585,-0.004963717884945318
2021-05-25,0.0007497301292098827,3.293659137945307e-06,0.0007464364700719374,0.016468295689726534,1.1894681490465344,-0.004220986514929748
2021-05-26,0.0011297184360178976,2.8838368799225524e-07,0.0011294300523299054,0.0014419184399612761,1.1908115701203568,-0.0030963237716202796
2021-05-27,0.0009338342002161108,2.2596639778771633e-07,0.000933608233818323,0.0011298319889385816,1.1919233216071472,-0.002165606291169797
2021-05-28,-3.803229009808403e-05,8.274212990315556e-07,-3.885971139711551e-05,0.004137106495157777,1.191877003810862,-0.002204381847731529
2021-06-01,0.0022598088004784286,1.4259620908198768e-06,0.0022583828383876087,0.007129810454099383,1.194568718381737,0.0
2021-06-02,0.002445358373157562,3.7855304908406273e-07,0.002444979820108478,0.0018927652454203137,1.1974894147919133,0.0
2021-06-03,-0.004970638830695211,8.175995568427214e-07,-0.004971456430252054,0.004087997784213607,1.1915361483405873,-0.004971456430251986
2021-06-04,0.0045081343022144735,9.150483919823012e-07,0.0045072192538224915,0.004575241959911505,1.1969066630100134,-0.00048664462057157465
2021-06-07,0.000374619425820072,1.1392491985746547e-06,0.0003734801766214974,0.005696245992873272,1.1973536839219139,-0.000113346196068842
2021-06-08,1.4825818963204321e-05,9.295610728240701e-07,1.3896257890380062e-05,0.00464780536412035,1.1973703226574917,-9.945151326651303e-05
2021-06-09,-0.0009312500157582387,1.8650550587014703e-06,-0.0009331150708169402,0.009325275293507351,1.196253038364071,-0.0010324737843775411
2021-06-10,0.0014511465644932826,1.700950782871588e-06,0.001449445613710411,0.00850475391435794,1.1979869420834155,0.0
2021-06-11,-0.0006733032048512697,1.3713042617614413e-06,-0.0006746745091130311,0.006856521308807206,1.1971786908313415,-0.0006746745091130713
2021-06-14,-0.000778049793190646,2.7204469510320687e-06,-0.0007807702401416781,0.013602234755160342,1.1962439693374087,-0.0014549179834761894
2021-06-15,0.0003307121760904308,8.325343641310379e-07,0.00032987964172629964,0.004162671820655189,1.196638585869431,-0.0011255182895729687
2021-06-16,0.0007163692221141646,2.0794228289834905e-07,0.0007161612798312661,0.0010397114144917452,1.1974955720905827,-0.0004101630623605246
2021-06-17,-0.01384520780197599,6.354306680632166e-07,-0.013845843232644055,0.003177153340316083,1.1809152361276312,-0.014250327241543181
2021-06-18,-0.001908394128911241,2.068558348534263e-05,-0.0019290797123965833,0.10342791742671315,1.1786371565035574,-0.0161519169367631
2021-06-21,0.007418988112396144,3.3378292143157632e-06,0.007415650283181828,0.016689146071578814,1.1873775174669516,-0.008856043620987242
2021-06-22,0.0009261333968974994,1.3472809554422315e-06,0.0009247861159420572,0.006736404777211158,1.1884755877094868,-0.007939447451228099
2021-06-23,0.0006360458495098657,5.588088588365997e-06,0.0006304577609214997,0.027940442941829985,1.189224871367424,-0.00731399517656961
2021-06-24,0.0014034457315003248,3.7140367474698956e-07,0.0014030743278255775,0.0018570183737349477,1.1908934422544513,-0.005921182927610125
2021-06-25,0.003407550519268154,1.7977067391026224e-07,0.0034073707485942437,0.0008988533695513112,1.1949512577342818,-0.0025339878445205244
2021-06-28,-0.0027020423176213624,1.3115946761273478e-07,-0.002702173477088975,0.0006557973380636739,1.191722292139218,-0.005229314046864775
2021-06-29,-0.001293329347559725,1.9653561123231967e-06,-0.0012952947036720484,0.009826780561615983,1.1901786605659623,-0.006517835247748072
2021-06-30,0.0018801479144066394,2.140043387735591e-06,0.0018780078710189038,0.010700216938677953,1.192413825458424,-0.004652067922626402
2021-07-01,0.006661616927776347,1.502362689483372e-06,0.006660114565086863,0.00751181344741686,1.2003554381449706,0.0
2021-07-02,0.0015660340600860503,4.4192934971818535e-06,0.0015616147665888681,0.022096467485909266,1.202229930922333,0.0
2021-07-06,-0.004570532478304359,1.0396968168329746e-06,-0.004571572175121192,0.005198484084164873,1.1967338500220306,-0.0045715721751211635
2021-07-07,-0.0013707464239310972,4.180768933469831e-06,-0.0013749271928645667,0.020903844667349153,1.1950884281090137,-0.005940213789088045
2021-07-08,-0.0014314635021354643,1.4718404713541913e-06,-0.0014329353426068183,0.007359202356770955,1.193375943662836,-0.007364637189413825
2021-07-09,0.006061283174574078,0.00010030853374127266,0.005960974640832805,0.5015426687063632,1.20048962739999,-0.001447562964105975
2021-07-12,-0.0003517703003207503,1.8984638713309023e-06,-0.00035366876419208116,0.00949231935665451,1.2000650517170421,-0.001800719770493453
2021-07-13,0.0008328433260137978,4.59969282215833e-07,0.0008323833567315821,0.002299846411079165,1.2010639658930866,-0.0009698353029290452
2021-07-14,-0.0011301747511501658,6.485295348607978e-07,-0.0011308232806850269,0.003242647674303989,1.1997057747988629,-0.002099561871275024
2021-07-15,-0.0023964740647465124,2.492337314918858e-06,-0.0023989664020614312,0.012461686574594288,1.1968277209527614,-0.004493491494948154
2021-07-16,-0.00041064494494669657,6.824226817782313e-05,-0.0004788872131245199,0.34121134088911564,1.1962545754608842,-0.004970226832453406
2021-07-19,-0.012152522612521102,8.41857534278705e-05,-0.012236708365948973,0.4209287671393525,1.1816163570895373,-0.017146115982140997
2021-07-20,0.005317853711707425,7.593788604036359e-06,0.005310259923103388,0.03796894302018179,1.1878910470750732,-0.011926906391574565
2021-07-21,0.0035913843716998076,5.843140891782284e-07,0.003590800057610629,0.002921570445891142,1.1921565263153455,-0.008378933470121863
2021-07-22,0.0028745964949537187,1.626564662845237e-06,0.002872969930290874,0.008132823314226184,1.1955815561676497,-0.005530035963738467
2021-07-23,0.0019633281109367015,3.7780696384988323e-07,0.001962950303972852,0.001889034819249416,1.1979284233467533,-0.0035779408455416384
2021-07-26,0.00020981210188473825,3.135355852054711e-09,0.00020980896652888614,1.5676779260273555e-05,1.1981797594712311,-0.003368882563083986
2021-07-27,-0.0007919687176866459,7.756181615973523e-08,-0.0007920462795028057,0.00038780908079867615,1.1972307456505664,-0.004158260531686553
2021-07-28,0.0003848041490442805,1.332608262769236e-07,0.00038467088821800353,0.000666304131384618,1.1976912854648978,-0.00377518920524067
2021-07-29,0.006659185349437572,7.379417209472938e-08,0.006659111555265477,0.0003689708604736469,1.2056668453435777,0.0
2021-07-30,-0.003019298582705805,1.5487499247168746e-07,-0.003019453457698277,0.0007743749623584373,1.2020263904185728,-0.0030194534576982734
2021-08-02,-0.0016405075790767846,3.6589113224950735e-07,-0.0016408734702090342,0.0018294556612475366,1.200054017204044,-0.004655372386834
2021-08-03,0.000177359037588639,7.699593780685465e-07,0.0001765890782105704,0.0038497968903427326,1.200265933636745,-0.004479605396541908
2021-08-04,-0.004006777184736788,2.492464749924317e-07,-0.00400702643121178,0.0012462323749621584,1.1954564363161795,-0.008468681930528299
2021-08-05,0.0011826353967747828,4.899000440452301e-07,0.0011821454967307376,0.00244950022022615,1.1968696397589083,-0.007296547648005136
2021-08-06,-0.007582615317750175,5.6914647160769e-08,-0.007582672232397336,0.00028457323580384497,1.187794169575709,-0.014823892551159568
2021-08-09,-0.007630736144272036,1.8992005342787276e-06,-0.007632635344806314,0.009496002671393639,1.1787281698146506,-0.022343382529732336
2021-08-10,0.0024722709693723896,6.142562239057939e-06,0.002466128407133332,0.030712811195289694,1.1816350648385185,-0.019932355772967147
2021-08-11,-0.0009882313909299503,8.531445548420466e-05,-0.0010735458464141549,0.4265722774210233,1.1803665254226838,-0.020984503321632042
2021-08-12,0.0005504309903745471,1.5170024183006087e-06,0.0005489139879562466,0.007585012091503043,1.1810144451194036,-0.020447108021079408
2021-08-13,-0.0023995241726935328,3.9422149905928297e-07,-0.0023999183941925918,0.0019711074952964147,1.1781801068287543,-0.022797955024624228
2021-08-16,-0.0011643468846115452,2.688534653635441e-06,-0.0011670354192651806,0.013442673268177205,1.1768051289138115,-0.02393838442288887
2021-08-17,-0.002605544549659375,4.762810369664048e-06,-0.0026103073600290388,0.023814051848320236,1.1737333058244879,-0.02648620524187162
2021-08-18,-0.004248297318473673,1.6087338650647987e-07,-0.004248458191860179,0.0008043669325323993,1.1687467489462988,-0.030622137898100532
2021-08-19,-0.002039715908760307,2.736494854765953e-06,-0.002042452403615073,0.013682474273829764,1.166359639339696,-0.032602046042561894
2021-08-20,-0.0008364812788236167,5.096403153815571e-07,-0.0008369909191389983,0.0025482015769077854,1.1653834069131184,-0.033411749345217956
2021-08-23,0.005796236709454073,2.899228121340275e-07,0.005795946786641938,0.0014496140606701374,1.1721379071256224,-0.027809455279829476
2021-08-24,0.0022313314332489797,5.969362043114967e-06,0.002225362071205865,0.029846810215574837,1.1747463383663623,-0.02564597931562429
2021-08-25,0.0026939577460089615,9.110009915637707e-07,0.0026930467450173978,0.004555004957818853,1.177909985169121,-0.023021998391725584
2021-08-26,-0.0030699234965636288,8.239970803402052e-07,-0.003070747493643969,0.004119985401701026,1.1742929210344246,-0.026022051141509572
2021-08-27,-0.0015595646432718956,3.622802485910575e-05,-0.0015957926681310014,0.1811401242955287,1.1724189930007998,-0.02757631801121918
2021-08-30,0.0017701841503703496,1.4091422503163837e-06,0.001768775008120033,0.007045711251581918,1.1744927384146648,-0.02585631930521337
2021-08-31,-0.0001529482255325606,9.70067787102305e-07,-0.0001539182933196629,0.004850338935511525,1.1743119624968517,-0.02600625783799415
2021-09-01,0.00012736001634050946,8.600978809922555e-08,0.00012727400655241023,0.00043004894049612774,1.174461421885261,-0.025882293752072294
2021-09-02,-0.0004929156520400083,1.1369752041423874e-06,-0.0004940526272441507,0.0056848760207119375,1.1738811761341816,-0.026363559164089057
2021-09-03,-0.0017034563232000526,2.6136498412010766e-07,-0.0017037176881841728,0.0013068249206005383,1.1718812140105754,-0.028022360790201928
2021-09-07,0.003982995155442377,6.86767329466719e-06,0.00397612748214771,0.03433836647333595,1.1765407631114155,-0.024157653786906708
2021-09-08,-0.0005722294457506357,1.8172174132379732e-06,-0.0005740466631638736,0.009086087066189866,1.175865373812275,-0.024717832829524444
2021-09-09,8.409013076404151e-05,9.992345194667046e-07,8.309089624457472e-05,0.004996172597333523,1.175963077520048,-0.024636795760162977
2021-09-10,-0.003703067542700126,2.1629831938541122e-06,-0.0037052305258939806,0.010814915969270561,1.1716058632278965,-0.028250741278346148
2021-09-13,-0.0003985463807806935,1.1446087358916445e-06,-0.00039969098951658517,0.005723043679458223,1.1711375829210995,-0.02863914070112661
2021-09-14,-0.0026305429721923687,2.759108003856378e-06,-0.0026333020801962252,0.01379554001928189,1.1680536238877974,-0.03119702727253948
2021-09-15,0.0005074747510852282,4.156666638355261e-07,0.0005070590844213929,0.0020783333191776304,1.168645896088881,-0.03070578692420367
2021-09-16,0.004300032763547346,6.199705959780034e-07,0.004299412792951368,0.0030998529798900165,1.1736703872049556,-0.02653839098437183
2021-09-17,0.00036078046387543047,7.82131276972599e-06,0.00035295915110570447,0.039106563848629955,1.1740846449085014,-0.026194798801219776
2021-09-20,-0.004841689009226286,1.1992631687481244e-06,-0.004842888272395034,0.005996315843740621,1.1683986841508749,-0.03091082858970262
2021-09-21,-0.0015614532671076136,4.089817856703936e-05,-0.0016023514456746531,0.2044908928351968,1.1665264988302013,-0.03246365002449958
2021-09-22,0.0035071657784325914,5.643923042605867e-06,0.0035015218553899868,0.028219615213029334,1.170611116860747,-0.029075800349176006
2021-09-23,0.007308352389952366,6.707913799653437e-07,0.007307681598572402,0.0033539568998267183,1.1791655701785144,-0.021980595441779105
2021-09-24,0.00065428933701306,4.557039045686215e-06,0.000649732297967374,0.022785195228431074,1.1799317121341104,-0.02134514464659898
2021-09-27,0.0014088567526278995,1.4034451933038954e-06,0.0014074533074345953,0.0070172259665194775,1.1815924109249005,-0.01996773363359483
2021-09-28,-0.004129628073823667,4.7227822103825255e-06,-0.004134350856034049,0.02361391105191263,1.1767072933293097,-0.024019530872987915
2021-09-29,0.0013387502636439538,6.3571510450108955e-06,0.001332393112598943,0.031785755225054474,1.1782751300224867,-0.02271914121789187
2021-09-30,-0.006835250440854769,0.00010051838862401623,-0.006935768829478784,0.5025919431200812,1.1701028861031266,-0.02949733533587917
2021-10-01,0.0024933901549815543,6.873897557258225e-06,0.0024865162574242965,0.03436948778629112,1.1730123659522813,-0.027084164682318113
2021-10-04,-0.0002491015637354037,2.4862687261665018e-06,-0.00025158783246157033,0.012431343630832509,1.1727172503136807,-0.02732893846849327
2021-10-05,0.005584120775463073,2.817430896369966e-06,0.0055813033445667026,0.014087154481849828,1.1792625410250874,-0.021900166219604333
2021-10-06,-0.001781342217727066,6.40845643716595e-06,-0.001787750674164232,0.032042282185829746,1.1771543136223532,-0.023648764856845084
2021-10-07,0.003930142473895403,2.314136781548276e-06,0.003927828337113855,0.01157068390774138,1.1817779736925549,-0.019813824808473712
2021-10-08,0.002150254811783743,2.6750333272831607e-06,0.00214757977845646,0.013375166636415803,1.1843159361714823,-0.017708796799509763
2021-10-11,0.0014833825847804759,1.3533683697147914e-06,0.0014820292164107614,0.006766841848573957,1.1860711269903494,-0.016253012537343237
2021-10-12,-0.0012645464452543836,4.93193573005063e-07,-0.0012650396388273885,0.0024659678650253147,1.184570700000238,-0.01749749147106061
2021-10-13,-0.00439028916188615,1.0885909294766073e-06,-0.004391377752815627,0.005442954647383036,1.1793688025816196,-0.02181203112910013
2021-10-14,0.003974487827214315,7.966004873588496e-06,0.003966521822340726,0.039830024367942474,1.1840467946736475,-0.0179320272042226
2021-10-15,0.007908940480041546,9.228492961311108e-06,0.007899711987080234,0.04614246480655554,1.1934004233307949,-0.010173973067400088
2021-10-18,0.0015570711323505415,5.605530681158422e-06,0.001551465601669383,0.028027653405792108,1.1952519430366102,-0.008638292034977235
2021-10-19,0.0025306375590238464,1.3485513504327896e-05,0.0025171520455195186,0.06742756752163948,1.1982605739099361,-0.006142883883923145
2021-10-20,0.0008791719915440415,1.2443036881171099e-06,0.0008779276878559245,0.0062215184405855495,1.1993125600450378,-0.005270349203912228
2021-10-21,-0.0013444160546014342,3.883747311657881e-06,-0.0013482998019130922,0.019418736558289407,1.1976955271578973,-0.006611542995037634
2021-10-22,0.00024252077951550746,1.0100669238317517e-05,0.00023242011027719005,0.050503346191587584,1.197973895684398,-0.006380659540312306
2021-10-25,-0.0007267245612377286,1.4303647556316914e-06,-0.0007281549259933603,0.007151823778158456,1.197101585091044,-0.0071041683576301695
2021-10-26,0.0038337311287365526,1.6025679394213123e-06,0.0038321285607971307,0.00801283969710656,1.201689032265447,-0.0032992638832970433
2021-10-27,-0.007105246339330309,6.760619893168369e-06,-0.007112006959223477,0.03380309946584184,1.1931426115051527,-0.01038780645482218
2021-10-28,0.002962934654125188,6.490627832263124e-06,0.002956444026292925,0.03245313916131562,1.1966700708514528,-0.0074620733968686626
2021-10-29,0.004623680558957047,2.3436788689027932e-06,0.004621336880088145,0.011718394344513966,1.2022002863831762,-0.002875221271771533
2021-11-01,-0.0002292734109876236,1.2255787022611432e-07,-0.0002293959688578497,0.0006127893511305715,1.20192450648372,-0.0031039576764601007
2021-11-02,0.0009785538144855888,2.014166609953244e-06,0.0009765396478756355,0.01007083304976622,1.2030982334180547,-0.0021304491663209912
2021-11-03,-0.0008074221387153763,1.017502015211824e-06,-0.0008084396407305886,0.005087510076059121,1.2021256011144665,-0.00293716646749298
2021-11-04,-0.007477627945817387,8.684864681977805e-06,-0.007486312810499364,0.043424323409889026,1.193126112827014,-0.01040149073104013
2021-11-05,0.0012544645909904014,6.301804578662091e-06,0.0012481627864117388,0.03150902289331045,1.194615328440541,-0.009166310698281999
2021-11-08,0.003443241600908578,8.641710919625704e-05,0.003356824491712321,0.4320855459812852,1.1986254424332252,-0.005840255902820224
2021-11-09,0.0017736710186521307,4.596285700381703e-07,0.0017732113900820927,0.0022981428501908513,1.20075085872019,-0.004077400521026009
2021-11-10,-0.001734498170503388,1.5443644235558275e-06,-0.0017360425349269432,0.007721822117779137,1.1986663041556016,-0.005806364515216655
2021-11-11,0.003051795713886875,6.085138413005065e-06,0.0030457105754738696,0.030425692065025323,1.2023170947946324,-0.0027783384455518645
2021-11-12,0.0010357728910285568,8.715211205868211e-07,0.00103490136990797,0.004357605602934106,1.2035613744030993,-0.0017463123819071447
2021-11-15,0.0003657242310122373,5.790569866058329e-06,0.0003599336611461789,0.028952849330291644,1.2039945766550024,-0.001387007277369956
2021-11-16,-0.0006832400307392229,6.315935759679259e-09,-0.0006832463466749825,3.1579678798396293e-05,1.2031719517590864,-0.0020693059563898775
2021-11-17,-0.0020823025805655547,1.0358289534996929e-06,-0.0020833384095190546,0.005179144767498464,1.2006653374187308,-0.00414833330132891
2021-11-18,0.00027824473829848027,1.0503828694101382e-06,0.00027719435542907,0.00525191434705069,1.2009981550730227,-0.003872288840475302
2021-11-19,-0.005970032154501526,7.641439511514914e-07,-0.005970796298452678,0.003820719755757457,1.1938272397342642,-0.009819964491052713
2021-11-22,-0.004146802744246286,1.3358978136439742e-06,-0.0041481386420599295,0.006679489068219871,1.1888750788291786,-0.01392736855894372
2021-11-23,0.000624808809912085,8.887887364683115e-06,0.000615920922547402,0.04443943682341557,1.1896073318645246,-0.013320025794087975
2021-11-24,0.00040385056945104283,1.609567621199376e-06,0.00040224100182984336,0.00804783810599688,1.1900858407094779,-0.012923142652777941
2021-11-26,-0.020397273378964745,5.821245193623842e-07,-0.020397855503484105,0.002910622596811921,1.1658106416939436,-0.033057393759779785
2021-11-29,0.004380182379481717,8.053370262565043e-06,0.004372129009219151,0.04026685131282521,1.17090771621975,-0.02882979594078694
2021-11-30,-0.009393200224741442,1.2458725700805959e-06,-0.00939444609731152,0.006229362850402979,1.1599076867947975,-0.03795340207413622
2021-12-01,-0.002822576162582655,2.3111646276549434e-06,-0.00282488732721031,0.011555823138274718,1.156631078269637,-0.04067107531680281
2021-12-02,0.0024881676834911156,2.3482186853611077e-06,0.0024858194648057544,0.011741093426805536,1.159506254317599,-0.038286356802674226
2021-12-03,-0.0011006789583779047,3.793549622691425e-06,-0.0011044725080005965,0.018967748113457125,1.1582256115368503,-0.03934854308215474
2021-12-06,0.005998496021960962,1.9522389327147005e-06,0.005996543783028249,0.009761194663573503,1.1651709621270558,-0.033587954560516886
2021-12-07,0.0073577551434363606,4.7182150515424844e-06,0.007353036928384818,0.023591075257712424,1.1737385072394577,-0.02648189110236454
2021-12-08,0.0010679968085271381,5.382249440729901e-06,0.0010626145590864082,0.026911247203649506,1.1749857388658107,-0.025447416586315663
2021-12-09,-0.003645473570963901,2.856010281650029e-07,-0.003645759171992066,0.0014280051408250144,1.1707020238313808,-0.029000400605884602
2021-12-10,0.002269347893481592,2.23816562475141e-05,0.0022469662372340783,0.11190828123757049,1.1733325517527913,-0.026818597289678392
2021-12-13,-0.001685933015015721,1.9209008027378227e-06,-0.0016878539158184588,0.009604504013689112,1.171352137810758,-0.02846118533104469
2021-12-14,-0.0025490675325507512,3.910723304751035e-07,-0.0025494586048812264,0.0019553616523755174,1.1683658240236705,-0.03093808332207859
2021-12-15,0.0018796302431193098,1.1227074135096106e-06,0.0018785075357058002,0.005613537067548052,1.17056060802856,-0.02911769320903368
2021-12-16,0.0009128333845403753,1.943921174248431e-06,0.0009108894633661274,0.009719605871242154,1.1716268593526447,-0.02823332674560919
2021-12-17,-0.0010460917769510036,9.0691956189637e-05,-0.0011367837331406408,0.45345978094818495,1.170294972997622,-0.029338015292172948
2021-12-20,0.0002878342099565032,5.353734426930573e-07,0.0002872988365138099,0.0026768672134652866,1.1706311973817423,-0.029059145233318096
2021-12-21,0.002529472705303324,1.501450272441332e-06,0.0025279712550308826,0.00750725136220666,1.1735905193989655,-0.02660463466213292
2021-12-22,-0.0006727381678209683,1.0101563697817611e-05,-0.0006828397315187858,0.05050781848908806,1.1727891451637862,-0.027269307692061817
2021-12-23,-0.0007363916780540481,4.2554032095246386e-07,-0.0007368172183750007,0.0021277016047623193,1.171925013928106,-0.027986032414996198
2021-12-27,0.0012787627335920369,1.9482800434583033e-07,0.0012785679055876912,0.0009741400217291515,1.17342339963867,-0.026743246552259015
2021-12-28,-0.0009033580452054282,6.8047116256251785e-06,-0.0009101627568310534,0.03402355812812589,1.1723553933623247,-0.027629068602081586
2021-12-29,0.0010737203400140217,7.954487355265966e-07,0.001072924891278495,0.003977243677632983,1.1736132426452877,-0.026585787626229207
2021-12-30,-0.0023480910535688135,5.230871386469044e-06,-0.0023533219249552827,0.02615435693234522,1.1708513528699527,-0.02887654463427136
2021-12-31,0.00350801875284564,0.00010180241638293997,0.0034062163364627,0.5090120819146998,1.1748395258756679,-0.025568688055882527
2022-01-03,-0.0018140674248129547,1.8858122915705407e-06,-0.0018159532371045256,0.009429061457852703,1.1727060722355755,-0.027338209751143427
2022-01-04,0.001223490937404724,9.881536918953216e-07,0.0012225027837128287,0.004940768459476608,1.1741397086733603,-0.02614912800495328
2022-01-05,-0.0024210734200706867,2.608784215170071e-06,-0.0024236822042858564,0.013043921075850354,1.1712939671561031,-0.028509433033036102
2022-01-06,-0.006647424358012379,1.6536887409014073e-06,-0.006649078046753281,0.008268443704507036,1.163505942152791,-0.03496894963448405
2022-01-07,0.0013886955991668788,6.601644654300665e-06,0.001382093954512578,0.03300822327150332,1.1651140166814797,-0.03363518605385696
2022-01-10,0.0011407087902254283,1.1490697029676588e-06,0.0011395597205224608,0.005745348514838294,1.166441733684706,-0.03253395563655381
2022-01-11,-0.00016604819680787536,1.4250164412676708e-06,-0.00016747321324914275,0.007125082206338354,1.1662463859394978,-0.0326959802837129
2022-01-12,-0.0005829421467147468,2.9437042720544427e-06,-0.0005858858509868012,0.014718521360272213,1.1655630986832113,-0.03326271002246739
2022-01-13,-0.004308311554080909,4.0798142692864053e-05,-0.004349109696773773,0.20399071346432027,1.1604939369085263,-0.03746715654454158
2022-01-14,0.002581676535389162,9.445729049230329e-07,0.0025807319624842387,0.004722864524615164,1.1634888607037752,-0.0349831172704953
2022-01-18,-0.0008056488003389999,6.539908248351906e-06,-0.0008121887085873521,0.03269954124175953,1.1625438881885444,-0.03576689308624448
2022-01-19,0.003535170983044303,3.982393153385425e-06,0.0035311885898909176,0.019911965766927123,1.1666490499017632,-0.03236200414111545
2022-01-20,-0.0024015342831824366,1.045904463080275e-05,-0.002411993327813239,0.05229522315401375,1.1638351001775005,-0.034695940530865665
2022-01-21,-0.00940661705752909,6.243194941251578e-06,-0.009412860252470342,0.031215974706257893,1.1528800830226098,-0.043782212743791016
2022-01-24,-0.0012266823023738104,3.869383985089869e-06,-0.0012305516863589006,0.019346919925449346,1.1514614044922769,-0.04495888815442539
2022-01-25,0.0027256493265625644,2.6216554986813164e-06,0.0027230276710638835,0.013108277493406581,1.1545968657588714,-0.04235828477986625
2022-01-26,0.00034183100232571375,4.458318047994551e-06,0.0003373726842777194,0.02229159023997275,1.154986395202731,-0.04203520262382621
2022-01-27,-0.00680906853013684,3.17392160424678e-06,-0.006812242451741088,0.015869608021233897,1.1471183478501477,-0.0485610910837857
2022-01-28,0.004521594404894464,5.7914393511843e-06,0.004515802965543279,0.028957196755921497,1.1522985082871984,-0.044264580437368695
2022-01-31,0.006117108335942275,1.0337995655404463e-05,0.00610677034028687,0.05168997827702232,1.1593353306407634,-0.038428123724021934
2022-02-01,0.0019584555319359484,5.666736145196708e-06,0.0019527887957907519,0.028333680725983537,1.1615992676850033,-0.036550376937682594
2022-02-02,-0.0009301757900724366,6.879580571591958e-05,-0.0009989715957883563,0.3439790285795979,1.1604388630108975,-0.037512835745094786
2022-02-03,0.006774057704670728,1.3803504727493727e-06,0.0067726773541979795,0.006901752363746863,1.1682981410193427,-0.030994220724039345
2022-02-04,0.0039568327021146914,1.853331425427743e-06,0.003954979370689263,0.009266657127138714,1.1729187360658888,-0.027161822856924256
2022-02-07,0.0009194310444825327,6.514069081934152e-06,0.0009129169754005986,0.032570345409670756,1.1739895134908087,-0.026273702370692598
2022-02-08,-0.002316880362892145,9.399603858901457e-07,-0.0023178203232780354,0.004699801929450728,1.1712684167371246,-0.02853062497264791
2022-02-09,-0.0010632644075495095,1.7679364160062717e-06,-0.0010650323439655158,0.008839682080031358,1.1700209779898343,-0.02956527127822406
2022-02-10,0.004926982761695229,4.7556006001154534e-06,0.004922227161095114,0.023778003000577266,1.175780087026747,-0.024788571098439682
2022-02-11,0.00665039529643578,1.8164776583222714e-06,0.006648578818777458,0.009082388291611357,1.1835973536088935,-0.01830480104841492
2022-02-14,0.007859825781696495,2.6934272161028425e-06,0.007857132354480392,0.013467136080514211,1.1928970346706114,-0.01059149193849429
2022-02-15,-0.007379470623039766,3.8011245438860533e-06,-0.0073832717475836515,0.019005622719430265,1.1840895516967516,-0.017896563822883627
2022-02-16,0.0032830300135378177,3.6547249930081657e-06,0.003279375288544809,0.018273624965040827,1.1879726257120098,-0.01467587808348969
2022-02-17,0.0037985083274438124,4.117699617677631e-06,0.0037943906278261347,0.020588498088388155,1.1924802579091254,-0.010937173469918737
2022-02-18,-0.000507779801585489,6.054561990896484e-06,-0.0005138343635763857,0.03027280995448242,1.1918675205747251,-0.011445387937925933
2022-02-22,0.004110131183181533,2.44099507213785e-06,0.004107690188109395,0.01220497536068925,1.1967633430945162,-0.007384711857548298
2022-02-23,0.002994268342299408,1.2546497749319041e-06,0.0029930136925244762,0.0062732488746595205,1.2003452721671093,-0.004413800708728877
2022-02-24,0.0003812677723327271,1.6815891200818836e-06,0.0003795861832126448,0.008407945600409417,1.2008009066475085,-0.004035889943280746
2022-02-25,-0.008942814065620136,4.5245116204688495e-06,-0.008947338577240605,0.022622558102344245,1.1900569343718757,-0.012947118046738426
2022-02-28,0.004541815660116707,1.6727762865710178e-06,0.004540142883830136,0.008363881432855089,1.1954599628938167,-0.008465756928774382
2022-03-01,0.012857329053819436,4.746075897270236e-06,0.012852582977922165,0.023730379486351177,1.2108247112636934,0.0
2022-03-02,0.0029344489544205904,1.1267647916925375e-05,0.0029231813065036657,0.05633823958462687,1.214364171425112,0.0
2022-03-03,-0.00011050607336410517,5.629147293907753e-06,-0.00011613522065801298,0.02814573646953876,1.2142231409741044,-0.00011613522065800908
2022-03-04,0.007034783684749649,1.0109389647912247e-06,0.007033772745784856,0.005054694823956124,1.2227637106103892,0.0
2022-03-07,0.009885165269171827,3.842928028254798e-06,0.009881322341143571,0.01921464014127399,1.2348462329819834,0.0
2022-03-08,0.009247551993321796,3.494143708049724e-06,0.009244057849613746,0.01747071854024862,1.2462612229950465,0.0
2022-03-09,-0.013917400391770775,2.9362571267426097e-06,-0.01392033664889752,0.01468128563371305,1.2289128472184887,-0.013920336648897469
2022-03-10,0.0013532724319863247,1.0874794252487846e-05,0.001342397637733837,0.05437397126243922,1.2305625369215756,-0.012596625638197634
2022-03-11,0.001956500339823017,9.267592628236038e-07,0.0019555735805601936,0.004633796314118019,1.2329689925080065,-0.01066568568593973
2022-03-14,-0.0011508232133790241,9.081694418083874e-07,-0.0011517313828208328,0.004540847209041937,1.23154894342529,-0.011805133063836792
2022-03-15,-0.0073395591401289335,2.081347882574476e-06,-0.007341640488011508,0.01040673941287238,1.222507353839271,-0.019060104508980547
2022-03-16,-0.004056804022622691,2.606915689124735e-06,-0.004059410938311815,0.013034578445623675,1.2175446941149293,-0.023042142650563258
2022-03-17,0.004157153485970641,1.0140523467692426e-06,0.004156139433623871,0.0050702617338462125,1.2226049796303398,-0.01898176957464459
2022-03-18,-0.0009109003571184974,1.5746444682566837e-06,-0.0009124750015867541,0.007873222341283417,1.2214893831496116,-0.019876924186008615
2022-03-21,0.004210782880553242,1.6431602156621248e-06,0.00420913972033758,0.008215801078310624,1.2266308026301973,-0.01575144921678051
2022-03-22,-0.0010744481005379798,2.751509965577992e-07,-0.0010747232515345376,0.0013757549827889959,1.225312513985562,-0.01680924401959638
2022-03-23,0.0032571800615804484,1.6659592301243725e-07,0.003257013465657436,0.0008329796150621863,1.2293033733432517,-0.013606978488058252
2022-03-24,-0.00045796618041357945,7.197697708896736e-07,-0.0004586859501844694,0.003598848854448368,1.2287395091573847,-0.014059423108385816
2022-03-25,0.0020918856014743572,3.7468506832063906e-07,0.0020915109164060365,0.0018734253416031951,1.231309431254207,-0.011997317628889226
2022-03-28,-0.004733405742650738,2.756328313859435e-06,-0.004736162070964597,0.013781641569297176,1.2254777502282799,-0.016676658459146565
2022-03-29,-0.005477788456362047,4.816281860890823e-07,-0.005478270084548136,0.0024081409304454113,1.218764252129925,-0.02206356930454767
2022-03-30,0.00311746192186665,2.251031071693624e-06,0.0031152108907949562,0.011255155358468119,1.2225609598014717,-0.019017091085140048
2022-03-31,4.399534242162471e-05,7.650497159746084e-07,4.323029270565009e-05,0.003825248579873042,1.2226138114696143,-0.01897468290684845
2022-04-01,-0.0015466515330200383,1.0903308792330883e-06,-0.0015477418638992716,0.005451654396165441,1.2207215208902213,-0.02049305685965863
2022-04-04,0.0014280492348583826,8.755237866723554e-07,0.0014271737110717103,0.0043776189333617765,1.2224637025533756,-0.019095130300596286
2022-04-05,0.0034240907260066457,5.742768961917162e-06,0.0034183479570447286,0.02871384480958581,1.2266425088535602,-0.01574205614320412
2022-04-06,-0.0005261344641669819,4.629976344284034e-06,-0.0005307644405112659,0.02314988172142017,1.2259914506286411,-0.016264465260094174
2022-04-07,0.0010043187575912,7.691217425987553e-06,0.0009966275401652124,0.03845608712993776,1.2272133074723446,-0.015284047333933293
2022-04-08,0.003119026722055612,6.352048029708527e-07,0.0031183915172526416,0.003176024014854263,1.2310402390402257,-0.01221331746023624
2022-04-11,0.0021623429886787823,1.708513111735323e-06,0.002160634475567047,0.008542565558676614,1.2337000670215064,-0.010079071499434766
2022-04-12,0.004834776778958511,3.2944861778075804e-06,0.004831482292780704,0.016472430889037902,1.239660667049923,-0.0052962860621313945
2022-04-13,-6.107761385611165e-05,3.170266631568053e-06,-6.424788048767964e-05,0.015851333157840264,1.2395810214795413,-0.005360193667464985
2022-04-14,0.004171161764214628,4.777663315981698e-06,0.004166384100898647,0.02388831657990849,1.2447455921392094,-0.0012161421922400883
2022-04-18,0.002601413848968458,4.4633325086213e-06,0.0025969505164598365,0.0223166625431065,1.2479781348475765,0.0
2022-04-19,-0.0076730577808440895,7.568641575006003e-07,-0.007673814645001591,0.003784320787503001,1.2384013819597413,-0.00767381464500172
2022-04-20,-0.0009498885790313363,5.3665815037828015e-06,-0.0009552551605351191,0.026832907518914005,1.2372183926488105,-0.00862173935449606
2022-04-21,0.003975783798232768,1.5005672399275444e-06,0.00397428323099284,0.007502836199637722,1.2421354489597904,-0.004681721357641888
2022-04-22,0.002386225457604216,1.1663625209963184e-06,0.002385059095083219,0.005831812604981591,1.2450980154096571,-0.0023078284446634845
2022-04-25,-0.008646836382479149,5.316186250193786e-06,-0.008652152568729343,0.02658093125096893,1.2343252374173108,-0.01094001332958705
2022-04-26,0.006356337716252457,4.891702692304742e-06,0.006351446013560151,0.02445851346152371,1.2421649875259415,-0.004658052220077535
2022-04-27,-0.0013473367189507984,3.570380374989027e-06,-0.0013509070993257875,0.017851901874945134,1.2404869380257588,-0.006002666723590178
2022-04-28,-0.0009731392643063253,3.012954286333787e-06,-0.000976152218592659,0.015064771431668934,1.2392760339490696,-0.006972959425743275
2022-04-29,0.007641063326017466,5.996377877674524e-06,0.007635066948139792,0.029981889388372616,1.248737989435496,0.0
2022-05-02,-0.004200455016602974,5.222356436323293e-06,-0.004205677373039297,0.026111782181616465,1.2434862003284726,-0.004205677373039229
2022-05-03,-0.0017361941413210269,4.725311418065295e-06,-0.0017409194527390924,0.023626557090326475,1.241321391013108,-0.005939275080227735
2022-05-04,-0.002117267450234111,6.562377281020118e-07,-0.002117923687962213,0.003281188640510059,1.238692367034707,-0.008044619836808375
2022-05-05,0.007273018327229974,3.200563677827316e-06,0.007269817763552147,0.01600281838913658,1.2476974348081524,-0.0008332849934468145
2022-05-06,0.00279591250077241,3.1764503815979005e-06,0.0027927360503908123,0.015882251907989503,1.2511819244143212,0.0
2022-05-09,-0.0038891123330106843,7.779832253300784e-07,-0.0038898903162360144,0.0038899161266503918,1.2463149639626925,-0.003889890316235989
2022-05-10,-0.005140759264454503,3.2571485159164156e-06,-0.00514401641297042,0.016285742579582076,1.2399038993323377,-0.009013897069575005
2022-05-11,0.005432408870253246,6.01375891520603e-07,0.005431807494361725,0.003006879457603015,1.2466388186250195,-0.003631051328869206
2022-05-12,-0.004414967742987487,2.6393236909670245e-06,-0.004417607066678454,0.013196618454835121,1.2411316581702658,-0.008032617837537837
2022-05-13,5.7198621242987666e-05,1.6181471206606747e-06,5.5580474122326855e-05,0.008090735603303374,1.241200640856275,-0.007977483820123421
2022-05-16,0.001975886086892999,1.553056285478019e-06,0.001974333030607521,0.007765281427390094,1.2436511842791287,-0.006018900999323229
2022-05-17,-0.001653460891186217,8.04936304924375e-05,-0.0017339545216786545,0.4024681524621875,1.2414947496847568,-0.007742419020398628
2022-05-18,0.001236297829997882,1.6396239195030042e-06,0.0012346582060783788,0.00819811959751502,1.2430275713652585,-0.006517320055498432
2022-05-19,-0.001386730523631743,1.5623564238317055e-06,-0.0013882928800555746,0.0078117821191585265,1.2413018850382194,-0.007896564986524024
2022-05-20,-0.00043271687381874705,3.290091487141801e-06,-0.0004360069653058889,0.016450457435709005,1.2407606687702954,-0.008329128994493673
2022-05-23,-0.002762084858864315,7.861058859765556e-07,-0.002762870964750292,0.003930529429882777,1.2373326071443458,-0.011068987650583506
2022-05-24,-0.003184177729341753,3.7935066832306534e-06,-0.003187971236024984,0.018967533416153266,1.2333880263833739,-0.01422167127236651
2022-05-25,0.0010559857064169327,1.80274948997467e-06,0.001054182956926958,0.00901374744987335,1.2346882430200652,-0.01318248055891369
2022-05-26,0.00020322363318488865,4.879292991605639e-07,0.00020273570388572838,0.002439646495802819,1.2349385584100931,-0.012982417414503122
2022-05-27,-0.0019494667536251952,3.312038754123309e-07,-0.0019497979575006075,0.0016560193770616544,1.2325306777312663,-0.01490690228104563
2022-05-31,0.002643767946097213,2.37103424325234e-06,0.0026413969118539607,0.0118551712162617,1.2357862804571909,-0.012304880414842234
2022-06-01,0.0026613354891798836,8.519357912971453e-06,0.002652816131266912,0.04259678956485727,1.239064594236786,-0.00968470686883316
2022-06-02,-0.004524392553643238,4.159454188720657e-07,-0.00452480849906211,0.0020797270943603285,1.2334580642298965,-0.014165693923944178
2022-06-03,0.006030646587340599,3.88294461018214e-06,0.006026763642730417,0.0194147230509107,1.24089182444623,-0.00822430357032855
2022-06-06,0.0014481791084785959,3.441109571709492e-06,0.0014447379989068864,0.017205547858547457,1.2426845880175403,-0.006791447535304251
2022-06-07,-0.002569979334554255,3.354845991612288e-07,-0.0025703148191534163,0.0016774229958061437,1.2394904974054253,-0.00934430619621418
2022-06-08,0.0033015343836454865,7.088994074674577e-06,0.0032944453895708123,0.03544497037337288,1.2435739311600196,-0.006080645113110128
2022-06-09,0.003150241890111409,3.2334470684977965e-06,0.003147008443042911,0.016167235342488984,1.2474874688209283,-0.0029527725115772174
2022-06-10,0.0018611989219297913,3.756282221719204e-06,0.001857442639708072,0.01878141110859602,1.2498046052380176,-0.001100814477437595
2022-06-13,0.013284782524536548,1.910806365869969e-06,0.013282871718170677,0.009554031829349843,1.2664055994821732,0.0
2022-06-14,0.0024919473303408285,8.960632051701412e-06,0.002482986698289127,0.04480316025850706,1.2695500677403264,0.0
2022-06-15,-0.0073551876588700445,2.6183838621712645e-06,-0.007357806042732216,0.01309191931085632,1.2602089645803556,-0.007357806042732173
2022-06-16,0.0004886185985773484,2.046556287017401e-06,0.0004865720422903316,0.010232781435087004,1.260822147029964,-0.006874814103154825
2022-06-17,-0.007591079347394693,5.026322715267098e-06,-0.007596105670109959,0.02513161357633549,1.2512448087699095,-0.014418697958874849
2022-06-21,-0.0012984938091178898,8.00033862978264e-06,-0.0013064941477476722,0.04000169314891319,1.249610064749852,-0.015706354162121072
2022-06-22,-0.0046433374459324776,1.420827563920296e-06,-0.004644758273496398,0.00710413781960148,1.2438059280629608,-0.020278160217176544
2022-06-23,-0.003032324831661478,1.5354839657002408e-06,-0.0030338603156271774,0.007677419828501203,1.2400323946174687,-0.023250499427246885
2022-06-24,9.616377760277538e-05,1.4626722384966458e-06,9.47011053642786e-05,0.007313361192483228,1.2401498270559266,-0.023158000169878568
2022-06-27,0.0035220833209782965,3.2040001728123575e-06,0.0035188793208054837,0.016020000864061787,1.244513764637054,-0.019720611056982196
2022-06-28,0.004230043471349859,1.2378358742609509e-06,0.004228805635475598,0.006189179371304754,1.2497765714583782,-0.015575200052679428
2022-06-29,-0.0025825317808795853,1.0054737351472025e-06,-0.0025835372546147324,0.005027368675736013,1.2465477271260708,-0.018118498197709942
2022-06-30,-0.0030407547506850676,3.7936520924818364e-07,-0.003041134115894316,0.001896826046240918,1.2427568083060172,-0.02110453153060643
2022-07-01,-2.074958632336879e-05,9.592132037922225e-07,-2.1708799527160897e-05,0.004796066018961112,1.2427298295476048,-0.021125782176089403
2022-07-05,-0.002797541693558765,3.9573519406990005e-06,-0.0028014990454994643,0.019786759703495,1.2392483231163136,-0.023868097362987006
2022-07-06,0.004103304485139376,6.632574874611829e-06,0.004096671910264764,0.03316287437305914,1.244325116911467,-0.019869205216740515
2022-07-07,0.002404038987014548,2.079300034572403e-06,0.002401959686979975,0.010396500172862012,1.247313935679785,-0.017514970559703413
2022-07-08,0.002311732127058347,1.3846196606246017e-06,0.002310347507397722,0.006923098303123008,1.2501956643220253,-0.015245088720880484
2022-07-11,0.000454476408606924,2.388589503720465e-07,0.00045423754965655174,0.0011942947518602323,1.2507635501371783,-0.014797776062968726
2022-07-12,-0.003556696053941046,7.016970970531195e-07,-0.0035573977510380992,0.0035084854852655972,1.2463140866968399,-0.018302532238720026
2022-07-13,-0.0011507956686557354,6.10049876603947e-06,-0.0011568961674217747,0.030502493830197347,1.2448722307065365,-0.01943825427674073
2022-07-14,0.0052726542696108466,8.843729201679514e-06,0.005263810540409167,0.04421864600839757,1.2514250022759923,-0.014276763024080652
2022-07-15,-0.0035004793811356646,2.3779992886809138e-05,-0.0035242593740224732,0.11889996443404567,1.247014655980835,-0.01775070738218476
2022-07-18,-0.0022504685728532933,1.219854358945638e-06,-0.002251688427212239,0.006099271794728189,1.244206767511399,-0.019962426747009654
2022-07-19,-0.003884116660088495,6.299185255522681e-06,-0.0038904158453440174,0.031495926277613405,1.2393662857881884,-0.023775180451025557
2022-07-20,0.002069890595290399,3.0330071056948697e-06,0.002066857588184704,0.015165035528474348,1.2419278794005102,-0.021757462774966374
2022-07-21,-0.002703414992735384,2.6302901500760103e-06,-0.0027060452828854605,0.013151450750380052,1.2385671663207745,-0.024404631378342145
2022-07-22,-0.0019244005102511362,4.6806308061519005e-07,-0.0019248685733317512,0.00234031540307595,1.236183087306363,-0.02628252424368993
2022-07-25,0.00037663538008374264,4.054264936042232e-07,0.00037622995359013834,0.002027132468021116,1.2366481764119293,-0.02591618256297623
2022-07-26,0.002725586389292745,4.9498704823158e-06,0.0027206365188104293,0.024749352411579002,1.2400126466015957,-0.023266054556874916
2022-07-27,-0.006966321071213911,1.023025498453667e-06,-0.006967344096712364,0.005115127492268334,1.2313730518084474,-0.030071296045716678
2022-07-28,-0.00722294426530959,9.883167907043787e-07,-0.007223932582100294,0.004941583953521893,1.222477695898768,-0.03707799561252645
2022-07-29,-0.005442293649448087,7.579734741466224e-06,-0.005449873384189554,0.03789867370733112,1.215815347241124,-0.04232579861528818
2022-08-01,0.0018897453748332382,1.0262667400731744e-06,0.0018887191080931651,0.005131333700365871,1.2181116809193713,-0.04051702105180488
2022-08-02,0.0030470931073442913,5.104924255945206e-07,0.003046582614918697,0.002552462127972603,1.2218227587894896,-0.03759387688883087
2022-08-03,0.0018035148422005892,8.538124191513595e-06,0.0017949767180090756,0.042690620957567975,1.2240159021950503,-0.03586638030457712
2022-08-04,-0.004171422447548262,2.834598268707961e-06,-0.00417425704581697,0.014172991343539804,1.2189065451911205,-0.03989092185969978
2022-08-05,0.004742995648330759,4.334724981342808e-06,0.0047386609233494165,0.02167362490671404,1.2246825300060327,-0.03534129048896317
2022-08-08,-0.0038030386336936586,1.8783130993359155e-06,-0.0038049169467929945,0.009391565496679577,1.2200227146931715,-0.03901173676065306
2022-08-09,-0.0008418205702925227,0.00010156133813366194,-0.0009433819084261847,0.5078066906683096,1.218871767336261,-0.039918315702402896
2022-08-10,-0.0042217060114966625,3.2345637067498865e-06,-0.004224940575203413,0.016172818533749432,1.2137221065504722,-0.043974603765901454
2022-08-11,-0.002459099212245174,1.5064243885669573e-06,-0.002460605636633741,0.007532121942834785,1.2107356150937871,-0.04632700524464006
2022-08-12,-0.00197765736301167,4.487034495483935e-06,-0.001982144397507154,0.022435172477419676,1.2083357622774666,-0.04821732282824831
2022-08-15,0.00465228213660554,3.449829307066194e-07,0.004651937153674834,0.0017249146535330967,1.2139568643041192,-0.04378968963008889
2022-08-16,0.002553257766380965,2.4932027026244005e-06,0.0025507645636783406,0.012466013513122001,1.2170533824554204,-0.041350622254973324
2022-08-17,-0.002244898736183704,7.225716504237397e-05,-0.0023171559012260777,0.3612858252118698,1.2142332800281568,-0.04357196231782179
2022-08-18,-0.0007226652641334441,1.8504913382901584e-06,-0.0007245157554717344,0.009252456691450792,1.2133535488859584,-0.04426490950009743
2022-08-19,-0.0030610480899884787,1.810587314765533e-06,-0.0030628586773032438,0.009052936573827663,1.2096372184401163,-0.047192191015238194
2022-08-22,-0.002239643672780502,1.6281251863890679e-06,-0.0022412717979668913,0.008140625931945339,1.2069260926566554,-0.04932769228639833
2022-08-23,-0.005603907521297302,5.211204481772394e-06,-0.005609118725779075,0.02605602240886197,1.2001563009097036,-0.0546601261296743
2022-08-24,-0.0013885655209683926,2.896448833578047e-06,-0.0013914619698019706,0.014482244167890235,1.1984863290591694,-0.05597553061270233
2022-08-25,0.004347776764694877,4.536593814946683e-06,0.00434324017087993,0.02268296907473341,1.2036916430277895,-0.05187540561496595
2022-08-26,-0.004019038571322358,2.598997920408719e-06,-0.004021637569242767,0.012994989602043594,1.1988508314944053,-0.055688419104067965
2022-08-29,-0.005632972734140042,6.670775976883861e-06,-0.005639643510116926,0.033353879884419305,1.1920897401829695,-0.06101399978279598
2022-08-30,0.004777022220789812,0.00010046111003445987,0.004676561110755353,0.5023055501722993,1.1976646207024397,-0.05662277437063645
2022-08-31,0.002221892193624545,2.159155712033173e-06,0.002219733037912512,0.010795778560165864,1.200323116429352,-0.05452872877569259
2022-09-01,0.007172873322212003,1.8525453437247264e-06,0.007171020776868278,0.009262726718623632,1.208930658436222,-0.047748734645811086
2022-09-02,-0.005352982843552304,4.2932816774212957e-07,-0.005353412171720046,0.002146640838710648,1.2024587543345842,-0.052846528160294004
2022-09-06,0.0030589677066504193,4.0471837802804614e-07,0.003058562988272391,0.0020235918901402306,1.2061365501755161,-0.04994959960711132
2022-09-07,0.0035137863941931604,2.465438146014576e-07,0.0035135398503785597,0.0012327190730072879,1.210374359009556,-0.04661155966546271
2022-09-08,0.00113076373497429,3.239533408079498e-06,0.0011275242015662105,0.01619766704039749,1.2117390853922945,-0.04553659112549202
2022-09-09,-0.0008710616348095151,2.193954890662761e-06,-0.0008732555897001779,0.010969774453313805,1.2106809274627175,-0.04637008163245593
2022-09-12,-0.0005780232112041699,1.8382983698428058e-06,-0.0005798615095740127,0.009191491849214029,1.2099789001925065,-0.04692305491649551
2022-09-13,-0.0015383978231689917,1.0205408866460181e-06,-0.001539418364055638,0.00510270443323009,1.2081162364534304,-0.048390239068115015
2022-09-14,0.0008018181821077712,6.088125021796071e-06,0.0007957300570859752,0.03044062510898035,1.20907757085523,-0.04763301457872515
2022-09-15,0.006784703977661306,4.5657857518678347e-07,0.006784247399086119,0.0022828928759339173,1.217280252220598,-0.041171921334905215
2022-09-16,-0.002497739089554456,9.157998636022347e-07,-0.002498654889418058,0.004578999318011173,1.214238688966595,-0.04356770180177305
2022-09-19,0.0026307823759631477,1.2959353130216983e-06,0.002629486440650126,0.0064796765651084914,1.2174315131349456,-0.041052776042260986
2022-09-20,0.0017122938918235084,5.849400179234659e-07,0.001711708951805585,0.0029247000896173297,1.2195154015541887,-0.03941133749470349
2022-09-21,0.0030884316375785112,4.976200556003552e-05,0.0030386696320184757,0.2488100278001776,1.2232211059706701,-0.036492425897087455
2022-09-22,0.0016211443563445263,1.7785608869782367e-06,0.0016193657954575481,0.008892804434891183,1.2252019483899608,-0.03493215468792099
2022-09-23,0.010205982156456458,1.6362856263282823e-07,0.010205818527893824,0.0008181428131641411,1.2377061371352507,-0.025082847391560414
2022-09-26,0.009088127203458139,3.16815065502867e-06,0.009084959052803111,0.01584075327514335,1.2489506467105274,-0.016225764980237423
2022-09-27,-0.0006600023082136935,2.9040585834234187e-06,-0.000662906366797117,0.014520292917117095,1.2481227093750076,-0.01687791518412296
2022-09-28,-0.015313518219448295,1.033522135070708e-06,-0.015314551741583367,0.00516761067535354,1.229008269562439,-0.03193398922032897
2022-09-29,0.004597603884415229,9.504359678536267e-06,0.0045880995247366925,0.047521798392681336,1.2346470818199158,-0.02749240601635705
2022-09-30,0.003684573669574058,1.1615733098793048e-06,0.0036834120962641785,0.005807866549396523,1.2391947958157083,-0.023910259780969056
2022-10-03,-0.013052408137345397,1.019928397546485e-06,-0.013053428065742945,0.005099641987732426,1.223019055689085,-0.03665157699062793
2022-10-04,-0.009572125952163594,6.228037820211471e-06,-0.009578353989983805,0.031140189101057356,1.2113045462371992,-0.045878869201904315
2022-10-05,0.0025135979240674964,4.574939608824025e-06,0.002509022984458672,0.022874698044120123,1.2143437371848875,-0.04348495735477431
2022-10-06,0.0018202309855560475,2.2248817873776943e-06,0.00181800610376867,0.011124408936888472,1.216551421511163,-0.04174600716889865
2022-10-07,0.0019494611413673954,3.158853926437777e-07,0.0019491452559747518,0.0015794269632188884,1.218922656943051,-0.03987823094475296
2022-10-10,0.006500594929425385,7.353478938543184e-07,0.00649985958153153,0.003676739469271592,1.2268454830539282,-0.033637574264722137
2022-10-11,0.0006458253147126271,2.690334347864085e-06,0.0006431349803647632,0.013451671739320423,1.2276345102995827,-0.03301607278502161
2022-10-12,0.0020051481612689496,4.1603070942863474e-06,0.0020009878541746634,0.020801535471431737,1.230090992044058,-0.031081149691482235
2022-10-13,-0.003619035670872777,3.709365747015997e-07,-0.003619406607447479,0.0018546828735079984,1.2256387925796919,-0.03458806098036937
2022-10-14,0.009444583331868919,5.240789772422864e-06,0.009439342542096496,0.026203948862114315,1.2372080169757331,-0.025475206993733623
2022-10-17,-0.004668862161230636,3.606890776247818e-06,-0.004672469052006884,0.018034453881239088,1.2314272008055192,-0.0300286439294688
2022-10-18,0.0010815037137049711,1.806510474444645e-06,0.0010796972032305267,0.009032552372223224,1.2327567693102108,-0.028981368569105714
2022-10-19,0.0029462348473261067,5.141189607677676e-07,0.002945720728365339,0.002570594803838838,1.2363881264786007,-0.026121018858870748
2022-10-20,0.0017464851984271836,1.5752258336360402e-06,0.0017449099725935476,0.007876129168180201,1.2385455124504894,-0.024421687712578466
2022-10-21,-0.005040488691728537,1.03110868571471e-07,-0.005040591802597109,0.000515554342857355,1.232302510093288,-0.02933917975628586
2022-10-24,-0.0005211497584197227,2.209250259747969e-06,-0.0005233590086794705,0.011046251298739845,1.2316575734732125,-0.029847183840932545
2022-10-25,-0.00464280435492509,1.808556142269824e-06,-0.00464461291106736,0.009042780711349119,1.2259370008054449,-0.03435316813657341
2022-10-26,-0.003753133183266652,4.3104651502873517e-07,-0.0037535642297816807,0.0021552325751436757,1.2213353675312557,-0.037977785543257925
2022-10-27,-0.0013388906554349846,4.144551419227719e-06,-0.0013430352068542124,0.02072275709613859,1.219695071133285,-0.0392698152470492
2022-10-28,0.002302125899328493,9.547722119697012e-07,0.0023011711271165233,0.004773861059848505,1.2225017982148634,-0.037059010684946325
2022-10-31,0.003300926251355243,1.8244715260109872e-06,0.003299101779829232,0.009122357630054936,1.2265349560731984,-0.03388217035322649
2022-11-01,-0.002354576366759252,5.91569140372562e-06,-0.0023604920581629775,0.0295784570186281,1.2236397300503283,-0.03616268381735743
2022-11-02,0.0013035021404567914,6.383494105301407e-06,0.00129711864635149,0.031917470526507036,1.2252269359605932,-0.03491247246248741
2022-11-03,0.006826969709940338,1.6989265563723294e-06,0.006825270783383967,0.008494632781861647,1.23358944156962,-0.028325488757377393
2022-11-04,-0.011896793752459497,1.528346080940396e-06,-0.011898322098540437,0.00764173040470198,1.218911797056466,-0.039886785067084096
2022-11-07,7.497696505249813e-05,1.0542826014389388e-05,6.443413903810865e-05,0.05271413007194693,1.2189903365886727,-0.03982492099870072
2022-11-08,-0.0035792982358462885,3.413176035931953e-06,-0.0035827114118822207,0.017065880179659765,1.2146230459988023,-0.04326495121164364
2022-11-09,0.0054395527314712085,4.0005195543592695e-06,0.005435552211916849,0.020002597771796346,1.2212251929831264,-0.03806456790098367
2022-11-10,-0.016084084786753654,1.9723536255988105e-06,-0.01608605714037925,0.009861768127994053,1.201580494747529,-0.05353831622708394
2022-11-11,-0.004247009873883715,7.079994387993977e-06,-0.004254089868271709,0.03539997193996988,1.1964688633389107,-0.05756464928672966
2022-11-14,0.0034160719440243124,3.988627432927381e-06,0.003412083316591385,0.0199431371646369,1.2005513147863305,-0.05434898134959487
2022-11-15,-0.002838056021286783,1.5751249843176858e-06,-0.0028396311462711007,0.007875624921588428,1.1971421918801666,-0.057034281435657475
2022-11-16,0.0007166484981118229,1.1638487656854211e-06,0.0007154846493461378,0.005819243828427106,1.1979987287415415,-0.05635960393916506
2022-11-17,0.00677173894445212,2.843102053909541e-06,0.006768895842398211,0.014215510269547704,1.2061078573557182,-0.04997220038555006
2022-11-18,0.002599367384930387,2.6241330300836697e-06,0.002596743251900304,0.013120665150418348,1.2092398097953707,-0.04750522210778341
2022-11-21,0.0022510089353983617,9.695170850850034e-07,0.002250039418313277,0.004847585425425016,1.211960647033604,-0.04536207131178838
2022-11-22,-0.003383566043335692,9.62463226895652e-07,-0.003384528506562588,0.004812316134478259,1.2078587316748868,-0.048593070594879384
2022-11-23,0.0007212935194371318,2.8817528166772413e-07,0.0007210053441554644,0.0014408764083386205,1.2087296042754092,-0.047907101114311845
2022-11-25,0.0005887460424917667,3.467206675869805e-07,0.0005883993218241797,0.0017336033379349025,1.2094408199548337,-0.047346890298293864
2022-11-28,-0.0003074266958785284,7.1698954503254e-05,-0.0003791256503817824,0.35849477251627004,1.2089822899173701,-0.0477080655280977
2022-11-29,0.0006392563049299536,1.737478734940526e-06,0.000637518826195013,0.008687393674702629,1.209753038887729,-0.04710096149183807
2022-11-30,-0.007097549274302289,4.965161053824469e-07,-0.007098045790407672,0.002482580526912234,1.201166156422619,-0.05386468250080434
2022-12-01,0.0028709184090816497,4.54549939158089e-05,0.0028254634151658404,0.22727496957904447,1.2045600074531266,-0.051191411775413975
2022-12-02,0.00035388747961726105,7.151828955824383e-06,0.0003467356506614367,0.03575914477912191,1.2049776713510716,-0.050862426012222794
2022-12-05,-0.00021735562026336088,1.6865576524487112e-06,-0.0002190421779158097,0.008432788262243557,1.204713730417599,-0.05107032717357074
2022-12-06,0.0002548361106625319,3.484080426191244e-06,0.0002513520302363408,0.01742040213095622,1.205016537659593,-0.0508318117737544
2022-12-07,0.0020398701113612232,9.77433647725129e-07,0.0020388926777134986,0.004887168238625644,1.2074734370547509,-0.04889655970486129
2022-12-08,0.003226172223625201,2.376675630513084e-06,0.0032237955479946885,0.011883378152565419,1.21136608454545,-0.04583039666835531
2022-12-09,0.0013707970644232393,1.629723616922485e-06,0.0013691673408063169,0.008148618084612425,1.2130246474261699,-0.04452397880988357
2022-12-12,-0.0015483304431044387,1.6110446477723984e-05,-0.001564440889582163,0.08055223238861992,1.2111269420676654,-0.04601876456644871
2022-12-13,0.000535618286109883,1.4163584522865203e-06,0.0005342019276575968,0.007081792261432601,1.211773928414756,-0.04550914595153088
2022-12-14,-0.0035221320289425683,3.915247114902848e-06,-0.003526047276057471,0.01957623557451424,1.2075011562552718,-0.04887472582747021
2022-12-15,-0.006840222156916287,7.794408520227282e-07,-0.00684100159776831,0.0038972042601136403,1.1992406389160224,-0.05538137534776222
2022-12-16,0.002157048123099485,5.8825846005676114e-06,0.0021511655384989174,0.029412923002838057,1.201820404050826,-0.05334934431538607
2022-12-19,-0.000895798419842843,1.1670535159721637e-06,-0.0008969654733588153,0.005835267579860817,1.2007424126432142,-0.05419845726886774
2022-12-20,0.003227678060802185,2.7565895714844194e-07,0.0032274024018450363,0.0013782947857422095,1.2046176915897762,-0.05114597509818852
2022-12-21,-0.00032832479035638457,8.89425981722769e-07,-0.00032921421633810724,0.004447129908613845,1.2042211143204524,-0.05145835133241583
2022-12-22,-0.004104558988430505,7.169679428899789e-07,-0.004105275956373395,0.0035848397144498945,1.1992774543336755,-0.055352376556309646
2022-12-23,0.00039819094547823,3.450032304541276e-06,0.00039474091317368845,0.017250161522706378,1.1997508582111478,-0.054979485490804114
2022-12-27,0.002817243211220591,3.727917300771461e-07,0.0028168704194905135,0.0018639586503857303,1.203130400914401,-0.05231748515767154
2022-12-28,-0.002228008758184666,0.00010104012287422743,-0.0023290488810588936,0.5052006143711372,1.2003282514003835,-0.05452468405846411
2022-12-29,0.004739989488222823,7.616168395549683e-07,0.004739227871383268,0.0038080841977748414,1.206016880504229,-0.050043861089448916
2022-12-30,-0.0028538062351169077,4.791913488708669e-06,-0.0028585981486056165,0.023959567443543342,1.2025693628824325,-0.052759403949395156
2023-01-03,0.005799739790587004,7.618120321515399e-06,0.005792121670265488,0.03809060160757699,1.2095347909491811,-0.047272871166055275
2023-01-04,0.005549879348976213,7.064030491864571e-05,0.005479239044057568,0.3532015245932285,1.216162121200896,-0.042052651483415526
2023-01-05,-0.0011761989882740369,5.1217398175889695e-06,-0.001181320728091626,0.025608699087944845,1.2147254436784014,-0.04318429454263861
2023-01-06,0.001689047009060752,2.7768318923387135e-06,0.0016862701771684138,0.013884159461693565,1.216773798967524,-0.041570844753479386
2023-01-09,0.0008784674732984183,5.957696432476975e-06,0.0008725097768659413,0.029788482162384874,1.2178354460033576,-0.04073460594509337
2023-01-10,-0.0031365581808130583,4.0776474722899473e-07,-0.0031369659455602874,0.0020388237361449735,1.2140151376819488,-0.0437437888189981
2023-01-11,0.0007908153765068752,6.51410652092903e-05,0.0007256743112975851,0.32570532604645147,1.214896117280891,-0.0430498582515253
2023-01-12,0.003474730567867158,1.7950174236620794e-06,0.003472935550443496,0.008975087118310396,1.2191153731966915,-0.0397264320842452
2023-01-13,0.0005434443997418838,3.1334109416172957e-06,0.0005403109888002663,0.015667054708086478,1.219774074629445,-0.0392075857232459
2023-01-17,-0.0021216540697281943,1.029990040307921e-06,-0.0021226840597685023,0.005149950201539605,1.2171848796447102,-0.04124704446577754
2023-01-18,4.0991248713909915e-05,1.0372416928382584e-05,3.0618831785527226e-05,0.051862084641912914,1.217222148423792,-0.041217688570308164
2023-01-19,-0.0008024983377128733,2.8923914576702126e-06,-0.0008053907291705434,0.014461957288351063,1.2162418089901104,-0.04198988295522643
2023-01-20,0.001549747545144513,3.7173262711002466e-07,0.0015493758125174032,0.0018586631355501232,1.218126224631132,-0.040505565251730324
2023-01-23,0.0009811117054970237,5.09837138539238e-06,0.0009760133341116311,0.025491856926961903,1.219315132069003,-0.039569085889410105
2023-01-24,0.0031667126496268175,1.2183825910202146e-06,0.003165494267035797,0.0060919129551010726,1.2231748671292775,-0.03652884733690909
2023-01-25,0.001124187328712088,3.74463306638477e-06,0.0011204426956457033,0.01872316533192385,1.2245453644746498,-0.03544933312144238
2023-01-26,-0.0012278426753604321,7.996542663612494e-07,-0.0012286423296267932,0.003998271331806247,1.223040836205308,-0.03663442089983915
2023-01-27,0.0013571659414112636,3.729263013316498e-07,0.0013567930151099322,0.0018646315066582486,1.2247002494690655,-0.035327333211118694
2023-01-30,-0.0017888243451245245,2.4940420910412184e-06,-0.0017913183872155657,0.01247021045520609,1.222506421393364,-0.037055369096781976
2023-01-31,0.0029485515093149693,9.41014650805358e-07,0.002947610494664164,0.00470507325402679,1.2261098941508575,-0.03421698339695112
2023-02-01,0.006755022199646873,1.5002214274269344e-06,0.006753521978219447,0.007501107137134672,1.2343904542687176,-0.027694546568131306
2023-02-02,0.001995649142031313,9.515829854129771e-07,0.0019946975590459,0.004757914927064885,1.236852689894757,-0.02575509125352382
2023-02-03,-0.007125868158394269,6.474849148347834e-06,-0.007132343007542616,0.032374245741739166,1.2280310322606258,-0.0327037401160557
2023-02-06,-0.0038294011280286437,1.015190722423986e-05,-0.0038395530352528834,0.050759536121199295,1.2233159419833248,-0.03641772540668187
2023-02-07,-0.0020405116571150426,6.660882690554623e-06,-0.0020471725398055977,0.033304413452773116,1.22081160317939,-0.038390344579072755
2023-02-08,-0.0027372320404621814,3.581444308767326e-06,-0.0027408134847709486,0.01790722154383663,1.2174655862750312,-0.04102593728973636
2023-02-09,-0.0034281988206499086,2.0469055899510178e-06,-0.00343024572623986,0.010234527949755087,1.2132893801508673,-0.04431545396992309
2023-02-10,-0.003058916327208617,1.8808680284288563e-06,-0.003060797195237046,0.00940434014214428,1.2095757474190907,-0.04724061054794326
2023-02-13,0.00038353440573320424,2.9424440177500014e-06,0.00038059196171545424,0.014712220088750005,1.2100361022256443,-0.04687799798286896
2023-02-14,0.0006256245747175032,2.896042783392397e-06,0.0006227285319341108,0.014480213916961984,1.2107896262311704,-0.046284461717798875
2023-02-15,-0.00212064673726047,3.4780480749394276e-07,-0.002120994542067964,0.0017390240374697136,1.2082215480423415,-0.04830728716918087
2023-02-16,-0.0019069775120342685,3.1003718822224307e-06,-0.0019100778839164908,0.015501859411112151,1.2059137507845545,-0.05012509437224344
2023-02-17,0.0023602075653367752,1.8952486601075348e-06,0.002358312316676668,0.009476243300537673,1.2087576720358795,-0.047884992682999394
2023-02-21,-0.006869940071489704,3.3509730253474204e-06,-0.0068732910445150515,0.0167548651267371,1.2004495287536865,-0.05442915623613964
2023-02-22,0.002840224858292717,2.95425947632291e-06,0.002837270598816394,0.014771297381614548,1.2038555289069823,-0.05174631588203049
2023-02-23,-0.002399245674654405,6.349811237360782e-07,-0.002399880655778141,0.0031749056186803903,1.200966419310807,-0.0540220115553155
2023-02-24,-0.005585962169619427,9.027166524275072e-07,-0.005586864886271855,0.0045135832621375355,1.1942567821931678,-0.05930706276214315
2023-02-27,0.0030035435948650114,3.2404303552176216e-07,0.0030032195518294898,0.0016202151776088108,1.1978433975113552,-0.05648195534076261
2023-02-28,-0.0006269522740251139,2.6074968231425686e-07,-0.0006272130237074281,0.0013037484115712844,1.1970920945320742,-0.05707374214647576
2023-03-01,0.0008472460587039942,0.00010134140915816852,0.0007459046495458257,0.5067070457908426,1.1979850110913204,-0.056370409066563876
2023-03-02,0.0013576215396914435,2.5596791711304805e-06,0.001355061860520313,0.0127983958556524,1.1996083548893253,-0.0550917325974315
2023-03-03,0.00202572658656413,2.2163377949898532e-06,0.0020235102487691403,0.011081688974949266,1.2020357746899528,-0.05317970103419578
2023-03-06,-0.0006304382831324215,2.2491845228040235e-06,-0.0006326874676552255,0.011245922614020118,1.2012752617196332,-0.053778742371473065
2023-03-07,-0.003635485110805016,4.33847188941118e-06,-0.003639823582694427,0.0216923594470559,1.1969028316927186,-0.05722282081943619
2023-03-08,0.0014385883480311072,4.7696519063679275e-06,0.0014338186961247393,0.02384825953183964,1.1986189733502441,-0.0558710492736475
2023-03-09,-0.0015486828535886395,4.843920698160318e-06,-0.0015535267742868,0.024219603490801586,1.1967568866829763,-0.05733777887698022
2023-03-10,-0.003524479222547423,2.7912182505791503e-06,-0.0035272704407980013,0.01395609125289575,1.1925356014917579,-0.060662803465204584
2023-03-13,0.005727579743078219,1.9037656126841996e-06,0.005725675977465535,0.009518828063420998,1.1993636739374915,-0.055284463044265486
2023-03-14,0.009684759205267644,1.0360678273277053e-05,0.009674398526994366,0.05180339136638526,1.210966796097963,-0.04614490844511221
2023-03-15,0.003390085322529513,4.837792277978725e-06,0.0033852475302515337,0.024188961389893626,1.2150662184536705,-0.04291587285220799
2023-03-16,0.00341901518870325,3.2887633218028953e-06,0.003415726425381447,0.016443816609014478,1.2192165522446308,-0.03964673530779639
2023-03-17,0.003995065429874293,4.652666642981665e-06,0.003990412763231312,0.023263333214908324,1.2240817295358506,-0.03581452938315777
2023-03-20,0.001997251331892554,6.4331513905330875e-06,0.0019908181805020205,0.032165756952665436,1.2265186536974308,-0.03389501141887785
2023-03-21,-0.006040006123414005,7.034879148750695e-05,-0.006110354914901511,0.3517439574375347,1.2190241894135923,-0.039798255784165515
2023-03-22,0.0016407363850580163,5.7690985633951726e-06,0.0016349672864946212,0.028845492816975862,1.221017254084729,-0.03822835734393759
2023-03-23,-0.0003721932428220054,2.083649441105809e-06,-0.00037427689226311126,0.010418247205529044,1.2205602555414705,-0.03858832624541775
2023-03-24,-0.0013200562254074262,5.164887820132722e-06,-0.001325221113227559,0.025824439100663607,1.2189427433208606,-0.03986240929398066
2023-03-27,-0.004555995968442176,1.68716525605096e-06,-0.004557683133698228,0.008435826280254799,1.2133871885386833,-0.04423841219717117
2023-03-28,0.001999709035871882,6.116701853673218e-06,0.0019935923340182087,0.030583509268366088,1.2158061879359499,-0.04233301322257843
2023-03-29,-0.0024738122050823094,7.263358037300411e-07,-0.00247453854088604,0.003631679018650205,1.2127976286656545,-0.04470279709069336
2023-03-30,-0.0012825757758989813,9.176037657074071e-05,-0.001374336152469722,0.4588018828537035,1.2111308370389497,-0.04601569657300486
2023-03-31,-0.00385151509533301,1.0456930646277395e-06,-0.0038525607883976376,0.005228465323138698,1.2064648818665542,-0.04969097909313458
2023-04-03,-0.0032228110236533674,9.143361833379743e-07,-0.003223725359836705,0.004571680916689871,1.2025755704311285,-0.05275451438351375
2023-04-04,0.005118274383097361,1.980666905378817e-06,0.005116293716191982,0.009903334526894084,1.2087283002653713,-0.047908128257762916
2023-04-05,0.00012056925435370439,7.343265808889684e-05,4.7136596264807634e-05,0.36716329044448415,1.2087852756032549,-0.04786324988759749
2023-04-06,-0.00014232430637883744,4.3919597021683806e-07,-0.00014276350234905435,0.00219597985108419,1.2086127051837217,-0.04799918026475891
2023-04-10,-0.0026668543816301465,4.826029077460006e-06,-0.002671680410707606,0.02413014538730003,1.20538367829515,-0.05054262220582317
2023-04-11,-0.000677515033207505,5.285929721657332e-06,-0.0006828009629291623,0.026429648608286657,1.204560641158911,-0.05119091261764119
2023-04-12,-0.0012481693564788442,5.925750789023884e-06,-0.001254095107267868,0.02962875394511942,1.2030500075524262,-0.052380809451858634
2023-04-13,0.005967480164387549,3.834153007865468e-06,0.005963646011379683,0.01917076503932734,1.2102245719314564,-0.0467295440458394
2023-04-14,-0.005178991201230215,3.1065623266637786e-06,-0.005182097763556878,0.015532811633318891,1.2039530698838488,-0.051669484743704364
2023-04-17,0.0009491581679280233,4.594114637166713e-06,0.0009445640532908563,0.022970573185833565,1.2050902806755102,-0.05077372582835449
2023-04-18,0.001496906910214517,3.1851275895985688e-06,0.0014937217826249184,0.015925637947992843,1.2068903502777848,-0.049355845865984405
2023-04-19,-0.0036120867530095055,3.635330679234372e-05,-0.0036484400598018494,0.1817665339617186,1.202487083176043,-0.052824214080543386
2023-04-20,-0.0015193368443250934,3.3466887872031754e-06,-0.0015226835331122964,0.016733443936015877,1.2006560758957108,-0.05426646305272553
2023-04-21,-0.0019434758988448675,6.126869518820965e-07,-0.0019440885857967497,0.0030634347594104827,1.1983218941230944,-0.05610505282710987
2023-04-24,0.0029508338078926884,3.064230430976614e-06,0.0029477695774617115,0.01532115215488307,1.201854270946597,-0.05332266801751373
2023-04-25,-0.0033932685408561286,3.0806838152654393e-07,-0.003393576609237655,0.0015403419076327196,1.1977756864050002,-0.056535290067824984
2023-04-26,-0.005857248386318471,4.0285755768299595e-06,-0.0058612769618953,0.0201428778841498,1.1907551913687562,-0.06206519803651167
2023-04-27,0.003985870395037405,2.2993953105154395e-06,0.00398357099972689,0.011496976552577198,1.195498649216867,-0.05832886815977534
2023-04-28,0.00549495845433341,3.698776172212565e-07,0.005494588576716189,0.0018493880861062822,1.2020674224383336,-0.05315477271574265
2023-05-01,-0.0036430540420313772,1.5450799088043922e-06,-0.003644599121940182,0.00772539954402196,1.197686368566002,-0.056605643999716126
2023-05-02,-0.0019157358172536467,1.2211442502795933e-06,-0.001916956961503926,0.006105721251397966,1.195390455344081,-0.05841409037789436
2023-05-03,-0.0036944874885657163,3.928854275997812e-06,-0.0036984163428417146,0.01964427137998906,1.1909694037479595,-0.061896467094230245
2023-05-04,0.0015286120571493668,5.515773802380581e-06,0.0015230962833469863,0.0275788690119029,1.192783364820388,-0.060467645089866795
2023-05-05,0.003074930254818858,2.1541863857947267e-06,0.003072776068433064,0.010770931928973632,1.196448520998633,-0.05758067255418042
2023-05-08,0.0018652578939529884,9.891538748229175e-06,0.001855366355204759,0.04945769374114588,1.1986683713302284,-0.05583213944154275
2023-05-09,0.0006467482760492003,2.0878476586466246e-06,0.0006446604283905536,0.010439238293233122,1.1994411053959884,-0.0552234717840826
2023-05-10,0.003138862080023228,3.1852502668893075e-05,0.003107009577354335,0.15926251334446534,1.2031677803979264,-0.052288042062455964
2023-05-11,0.00014102581990810118,5.655471858332539e-07,0.00014046027272226797,0.0028277359291662696,1.2033367776724917,-0.05215492618238193
2023-05-12,-0.0007109218430601406,4.993077001348512e-06,-0.000715914920061489,0.024965385006742558,1.2024752909194971,-0.052833502612634864
2023-05-15,-0.0005778048806612065,6.081482184199183e-06,-0.0005838863628454057,0.030407410920995914,1.2017731819954707,-0.0533865402138034
2023-05-16,-0.005545703662707122,2.4980409509197947e-07,-0.005545953466802213,0.0012490204754598971,1.195108203850473,-0.0586364144128263
2023-05-17,-0.0012373820851950181,3.1209906482332324e-06,-0.0012405030758432514,0.015604953241166161,1.193625668447631,-0.05980417883623401
2023-05-18,-0.0012550611014483883,3.0997405704750654e-06,-0.0012581608420188634,0.015498702852375326,1.1921238953715616,-0.06098709640225197
2023-05-19,0.0018145657480011846,2.280505950653691e-06,0.0018122852420505305,0.011402529753268456,1.1942843639138394,-0.059285337174966646
2023-05-22,-0.0011382715926425012,7.913127456425085e-07,-0.001139062905388144,0.003956563728212542,1.1929239988964202,-0.06035687035194526
2023-05-23,-0.0032996378423884734,4.96660289351375e-07,-0.003300134502677825,0.002483301446756875,1.1889871892485897,-0.06345781906430104
2023-05-24,-0.004852821578903681,2.1433215027849977e-06,-0.004854964900406466,0.010716607513924989,1.183214698177755,-0.06800469848049384
2023-05-25,0.0003972118942587471,1.4010464851666376e-06,0.0003958108477735817,0.007005232425833188,1.1836830273905388,-0.06763580463007846
2023-05-26,0.0018156935858462202,6.906197708241102e-06,0.0018087873881379793,0.03453098854120551,1.1858240583220359,-0.06594935603234187
2023-05-30,0.006995625966119499,2.2052580793281486e-06,0.00699342070804017,0.011026290396640742,1.1941170248475974,-0.05941714691646027
2023-05-31,0.0018155808468697664,2.0003299337497366e-06,0.0018135805169360165,0.010001649668748683,1.1962826522188026,-0.05771132417954383
2023-06-01,0.0021681387376236956,8.351401279652773e-06,0.0021597873363440427,0.041757006398263866,1.1988663683417529,-0.055676181030326344
2023-06-02,-0.0037268647892369266,8.669865828195317e-07,-0.003727731775819746,0.004334932914097658,1.1943973160855237,-0.05919636693696306
2023-06-05,-1.655954897097434e-05,1.5293928720123918e-06,-1.808894184298672e-05,0.0076469643600619586,1.1943757107019357,-0.05921338507916718
2023-06-06,0.0018172356657311529,3.923707594996828e-06,0.001813311958136156,0.01961853797498414,1.1965414864606587,-0.057507445460276974
2023-06-07,-0.0037466559285605303,0.00010070766195446586,-0.0038473635905149958,0.5035383097723293,1.1919379563111094,-0.061133556998944405
2023-06-08,0.004604253570385581,8.372231708195787e-08,0.004604169848068499,0.0004186115854097894,1.1974258411103256,-0.056810856430715484
2023-06-09,0.002519438631206088,1.2653535929213755e-06,0.0025181732776131662,0.0063267679646068775,1.200441166865333,-0.0544357427336446
2023-06-12,0.005417844631353088,1.169913241474599e-06,0.0054166747181116125,0.005849566207372994,1.206943566184473,-0.04931392872695983
2023-06-13,-0.0011515801338017675,1.876387235132812e-06,-0.0011534565210369009,0.00938193617566406,1.205551409257534,-0.05041050377532874
2023-06-14,0.0024603350351648963,9.270100165903406e-07,0.002459408025148306,0.004635050082951703,1.2085163520681907,-0.04807507574771719
2023-06-15,-0.0009119815371769328,7.029015325750315e-07,-0.0009126844387095078,0.0035145076628751576,1.2074133579997322,-0.04894388281290196
2023-06-16,0.0012062201981999968,3.237151992673215e-07,0.0012058964830007294,0.0016185759963366075,1.208869373521672,-0.04779700758604977
2023-06-20,-0.0031314278004846564,8.914792163503827e-08,-0.0031315169484062914,0.0004457396081751913,1.2050837785900796,-0.05077884739511718
2023-06-21,-0.003544890905814592,2.0836761681533034e-07,-0.003545099273431407,0.0010418380840766517,1.200811636962176,-0.0541439306135425
2023-06-22,0.0007486942646090598,5.156099638626121e-07,0.0007481786546451961,0.0025780498193130608,1.2017100585972007,-0.053436261292060916
2023-06-23,-0.0015265158923056404,8.562684163833962e-07,-0.0015273721607220237,0.004281342081916981,1.1998746001084397,-0.054882016394912414
2023-06-26,-0.001037199316833135,2.64472318929887e-07,-0.0010374637891520648,0.001322361594649435,1.198629773659304,-0.05586254207937902
2023-06-27,0.004246221435424935,5.615678797518953e-07,0.004245659867545184,0.0028078393987594763,1.203718747985374,-0.05185405556483935
2023-06-28,-0.0032990560969342816,1.6864731519975752e-07,-0.0032992247442494814,0.0008432365759987875,1.1997474093069036,-0.054982202125879676
2023-06-29,0.002772154087681958,6.327380226927581e-07,0.002771521349659265,0.0031636901134637907,1.203072534865996,-0.0523630651232635
2023-06-30,0.0033102201668357297,2.9075675595923445e-07,0.0033099294100797706,0.0014537837797961722,1.2070546200316083,-0.04922645376243706
2023-07-03,0.0018702390944439302,0.00010053190258761594,0.0017697071918563142,0.5026595129380796,1.2091907532736417,-0.047543862979833706
2023-07-05,-0.0013269807606067496,3.4225400180298574e-07,-0.0013273230146085527,0.0017112700090149285,1.2075857665577696,-0.04880807993090586
2023-07-06,0.0010429341911199004,6.457058170659864e-07,0.0010422884853028345,0.0032285290853299314,1.2088444192972683,-0.04781666354530478
2023-07-07,-0.005496412989596201,2.5671365330384724e-08,-0.005496438660961531,0.0001283568266519236,1.2022000800959551,-0.0530502808481178
2023-07-10,0.0006037019090174675,4.85113989515354e-07,0.0006032167950279523,0.0024255699475767695,1.202925267375253,-0.05247906487347831
2023-07-11,-0.0014566663056171081,1.1640886607200696e-07,-0.0014567827144831803,0.0005820443303600348,1.2011728666389259,-0.05385939699338149
2023-07-12,-0.004538822515932243,1.2846275330906655e-07,-0.004538950978685552,0.0006423137665453327,1.1957208018803247,-0.05815388280937239
2023-07-13,-0.0014512235551774801,1.8452091203105843e-06,-0.0014530687642977907,0.00922604560155292,1.1939833373322915,-0.05952244998303713
2023-07-14,0.002338125560571747,7.351740403794688e-07,0.0023373903865313676,0.003675870201897344,1.1967741425066505,-0.05732418679887896
2023-07-17,0.0031054218357379542,1.2607605462886808e-07,0.003105295759683326,0.0006303802731443403,1.200490480176675,-0.05439689959338956
2023-07-18,-0.0034029436729756863,5.515468137471918e-07,-0.0034034952197894335,0.002757734068735959,1.196404616565991,-0.05761525522544153
2023-07-19,0.0004022446751243678,1.9044823127920276e-07,0.0004020542268930885,0.0009522411563960137,1.1968856360991555,-0.057236365455445415
2023-07-20,0.0009981457205405246,4.304876834865662e-07,0.000997715232857038,0.002152438417432831,1.1980797871302795,-0.05629575581627666
2023-07-21,-0.0016332425911613853,8.596043216079569e-07,-0.0016341021954829932,0.004298021608039784,1.196122002319766,-0.0578378649935839
2023-07-24,-0.0005714017246012263,3.118970010466657e-06,-0.0005745206946116931,0.015594850052333284,1.195434805476153,-0.05837915663782467
2023-07-25,0.00017888693063705533,2.6092697984564095e-07,0.0001786260036572096,0.0013046348992282047,1.1956483412180878,-0.058210958669614676
2023-07-26,-0.0033094288370933093,4.543673338426734e-05,-0.003354865570477577,0.22718366692133668,1.1916371017637366,-0.06137053429902706
2023-07-27,0.005818273853576492,1.4970223556898062e-06,0.005816776831220802,0.00748511177844903,1.198568588848499,-0.05591073616983655
2023-07-28,0.00041353269162284914,8.265770921529303e-07,0.0004127061145306962,0.0041328854607646515,1.199063245433801,-0.0555211047579911
2023-07-31,0.0009026538109451446,2.00154629165894e-08,0.0009026337954822277,0.000100077314582947,1.2001455604420503,-0.054668586188025836
2023-08-01,0.003599792188005705,1.2548241159951734e-07,0.0035996667055941053,0.0006274120579975867,1.2044656844578403,-0.05126570817197451
2023-08-02,-0.00582791095093514,6.211287149330419e-07,-0.005828532079650073,0.0031056435746652095,1.19744541757714,-0.05679543642695828
2023-08-03,0.004285405208585384,1.0615182383124923e-06,0.004284343690347071,0.005307591191562461,1.2025756852964717,-0.05275442390630758
2023-08-04,-0.0025146333008729455,8.966617449317649e-07,-0.0025155299626178776,0.004483308724658824,1.1995505701277929,-0.05513724853492841
2023-08-07,0.0017227866366654513,1.0245816315765267e-06,0.0017217620550338748,0.005122908157882633,1.201615910782533,-0.05351041970224102
2023-08-08,0.0010005153549338453,1.0361419687970053e-07,0.0010004117407369656,0.0005180709843985026,1.2028180214475361,-0.052563540413625987
2023-08-09,0.0016458141863176208,9.644404966903968e-07,0.0016448497458209305,0.0048222024834519844,1.204796476364383,-0.05100514979389381
2023-08-10,-0.0010521902292810817,3.130470454035084e-07,-0.0010525032763264853,0.0015652352270175418,1.203528424125703,-0.05200396998295265
2023-08-11,0.0019729660786769704,1.1728872784133288e-06,0.001971793191398557,0.005864436392066644,1.2059015332780485,-0.050134717865492284
2023-08-14,0.0010841905737222072,1.5054780256742757e-06,0.0010826850956965328,0.007527390128371378,1.2072071448950061,-0.04910631288160583
2023-08-15,-0.003749292710421559,9.66067237356799e-07,-0.003750258777658916,0.004830336186783996,1.2026798057034112,-0.05267241027834191
2023-08-16,-0.003182979709017233,7.332013745334543e-07,-0.003183712910391767,0.003666006872667271,1.1988508184789257,-0.05568842935610907
2023-08-17,0.0017839241402189086,1.2937803538576765e-06,0.001782630359865051,0.006468901769288382,1.2009879263448955,-0.05400507088110729
2023-08-18,0.00011786381296725748,2.449381338931245e-07,0.00011761887483336428,0.0012246906694656223,1.2011291851934804,-0.053893804021946434
2023-08-21,0.0012124135269781409,5.210322181739419e-07,0.001211892494759967,0.0026051610908697093,1.2025848246382536,-0.0527472250237947
2023-08-22,-0.0017157566318310548,8.880617524819751e-07,-0.0017166446935835368,0.004440308762409875,1.2005204137804542,-0.054373321473439984
2023-08-23,-0.0045000219739959775,2.3322051039492143e-07,-0.004500255194506373,0.001166102551974607,1.1951177655522278,-0.05862888284554291
2023-08-24,-0.002421936089987592,6.594810886548397e-07,-0.0024225955710762467,0.0032974054432741984,1.1922224785464863,-0.06090944434470047
2023-08-25,0.004185478951949435,8.34429342480636e-07,0.0041846445226069555,0.00417214671240318,1.1972115058110648,-0.05697968419474553
2023-08-28,0.000672225677561881,1.975151906614958e-07,0.0006720281623712196,0.000987575953307479,1.1980160656592849,-0.05634594798483605
2023-08-29,0.001409102749348511,7.502205381354599e-07,0.0014083525288103756,0.0037511026906772993,1.1997032946149118,-0.05501695041435817
2023-08-30,0.0005905781337980577,3.728300047643052e-06,0.0005868498337504148,0.01864150023821526,1.2004073402939064,-0.05446238726881192
2023-08-31,0.0033143850715558394,5.0279729250918115e-06,0.003309357098630748,0.025139864625459057,1.2043799168467564,-0.05133326565809759
2023-09-01,0.0042758577910828564,3.220645089609398e-07,0.004275535726573895,0.0016103225448046987,1.2095292862096028,-0.0472772071428067
2023-09-05,0.003910667437826541,9.942469165856393e-07,0.003909673190909955,0.004971234582928197,1.2142581504335168,-0.04355237238120413
2023-09-06,0.0012876441469891944,1.682024761117451e-07,0.0012874759445130827,0.0008410123805587255,1.2158214785926291,-0.04232096906845817
2023-09-07,-0.0025848499565201987,1.2759670003618662e-07,-0.002584977553220235,0.0006379835001809331,1.2126786073617442,-0.04479654786660592
2023-09-08,0.0014106191809066116,5.721886187510184e-07,0.0014100469922878607,0.0028609430937550917,1.2143885411846662,-0.043449666111902374
2023-09-11,0.0008660386920969147,1.7753022642572726e-06,0.0008642633898326574,0.008876511321286362,1.2154380927418442,-0.04262295467779087
2023-09-12,0.0025613859365293274,1.1106040266729013e-07,0.00256127487612666,0.0005553020133364506,1.218551163792271,-0.040170848904626855
2023-09-13,-0.00031953625420090396,3.9479735019661846e-07,-0.0003199310515511006,0.001973986750983092,1.2181613114370702,-0.040477928054246104
2023-09-14,0.005552961212028052,2.262752184346262e-06,0.005550698459843706,0.011313760921731308,1.224922957552305,-0.0351519103673108
2023-09-15,-0.0009778909271186912,3.052280133948221e-06,-0.0009809432072526395,0.015261400669741104,1.2237213776976863,-0.03609837154686668
2023-09-18,0.0008341463591540282,3.083572499468113e-07,0.0008338380019040814,0.0015417862497340562,1.2247417630861532,-0.03529463373896513
2023-09-19,-0.0003851216450539057,1.4011094655262957e-07,-0.00038526175600045844,0.0007005547327631478,1.2242699169238596,-0.035666297822393944
2023-09-20,-0.006790010608557366,5.947110512879939e-07,-0.006790605319608654,0.002973555256439969,1.2159563831133595,-0.042214707390279105
2023-09-21,-0.00032231538029710814,1.1352761359697427e-06,-0.00032345065643307747,0.005676380679848714,1.2155630812230473,-0.04252450367189575
2023-09-22,-0.0011952205701467075,3.509172390022847e-06,-0.0011987297425367304,0.017545861950114233,1.2141059496036557,-0.0436722580270944
2023-09-25,0.002599307357054392,1.5691560591383213e-07,0.002599150441448478,0.0007845780295691607,1.2172615936185331,-0.0411866183543762
2023-09-26,9.072771425906474e-05,8.551061249250314e-07,8.987260813413979e-05,0.004275530624625157,1.2173709920927331,-0.0411004472950538
2023-09-27,0.011787288664309944,2.9357840272259407e-08,0.01178725930646967,0.00014678920136129703,1.2317204596487044,-0.029797649618462874
2023-09-28,-0.001089417224774519,5.996134194885677e-06,-0.0010954133589694045,0.029980670974428386,1.2303712166026892,-0.03086042223397434
2023-09-29,-0.0009180306085842895,3.5220561036315713e-06,-0.000921552664687921,0.017610280518157856,1.2292373647294736,-0.03175353539431913
2023-10-02,0.0009636637171345297,5.991810772229545e-07,0.0009630645360573066,0.002995905386114772,1.230421199641841,-0.030821051562094692
2023-10-03,-0.0004588125439601489,8.646399012877004e-07,-0.0004596771838614364,0.004323199506438502,1.2298556030898262,-0.03126656101177039
2023-10-04,-0.006273712455757353,4.860284000341497e-07,-0.006274198484157388,0.0024301420001707486,1.2221392449291877,-0.037344586886222886
2023-10-05,-0.002163509963239068,0.00010750788356376218,-0.00227101784680283,0.5375394178188109,1.2193637448926753,-0.03953079450972563
2023-10-06,-0.0031474536822156673,5.897693338482224e-07,-0.003148043451549516,0.002948846669241112,1.215525134840509,-0.04255439330248434
2023-10-09,-0.002136923790595941,6.545914696457933e-07,-0.0021375783820655864,0.0032729573482289664,1.2129268545894165,-0.044601008333364556
2023-10-10,-0.0029748694484987665,2.440991217006583e-06,-0.002977310439715773,0.012204956085032914,1.209315594802636,-0.04744552772534749
2023-10-11,-0.005733572192488401,7.28808882713644e-07,-0.005734301001371115,0.0036440444135682204,1.2023810151763856,-0.05290776178957246
2023-10-12,0.0031007371678788112,1.1423252454213608e-06,0.00309959484263339,0.005711626227106803,1.2061079091699065,-0.04997215957251744
2023-10-13,-0.00241361542926962,1.6082275436588495e-06,-0.0024152236568132784,0.008041137718294247,1.20319488881501,-0.05226668928734901
2023-10-16,-0.0015594784341293158,1.5175634010025632e-05,-0.0015746540681393414,0.07587817005012816,1.201300273088573,-0.05375904140057386
2023-10-17,0.0020974967273976342,2.3612787818714094e-06,0.0020951354486157627,0.011806393909357046,1.2038171598751526,-0.05177653842527996
2023-10-18,0.002237527153941704,2.7627046343661752e-08,0.0022374995268953607,0.00013813523171830877,1.206510700200842,-0.049654888878615355
2023-10-19,0.002825780426696117,3.736444692186528e-06,0.0028220439820039306,0.018682223460932637,1.209915526461567,-0.046972973176948374
2023-10-20,-0.00010220956576712566,5.044808141030421e-06,-0.0001072543739081566,0.025224040705152107,1.2097857577292948,-0.04707518949402778
2023-10-23,-0.002921744635421171,2.8584420105476794e-06,-0.002924603077431719,0.014292210052738397,1.2062476145792067,-0.04986211632739446
2023-10-24,-0.002679499411374179,1.3563720979224705e-06,-0.0026808557834721016,0.006781860489612351,1.2030138386853626,-0.052409298967934115
2023-10-25,0.00570179132932496,3.4340017417817423e-06,0.005698357327583179,0.01717000870890871,1.2098690414082194,-0.04700958855315829
2023-10-26,-0.0008645610465077533,7.435631933707823e-06,-0.0008719966784414611,0.037178159668539115,1.2088140396227622,-0.047840593026526546
2023-10-27,0.0027184753028591637,2.287674555006369e-06,0.0027161876283041575,0.011438372775031846,1.2120974053621059,-0.045254349425131846
2023-10-30,-0.005619811162613841,1.9054374879152792e-06,-0.005621716600101757,0.009527187439576396,1.2052833372574414,-0.050621658897843536
2023-10-31,-0.0010056254213515916,6.124912201240049e-06,-0.0010117503335528317,0.030624561006200243,1.2040638914389454,-0.051582192751121636
2023-11-01,-0.003636015718758453,2.277305292515314e-06,-0.0036382930240509686,0.011386526462576568,1.1996831541822115,-0.05503281464312082
2023-11-02,-0.0028102927098480395,9.456397300763723e-05,-0.002904856682855677,0.4728198650381861,1.1961982465544758,-0.057777808886584237
2023-11-03,-0.004915159918915994,4.760896963855673e-06,-0.00491992081587985,0.023804484819278368,1.1903130459013334,-0.062413467457827054
2023-11-06,0.0005122717248785371,9.635144639181803e-07,0.0005113082104146189,0.0048175723195909015,1.1909216627346664,-0.06193407176576404
2023-11-07,-0.006895782312635416,2.221773506302463e-06,-0.006898004086141719,0.011108867531512315,1.182706680238848,-0.06840485437179422
2023-11-08,-0.004335759057986731,2.868061724464413e-06,-0.004338627119711195,0.014340308622322065,1.1775753569613001,-0.072446698335208
2023-11-09,0.005357310488308438,1.5790064792170822e-06,0.0053557314818292205,0.00789503239608541,1.183882134372804,-0.06747897191640717
2023-11-10,-0.004931020301518615,3.643272950409893e-07,-0.004931384628813656,0.0018216364752049463,1.178043956213031,-0.07207759178034412
2023-11-13,0.00309007370869172,1.1314732338891271e-05,0.0030787589763528285,0.05657366169445635,1.18167086961776,-0.06922074233667896
2023-11-14,-0.005069953032786437,1.1543741248270985e-06,-0.005071107406911264,0.005771870624135492,1.1756784897183101,-0.0739408239244147
2023-11-15,-0.0007173911873919383,3.0774365541489323e-06,-0.0007204686239460872,0.015387182770744662,1.1748314502546198,-0.07460802050469462
2023-11-16,0.005687868784122479,3.66527401257382e-05,0.005651216043996741,0.18326370062869096,1.1814706765952907,-0.06937843050318471
2023-11-17,-0.0035961837949346326,2.301228389236615e-06,-0.003598485023323869,0.011506141946183074,1.1772191720600662,-0.07272725828340121
2023-11-20,-0.003969120370826363,4.330147325025713e-06,-0.003973450518151389,0.021650736625128564,1.1725415499308665,-0.07641173063944262
2023-11-21,0.0028533115451935508,1.7205053144980777e-07,0.002853139494662101,0.0008602526572490388,1.1758869745361065,-0.07377660447132339
2023-11-22,-0.0007795965197521793,4.1444564966987844e-07,-0.000780010965401849,0.002072228248349392,1.174969769801895,-0.07449906887624758
2023-11-23,0.00038918208699122706,5.06564902405204e-06,0.000384116437967175,0.025328245120260204,1.1754210950045905,-0.07414356875524908
2023-11-24,0.003475451428722842,4.248183463283761e-06,0.0034712032452595583,0.021240917316418806,1.1795012205241169,-0.07092973290646787
2023-11-27,0.0009209931188811152,5.886490634164132e-07,0.0009204044698176992,0.002943245317082066,1.1805868387196428,-0.07007461247986024
2023-11-28,0.0005891566261193115,0.00010084561346093311,0.0004883110126583784,0.5042280673046655,1.181163332274389,-0.06962051967218352
2023-11-29,-0.0018115078297682309,3.744176774998415e-07,-0.0018118822474457307,0.0018720883874992073,1.1790232034013073,-0.07130625773597732
2023-11-30,0.0029256041906738704,3.2841549196436504e-07,0.002925275775181906,0.0016420774598218252,1.1824721714165944,-0.0685895724291693
2023-12-01,0.005415312844894821,2.2986808525034543e-07,0.005415082976809571,0.001149340426251727,1.1888753563425836,-0.06354590767840751
2023-12-04,-0.004439473714050973,3.2261349317948385e-06,-0.004442699848982768,0.016130674658974192,1.183593539976501,-0.0677062921329441
2023-12-05,-0.0014807918130022308,7.498646010886779e-06,-0.0014882904590131176,0.03749323005443389,1.1818320090036043,-0.06909381596336062
2023-12-06,0.00335629472532351,1.953059908647967e-06,0.0033543416654148624,0.009765299543239833,1.185796277352926,-0.06597123856365417
2023-12-07,0.0018976220828041677,0.00010162179856527614,0.0017960002842388916,0.5081089928263807,1.1879259678041014,-0.06429372264262712
2023-12-08,-0.006519542276407426,2.7111520717971184e-07,-0.006519813391614606,0.0013555760358985591,1.1801809121709657,-0.07039435296035945
2023-12-11,-0.0010543828863327567,6.068336976172595e-07,-0.0010549897200303742,0.0030341684880862974,1.1789358334408493,-0.07137507736166837
2023-12-12,0.004773299137051511,1.4538120021184682e-06,0.004771845325049391,0.00726906001059234,1.1845615328861872,-0.06694382286585232
2023-12-13,0.0058955965380278795,1.5068335170171004e-06,0.005894089704510863,0.007534167585085502,1.1915434448215312,-0.06144430605847573
2023-12-14,0.004589955230096351,8.598800446932565e-08,0.004589869242091881,0.0004299400223466282,1.1970124734295338,-0.0571364581468633
2023-12-15,-0.0023750227579245123,4.992989376333277e-06,-0.0023800157473008454,0.02496494688166638,1.194163564893056,-0.05938048822402964
2023-12-18,0.004012761199100022,2.0274907103491695e-06,0.004010733708389673,0.010137453551745848,1.1989530369561032,-0.05560791384138075
2023-12-19,0.0017497957686775068,4.740270954535608e-07,0.0017493217415820532,0.002370135477267804,1.2010503915707864,-0.05395586823248544
2023-12-20,-0.0036888867879854024,9.136665032725173e-07,-0.003689800454488675,0.004568332516362586,1.1966187552901049,-0.05744658229984745
2023-12-21,0.0030675423884001804,2.876887100442954e-07,0.0030672546996901363,0.001438443550221477,1.200289089791006,-0.05455553089969756
2023-12-22,0.00232772886598125,6.22436421855166e-09,0.002327722641617031,3.1121821092758295e-05,1.2030830298817983,-0.05235479840258128
2023-12-26,-0.001208266278273008,7.540418136811861e-07,-0.0012090203200866892,0.0037702090684059303,1.2016284780519197,-0.053500520707545185
2023-12-27,0.005688253067534979,8.84582410613094e-07,0.005687368485124366,0.00442291205306547,1.2084625819888202,-0.04811742939783059
2023-12-28,0.0011598671484023835,5.759102356212742e-07,0.0011592912381667621,0.002879551178106371,1.2098635420717723,-0.04701392027396778
2023-12-29,-0.001516322376308771,5.33667799677956e-07,-0.001516856044108449,0.00266833899838978,1.2080283532454343,-0.04845946296895143
2024-01-02,-0.0011941935404094332,5.895731615103539e-07,-0.0011947831135709437,0.0029478658075517694,1.2065850213682618,-0.04959634753447428
2024-01-03,-0.007629661341469932,3.0095782251465698e-06,-0.007632670919695078,0.015047891125732848,1.1973755549635245,-0.05685046585461995
2024-01-04,-0.0005649439615505628,6.0016709590144824e-06,-0.0005709456325095773,0.03000835479507241,1.1966919186199443,-0.057388952961943795
2024-01-05,-0.0023102961679455454,5.566300907535821e-07,-0.002310852798036299,0.0027831504537679103,1.1939265397514138,-0.05956718833745167
2024-01-08,0.006442625512266232,2.6484943851479483e-06,0.006439977017881083,0.01324247192573974,1.2016153992284513,-0.0535108226434835
2024-01-09,-0.002543734944866629,5.065631273282617e-06,-0.0025488005761399118,0.025328156366413085,1.1985527212065992,-0.055923234804040045
2024-01-10,0.0017759918595469525,4.4797879781791315e-06,0.0017715120715687733,0.022398939890895656,1.2006759718206281,-0.054250791418007926
2024-01-11,-0.0008713409183953259,2.4870492131802954e-06,-0.0008738279676085065,0.012435246065901476,1.1996267875764157,-0.0550772135268105
2024-01-12,0.00364505033883214,2.0565792065539435e-06,0.003642993759625586,0.010282896032769717,1.2039970204774364,-0.051634865712360534
2024-01-16,-0.0044741545087433375,6.584438115327444e-06,-0.004480738946858665,0.032922190576637214,1.1986022241358814,-0.05588424230540601
2024-01-17,-0.005428473411336045,6.668858583531604e-06,-0.005435142269919577,0.03334429291765802,1.1920876505226607,-0.061015645767749094
2024-01-18,0.0014318012906781928,4.682098016677849e-08,0.001431754469698026,0.00023410490083389246,1.1937944273445684,-0.05967125072160051
2024-01-19,0.004715433290035358,2.345067178045271e-06,0.004713088222857313,0.011725335890226354,1.1994208858005986,-0.05523939836776259
2024-01-22,-0.0018052958065945496,5.447146086558774e-07,-0.0018058405212032056,0.002723573043279387,1.1972549229630423,-0.056945485345026525
2024-01-23,0.0016196561542744297,7.481233149200212e-07,0.0016189080309595093,0.0037406165746001058,1.199193168572933,-0.055418766817618925
2024-01-24,-0.002542762168329424,1.6926663697471036e-07,-0.0025429314349663984,0.0008463331848735517,1.1961437025679718,-0.05782077212835779
2024-01-25,-0.0004528424774676524,2.487732965870682e-07,-0.00045309125076423975,0.0012438664829353407,1.1956017403216814,-0.05824766529315828
2024-01-26,-0.0017942730898188853,1.920907030407426e-07,-0.001794465180521926,0.000960453515203713,1.1934562746289028,-0.05993760706646489
2024-01-29,0.005608899411952619,5.144348120133341e-07,0.0056083849771406055,0.0025721740600666704,1.2001496368704059,-0.05466537526436155
2024-01-30,-0.0005503457223411236,1.1899543070804959e-06,-0.0005515356766482042,0.005949771535402479,1.1994877115283555,-0.05518676103627396
2024-01-31,0.002188065610403942,9.317522364319375e-08,0.0021879724351802987,0.00046587611821596875,1.202112157577517,-0.053119535713027966
2024-02-01,0.007461936367718167,5.650184490525123e-07,0.007461371349269115,0.0028250922452625615,1.211081562788674,-0.04605450894561458
2024-02-02,-7.248835676505229e-05,1.1142351778780646e-07,-7.259978028283966e-05,0.0005571175889390323,1.2109936385333109,-0.0461237651786669
2024-02-05,-0.004827657053493876,5.467319218980333e-07,-0.004828203785415774,0.002733659609490166,1.2051467144636299,-0.050729274026449556
2024-02-06,0.0021228405401372383,6.286278872459972e-07,0.0021222119122499923,0.003143139436229986,1.2077042911770735,-0.048714720383838284
2024-02-07,0.0010415202232197042,3.0127808443007528e-06,0.0010385074423754034,0.015063904221503763,1.2089585010716495,-0.04772680354113479
2024-02-08,-0.005051032401330794,7.622192400945888e-07,-0.005051794620570888,0.0038110962004729437,1.2028510910194423,-0.05253749215231951
2024-02-09,-0.0010888537178712016,1.4625311392395036e-06,-0.0010903162490104412,0.0073126556961975175,1.2015396029297638,-0.05357052591995404
2024-02-12,-0.000565615824034661,2.0161560231973797e-08,-0.000565635985594893,0.00010080780115986898,1.2008599688922292,-0.054105860488321444
2024-02-13,-0.010467647696259356,6.23617946453603e-08,-0.010467710058054002,0.00031180897322680146,1.1882897149175415,-0.06400720608634225
2024-02-14,0.00469238054290009,5.603638548218326e-08,0.0046923245065146075,0.0002801819274109163,1.1938655558676885,-0.05961522416154008
2024-02-15,0.0012799916122499012,6.934948395195178e-07,0.0012792981174103817,0.0034674741975975892,1.195392865825751,-0.05841219168816858
2024-02-16,-0.002742144737441082,1.7258182850922177e-07,-0.002742317319269591,0.0008629091425461088,1.1921147192664658,-0.06099432424251516
2024-02-20,0.0024125772669207008,3.876798513822999e-08,0.0024125384989355627,0.00019383992569114994,1.194990741921844,-0.05872893689903125
2024-02-21,-0.0007270966029906481,3.867988911416015e-07,-0.0007274834018817897,0.0019339944557080074,1.1941214059916934,-0.05941369597410884
2024-02-22,0.003453304166121364,2.8260809225022224e-07,0.003453021558029114,0.001413040461251111,1.1982447329494867,-0.05616583118912055
2024-02-23,0.006421700093232667,5.230352227214066e-06,0.0064164697410054525,0.02615176113607033,1.2059332340207762,-0.05010974780441846
2024-02-26,-0.004406995268419304,2.9122476334637883e-07,-0.00440728649318265,0.001456123816731894,1.2006183407667963,-0.054296186282925984
2024-02-27,-0.000949686829108746,6.68700425102084e-07,-0.0009503555295338481,0.0033435021255104197,1.199477326487789,-0.05519494113159318
2024-02-28,0.000592734170966935,6.45836958989518e-07,0.0005920883340079454,0.00322918479494759,1.2001875230197094,-0.05463553307832547
2024-02-29,0.003227330457502355,3.540515428956004e-07,0.003226976405959459,0.0017702577144780018,1.2040604998392208,-0.05158486424853692
2024-03-01,0.005749573771784368,6.499579957074905e-06,0.0057430741918272936,0.032497899785374526,1.2109755086212461,-0.04613804575926428
2024-03-04,0.0006860776090024143,5.032383136323322e-05,0.0006357537776391811,0.2516191568161661,1.2117453908754805,-0.04553162441850955
2024-03-05,-0.0004831442224640572,7.782702622710248e-07,-0.00048392249272632797,0.0038913513113551235,1.2111590000253785,-0.04599351313404931
2024-03-06,0.005281249941238497,4.034846139041815e-07,0.005280846456624593,0.0020174230695209072,1.2175549447390714,-0.040955551358286435
2024-03-07,0.0033633981698089873,2.0131653093925505e-07,0.0033631968532780478,0.0010065826546962753,1.221649821697911,-0.03773009608646083
2024-03-08,-0.0005735067772532883,7.385836419971926e-08,-0.0005735806356174881,0.00036929182099859625,1.2209491070166796,-0.03828203546958309
2024-03-11,-0.0002680159244961166,2.9915953411283892e-06,-0.00027100751983724506,0.014957976705641945,1.2206182206273395,-0.03854266826993347
2024-03-12,-0.0014937731270428189,4.771851201675448e-07,-0.0014942503121629864,0.002385925600837724,1.2187943114701352,-0.039979326188002595
2024-03-13,0.004795628703521251,2.2804143197508568e-06,0.0047933482892015,0.011402071598754282,1.2246364170979092,-0.03537761273358764
2024-03-14,-0.0010946421388402503,4.612720486171173e-06,-0.0010992548593264212,0.023063602430855867,1.2232902295655061,-0.036437978580205366
2024-03-15,-0.0032576772995560974,0.00010008873106271568,-0.0033577660306188134,0.5004436553135784,1.2191827071870833,-0.039673394404122986
2024-03-18,0.009317029044033608,7.270918076905719e-07,0.009316301952225917,0.0036354590384528596,1.2305409814221706,-0.030726701773635567
2024-03-19,0.0011196190995457142,6.524557614732412e-06,0.001113094541930982,0.03262278807366206,1.231910689872214,-0.029647808955740262
2024-03-20,-0.002548128348088631,1.5034835296775463e-06,-0.0025496318316183086,0.007517417648387731,1.228769771163605,-0.032121849789907286
2024-03-21,0.002656267860648433,2.2583978804907093e-06,0.002654009462767942,0.011291989402453545,1.2320309377638363,-0.029553092020443428
2024-03-22,-0.004720497910458353,5.7131656869532645e-06,-0.004726211076145307,0.02856582843476632,1.2262080994996232,-0.0341396289457474
2024-03-25,0.003990624964236357,3.876893487232597e-06,0.0039867480707491245,0.019384467436162983,1.2310966822746403,-0.030288986974833843
2024-03-26,-0.0013650870494752976,1.1563715161145905e-06,-0.0013662434209914121,0.005781857580572952,1.2294147045318782,-0.031613848266642375
2024-03-27,0.0027470514109360737,8.79644838733773e-07,0.0027461717660973405,0.004398224193668865,1.2327908884822885,-0.02895449355807267
2024-03-28,0.006397614977399317,6.832614020601702e-07,0.006396931715997258,0.003416307010300851,1.2406769676160134,-0.022742781760237474
2024-04-01,0.0043156317997305235,2.6706623765423933e-06,0.004312961137353981,0.013353311882711966,1.2460279591613515,-0.018527909356770733
2024-04-02,0.00399911628917592,3.540670524202855e-06,0.003995575618651717,0.017703352621014273,1.251006558095135,-0.014606363401009403
2024-04-03,0.004269828776346139,1.7578933590268686e-06,0.004268070882987112,0.008789466795134343,1.2563459427601669,-0.010400633512360424
2024-04-04,-0.0026370690314744603,1.759407518223849e-06,-0.0026388284389926844,0.008797037591119244,1.2530306613571982,-0.013012016463857301
2024-04-05,0.008198074062700204,2.3759459328024593e-06,0.008195698116767403,0.011879729664012295,1.2633001223887352,-0.004922960905918039
2024-04-08,0.0007118435572845836,1.661509703554792e-06,0.0007101820475810288,0.00830754851777396,1.2641972954563625,-0.00421627505679345
2024-04-09,-0.0013989721869016312,2.5532324475454782e-06,-0.0014015254193491767,0.012766162237727391,1.262425490811708,-0.005611891259475366
2024-04-10,0.0010547370538613382,1.6003843597468703e-06,0.0010531366695015914,0.008001921798734352,1.2637549973885955,-0.004564664678444297
2024-04-11,0.002538963835450783,1.0239407398865141e-06,0.002537939894710897,0.005119703699432571,1.2669623316136085,-0.00203830962832674
2024-04-12,-0.003474343294374223,1.682072144771346e-06,-0.0034760253665189946,0.00841036072385673,1.2625583384104955,-0.005507249778872847
2024-04-15,-0.000307964866238629,4.799033851564577e-06,-0.000312763900090194,0.023995169257822885,1.2621634557404828,-0.0058182912100434026
2024-04-16,0.00256951460880471,7.272965486044836e-07,0.0025687873122561054,0.003636482743022418,1.2654056852115825,-0.0032644498504265096
2024-04-17,-0.0098647333986581,8.83369794923153e-06,-0.009873567096607331,0.04416848974615764,1.2529116172742174,-0.013105785182402352
2024-04-18,0.0015797413752242835,4.943358120809127e-06,0.001574798017103474,0.024716790604045635,1.2548847000047068,-0.011551626129816639
2024-04-19,-0.0002587990019957431,2.1454944781617305e-06,-0.00026094449647390467,0.010727472390808651,1.2545572447485311,-0.011809556293026713
2024-04-22,-0.005148631293653486,2.9456821101057075e-07,-0.005148925861864497,0.0014728410550528537,1.248097622505856,-0.016897675625076936
2024-04-23,0.0029954495883744276,1.0613385607504095e-05,0.0029848362027669237,0.05306692803752047,1.2518229894740989,-0.013963276216258258
2024-04-24,-0.0004963785693137398,2.6678556127251507e-06,-0.0004990464249264648,0.013339278063625754,1.251198271686561,-0.014455354318108737
2024-04-25,0.001593502965246213,3.767605422330789e-07,0.0015931262047039797,0.0018838027111653943,1.2531915884404652,-0.012885257317167276
2024-04-26,0.0028704471105270874,1.7842494407268038e-06,0.0028686628610863608,0.00892124720363402,1.25678657260805,-0.010053557915202349
2024-04-29,-0.0017734017512160713,6.098438878980256e-06,-0.0017795001900950515,0.03049219439490128,1.254550120663185,-0.011815167797076143
2024-04-30,-0.008603086448392756,1.935415899668941e-06,-0.008605021864292427,0.009677079498344704,1.2437546894450275,-0.02031851988414457
2024-05-01,-0.008208842369423224,9.983345385396508e-06,-0.008218825714808621,0.04991672692698254,1.233532486420503,-0.02837035122524245
2024-05-02,0.0012618207958480124,8.01272656518915e-06,0.0012538080692828235,0.040063632825945744,1.2350790994056995,-0.02715211413125429
2024-05-03,-2.2543678329789776e-05,1.930403623695859e-06,-2.4474081953485688e-05,0.009652018118479294,1.2350488719786017,-0.027175923690141213
2024-05-06,0.004865356818758198,3.558499844800756e-06,0.004861798318913396,0.017792499224003777,1.241053430508163,-0.022446249231339532
2024-05-07,-0.0007236088971274408,3.167082574833452e-06,-0.0007267759797022742,0.01583541287416726,1.2401514626853427,-0.023156711816265996
2024-05-08,0.0014656017001948313,6.655697948072249e-07,0.0014649361304000241,0.003327848974036124,1.2419682053701988,-0.021725698789666903
2024-05-09,0.0026265289382668092,2.264168323759891e-06,0.0026242647699430497,0.011320841618799454,1.2452274587769412,-0.019158448005660023
2024-05-10,0.0022221416079298926,1.191848879672225e-06,0.00222094975905022,0.005959244398361124,1.2479930464014746,-0.016980048197091757
2024-05-13,-0.0010414485219617407,6.513640279562427e-06,-0.0010479621622413032,0.032568201397812135,1.2466851969101056,-0.01801021591130947
2024-05-14,-0.0002734653777380497,4.396262657698985e-06,-0.0002778616403957487,0.021981313288494925,1.2463387909162351,-0.018283073203568145
2024-05-15,0.00555296760041514,9.622094776701952e-07,0.00555200539093747,0.004811047388350975,1.2532584706023366,-0.012832575533619717
2024-05-16,0.0006043849073435401,5.302002092727665e-06,0.0005990829052508124,0.026510010463638323,1.2540092763279354,-0.01224118040500144
2024-05-17,0.005191044311792549,6.58661162234897e-07,0.005190385650630314,0.003293305811174485,1.2605180680815453,-0.0071143312014918525
2024-05-20,0.0014438744668573843,1.726064598007987e-06,0.0014421484022593763,0.008630322990039935,1.2623359221994481,-0.0056824427206079164
2024-05-21,-0.0018665677632388252,7.492855372703722e-06,-0.0018740606186115288,0.03746427686351861,1.2599702281601954,-0.0075458540970992916
2024-05-22,-0.0067058364700376075,7.468342726087929e-07,-0.006706583304310216,0.0037341713630439644,1.2515201328640884,-0.014201830502305057
2024-05-23,-0.007148968592341766,4.493660476552869e-06,-0.007153462252818319,0.022468302382764344,1.242567430835003,-0.021253700496704164
2024-05-24,0.0033511884641769865,5.502961697162212e-06,0.0033456855024798244,0.02751480848581106,1.2467246706742012,-0.017979123191850244
2024-05-28,0.007012489172468057,9.837217204428538e-07,0.007011505450747614,0.004918608602214269,1.2554660874982149,-0.011093678461362
2024-05-29,-0.0007095876342977285,5.975714849318845e-05,-0.0007693447827909171,0.29878574246594225,1.2545002012138273,-0.011854488380506623
2024-05-30,-1.1870480903596872e-05,4.20179473057829e-06,-1.6072275634174994e-05,0.02100897365289145,1.2544800385408104,-0.011870370127536
2024-05-31,0.0017419444192911283,4.6774832943742304e-06,0.0017372669359967544,0.023387416471871147,1.2566594052336353,-0.010153725193079777
2024-06-03,0.005959732162342144,1.4993639964556604e-06,0.005958232798345688,0.007496819982278302,1.2641468745182478,-0.004255990653205033
2024-06-04,-0.0005927471492075335,5.5883700046623575e-06,-0.0005983355192121956,0.027941850023311787,1.2633904905417226,-0.004851779662039868
2024-06-05,0.003018965758048449,2.1611083031780056e-07,0.003018749647218131,0.0010805541515890027,1.267204350139344,-0.0018476763229650084
2024-06-06,-0.0016746909826262982,1.6993620736465264e-06,-0.0016763903446999446,0.008496810368232632,1.2650800210020086,-0.003520969240917049
2024-06-07,-0.0028805183112128076,1.411984964065377e-06,-0.0028819302961768725,0.007059924820326885,1.2614341485623948,-0.006392752349166697
2024-06-10,-0.0022896271742205757,4.542121143413375e-06,-0.002294169295363989,0.022710605717066873,1.2585402050706394,-0.008672255588378253
2024-06-11,-0.0007000240273305054,3.3356390240954077e-06,-0.0007033596663546008,0.016678195120477038,1.257654998651907,-0.009369515539935702
2024-06-12,0.0014398639146081275,1.1863927029345829e-06,0.0014386775219051929,0.005931963514672914,1.2594643586287793,-0.00794431772942894
2024-06-13,-0.0030451229771048098,9.222293812295724e-07,-0.0030460452064860395,0.004611146906147862,1.2556279732564382,-0.010966164184976313
2024-06-14,0.002325860459165517,4.5997506950383735e-07,0.0023254004840960133,0.002299875347519187,1.2585478111532933,-0.008666264424384673
2024-06-17,-0.0013567507900862164,1.39822461679589e-06,-0.0013581490147030121,0.00699112308397945,1.2568385156836188,-0.010012643360598483
2024-06-18,-0.0008957485077990771,2.095823615855488e-06,-0.0008978443314149327,0.010479118079277441,1.2557100703468083,-0.010901497896929735
2024-06-20,1.9676503737820058e-05,5.642028080545759e-07,1.911230092976543e-05,0.002821014040272879,1.255734069855553,-0.010882593948708497
2024-06-21,-0.0006673434251347277,8.255225298331808e-07,-0.0006681689476645608,0.004127612649165904,1.254895027343551,-0.011543491485026536
2024-06-24,0.0016356534566120192,7.035974658686661e-07,0.0016349498591461506,0.0035179873293433306,1.2569467177917497,-0.009927414655657829
2024-06-25,0.0009123649671759259,2.8480494174078384e-06,0.0009095169177585185,0.014240247087039193,1.2580899320963022,-0.00902692688947837
2024-06-26,-0.002285153643473442,0.00010038928392062145,-0.0023855429273940635,0.5019464196031073,1.2550887045567642,-0.01139093569527505
2024-06-27,0.0011656508978784784,1.9774677629468827e-06,0.0011636734301155316,0.009887338814734414,1.256549217934695,-0.010240517594372278
2024-06-28,-0.0011753208069096165,7.522626517597775e-07,-0.0011760730695613763,0.0037613132587988873,1.2550714242389036,-0.011404547066972581
2024-07-01,-0.004158244585647217,8.942086317830416e-07,-0.004159138794279,0.004471043158915208,1.2498514079887606,-0.015516252767114214
2024-07-02,0.002774874557796429,9.014124550279251e-07,0.002773973145341401,0.0045070622751396255,1.2533184622301885,-0.012785321290265106
2024-07-03,0.0030851909275532888,6.34299466289934e-06,0.0030788479328903895,0.0317149733144967,1.2571772391868794,-0.009745837417400538
2024-07-05,0.006119128437403037,2.921118472864315e-06,0.0061162073189301724,0.014605592364321573,1.2648663958183868,-0.0036892376606115773
2024-07-08,-0.0006733771220340877,1.1411364435583827e-06,-0.0006745182584776462,0.005705682217791913,1.2640132203398724,-0.004361267460927354
2024-07-09,-0.0015550108459621887,6.332971832302417e-05,-0.001618340564285213,0.3166485916151208,1.2619676164716036,-0.005972550009168853
2024-07-10,0.005007120417368867,7.312805483789293e-06,0.0049998076118850775,0.03656402741894646,1.2682772117663907,-0.0010026039982820034
2024-07-11,0.003942731516078048,3.7908838204308685e-06,0.003938940632257617,0.01895441910215434,1.2732728804087838,0.0
2024-07-12,0.00026856287747933477,2.48587154596312e-06,0.0002660770059333717,0.012429357729815599,1.2736116690445392,0.0
2024-07-15,0.0004287261819828661,1.1123450668754087e-06,0.0004276138369159907,0.005561725334377043,1.2741562830170803,0.0
2024-07-16,0.0032562443758046883,3.357933349178055e-06,0.00325288644245551,0.016789666745890275,1.278300968715676,0.0
2024-07-17,0.0003211882058903883,2.1701586494090545e-06,0.00031901804724097905,0.01085079324704527,1.2787087697945019,0.0
2024-07-18,-0.0027693690563380816,1.4772712575486737e-06,-0.00277084632759563,0.0073863562877433675,1.2751656642956526,-0.0027708463275954998
2024-07-19,-0.012654698523860648,1.2276816019066107e-06,-0.012655926205462555,0.006138408009533053,1.2590272617485871,-0.015391704906409398
2024-07-22,0.001452718185549337,9.9093283245914e-06,0.0014428088572247452,0.049546641622956994,1.2608437974333253,-0.01397110333735152
2024-07-23,-0.004247552434886124,3.5706484956005815e-06,-0.004251123083381725,0.017853242478002906,1.2554837952615179,-0.018162833540835477
2024-07-24,-0.004407383420171319,3.410018805959936e-06,-0.004410793438977279,0.01705009402979968,1.249946115574636,-0.02249351447279757
2024-07-25,-0.004848393371420085,3.388873222526068e-06,-0.004851782244642611,0.016944366112630338,1.2438816492043312,-0.027236163083301346
2024-07-26,0.0036175083255363385,5.951012366734524e-06,0.003611557313169604,0.029755061833672616,1.2483739990712326,-0.023722970734097903
2024-07-29,-0.0018982373217701076,2.2709286354650003e-06,-0.001900508250405573,0.011354643177325,1.246001453986406,-0.025578393282899126
2024-07-30,-0.0005627735655559139,8.385586732805428e-07,-0.0005636121242291942,0.004192793366402714,1.245299192460132,-0.026127589114555816
2024-07-31,-7.565034708755273e-05,5.172024834079412e-05,-0.00012737059542834695,0.2586012417039706,1.2451405779605018,-0.026251631823401622
2024-08-01,0.0018912269312210707,8.157742282231005e-06,0.0018830691889388396,0.04078871141115502,1.2474852638187568,-0.024417996273508713
2024-08-02,0.002573732703967474,3.1493071056377026e-06,0.0025705833968618363,0.015746535528188513,1.2506920287257592,-0.021910181372452153
2024-08-05,-0.0065517878211425315,4.652577134964181e-06,-0.006556440398277495,0.023262885674820905,1.242491940982818,-0.028322968972445794
2024-08-06,-0.001271615188050454,5.820360172575168e-06,-0.001277435548223029,0.029101800862875837,1.2409047376090259,-0.029564223753272167
2024-08-07,-0.0048970715402878034,1.1462310986607633e-06,-0.004898217771386465,0.005731155493303816,1.2348265159706717,-0.03431762951847306
2024-08-08,0.004354739571115818,2.2489301388576243e-06,0.00435249064097696,0.011244650694288122,1.2402010868246642,-0.03011450603879573
2024-08-09,0.0012055059253016347,4.750811614309647e-06,0.0012007551136873251,0.023754058071548234,1.2416902646216694,-0.028949911072230772
2024-08-12,-0.0009894143240789443,2.8598329228783085e-07,-0.0009897003073712322,0.001429916461439154,1.2404613633851136,-0.029910959643715374
2024-08-13,0.005360418756973002,2.9134615036360116e-06,0.005357505295469365,0.014567307518180056,1.2471071417082744,-0.02471370247292981
2024-08-14,0.0001553978670610931,3.4001195675862156e-06,0.00015199774749350705,0.017000597837931078,1.2472966991846972,-0.024565461152544432
2024-08-15,0.000288419396526793,1.8578182459996207e-06,0.0002865615782807933,0.009289091229998103,1.2476541264954,-0.02428593909158272
2024-08-16,0.005524964525588459,1.4689674476556336e-06,0.005523495558140803,0.007344837238278168,1.2545455385211934,-0.018896586810139504
2024-08-19,0.004306943311755474,3.1409589270905036e-06,0.004303802352828383,0.015704794635452518,1.2599448545616112,-0.014674111632085096
2024-08-20,0.001598869718614613,7.971085799188399e-07,0.0015980726100346943,0.003985542899594199,1.2619583379238402,-0.01309948931792626
2024-08-21,0.00351141871852001,9.789646715469003e-07,0.003510439753848463,0.004894823357734501,1.2663883666409887,-0.009635034532134434
2024-08-22,-0.0060893727731128,2.896534326437736e-06,-0.006092269307439238,0.014482671632188679,1.2586731876636037,-0.015668604614417436
2024-08-23,0.0030871646190302696,7.667179066136584e-06,0.003079497439964133,0.03833589533068292,1.2625492685227653,-0.012637358602251236
2024-08-26,-0.002617493799378412,4.923119176567653e-07,-0.002617986111296069,0.0024615595882838265,1.2592439320729456,-0.015222260284243117
2024-08-27,0.001785314714279446,9.482523123976518e-07,0.0017843664619670483,0.004741261561988258,1.261490884712772,-0.013465055913002733
2024-08-28,-0.001260739209835981,1.7503762682412605e-06,-0.001262489586104222,0.008751881341206302,1.2598982656078568,-0.014710546006240444
2024-08-29,0.00028163786580299934,2.219535128070302e-06,0.00027941833067492887,0.01109767564035151,1.260250304278053,-0.014435238071773937
2024-08-30,0.0005524699160732111,2.3028451632883366e-06,0.0005501670709099232,0.011514225816441681,1.260943652496571,-0.01389301279351196
2024-09-03,0.000674140850621602,5.462615692229601e-06,0.0006686782349293723,0.027313078461148,1.2617868180724678,-0.013233624513855125
2024-09-04,0.0023702368494271805,7.170243389604647e-06,0.0023630666060375756,0.035851216948023235,1.2647685043661931,-0.010901829843983135
2024-09-05,0.0015321087489271372,1.155129705682284e-06,0.001530953619221455,0.00577564852841142,1.2667048062854298,-0.009387566420617555
2024-09-06,-0.002598904528449857,1.6747555192777848e-06,-0.002600579283969135,0.008373777596388923,1.2634106400072997,-0.011963732593826437
2024-09-09,0.0017840790535366283,2.0423328330407803e-06,0.0017820367207035874,0.010211664165203901,1.2656620841611204,-0.010203015683921679
2024-09-10,0.006171074411332345,1.2871958833496011e-06,0.006169787215448996,0.0064359794167480056,1.273470949907056,-0.004096178904198555
2024-09-11,-0.00026336010334339414,3.1575937777186484e-06,-0.000266517697121113,0.01578796888859324,1.273131547362136,-0.0043616048971510946
2024-09-12,0.00309471649292453,2.4642980728564245e-06,0.003092252194851673,0.012321490364282123,1.2770683911838017,-0.0012828398846156386
2024-09-13,0.004690223826800897,1.6592685451987528e-06,0.004688564558255698,0.008296342725993763,1.2830560087811747,0.0
2024-09-16,-0.0010815739353663616,4.747563111592918e-06,-0.0010863214984779543,0.023737815557964587,1.2816621974550844,-0.0010863214984779823
2024-09-17,-0.0030785506157116477,4.030740259433144e-06,-0.0030825813559710808,0.02015370129716572,1.2777113694605564,-0.004165554180051156
2024-09-18,-0.00040862944417958556,1.4774007804236794e-06,-0.0004101068449600093,0.007387003902118397,1.2771873712820574,-0.004573952702728978
2024-09-19,0.0037313324102740218,1.2018517787937e-07,0.0037312122250961425,0.00060092588939685,1.2819528284155233,-0.0008598068658743907
2024-09-20,0.003600684052274468,4.219268717362007e-06,0.003596464783557106,0.021096343586810035,1.2865633266171013,0.0
2024-09-23,0.005053975546571106,1.0878154157690836e-06,0.005052887731155337,0.005439077078845417,1.2930641866655193,0.0
2024-09-24,0.0016662058390027007,1.0736185476352356e-06,0.0016651322204550654,0.005368092738176178,1.2952173095058526,0.0
2024-09-25,0.0019213571038666434,1.0569814847491671e-06,0.0019203001223818943,0.0052849074237458354,1.2977045154638078,0.0
2024-09-26,0.004127770327215554,2.248388523452355e-07,0.004127545488363209,0.0011241942617261774,1.303060849881839,0.0
2024-09-27,-0.0027955050805350727,1.0862751071872651e-06,-0.00279659135564226,0.005431375535936325,1.2994167211731835,-0.002796591355642364
2024-09-30,-0.0009206831023850202,5.109422841233391e-07,-0.0009211940446691435,0.0025547114206166954,1.2982197062280953,-0.003715209197009184
2024-10-01,-0.00032209203795874157,1.3351844618990499e-06,-0.00032342722242064033,0.00667592230949525,1.2977998266344182,-0.004037434819638586
2024-10-02,-0.002819987139338133,7.69616466637396e-06,-0.002827683304004507,0.03848082333186979,1.2941300597327041,-0.0068537015366125775
2024-10-03,-0.005639164742916318,6.030480186290544e-07,-0.005639767790934947,0.0030152400931452716,1.2868314667045428,-0.012454816042372752
2024-10-04,-0.0019891040352746124,2.778818420864898e-06,-0.0019918828536954775,0.01389409210432449,1.2842682491704183,-0.014421890361547507
2024-10-07,-0.0065102118908900546,1.0620450610052152e-06,-0.006511273935951059,0.005310225305026076,1.2759060267928255,-0.020839259418680145
2024-10-08,0.0034320754526500335,7.821914854128587e-07,0.0034312932611646196,0.003910957427064293,1.280284034544439,-0.017479471767926524
2024-10-09,0.0006735755681346817,2.5679646408379444e-07,0.0006733187716705981,0.001283982320418972,1.2811460738179679,-0.016817922252716277
2024-10-10,-0.002363020179461406,2.3817951318212962e-07,-0.002363258358974588,0.001190897565910648,1.2781183946499501,-0.019141435516346506
2024-10-11,0.005541270783732874,4.7105789266603526e-07,0.005540799725840208,0.0023552894633301763,1.285200192700618,-0.013706694651167362
2024-10-14,0.0021309726919367597,1.1256875614387708e-08,0.0021309614350611458,5.6284378071938534e-05,1.2879389047475962,-0.011604941653809986
2024-10-15,0.004145915051787912,3.128483711507091e-07,0.004145602203416761,0.0015642418557535454,1.293278187108984,-0.00750744892208377
2024-10-16,0.002624229199432948,1.1607963888729202e-06,0.0026230684030440748,0.0058039819443646,1.2966705442579358,-0.004904073071094639
2024-10-17,0.00022046197312470422,4.494038281027679e-09,0.00022045747908642317,2.2470191405138396e-05,1.2969564049773286,-0.004684696731594662
2024-10-18,0.004821582922716797,1.1631099186567018e-07,0.004821466611724931,0.0005815549593283509,1.3032096369807897,0.0
2024-10-21,-0.0025290232969743306,2.1131606696626616e-07,-0.0025292346130412965,0.0010565803348313307,1.2999135140588889,-0.0025292346130413312
2024-10-22,-0.00019577823690816254,2.4329113996585106e-08,-0.00019580256602215918,0.00012164556998292553,1.2996589876572293,-0.0027245419484361877
2024-10-23,-0.004406804784417737,9.734661452452664e-08,-0.004406902131032261,0.0004867330726226332,1.2939315176949076,-0.0071194372897497304
2024-10-24,0.003537348857259036,1.99194273366482e-07,0.0035371496629856693,0.00099597136683241,1.2985083471266488,-0.003607470141974045
2024-10-25,-0.0017985123248507938,4.962208982129929e-07,-0.0017990085457490067,0.0024811044910649643,1.2961723195134416,-0.005399988818108992
2024-10-28,0.004639732783012537,2.3071978804289075e-07,0.004639502063224494,0.0011535989402144536,1.3021859136641185,-0.0007855400141476565
2024-10-29,0.002789062969351375,0.00010189616660890987,0.0026871668027424653,0.5094808330445494,1.3056851044223154,0.0
2024-10-30,-0.00028172762827681323,2.571787328104841e-07,-0.00028198480700962394,0.0012858936640524204,1.3053169210601296,-0.00028198480700958317
2024-10-31,-0.009445077789561548,1.8707296007078878e-07,-0.009445264862521618,0.0009353648003539439,1.2929878570111855,-0.009724586248341827
2024-11-01,0.0016372063631034466,3.048540978206285e-06,0.00163415782212524,0.015242704891031425,1.2951008032316333,-0.008106319934901185
2024-11-04,-0.003684475216537493,7.039725811538333e-07,-0.0036851791891186468,0.0035198629057691666,1.2903281247037535,-0.011761625882495186
2024-11-05,0.0027321113598319435,3.947696670789064e-07,0.002731716590164865,0.001973848335394532,1.293852935448763,-0.00906203872088096
2024-11-06,0.001927256352824991,2.400841688651953e-06,0.0019248555111363386,0.012004208443259765,1.2963434154021616,-0.007154626324918478
2024-11-07,0.001785181964334912,1.5748681468948755e-05,0.0017694332828659632,0.07874340734474376,1.2986372085873983,-0.005397852675998349
2024-11-08,0.002116462449134132,2.349645294255437e-06,0.002114112803839876,0.011748226471277184,1.3013826741376155,-0.003295151541614194
2024-11-11,-0.0019196680445102963,2.2380826199512095e-06,-0.0019219061271302474,0.011190413099756047,1.2988815388024493,-0.005210724696806834
2024-11-12,-0.0004108693824303182,8.080270510381328e-06,-0.0004189496529406996,0.04040135255190663,1.298337372832557,-0.0056274913184442
2024-11-13,-0.0015315116982874757,2.5623568082091263e-06,-0.001534074055095685,0.012811784041045632,1.2963456271541334,-0.007152932385113053
2024-11-14,-0.0028983120758268137,1.8101542362197188e-07,-0.002898493091250436,0.0009050771181098594,1.2925881783099544,-0.010030692751263004
2024-11-15,-0.001074982369473755,1.2724679871236572e-06,-0.0010762548374608789,0.006362339935618286,1.2911970240302035,-0.011096152007127325
2024-11-18,0.000925495026265957,3.7776606273243614e-06,0.0009217173656386325,0.018888303136621806,1.2923871427497131,-0.010184662157485369
2024-11-19,0.00092098788133895,3.1849092076290527e-06,0.0009178029721313211,0.015924546038145262,1.2935732995104732,-0.009276206698552336
2024-11-20,0.0022808042570540287,6.83678160638282e-07,0.0022801205788933908,0.0034183908031914095,1.296522802610994,-0.0070172369894463404
2024-11-21,0.0015451833064288186,1.6254340563813946e-06,0.0015435578723724372,0.008127170281906973,1.2985240605896746,-0.0054845106284713285
2024-11-22,0.0011803238742485378,6.994816866583876e-07,0.0011796243925618795,0.0034974084332919375,1.3000558312458748,-0.004311355898428015
2024-11-25,-0.0038985251834855995,1.4475963317225117e-06,-0.0038999727798173216,0.007237981658612558,1.294985648891773,-0.008194514507597339
2024-11-26,0.0020337029628751365,7.88736931237421e-06,0.0020258155935627626,0.03943684656187105,1.297609051012738,-0.0061852994893056845
2024-11-27,-0.000655907803079168,6.391562866743362e-07,-0.0006565469593658422,0.0031957814333716805,1.2967571097358501,-0.00683778550909897
2024-11-29,0.00266203159286081,7.48311348815589e-07,0.0026612832815119947,0.003741556744077945,1.300208147752172,-0.004194699511844813
2024-12-02,-0.000749352306214745,7.831708258865412e-06,-0.0007571840144736104,0.039158541294327054,1.299223650927206,-0.0049487073669024495
2024-12-03,-0.001989398532662232,1.762699094412207e-07,-0.001989574802571673,0.0008813495472061034,1.296638748288416,-0.0069284363459916065
2024-12-04,0.003407708030220647,2.514984228785183e-07,0.003407456531797768,0.0012574921143925916,1.3010569884606535,-0.0035445881598761275
2024-12-05,-0.001334908357433193,4.934829331665252e-07,-0.0013354018403663593,0.0024674146658326263,1.2993195545638416,-0.004875256550690432
2024-12-06,0.0021987478077872833,2.3131270472272207e-06,0.002196434680740056,0.011565635236136101,1.3021734250948496,-0.0026895300525157095
2024-12-09,-0.001080145367416391,6.347238559060358e-07,-0.001080780091272297,0.0031736192795301793,1.3007660619816233,-0.003767403353252319
2024-12-10,0.001109288072073172,8.743235253696191e-07,0.0011084137485478025,0.0043716176268480955,1.302207848968368,-0.00266316544637768
2024-12-11,0.0018861320995243085,6.110897494246568e-06,0.001880021202030062,0.030554487471232836,1.3046560273338783,-0.0007881510518513712
2024-12-12,-0.003037147288625402,1.7488925282108575e-06,-0.003038896181153613,0.008744462641054287,1.3006913131146944,-0.0038246521237832454
2024-12-13,-0.0029959957984326754,1.7011830243426589e-06,-0.0029976969814570174,0.008505915121713295,1.2967922346915632,-0.0068108839571136
2024-12-16,0.0016858391906485245,1.2498405499818093e-06,0.0016845893500985428,0.006249202749909047,1.298976797079415,-0.005137768149594102
2024-12-17,-0.0006621370366273128,1.2198101367007858e-06,-0.0006633568467640134,0.006099050683503929,1.298115111927285,-0.005797716822678933
2024-12-18,-0.0069808884672124295,3.2755115045578792e-06,-0.0069841639787169875,0.016377557522789396,1.289048863122334,-0.01274138859640428
2024-12-19,-0.0008672488619854361,1.975885249113754e-06,-0.0008692247472345499,0.00987942624556877,1.2879283899501135,-0.013599538213356688
2024-12-20,0.0012154400593012906,1.2287356738574535e-06,0.0012142113236274332,0.006143678369287267,1.2894922071852124,-0.012401839603023879
2024-12-23,0.008758094549880777,1.8532888583284448e-06,0.008756241261022448,0.009266444291642223,1.3007833120555345,-0.0037541918416459374
2024-12-24,0.0004156068499385782,1.5755064565914712e-05,0.0003998517853726633,0.07877532282957356,1.301303432585243,-0.003355841176583718
2024-12-26,0.0021806201517652647,1.2888680661071363e-05,0.0021677314711041934,0.0644434033053568,1.304124308989514,-0.0011953842680100246
2024-12-27,-0.005137954456004779,8.992758969407712e-07,-0.00513885373190172,0.004496379484703855,1.2974226049173996,-0.006328095095004982
2024-12-30,-0.0047723533914342175,1.6354571434903932e-06,-0.004773988848577708,0.008177285717451965,1.2912287238696312,-0.011071873688166423
2024-12-31,0.00015444216070440537,1.5548796765761542e-06,0.00015288728102782925,0.0077743983828807706,1.2914261363184087,-0.010920679155802637
2025-01-02,-0.001257990667351569,5.795817486222488e-07,-0.0012585702491001915,0.002897908743111244,1.289800785804328,-0.01216550496301727
2025-01-03,-0.0003054555025523303,2.634598447112241e-06,-0.00030809010099944255,0.013172992235561204,1.2894034109499606,-0.012469846992363864
2025-01-06,0.0014944426434484888,3.5609167091742834e-06,0.0014908817267393147,0.017804583545871416,1.2913257589337412,-0.010997556332640657
2025-01-07,-0.0010920766237202883,1.4554279213487455e-06,-0.0010935320516416375,0.007277139606743727,1.2899136528272368,-0.012079062203942725
2025-01-08,0.0030096112286660303,3.5843291481061468e-06,0.003006026899517924,0.017921645740530734,1.293791167965691,-0.009109345290330695
2025-01-09,0.0023224064984578895,7.125176611875623e-05,0.0022511547323391338,0.35625883059378105,1.2967036920761157,-0.006878697103750331
2025-01-10,0.00793278820323275,1.3726429982245382e-06,0.007931415560234526,0.00686321499112269,1.3069883879164619,0.0
2025-01-13,0.0023495989128989084,5.191643578110822e-06,0.002344407269320798,0.02595821789055411,1.3100525009940112,0.0
2025-01-14,-0.002147684053714283,4.090094756645663e-06,-0.0021517741484709287,0.020450473783228312,1.3072335638892325,-0.0021517741484710085
2025-01-15,0.008167715211389502,3.5874714446326177e-06,0.008164127739944871,0.017937357223163086,1.3179059856907676,0.0
2025-01-16,-0.00035958966430716006,5.999483451339244e-06,-0.0003655891477584994,0.02999741725669622,1.317424173564633,-0.00036558914775852713
2025-01-17,0.00016221647505770074,2.431842966239531e-06,0.00015978463209146126,0.012159214831197654,1.3176346777015147,-0.00020586293119440047
2025-01-21,-0.0012142965862292111,5.647296149724954e-06,-0.001219943882378936,0.028236480748624768,1.3160272373372424,-0.0014255556723498097
2025-01-22,0.0018887637086037442,8.39026656233426e-06,0.0018803734420414098,0.04195133281167131,1.3185018600033345,0.0
2025-01-23,-0.0003144987593297449,2.630447028278665e-07,-0.0003147618040325728,0.0013152235141393326,1.3180868459792596,-0.00031476180403244847
2025-01-24,0.0004424284846859934,1.0910027061053104e-05,0.0004315184576249403,0.05455013530526552,1.3186556247820522,0.0
2025-01-27,-0.010662101638619898,1.4434363890159452e-06,-0.010663545075008914,0.007217181945079726,1.3045940810887748,-0.010663545075008884
2025-01-28,0.005558854728322477,5.426136990818617e-06,0.005553428591331659,0.027130684954093084,1.3118390511587754,-0.00516933571978162
2025-01-29,-0.0023765321227768666,1.906625000366566e-06,-0.002378438747777233,0.009533125001832829,1.3087189223286522,-0.007535479519182542
2025-01-30,0.0055832199330219595,3.0299554549582973e-06,0.0055801899775670015,0.015149777274791484,1.3160218225424827,-0.0019973389489047477
2025-01-31,-0.0014615576083702253,4.421804825364093e-06,-0.0014659794131955894,0.022109024126820462,1.3140925616433192,-0.0034603903043201045
2025-02-03,0.0007669909370205037,1.3228259705944296e-06,0.000765668111049909,0.006614129852972148,1.3150987204127373,-0.00269737170377804
2025-02-04,0.0019258471293382273,2.139842372711026e-06,0.0019237072869655158,0.01069921186355513,1.3176285854042744,-0.0007788533704147227
2025-02-05,-0.0013640213251757155,8.722017883821209e-07,-0.0013648935269640974,0.004361008941910605,1.3158301626771132,-0.002142683845455129
2025-02-06,-0.0007530558221575567,3.1475960437534594e-06,-0.00075620341820131,0.015737980218767295,1.3148351274103245,-0.00289726695880832
2025-02-07,3.327679086951164e-05,1.7503853447353669e-06,3.152640552477623e-05,0.008751926723676834,1.3148765794357495,-0.002865831893696491
2025-02-10,0.007383471181735621,2.151174407596551e-06,0.007381320007328025,0.010755872037982755,1.3245821042387058,0.0
2025-02-11,0.0022612085353427556,7.205403487534248e-06,0.0022540031318552213,0.03602701743767124,1.3275677164500592,0.0
2025-02-12,-0.002955823270439044,6.718736987836385e-06,-0.0029625420074268797,0.033593684939181925,1.3236347413223721,-0.0029625420074268494
2025-02-13,0.0022172532945472093,1.45370885892408e-06,0.0022157995856882857,0.007268544294620399,1.3265676506337967,-0.0007533068210914262
2025-02-14,-0.0056838862923544045,6.47228022792552e-06,-0.00569035857258233,0.0323614011396276,1.319019005030902,-0.0064393788077466985
2025-02-18,0.00787064178448926,4.7903386329835815e-06,0.007865851445856276,0.02395169316491791,1.3293942125787364,0.0
2025-02-19,0.0003105112479979031,4.399911983503652e-06,0.00030611133601439954,0.021999559917518258,1.3298011552172386,0.0
2025-02-20,0.000597076848578838,2.657896664373266e-06,0.000594418951914465,0.01328948332186633,1.3305916142261776,0.0
2025-02-21,-0.010288117577468453,3.26388695173252e-07,-0.010288443966163628,0.0016319434758662599,1.3169018969613644,-0.010288443966163574
2025-02-24,-0.0002700339900869622,3.0125785506991686e-06,-0.00027304656863766136,0.015062892753495843,1.3165423214171665,-0.010558681310479767
2025-02-25,-0.0092885126718199,1.929755467700356e-07,-0.00928870564736667,0.0009648777338501779,1.3043133473212216,-0.019749310475129067
2025-02-26,-0.0004183630986549534,8.77068271614373e-07,-0.0004192401669265678,0.004385341358071865,1.303766526775766,-0.020160270937835345
2025-02-27,-0.0024816038120455113,1.2470890027693304e-06,-0.0024828509010482807,0.006235445013846652,1.3005294688800042,-0.02259306689202034
2025-02-28,0.0004731226273484725,5.486084745472986e-05,0.0004182617798937421,0.2743042372736493,1.3010734306504623,-0.02218425492849807
2025-03-03,0.0015221218390569294,2.3330090870138265e-06,0.001519788829969916,0.011665045435069132,1.3030507875173354,-0.020698181481369815
2025-03-04,-0.0008700600403748074,8.064657607106404e-06,-0.0008781246979819137,0.04032328803553202,1.3019065464380917,-0.021558130594989566
2025-03-05,0.007041509117822124,1.5483652494064e-06,0.007039960752572717,0.007741826247031999,1.3110719174285332,-0.014669938235704505
2025-03-06,-0.0036266438674294526,2.856788061782617e-06,-0.003629500655491235,0.014283940308913085,1.3063133810448302,-0.018246194340753252
2025-03-07,-0.0015234989103544419,0.00010353496678128795,-0.0016270338771357299,0.5176748339064398,1.3041879649197146,-0.019843541041567714
2025-03-10,-0.0027370026620535236,8.327544527357567e-07,-0.0027378354165062593,0.004163772263678783,1.3006173129195762,-0.022527048108621495
2025-03-11,0.001358471917307585,7.41992274876998e-05,0.0012842726898198847,0.370996137438499,1.3022876602144657,-0.021271706291469683
2025-03-12,-0.002129062871987219,4.0488499597253505e-06,-0.002133111721946945,0.020244249798626754,1.2995097351411153,-0.023359443087380583
2025-03-13,0.00808389072293508,2.1622683781614694e-06,0.008081728454556918,0.010811341890807347,1.310012019944579,-0.015466499308705473
2025-03-14,-0.004640987429600653,3.6002482623328173e-06,-0.004644587677862987,0.018001241311664085,1.303927554258892,-0.02003925147445962
2025-03-17,-0.0015782636655986004,3.0317144375270835e-06,-0.0015812953800361275,0.015158572187635416,1.3018656596414406,-0.021588858878719752
2025-03-18,0.0057207024339303485,3.4376532843910206e-06,0.005717264780645957,0.017188266421955103,1.3093087703264412,-0.015995023320595325
2025-03-19,-0.0016458106350101549,2.2750374798767764e-06,-0.0016480856724900312,0.011375187399383882,1.3071509173012006,-0.017616747824319656
2025-03-20,-0.00094491441360419,1.4209963545777694e-06,-0.0009463354099587679,0.0071049817728888465,1.3059139141019984,-0.0185464118820039
2025-03-21,-0.0005216533627431894,1.2152929490541309e-06,-0.0005228686556922435,0.006076464745270654,1.305231092649282,-0.019059583200247587
2025-03-24,-0.008652742559403685,3.943659285108437e-06,-0.008656686218688793,0.01971829642554218,1.293932116637341,-0.027551276587712725
2025-03-25,0.0011601241273251923,6.025222124305574e-06,0.0011540989052008868,0.03012611062152787,1.2954254422765563,-0.026428974580658626
2025-03-26,-0.0004744427784445455,5.900115871938495e-06,-0.00048034289431648396,0.02950057935969247,1.294803193870242,-0.02689662250483127
2025-03-27,0.0025661855392667882,5.377378371331399e-07,0.002565647801429655,0.002688689185665699,1.2981252028378794,-0.024399981963797
2025-03-28,0.007627132342656582,4.5805830365489855e-06,0.007622551759620032,0.022902915182744926,1.3080202293869783,-0.01696342032962983
2025-03-31,-0.0023335153426337994,3.03657328224487e-06,-0.0023365519159160453,0.01518286641122435,1.3049639722139472,-0.019260336333274175
2025-04-01,0.001013619608304967,2.390942567463478e-06,0.0010112286657375036,0.011954712837317388,1.3062835891904048,-0.01826858427174849
2025-04-02,-0.0008396640356004583,3.8869186997036457e-07,-0.0008400527274704285,0.0019434593498518227,1.3051862420984555,-0.01909329042517449
2025-04-03,0.016701946597281567,5.1815013362045805e-06,0.016696765095945365,0.0259075066810229,1.326978630189233,-0.0027153215143669307
2025-04-04,0.007874063337867943,1.8247332235401154e-05,0.007855816005632541,0.09123666117700577,1.337403130151406,0.0
2025-04-07,-0.004262350712308372,2.0016216727395256e-05,-0.004282366929035768,0.10008108363697628,1.3316758792160568,-0.004282366929035719
2025-04-08,0.0024660944423737837,4.292347099627314e-06,0.0024618020952741565,0.02146173549813657,1.334954201685737,-0.0018311071736401008
2025-04-09,-0.009424900707543465,3.360875544918235e-07,-0.009425236795097956,0.0016804377724591174,1.322371942224238,-0.011239085350029376
2025-04-10,0.010266340893011466,1.1155253367324363e-05,0.010255185639644143,0.05577626683662182,1.3359331119764044,-0.00109915861706944
2025-04-11,-0.0016789767510163411,3.800839349977019e-06,-0.0016827775903663178,0.019004196749885092,1.3336850336733421,-0.0027800865679467046
2025-04-14,0.00100015925289129,1.3962329272346931e-06,0.0009987630199640553,0.006981164636173466,1.3350170689652547,-0.0017841001956389047
2025-04-15,0.0016662399566064977,2.9293136845836426e-07,0.0016659470252380394,0.0014646568422918213,1.3372411366799395,-0.00012112538681452456
2025-04-16,0.005350712633853703,2.672963286342298e-07,0.005350445337525069,0.0013364816431711488,1.3443959722848353,0.0
2025-04-17,-0.0036161518878954266,2.6615761355867965e-06,-0.0036188134640310135,0.013307880677933981,1.3395308540393418,-0.0036188134640310343
2025-04-21,0.00575218869084319,6.289099467541013e-07,0.005751559780896436,0.003144549733770506,1.3472352458247043,0.0
2025-04-22,-0.0029714427055484434,1.2474033160790238e-06,-0.002972690108864522,0.006237016580395119,1.3432303329351276,-0.002972690108864473
2025-04-23,-0.0035251858817492232,3.2392125321078907e-07,-0.0035255098030024332,0.0016196062660539454,1.3384947612286746,-0.006487719663746838
2025-04-24,0.0012025306841782508,3.3134352793813314e-06,0.0011992172488988696,0.016567176396906656,1.3400999072339008,-0.005296282600174784
2025-04-25,-0.0014474748765746764,3.1394161355762365e-07,-0.0014477888181882335,0.0015697080677881184,1.3381597255729525,-0.006736403519636447
2025-04-28,0.003256536306718969,4.0880689903504826e-07,0.0032561274998199343,0.0020440344951752412,1.3425169442545422,-0.0035022106085667026
2025-04-29,0.0014295787985116998,2.872973176513999e-07,0.0014292915011940486,0.0014364865882569994,1.344435792313174,-0.0020779247872309003
2025-04-30,0.0019984082692793407,3.335232971036009e-07,0.001998074745982237,0.0016676164855180045,1.3471220755173896,-8.400189029011962e-05
2025-05-01,-0.00503658801695822,2.9899838529510446e-07,-0.005036887015343516,0.0014949919264755224,1.3403367738271335,-0.005120465797603169
2025-05-02,-0.0009152700731852595,1.2031944394419265e-06,-0.0009164732676247014,0.006015972197209632,1.3391083910043067,-0.006032246295206489
2025-05-05,0.0037947653963545476,2.26986360170984e-06,0.0037924955327528374,0.0113493180085492,1.3441869535950624,-0.00226262802958066
2025-05-06,0.00132041114722945,4.894657363161978e-06,0.0013155164898662882,0.02447328681580989,1.34595525369798,-0.0009500880641976073
2025-05-07,0.0006471823346533594,8.62026065063462e-07,0.0006463203085882958,0.00431013032531731,1.346825171912896,-0.00030438181682013177
2025-05-08,-0.006868731127626236,5.780408960751077e-07,-0.006869309168522311,0.0028902044803755383,1.3375734134110782,-0.007171600092537478
2025-05-09,-0.00021435424150572204,1.1479363042942398e-05,-0.00022583360454866454,0.05739681521471199,1.337271344385779,-0.007395814108786869
2025-05-12,-0.01112713182158468,6.779855475218424e-06,-0.011133911677059898,0.03389927737609212,1.3223822833491248,-0.01844738144477942
2025-05-13,-0.003135176987736612,4.244512808453122e-06,-0.0031394215005450653,0.021222564042265607,1.3182307679768388,-0.021528888839387972
2025-05-14,-0.0016487783250012861,6.332020875102429e-07,-0.0016494115270887966,0.0031660104375512144,1.3160564629527747,-0.02314279036905964
2025-05-15,0.003706052312839348,5.003061574442941e-07,0.0037055520066819037,0.0025015307872214704,1.320933178619976,-0.01952299517567002
2025-05-16,-0.003213904512068883,4.751805291403525e-06,-0.0032186563173602868,0.02375902645701762,1.3166815486998,-0.022678813681274335
2025-05-19,0.0005102760936684352,1.072503407903286e-06,0.0005092035902605319,0.005362517039516429,1.3173520076716279,-0.022181158224363062
2025-05-20,0.002617962640150597,7.948007430070528e-06,0.002610014632720527,0.03974003715035264,1.3207903156880947,-0.019629036739178707
2025-05-21,0.004016525470063959,3.321354581963068e-06,0.004013204115481996,0.01660677290981534,1.3260909168187027,-0.01569460795472155
2025-05-22,0.0009086054330299696,5.90920884849645e-06,0.0009026962241814731,0.02954604424248225,1.327287974082236,-0.014806079193880994
2025-05-23,0.003743841723111129,3.047950908712666e-06,0.0037407937722024162,0.015239754543563327,1.3322530846696021,-0.011120671910517688
2025-05-27,-0.003985982967608081,1.157536726400815e-06,-0.003987140504334482,0.005787683632004076,1.3269412044336915,-0.015063472733442329
2025-05-28,-0.001350535129537854,3.118209039695569e-06,-0.0013536533385775495,0.015591045198477843,1.3251449860422138,-0.01639673535186359
2025-05-29,0.003715538449845231,7.243240571625855e-05,0.003643106044128973,0.36216202858129276,1.3299726297502112,-0.012813364353399082
2025-05-30,-0.0006541687610166756,1.8380374076864491e-06,-0.000656006798424362,0.009190187038432246,1.3291001586633768,-0.01346096549769682
2025-06-02,8.373569459050332e-05,1.778714885550106e-06,8.195697970495323e-05,0.00889357442775053,1.3292090876981064,-0.013380111738067857
2025-06-03,-0.0011058237424224466,2.782210038436181e-06,-0.0011086059524608827,0.013911050192180904,1.3277355185914193,-0.014473884419011318
2025-06-04,0.0031684260323473733,2.3366196557671137e-06,0.003166089412691606,0.011683098278835569,1.3319392479596863,-0.011353620618539173
2025-06-05,-0.0036105935642889333,4.398103851748664e-06,-0.003614991668140682,0.02199051925874332,1.3271242986758425,-0.014927569042740618
2025-06-06,-0.0032850635613922837,1.7890232558406022e-06,-0.0032868525846481244,0.008945116279203011,1.3227622367445904,-0.018165356908498076
2025-06-09,-0.0014742582549846337,0.00010340910618068355,-0.0015776673611653173,0.5170455309034178,1.3206753579370965,-0.019714365378964982
2025-06-10,0.0011680501117752311,9.895585776935557e-07,0.0011670605531975376,0.004947792888467778,1.322216666050925,-0.0185703126839325
2025-06-11,-0.008171965693034106,1.754004002284681e-05,-0.008189505733056953,0.08770020011423404,1.3113883650839573,-0.02660773673479977
2025-06-12,0.003005368866265722,3.927429587235271e-06,0.0030014414366784864,0.019637147936176352,1.3153244204624985,-0.023686156861693286
2025-06-13,-0.007899669621461143,1.1525699223623759e-06,-0.007900822191383505,0.005762849611811879,1.3049322760924398,-0.031399838939315305
2025-06-16,0.0024519315656881986,6.854539067203153e-06,0.002445077026620995,0.03427269533601576,1.3081229360220095,-0.029031536937524582
2025-06-17,-0.006961835871688331,1.5525095953100227e-06,-0.006963388381283642,0.007762547976550113,1.2990139679680233,-0.035792767451806595
2025-06-18,-0.0008035253912734457,2.98066784023458e-06,-0.0008065060591136803,0.0149033392011729,1.2979663053319836,-0.03657040642709797
2025-06-20,0.00044356839825985617,1.5586961285972672e-06,0.0004420097021312589,0.007793480642986336,1.2985400190319798,-0.036144561199418446
2025-06-23,0.011542518709461262,0.00010378287801664885,0.011438735831444615,0.5189143900832442,1.3133936752762458,-0.025119273455277313
2025-06-24,-0.003473521854707691,2.9500291089693157e-05,-0.0035030221457973843,0.14750145544846577,1.308792828145603,-0.02853430222987452
2025-06-25,0.0010884178325618788,2.0747290940881e-06,0.0010863431034677904,0.0103736454704405,1.310214626208327,-0.027478957168846407
2025-06-26,0.003327615184942788,3.0293590665949374e-06,0.003324585825876193,0.015146795332974687,1.3145705471834748,-0.024245727494483726
2025-06-27,-0.0024527174276310435,6.547216110925208e-08,-0.002452782899792153,0.0003273608055462604,1.3113461910247728,-0.026639040888484344
2025-06-30,0.002673230099230617,2.4413459418058463e-06,0.002670788753288811,0.01220672970902923,1.3148485196834299,-0.02403939938599886
2025-07-01,0.001799582556722805,2.182245142671291e-07,0.001799364332208538,0.0010911225713356454,1.3172144112120054,-0.022283290691613278
2025-07-02,0.002960312839148745,4.487865095220142e-06,0.002955824974053525,0.02243932547610071,1.3211078664648492,-0.019393331224690002
2025-07-03,-0.00031317685544162994,4.0024629199096607e-07,-0.00031357710173362066,0.0020012314599548303,1.3206935972890057,-0.019700827021825185
2025-07-04,-0.0016628439683682443,3.7479498944319456e-07,-0.0016632187633576876,0.0018739749472159728,1.3184969949173482,-0.021331279000026626
2025-07-07,-8.268962477371176e-05,5.024538177803116e-07,-8.319207859149209e-05,0.0025122690889015573,1.3183873064117244,-0.02141269648517896
2025-07-08,-0.0017335829742684728,8.959705934004039e-07,-0.001734478944861873,0.00447985296700202,1.31610059138758,-0.02311003555883462
2025-07-09,0.0028277103150061806,6.197868531778326e-07,0.0028270905281530027,0.0030989342658891625,1.3198213269035886,-0.020348279193315277
2025-07-10,-0.0005660903463733883,1.0499617954263241e-07,-0.0005661953425529309,0.000524980897713162,1.3190740502152936,-0.02090295343496007
2025-07-11,0.0019860827115518297,4.398468649593895e-07,0.00198564286468687,0.0021992343247969476,1.3216932601910973,-0.01895881637061203
2025-07-14,-0.000988352579321706,2.798554635505561e-06,-0.0009911511339572114,0.013992773177527805,1.3203832624175154,-0.019931176452225086
2025-07-15,-0.004176538739859837,5.82972178719258e-06,-0.004182368461647029,0.029148608935962897,1.3148609331034937,-0.024030185390074732
2025-07-16,0.003087237379209535,1.144507013657481e-06,0.0030860928721958775,0.005722535068287404,1.3189187160570732,-0.02101825190172879
2025-07-17,0.0015809361130869047,2.0645258472648004e-06,0.0015788715872396399,0.010322629236324002,1.3210011193437343,-0.019472565435230238
2025-07-18,0.0010959191220292156,3.556384823097808e-07,0.001095563483546906,0.001778192411548904,1.322448359931812,-0.018398335383305042
2025-07-21,0.0046990372211092365,3.316218020482875e-07,0.004698705599307188,0.0016581090102414375,1.3286621554454183,-0.013786078145481273
2025-07-22,0.0016100378024691687,8.852183123173466e-06,0.001601185619345995,0.04426091561586733,1.3307895901816869,-0.012206966596208901
2025-07-23,-0.0040733654626144665,1.158793765581791e-05,-0.0040849534002702845,0.057939688279089546,1.32535337672023,-0.01624205510677501
2025-07-24,-0.00024945999949704855,4.508002255894162e-06,-0.0002539680017529429,0.022540011279470806,1.3250167793715277,-0.016491898146248185
2025-07-25,-0.0028480663835196577,1.2387552642448063e-06,-0.0028493051387839027,0.0061937763212240315,1.3212414022530896,-0.01929421283489563
2025-07-28,0.0005472642885332839,4.214879977696104e-06,0.0005430494085555879,0.02107439988848052,1.3219589016151423,-0.018761641137208573
2025-07-29,0.006132469007135014,1.8414378559395485e-06,0.006130627569279073,0.009207189279697742,1.330063339302838,-0.012746034202330114
2025-07-30,-0.002057621325983444,4.453833569739402e-06,-0.0020620751595531836,0.022269167848697008,1.3273206487302294,-0.014781826081371796
2025-07-31,-0.0023820264738451968,0.00010130342705767521,-0.0024833299009028717,0.5065171352883759,1.3240244736751519,-0.017228447831576843
2025-08-01,-0.005834063856777318,1.8654105666244813e-07,-0.00583425039783398,0.0009327052833122407,1.3162997833628707,-0.022962183150795346
2025-08-04,0.004219701650628797,0.00010625395811898058,0.004113447692509816,0.5312697905949029,1.3217143136693958,-0.0189431891975822
2025-08-05,-0.0027049730367937523,1.2587056158415849e-06,-0.0027062317424095942,0.0062935280792079246,1.3181374484393467,-0.02159815628008277
2025-08-06,0.00023804129100767177,1.3987788604707036e-06,0.00023664251214720097,0.006993894302353518,1.3184493757965006,-0.021366624809895485
2025-08-07,0.00010911371157001383,1.832807050439228e-07,0.00010893043086497003,0.000916403525219614,1.3185929950550799,-0.021260021854677125
2025-08-08,0.0038156161927387824,1.3103939756165278e-06,0.0038143057987631663,0.006551969878082639,1.323622511962327,-0.017526808280555972
2025-08-11,-0.005872467554452168,2.0130240969482104e-06,-0.005874480578549116,0.01006512048474105,1.315846917222474,-0.023298327964256904
2025-08-12,0.0007629090358096777,8.627847171945099e-06,0.0007542811886377326,0.0431392358597255,1.3168394357992619,-0.0225616202661294
2025-08-13,0.0011343426223716013,5.923098214386801e-07,0.0011337503125501626,0.002961549107193401,1.3183324029211776,-0.02145344919760761
2025-08-14,0.00044128190648375586,4.1753957686119504e-07,0.00044086436690689485,0.002087697884305975,1.3189136087013644,-0.02102204289199916
2025-08-15,-0.003307163073189482,7.021647285320981e-07,-0.003307865237918014,0.0035108236426604905,1.3145508202233243,-0.024260370045004587
2025-08-18,0.0006479609721014534,6.765279648607569e-07,0.0006472844441365927,0.0033826398243037847,1.3154017085202818,-0.023628788961007174
2025-08-19,-0.0039004058956158376,2.7279470989460017e-06,-0.003903133842714784,0.013639735494730007,1.3102675195949915,-0.027439696477865816
2025-08-20,0.0029278362751581403,1.7494273267531476e-06,0.002926086847831387,0.008747136633765737,1.314101476151219,-0.024593900565006765
2025-08-21,-0.0015268814396999805,6.476640781394594e-07,-0.0015275291037781201,0.003238320390697297,1.3120941479010804,-0.02608386176989641
2025-08-22,0.007697640497032495,7.853558860056842e-07,0.007696855141146489,0.003926779430028421,1.322193146489021,-0.01858777033431447
2025-08-25,0.0005890074714728187,2.966343932710031e-07,0.0005887108370795477,0.0014831719663550152,1.3229715359230714,-0.018010002319067908
2025-08-26,-0.0003245781867038818,1.5387086749347607e-06,-0.00032611689537881644,0.007693543374673803,1.3225400925531015,-0.018330245848404814
2025-08-27,0.003939406630849175,3.4218896023273414e-06,0.003935984741246849,0.017109448011636705,1.3277455901770776,-0.014466408675120612
2025-08-28,0.0019509374744319634,5.5367735659820496e-05,0.0018955697387721428,0.27683867829910247,1.3302624245386054,-0.012598261022861768
2025-08-29,0.0020329752778358414,7.080837210189595e-07,0.0020322671941148227,0.0035404186050947972,1.332965873223559,-0.010591596861326491
2025-09-02,-0.0010607729316593224,3.912821644479964e-06,-0.0010646857533038023,0.019564108222399818,1.3315466834486978,-0.011645005892347293
2025-09-03,0.008110874944533188,6.865706601974575e-06,0.008104009237931213,0.034328533009872875,1.3423375500721026,-0.0036353678897433905
2025-09-04,0.002062368011776387,2.055735859240382e-06,0.0020603122759171467,0.010278679296201909,1.3451031846049406,-0.001582545606917063
2025-09-05,0.006288481613884095,1.3404632633168434e-06,0.006287141150620778,0.006702316316584217,1.3535600381887012,0.0
2025-09-08,0.0014661925821202169,2.57055814343026e-06,0.0014636220239767864,0.0128527907171513,1.355541138471369,0.0
2025-09-09,-0.00026136549518488605,6.920319647689772e-07,-0.00026205752714965504,0.0034601598238448855,1.3551859087126714,-0.000262057527149695
2025-09-10,-0.0008680395274134438,1.1617898352229573e-05,-0.0008796574257656734,0.05808949176114786,1.3539938093647792,-0.0011414844320657425
2025-09-11,0.004186557870838164,3.3685018426981576e-07,0.004186221020653894,0.0016842509213490786,1.3596619267113772,0.0
2025-09-12,-0.0006549724197517735,8.211422159989324e-07,-0.0006557935619677724,0.004105711079994662,1.3587702691733872,-0.0006557935619677657
2025-09-15,0.002673687266584829,9.986674207506847e-07,0.0026726885991640785,0.004993337103753423,1.36240183898069,0.0
2025-09-16,-0.002102745972497925,5.792592976122613e-07,-0.0021033252317955373,0.0028962964880613062,1.3595362648169171,-0.002103325231795683
2025-09-17,-0.0008894818314961503,6.684309554593288e-07,-0.0008901502624516096,0.0033421547772966437,1.358326073253978,-0.0029916032187401465
2025-09-18,-0.0006552576245247303,6.553259794961907e-07,-0.0006559129505042268,0.003276629897480954,1.357435129591523,-0.0036455539379504076
2025-09-19,0.004247090943987318,2.5668336955990136e-07,0.004246834260617759,0.0012834168477995067,1.3631999316064383,0.0
2025-09-22,0.008032601308544888,4.5399330009867067e-07,0.00803214731524479,0.0022699665004933534,1.3741493542772327,0.0
2025-09-23,2.878487531549588e-05,2.199609362756025e-06,2.6585265952739842e-05,0.010998046813780124,1.3741858864032748,0.0
2025-09-24,-0.007569524396678846,5.754110900949488e-07,-0.0075700998077689406,0.002877055450474744,1.3637831620887746,-0.007570099807768904
2025-09-25,-0.0016143122288044263,5.357555387035523e-06,-0.001619669784191462,0.026787776935177615,1.3615742837089504,-0.009177508530038403
2025-09-26,0.0019677072813191706,6.484744279381116e-07,0.0019670588068912325,0.003242372139690558,1.3642525803949566,-0.0072285024221265815
2025-09-29,0.008113991433166719,4.751442658249616e-07,0.008113516288900894,0.002375721329124808,1.3753214659281663,0.0
2025-09-30,0.0039307771294254945,2.726549526171676e-06,0.003928050579899323,0.01363274763085838,1.3807237982099534,0.0
2025-10-01,0.004350888246452706,5.570832667876729e-06,0.004345317413784829,0.027854163339383647,1.3867234813739422,0.0
2025-10-02,0.0012381983468267531,2.2940628066745683e-06,0.0012359042840200786,0.011470314033372842,1.3884373388653233,0.0
2025-10-03,0.001136613028153184,1.0193388230892026e-06,0.001135593689330095,0.005096694115446013,1.3900140395453688,0.0
2025-10-06,0.002898993031621381,2.1645329844969864e-06,0.002896828498636884,0.010822664922484931,1.3940406718286291,0.0
2025-10-07,0.0011722292235018055,3.6593728208127647e-06,0.0011685698506809926,0.018296864104063823,1.3956697057283511,0.0
2025-10-08,0.0035222763441283516,1.0772757093061026e-07,0.0035221686165574214,0.0005386378546530513,1.4005854897649475,0.0
2025-10-09,-0.004264515049811226,2.1775608768417416e-06,-0.004266692610688069,0.010887804384208707,1.3946096220051305,-0.0042666926106880165
2025-10-10,0.0014236303842589174,8.765110159212164e-06,0.001414865274099705,0.04382555079606082,1.3965828067302308,-0.0028578641317984488
2025-10-13,0.008528950202494508,5.123405716253271e-06,0.008523826796778256,0.025617028581266355,1.4084870366821578,0.0
2025-10-14,0.0028426819416585963,8.452488679834467e-06,0.002834229452978762,0.04226244339917233,1.4124790121256612,0.0
2025-10-15,0.00282661642021924,9.361541690925235e-07,0.0028256802660501477,0.004680770845462617,1.4164702261964348,0.0
2025-10-16,0.004983340997401711,4.025863741966923e-07,0.004982938411027515,0.0020129318709834615,1.423528410094626,0.0
2025-10-17,-0.0029111123263274204,7.426156279486589e-07,-0.002911854941955369,0.003713078139743295,1.4193833018586781,-0.0029118549419553386
2025-10-20,0.007461213128719945,3.8014340459310627e-06,0.007457411694674014,0.019007170229655312,1.429968227493184,0.0
2025-10-21,-0.007537073480357408,3.3714762854335086e-06,-0.007540444956642842,0.016857381427167542,1.4191856307840234,-0.0075404449566429665
2025-10-22,-0.003463009245669531,7.89977458996068e-06,-0.003470909020259492,0.03949887294980339,1.4142597665767125,-0.01098518177848562
2025-10-23,-0.00440770038759745,1.8196963998724226e-06,-0.004409520083997322,0.009098481999362112,1.4080235597320032,-0.01534626248280424
2025-10-24,0.0019371658099640982,6.284525544056524e-06,0.001930881284420042,0.03142262772028262,1.4107422860715122,-0.013445013009398044
2025-10-27,0.000383620672653968,6.429595612976097e-07,0.00038297771309267047,0.0032147978064880484,1.411282568925995,-0.013067184436640344
2025-10-28,0.0017784702974678794,3.988691942293499e-06,0.001774481605525586,0.019943459711467493,1.413786863884753,-0.011315890309533505
2025-10-29,-0.0015009433165524178,2.5210774660552885e-07,-0.001501195424299023,0.001260538733027644,1.4116644935137552,-0.012800098371077984
2025-10-30,-0.002349119018888219,6.590045395870326e-08,-0.0023491849193421777,0.00032950226979351627,1.4083482325744219,-0.015119213492360672
2025-10-31,-0.000608167026759573,2.283704417219498e-06,-0.0006104507311767924,0.01141852208609749,1.4074885053660953,-0.01572043468860629
2025-11-03,0.000545018374594346,6.349781117697407e-08,0.000544954876783169,0.0003174890558848703,1.4082555230911107,-0.015184046739371904
2025-11-04,-0.0025694811790353067,6.164702700969832e-07,-0.0025700976493054036,0.003082351350484916,1.404636168881593,-0.0177151199058454
2025-11-05,0.0020651773558397753,1.8536341095645423e-06,0.0020633237217302105,0.00926817054782271,1.4075343880092466,-0.015688348211250314
2025-11-06,-0.0009341109999148386,4.825830092309247e-07,-0.0009345935829240693,0.0024129150461546234,1.4062189154024682,-0.01660827956460942
2025-11-07,0.0001306135813194981,2.3001879242204897e-06,0.00012831339339527752,0.011500939621102449,1.4063993521233602,-0.01648209723592342
2025-11-10,0.005211909712608561,1.4038759953770127e-05,0.005197870952654791,0.07019379976885062,1.4137096344635947,-0.011369898097730147
2025-11-11,-0.0006971047011612385,4.974064067122919e-07,-0.0006976021075679507,0.0024870320335614593,1.4127234276431038,-0.012059568540422227
2025-11-12,0.007520419456263606,1.2504060495648615e-07,0.00752029441565865,0.0006252030247824308,1.4233475237468785,-0.004629965630713384
2025-11-13,-0.005467536666043953,4.287866623081501e-06,-0.005471824532667035,0.021439333115407508,1.4155592158479293,-0.010076455803856854
2025-11-14,-0.0054879770053255506,4.16998491636352e-06,-0.005492146990241914,0.0208499245818176,1.4077847565611008,-0.015513261417683388
2025-11-17,-0.0020970660635840506,1.2743996956991106e-06,-0.00209834046327975,0.0063719984784955525,1.4048307448428203,-0.017579049776812905
2025-11-18,-0.003162209572073359,2.346013418672613e-06,-0.003164555585492031,0.011730067093363064,1.400385079862557,-0.02068797548214618
2025-11-19,0.003316406098302949,8.384057611889485e-06,0.0033080220406910598,0.04192028805944742,1.4050175845721973,-0.01744838972032725
2025-11-20,-0.003475473872046159,1.1071454066411302e-06,-0.0034765810174528003,0.005535727033205651,1.4001329271084861,-0.020864309997293273
2025-11-21,0.006120522236707455,1.115527089449721e-05,0.006109366965812957,0.05577635447248605,1.4086868529611098,-0.014882410757742215
2025-11-24,0.002413825956607263,1.4862839441605048e-06,0.0024123396726631026,0.0074314197208025234,1.412085084142867,-0.012505972514974872
2025-11-25,0.006357579129829101,6.676382950805549e-06,0.006350902746878296,0.03338191475402774,1.4210530991825756,-0.0062344939832943425
2025-11-26,0.0009111391587788163,1.5570508008092065e-06,0.0009095821079780069,0.007785254004046033,1.422345663656079,-0.005330582659495708
2025-11-28,0.002880076307652344,1.1655131134571396e-06,0.002878910794538887,0.005827565567285697,1.426440469940744,-0.00246701813691641
2025-12-01,-0.002868176904900053,1.4831159145460129e-06,-0.0028696600208145987,0.007415579572730063,1.422347070752083,-0.005329598654412848
2025-12-02,-0.0001457506272986406,9.342176658815677e-07,-0.00014668484496452219,0.004671088329407838,1.422138433992524,-0.005475501728025134
2025-12-03,0.0009793849588018635,1.723989913531518e-06,0.000977660968888332,0.00861994956765759,1.4235288032317945,-0.0045031939434613255
2025-12-04,-0.0016691559837181554,3.317807458710223e-06,-0.0016724737911768656,0.016589037293551115,1.421147988617404,-0.006168136260791046
2025-12-05,-0.0008952823262413125,5.054590044297647e-07,-0.0008957877852457421,0.0025272950221488233,1.419874941608174,-0.007058398704916757
2025-12-08,0.00012245139349513186,2.2189898383702254e-06,0.00012023240365676151,0.011094949191851125,1.4200456565852955,-0.006939014949502331
2025-12-09,0.0014625880588604308,1.67679230965154e-06,0.0014609112665507793,0.008383961548257698,1.4221202172840173,-0.005488240968070102
2025-12-10,0.0009064966888871729,9.799403926993547e-06,0.0008966972849601792,0.048997019634967734,1.423395428621743,-0.004596464973885106
2025-12-11,0.0070753559915591735,1.3766350843219867e-06,0.007073979356474851,0.006883175421609933,1.4334644984999139,0.0
2025-12-12,-0.002134269583965072,6.005542060452229e-06,-0.0021402751260255243,0.030027710302261146,1.430396490089734,-0.002140275126025437
2025-12-15,0.0018385073882706826,2.6511381331010054e-06,0.001835856250137582,0.013255690665505027,1.4330224924262398,-0.0003083481133551169
2025-12-16,0.003926072061928586,1.1751834546961383e-05,0.003914320227381624,0.05875917273480691,1.4386318013546369,0.0
2025-12-17,-0.0020336765580427196,2.8090333809502876e-06,-0.00203648559142367,0.014045166904751438,1.4357020484198142,-0.0020364855914237756
2025-12-18,0.0015035621998536516,2.5420421380824013e-07,0.0015033079956398433,0.0012710210690412005,1.4378603507885603,-0.0005362390608564249
2025-12-19,3.0861836365826505e-05,1.2759291611669666e-06,2.9585907204659643e-05,0.006379645805834833,1.437902891191472,-0.0005066690187708334
2025-12-22,0.0053250530609179865,6.051487346736607e-07,0.005324447912183313,0.003025743673368303,1.4455589302383987,0.0
2025-12-23,0.00220114260096276,2.3812229474697523e-06,0.00219876137801529,0.01190611473734876,1.448737369383852,0.0
2025-12-24,0.001214565980189374,9.275677751814094e-07,0.0012136384124141926,0.004637838875907047,1.450495612704836,0.0
2025-12-26,0.006575730737721008,0.000101661021845917,0.00647406971587509,0.508305109229585,1.4598862224240583,0.0
2025-12-29,-0.015373712431786148,3.2417805238394882e-06,-0.015376954212309987,0.01620890261919744,1.4374376188266613,-0.015376954212310001
2025-12-30,0.0015821324739497375,2.150567367538635e-05,0.001560626800274351,0.10752836837693175,1.4396809224983247,-0.013840325098885997
2025-12-31,-0.0016686724432156898,8.664070688365112e-07,-0.0016695388502845263,0.004332035344182555,1.4372773192662003,-0.015486756988717376
2026-01-02,0.0006672329921265836,3.828765044248284e-07,0.0006668501156221586,0.0019143825221241417,1.438235767812734,-0.014830234218783822
2026-01-05,0.0028570031457639078,1.9768842550579868e-07,0.0028568054573384024,0.0009884421275289934,1.4423445276031606,-0.012015795855495282
2026-01-06,0.005796556238334142,3.0697306069766674e-06,0.005793486507727166,0.015348653034883336,1.4507007311633235,-0.006291922698936636
2026-01-07,0.00012568269337404384,9.573135165766355e-07,0.0001247253798574672,0.004786567582883178,1.4508816703630776,-0.00616798208152769
2026-01-08,-0.0032967194614335086,7.86884889333206e-08,-0.0032967981499224417,0.00039344244466660294,1.4460984063564681,-0.00944444563953506
2026-01-09,0.00011526531959931254,2.436741527418457e-06,0.00011282857807189432,0.012183707637092284,1.4462615675834092,-0.009332682664835446
2026-01-12,0.0031948714781383078,1.0454198218631583e-06,0.0031938260583164444,0.0052270991093157915,1.4508806754650987,-0.006168663571607946
2026-01-13,-0.004305850252354731,9.191233739180628e-07,-0.004306769375728649,0.004595616869590313,1.4446320670041692,-0.010448865935977159
2026-01-14,-0.0021952416657948035,1.2170114929424187e-06,-0.002196458677287746,0.006085057464712093,1.4414589923651098,-0.01262237411101197
2026-01-15,0.005704070920001564,2.328931691863212e-07,0.0057038380268323785,0.001164465845931606,1.4496808409798814,-0.006990532061622923
2026-01-16,-0.0003061267506279065,2.1988510682918488e-06,-0.0003083256016961984,0.010994255341459244,1.4492338672623186,-0.007296702303315139
2026-01-20,-0.001291519992021116,2.0601762254191526e-07,-0.0012917260096436583,0.0010300881127095762,1.4473618541819193,-0.008579002972809113
2026-01-21,0.003694743153203715,2.7740424799728936e-06,0.0036919691107237425,0.013870212399864468,1.4527054694395989,-0.004918707276061696
2026-01-22,0.005139322175687492,1.959079447803966e-06,0.005137363096239689,0.009795397239019829,1.4601685449080035,0.0
2026-01-23,-0.0013393979502453984,1.975261603444642e-06,-0.001341373211848843,0.00987630801722321,1.4582099139370797,-0.0013413732118487953
2026-01-26,0.0039214317264559505,9.180195256694863e-07,0.00392051370693028,0.004590097628347431,1.4639268458922516,0.0
2026-01-27,-0.0015848663134820176,4.3727929504289723e-07,-0.0015853035927770604,0.002186396475214486,1.461606077403896,-0.0015853035927769765
2026-01-28,0.003908481235226929,3.757053889749007e-07,0.003908105529837954,0.0018785269448745034,1.4673181881974429,0.0
2026-01-29,-0.0038893582327046527,4.0371602948250315e-06,-0.0038933953929994776,0.02018580147412516,1.4616053383234506,-0.003893395392999488
2026-01-30,-0.015185702873970225,1.032798129973639e-06,-0.0151867356721002,0.005163990649868194,1.439408324393402,-0.01902100309839916
2026-02-02,-0.0036143731006834656,4.931518648342023e-05,-0.0036636882871668858,0.24657593241710116,1.4341347809748712,-0.022615004359304303
2026-02-03,0.002901974016091444,2.454188477796636e-06,0.0028995198276136475,0.012270942388983179,1.4382930832077783,-0.01978105718523193
2026-02-04,0.001294882098945507,7.504923766253738e-07,0.0012941316065688815,0.003752461883126869,1.440154423746267,-0.018512524869977787
2026-02-05,-0.007187008193132659,4.254798454949721e-08,-0.007187050741117209,0.00021273992274748604,1.429803960827758,-0.02556652515550839
2026-02-06,0.006246086846169983,3.867069414688854e-07,0.006245700139228514,0.0019335347073444267,1.4387340876249692,-0.01948050586600325
2026-02-09,0.0029777162922834085,5.379393337293522e-06,0.0029723368989461154,0.026896966686467606,1.4430104900413885,-0.016566071593452913
2026-02-10,-0.0024691623273690086,5.674547177620907e-07,-0.0024697297820867707,0.002837273588810453,1.4394466440582696,-0.018994887655153114
2026-02-11,0.0021013632828667766,1.965057263507597e-07,0.002101166777140426,0.0009825286317537985,1.4424711615242312,-0.0169336323048892
2026-02-12,-0.00866132905847348,4.599356547079561e-07,-0.008661788994128188,0.0022996782735397805,1.4299767806929933,-0.025448745749088286
2026-02-13,0.0003247523190377771,3.924491430167515e-06,0.0003208278276076097,0.019622457150837574,1.4304355570370724,-0.025136082587294606
2026-02-17,-0.0019120175901603653,2.076291108518755e-06,-0.0019140938812688842,0.010381455542593773,1.4276975690897984,-0.027002063646684005
2026-02-18,0.006635793424651648,4.1758117979435464e-07,0.006635375843471854,0.002087905898971773,1.4371708790515203,-0.02054585664405728
2026-02-19,0.0007814828651145083,8.483686821859606e-06,0.0007729991782926487,0.04241843410929803,1.438281810960093,-0.019788739396067956
2026-02-20,0.002629084179903012,9.827338820001681e-07,0.002628101446021012,0.004913669410000841,1.4420617614672628,-0.017212644764668772
2026-02-23,-0.002070569543798237,5.037440014184463e-07,-0.0020710732877996553,0.0025187200070922316,1.4390751458737308,-0.019248069403683954
2026-02-24,0.0006677153849599958,1.165939484585185e-06,0.0006665494454754104,0.005829697422925925,1.4400343606142103,-0.01859434974819607
2026-02-25,0.0025168596006777074,8.40837244803852e-07,0.0025160187634329038,0.00420418622401926,1.443657514085504,-0.016125114717623346
2026-02-26,-0.0025085615493093726,1.6238106141663835e-06,-0.0025101853599235387,0.008119053070831918,1.4400336661289028,-0.01859482305065563
2026-02-27,0.0010224149371294532,1.041398899658673e-06,0.0010213735382297944,0.005206994498293364,1.441504478409647,-0.017592441772637857
2026-03-02,0.00788530005809326,6.829608302549375e-07,0.007884617097263005,0.0034148041512746877,1.4528701892658968,-0.009846534342558
2026-03-03,-0.0019327453915402482,0.00010987422843375668,-0.0020426196199740047,0.5493711421687834,1.449902528112027,-0.01186904123829502
2026-03-04,0.0016214270436454492,2.507350825975388e-06,0.0016189196928194736,0.01253675412987694,1.4522498038674565,-0.010269336570071008
2026-03-05,0.0032963437238539266,4.1020858020940774e-06,0.003292241638051833,0.020510429010470385,1.4570309611406016,-0.007010904069470358
2026-03-06,0.0070105847213121015,3.2680275713641768e-06,0.007007316693740736,0.016340137856820883,1.4672408385178992,-5.271500085379799e-05
2026-03-09,0.002903956599614968,3.213888067478747e-06,0.0029007427115474898,0.016069440337393735,1.471496926686315,0.0
2026-03-10,-0.003699536065665688,4.423747499530518e-06,-0.003703959813165218,0.022118737497652592,1.4660465612046727,-0.0037039598131651807
2026-03-11,-0.0006989688283889873,2.983229084982436e-06,-0.0007019520574739699,0.01491614542491218,1.4650174668046825,-0.004403311868427462
2026-03-12,0.005350028303827752,0.0001001365736564017,0.005249891730171349,0.5006828682820085,1.472708649888217,0.0
2026-03-13,0.0014168132792395911,1.4322407729895957e-06,0.001415381038466602,0.007161203864947979,1.4747930937864544,0.0
2026-03-16,-0.004821050225486978,2.302681295535264e-06,-0.004823352906782513,0.011513406477676319,1.4676796462306367,-0.004823352906782485
2026-03-17,0.0008212001383788562,8.51795229379422e-07,0.0008203483431494768,0.00425897614689711,1.4688836547966964,-0.004006961393198449
2026-03-18,-7.48825407361469e-05,1.911118089189888e-06,-7.679365882533665e-05,0.00955559044594944,1.468770853846456,-0.00408344734279753
2026-03-19,-0.007224948232844412,2.6097871741716875e-06,-0.007227558020018584,0.013048935870858439,1.4581552272821683,-0.011281492010224436
2026-03-20,-0.0005204565649877639,5.225274493199556e-06,-0.0005256818394809634,0.026126372465997777,1.4573887015600417,-0.011801243374233494
2026-03-23,-0.009043997666242452,0.00010208384988942215,-0.009146081516131874,0.5104192494471107,1.444059305694884,-0.020839389756472815
2026-03-24,0.0036401312018322553,1.3794322542112117e-06,0.0036387517695780445,0.006897161271056058,1.449313879048857,-0.01727646735324817
2026-03-25,0.00023421522618577786,1.0668395623318604e-06,0.00023314838662344623,0.005334197811659301,1.449651784241468,-0.01704734694711474
2026-03-26,0.004045716722059063,1.6584290204235922e-06,0.00404405829303864,0.00829214510211796,1.4555142605615479,-0.013072229118871959
2026-03-27,0.008155498502635014,3.3661858277137536e-06,0.008152132316807302,0.01683092913856877,1.4673798054026455,-0.0050266633435174235
2026-03-30,0.00099203818229437,4.034040089334879e-06,0.0009880041422050349,0.02017020044667439,1.4688295827285713,-0.004043625565517184
2026-03-31,-0.005141066845623677,3.865476553966435e-07,-0.005141453393279073,0.0019327382769832174,1.4612776638863028,-0.009164288846411295
2026-04-01,0.000871077519289475,1.0016482906892454e-05,0.0008610610363825825,0.05008241453446227,1.4625359131460114,-0.008311118822080577
2026-04-02,0.001336756354420735,8.05983448259888e-07,0.0013359503709724748,0.00402991724129944,1.4644897885417394,-0.006986271693381618
2026-04-06,3.227594015039472e-05,6.309844874475813e-07,3.164495566294716e-05,0.0031549224372379066,1.4645361322561667,-0.006954847817976617
2026-04-07,-9.287980215627588e-05,1.7067712391497314e-06,-9.458657339542561e-05,0.008533856195748656,1.4643976068018028,-0.0070487765561484395
2026-04-08,-0.009449721509656225,7.468282255406329e-07,-0.009450468337881764,0.003734141127703164,1.4505583635846524,-0.01643263065436562
2026-04-09,0.0009100026637874217,5.3396104106642305e-06,0.0009046630533767574,0.026698052053321153,1.451870630142954,-0.015542833594811678
2026-04-10,-0.0004029693858125295,2.3674113968227063e-07,-0.0004032061269522117,0.0011837056984113532,1.4512852270093384,-0.015939772756028314
2026-04-13,-0.0014239046642556155,1.915952446461896e-06,-0.0014258206167020774,0.00957976223230948,1.4492159546119534,-0.017342866116109246
2026-04-14,-0.00658746977755033,3.1352714247157445e-05,-0.006618822491797487,0.1567635712357872,1.4396238514560962,-0.02384689925558514
2026-04-15,-0.0005269417171939488,5.292012087656478e-07,-0.0005274709184027143,0.002646006043828239,1.4388644917410143,-0.024361791628136342
2026-04-16,0.0013653461306474713,2.3658460339578696e-07,0.0013651095460440754,0.0011829230169789345,1.4408286993941537,-0.023029938596402677
2026-04-17,-0.00804700720247787,2.364953229981555e-06,-0.00804937215570785,0.011824766149907774,1.4292309329801056,-0.030893934205624918
2026-04-20,0.003471576455618938,3.7889381643180048e-06,0.0034677875174546203,0.018944690821590022,1.434187202169054,-0.027533280287573625
2026-04-21,0.00488508727412446,2.8653530170457066e-07,0.0048848007388227555,0.001432676508522853,1.4411929208738194,-0.022782974136641987
2026-04-22,-0.0021186575219653723,2.246312258866681e-06,-0.0021209038342242395,0.011231561294333402,1.4381362892820813,-0.024855557473664747
2026-04-23,0.0027209320673705793,2.8292810855717613e-07,0.002720649139262022,0.0014146405427858805,1.442048953539658,-0.022202531585449492
2026-04-24,-0.0024530203739391706,1.8003675698167576e-06,-0.002454820741508987,0.009001837849083788,1.4385089818582375,-0.024602849091908463
2026-04-27,0.0025993775534760358,7.488697013175248e-05,0.0025244905833442834,0.37443485065876236,1.442140484236995,-0.022140468169420058
2026-04-28,-0.0018286916025642896,5.6715283246769506e-05,-0.0018854068858110591,0.2835764162338475,1.4394214626377075,-0.02398413126408938
2026-04-29,0.0019677312876266824,1.317124905616837e-06,0.0019664141627210655,0.006585624528084186,1.4422519613879632,-0.022064879836766527
2026-04-30,-0.00047008128324166256,5.941697160901611e-05,-0.000529498254850679,0.29708485804508056,1.4414882914913532,-0.02258269477625019
2026-05-01,-0.0010126171635551546,2.584709429878748e-06,-0.001015201872985033,0.012923547149393741,1.4400248898779453,-0.0235749706552012
2026-05-04,0.005533023812131256,4.252459328232278e-06,0.005528771352803024,0.021262296641161388,1.4479864582364257,-0.01817653992479995
2026-05-05,-0.000915692107429504,3.0540128613144367e-06,-0.0009187461202908183,0.015270064306572184,1.4466561262956872,-0.019078586419554622
2026-05-06,-0.003941881217426545,4.649156059379836e-07,-0.003942346133032484,0.002324578029689918,1.4409529071103577,-0.022945718161192175
2026-05-07,-0.0009141136303974871,3.0539894064587783e-06,-0.000917167619803946,0.015269947032293889,1.4396313117622936,-0.02384184071128559
2026-05-08,0.001003196600559374,4.104725081695682e-07,0.0010027861280512043,0.0020523625408478408,1.441074954071237,-0.02286296285036682
2026-05-11,0.0025394331337964824,4.3081762248835256e-08,0.0025393900520342336,0.00021540881124417627,1.4447344054738414,-0.020381630778754878
2026-05-12,0.003430973851241256,6.877509597234544e-08,0.0034309050761452834,0.0003438754798617272,1.4496911520792632,-0.01702065314310852
2026-05-13,0.00039306994315155416,1.706626713370736e-06,0.00039136331643818353,0.00853313356685368,1.450258508016352,-0.01663595108593252
2026-05-14,0.0023095275479703783,9.912774035313738e-08,0.0023094284202300253,0.0004956387017656869,1.4536077762314454,-0.014364942203937803
2026-05-15,0.004727037955679507,1.3834334078843132e-07,0.0047268996123387185,0.0006917167039421565,1.4604788342654063,-0.009705944231334196
2026-05-18,0.0019010093351555526,3.3968713949924844e-06,0.00189761246376056,0.016984356974962422,1.4632502571043668,-0.00782674988831955
2026-05-19,9.523480162874692e-05,9.27471658799807e-07,9.430732996994727e-05,0.004637358293999035,1.4633882523291921,-0.00773318067823392
2026-05-20,-0.00503786617113494,1.5661726394031198e-06,-0.005039432343774343,0.007830863197015599,1.4560136062389049,-0.012733642181178229
2026-05-21,-0.0003563295595429179,1.9638780952500215e-06,-0.000358293437638168,0.009819390476250106,1.4554919261186776,-0.013087373238385602
2026-05-22,0.0015576469043964165,6.172623295460922e-08,0.001557585178163462,0.0003086311647730461,1.4577589787697367,-0.011550172758799326
2026-05-26,-0.00046557228468537383,1.731316449859105e-07,-0.0004657454163303598,0.0008656582249295525,1.4570800342072603,-0.012010538735109488
2026-05-27,-0.0009645421103173059,3.5512832677881137e-07,-0.0009648972386440849,0.0017756416338940567,1.4556741017057702,-0.012963847038093501
2026-05-28,-0.0006635879651925177,1.0580740835761937e-06,-0.0006646460392760937,0.0052903704178809685,1.4547065936795947,-0.013619876707781864
2026-05-29,-0.0026513836964561013,1.4329534968203552e-06,-0.0026528166499529215,0.007164767484101775,1.4508475238070853,-0.016236562322034076
2026-06-01,0.0069235753196412704,2.7504841511933475e-07,0.006923300271226151,0.0013752420755966735,1.4608921768621665,-0.009425672647135896
2026-06-02,0.0005280163523355753,2.098783811749934e-06,0.0005259175685238254,0.01049391905874967,1.4616604857236972,-0.008904712205452414
2026-06-03,0.0019834846668302453,3.096531348840863e-06,0.0019803881354814048,0.015482656744204314,1.4645551408077264,-0.00694195885637261
2026-06-04,-0.0023637768279068713,3.374507899865334e-07,-0.0023641142786968578,0.001687253949932667,1.461092765087404,-0.00928966155101496
2026-06-05,-0.0010185711237260947,6.655202739445501e-06,-0.001025226326465541,0.033276013697227505,1.459594814319228,-0.010305363871894402
2026-06-08,0.001107567993646892,8.961157600371214e-06,0.0010986068360465209,0.04480578800185607,1.4611983351600972,-0.009218078579045552
2026-06-09,-0.00016242821244263645,1.3251822969781365e-06,-0.00016375339473961468,0.006625911484890681,1.460959058972327,-0.009380322482124837
2026-06-10,0.0033613832822137367,9.53691000057627e-07,0.0033604295912136794,0.004768455000288135,1.4658685090256494,-0.006051414804155053
2026-06-11,0.001478998010521908,8.271987013182502e-06,0.0014707260235087257,0.041359935065912505,1.4680243999889153,-0.004589588753877938
2026-06-12,-0.004730851988965661,3.7680360557175858e-06,-0.004734620025021379,0.01884018027858793,1.461073862267508,-0.009302478820078508
2026-06-15,-0.002762586864673518,4.684866336391012e-06,-0.0027672717310099097,0.02342433168195506,1.4570306738715375,-0.012044008064421297
2026-06-16,-0.005200933313225995,2.791533270325275e-06,-0.00520372484649632,0.013957666351626374,1.4494486871518049,-0.017185059206901387
2026-06-17,-0.0017950757070674737,4.910243811966002e-07,-0.0017955667314486705,0.0024551219059830015,1.446846105310213,-0.018949769017760243
2026-06-18,0.0053528359075143365,1.4067107932105985e-06,0.005351429196721125,0.0070335539660529925,1.4545887998013325,-0.013699748168231829
2026-06-22,0.0019474245298791858,3.4655604762615025e-06,0.0019439589694029242,0.01732780238130751,1.4574164607454996,-0.011782420947158867
2026-06-23,-0.0001548497078333788,2.6431960552854946e-05,-0.00018128166838623366,0.13215980276427475,1.457152257857962,-0.011961566678618252
2026-06-24,0.004582067492076744,1.7908571466105416e-06,0.004580276634930134,0.008954285733052708,1.4638264182981646,-0.007436077328063284
2026-06-25,-0.002819168137706783,1.8585863450342576e-06,-0.002821026724051817,0.009292931725171288,1.4596969248527725,-0.010236126679250557
2026-06-26,0.00037328329123920926,5.69767215769848e-07,0.0003727135240234392,0.00284883607884924,1.4602409736376405,-0.009867228298074071
2026-06-29,0.0025716146205211282,5.498564680778417e-07,0.0025710647640530505,0.0027492823403892086,1.463995347751987,-0.0073215328170169736
2026-06-30,0.002908345377533773,2.3941232443806165e-06,0.0029059512542893924,0.011970616221903083,1.468249646869061,-0.004436857580200293
2026-07-01,0.0004090966860689914,2.4732448158057947e-06,0.00040662344125318563,0.012366224079028973,1.4688466715930897,-0.004032038269244698
2026-07-02,-0.0015840592158982275,9.129246556592335e-07,-0.0015849721405538867,0.004564623278296168,1.4665185905398694,-0.005610619741472034
2026-07-06,0.00046928212858403113,1.4126657841178642e-06,0.0004678694627999131,0.007063328920589321,1.4672047298050115,-0.005145375316316536
2026-07-07,-0.002204206841416613,5.227557348827739e-07,-0.002204729597151496,0.002613778674413869,1.4639699401121298,-0.00733876075221962
2026-07-08,-0.0012762350555441237,8.825023029407556e-06,-0.0012850600785735307,0.04412511514703778,1.46208865078586,-0.008614390082324341
2026-07-09,0.0008550695752064937,1.9393284706724467e-06,0.0008531302467358216,0.009696642353362234,1.4633360028372546,-0.007768609032324902
2026-07-10,0.0027015912479218217,6.639177087173182e-07,0.0027009273302131044,0.0033195885435865907,1.4672883670406027,-0.005088664150564748
2026-07-13,-0.004768541537893285,6.702833800149216e-06,-0.004775244371693433,0.03351416900074608,1.4602817065242408,-0.009839608907413866
2026-07-14,-0.0022046247454480415,6.842400817442303e-06,-0.0022114671462654836,0.03421200408721151,1.45705234150597,-0.012029316081848429
2026-07-15,0.00017486110004545012,1.6835181655150953e-06,0.00017317758187993491,0.008417590827575476,1.4573046703071444,-0.011858221707839345
2026-07-16,0.001434365972651107,5.436059171821121e-06,0.001428929913479286,0.027180295859105606,1.4593870565435993,-0.010446236362078976
2026-07-17,-0.006616518675034407,1.3399957507990764e-06,-0.006617858670785206,0.006699978753995382,1.4497290392574205,-0.016994963316978473
2026-07-20,1.0050795538492558e-05,5.83901729512916e-07,9.466893808979704e-06,0.0029195086475645796,1.4497427636882867,-0.016985657312682645
2026-07-21,-0.0007310285928163365,2.3457883969708203e-06,-0.0007333743812133072,0.0117289419848541,1.4486795594860482,-0.017706574847974776
2026-07-22,-0.0035366359958547275,9.59240115970468e-07,-0.003537595235970698,0.00479620057985234,1.4435547175779622,-0.021181531389118047
2026-07-23,-0.0031579784822021607,9.0708696017245e-07,-0.0031588855691623337,0.004535434800862249,1.438994693412309,-0.024273506924442412
2026-07-24,0.0007872485999454041,1.9115371309605168e-06,0.0007853370628144434,0.009557685654802583,1.440124789278239,-0.02350723274626032
2026-07-27,0.003703404351754029,8.489974450104147e-07,0.0037025553543090185,0.004244987225052073,1.4454569310276544,-0.019891714222420864
2026-07-28,0.0035349159004585606,1.7968612567914114e-06,0.003533119039201769,0.008984306283957057,1.4505639024310144,-0.016428874977460595
2026-07-29,-0.007057509903604678,8.655036122775045e-07,-0.007058375407216957,0.0043275180613875225,1.4403252778554987,-0.02337128921756837
2026-07-30,0.0028269609090723186,4.5923083819367635e-07,0.0028265016782341246,0.0022961541909683816,1.4443963596705602,-0.020610846527530313
2026-07-31,0.00394932068799288,6.077576619888198e-07,0.0039487129303308905,0.0030387883099440988,1.4500998662525142,-0.01674351991338774
2026-08-03,0.005638780503653145,9.646819284560778e-07,0.005637815821724688,0.004823409642280389,1.4582752622215536,-0.011200100973142058
2026-08-04,0.003658342319470819,3.675765837442319e-06,0.003654666553633376,0.018378829187211593,1.4636047720483858,-0.007586367053932452
2026-08-05,-0.005308007480572841,5.4292873794584785e-06,-0.005313436767952299,0.02714643689729239,1.4558280006388336,-0.01285949414024512
2026-08-06,-0.0006391598108206492,3.212414122981555e-06,-0.0006423722249436308,0.016062070614907775,1.454892817166928,-0.013493605783326146
2026-08-07,-0.002517346006818799,9.271657184088303e-07,-0.0025182731725372077,0.004635828592044151,1.4512289996165395,-0.01597789837041841
2026-08-10,-0.002340784726830853,1.1797286371830043e-06,-0.0023419644554680363,0.0058986431859150215,1.447830272882693,-0.01828244315582983
2026-08-11,-0.00237616958123565,4.503012925578501e-06,-0.002380672594161229,0.022515064627892503,1.4443834630310444,-0.020619591238615675
2026-08-12,-0.00034131006561156625,7.690301861235191e-07,-0.0003420790957976898,0.0038451509306175954,1.4438893696420256,-0.020954616803286696
2026-08-13,0.003215255028765732,2.491845943410065e-07,0.0032150058441713916,0.0012459229717050324,1.4485314824037616,-0.01780698017460025
2026-08-14,-0.0009359107435414015,7.713978677199544e-07,-0.0009366821414091217,0.0038569893385997714,1.4471746688329252,-0.0187269828356873
2026-08-17,-0.003267581948242802,2.496378606016271e-06,-0.003270078326848818,0.012481893030081355,1.44244229431321,-0.021935822461837895
2026-08-18,-0.0004729161971659744,6.455104931581648e-07,-0.00047356170765913263,0.003227552465790824,1.4417592088771154,-0.022398996203953025
2026-08-19,-0.004488490775336149,1.0443715570988152e-06,-0.004489535146893248,0.005221857785494076,1.4352863802355047,-0.026787970270133465
2026-08-20,-0.003266625748714943,1.4117133345707025e-06,-0.0032680374620495138,0.007058566672853511,1.4305958105761256,-0.02996846364180794
2026-08-21,-0.0016201859155879229,5.473912541155819e-06,-0.001625659828129079,0.027369562705779095,1.4282701484365823,-0.0315454049424837
2026-08-24,-0.0002973583474572022,1.5701163292937583e-06,-0.00029892846378649603,0.00785058164646879,1.427843197835238,-0.031834903586831276
2026-08-25,0.0017606704802414549,1.7994667703179605e-06,0.001758871013471137,0.008997333851589802,1.4303545898476921,-0.030132026062495765
2026-08-26,0.0017547943521533768,1.1218160236612083e-06,0.0017536725361297154,0.005609080118306041,1.4328629634088352,-0.028431195232929807
2026-08-27,0.0003829236110632925,6.183426414328941e-06,0.0003767401846489636,0.030917132071644704,1.4334027804662466,-0.028065166222022597
2026-08-28,0.0046115684037083635,4.2272221835898126e-07,0.004611145681490005,0.0021136110917949064,1.440012409507229,-0.02358343311055766
2026-08-31,-0.003681482334449519,5.4359646900414454e-05,-0.0037358419813499338,0.27179823450207224,1.4346327506941272,-0.027231171112428787
2026-09-01,-0.007650687270315636,1.728235862251734e-06,-0.007652415506177887,0.00864117931125867,1.423654344787045,-0.03467520238253452
2026-09-02,0.0007458617796728759,2.526401680806495e-06,0.0007433353779920693,0.012632008404032474,1.4247125974275572,-0.0339576423092125
2026-09-03,0.00567655377916198,3.847690133013551e-06,0.005672706089028966,0.019238450665067755,1.4327945732541008,-0.028477567944479976
2026-09-04,-0.002554452793088962,2.5713912377366645e-06,-0.0025570241843266986,0.012856956188683322,1.429130882879118,-0.03096177429886182
2026-09-07,0.0019949303075013644,6.304229560173125e-07,0.0019942998845453473,0.0031521147800865623,1.4319809984338439,-0.029029221477226197
