date,ES=F,CL=F,GC=F,ZN=F
2019-01-02,0.0,0.0,0.0,0.0
2019-01-03,0.0,0.0,0.0,0.0
2019-01-04,0.0,0.0,0.0,0.0
2019-01-07,0.0,0.0,0.0,0.0
2019-01-08,0.0,0.0,0.0,0.0
2019-01-09,0.0,0.0,0.0,0.0
2019-01-10,0.0,0.0,0.0,0.0
2019-01-11,0.0,0.0,0.0,0.0
2019-01-14,0.0,0.0,0.0,0.0
2019-01-15,0.0,0.0,0.0,0.0
2019-01-16,0.0,0.0,0.0,0.0
2019-01-17,0.0,0.0,0.0,0.0
2019-01-18,0.0,0.0,0.0,0.0
2019-01-22,0.0,0.0,0.0,0.0
2019-01-23,0.0,0.0,0.0,0.0
2019-01-24,0.0,0.0,0.0,0.0
2019-01-25,0.0,0.0,0.0,0.0
2019-01-28,0.0,0.0,0.0,0.0
2019-01-29,0.0,0.0,0.0,0.0
2019-01-30,0.0,0.0,0.0,0.0
2019-01-31,0.0,0.0,0.0,0.0
2019-02-01,0.0,0.0,0.0,0.0
2019-02-04,0.0,0.0,0.0,0.0
2019-02-05,0.0,0.0,0.0,0.0
2019-02-06,0.0,0.0,0.0,0.0
2019-02-07,0.0,0.0,0.0,0.0
2019-02-08,0.0,0.0,0.0,0.0
2019-02-11,0.0,0.0,0.0,0.0
2019-02-12,0.0,0.0,0.0,0.0
2019-02-13,0.0,0.0,0.0,0.0
2019-02-14,0.0,0.0,0.0,0.0
2019-02-15,0.0,0.0,0.0,0.0
2019-02-19,0.0,0.0,0.0,0.0
2019-02-20,0.0,0.0,0.0,0.0
2019-02-21,0.0,0.0,0.0,0.0
2019-02-22,0.0,0.0,0.0,0.0
2019-02-25,0.0,0.0,0.0,0.0
2019-02-26,0.0,0.0,0.0,0.0
2019-02-27,0.0,0.0,0.0,0.0
2019-02-28,0.0,0.0,0.0,0.0
2019-03-01,0.0,0.0,0.0,0.0
2019-03-04,0.0,0.0,0.0,0.0
2019-03-05,0.0,0.0,0.0,0.0
2019-03-06,0.0,0.0,0.0,0.0
2019-03-07,0.0,0.0,0.0,0.0
2019-03-08,0.0,0.0,0.0,0.0
2019-03-11,0.0,0.0,0.0,0.0
2019-03-12,0.0,0.0,0.0,0.0
2019-03-13,0.0,0.0,0.0,0.0
2019-03-14,0.0,0.0,0.0,0.0
2019-03-15,0.0,0.0,0.0,0.0
2019-03-18,0.0,0.0,0.0,0.0
2019-03-19,0.0,0.0,0.0,0.0
2019-03-20,0.0,0.0,0.0,0.0
2019-03-21,0.0,0.0,0.0,0.0
2019-03-22,0.0,0.0,0.0,0.0
2019-03-25,0.0,0.0,0.0,0.0
2019-03-26,0.0,0.0,0.0,0.0
2019-03-27,0.0,0.0,0.0,0.0
2019-03-28,0.0,0.0,0.0,0.0
2019-03-29,0.0,0.0,0.0,0.0
2019-04-01,0.0,0.0,0.0,0.0
2019-04-02,0.0,0.0,0.0,0.0
2019-04-03,0.0,0.0,0.0,0.0
2019-04-04,0.0,0.0,0.0,0.0
2019-04-05,0.0,0.0,0.0,0.0
2019-04-08,0.0,0.0,0.0,0.0
2019-04-09,0.0,0.0,0.0,0.0
2019-04-10,0.0,0.0,0.0,0.0
2019-04-11,0.0,0.0,0.0,0.0
2019-04-12,0.0,0.0,0.0,0.0
2019-04-15,0.0,0.0,0.0,0.0
2019-04-16,0.0,0.0,0.0,0.0
2019-04-17,0.0,0.0,0.0,0.0
2019-04-18,0.0,0.0,0.0,0.0
2019-04-22,0.0,0.0,0.0,0.0
2019-04-23,0.0,0.0,0.0,0.0
2019-04-24,0.0,0.0,0.0,0.0
2019-04-25,0.0,0.0,0.0,0.0
2019-04-26,0.0,0.0,0.0,0.0
2019-04-29,0.0,0.0,0.0,0.0
2019-04-30,0.0,0.0,0.0,0.0
2019-05-01,0.0,0.0,0.0,0.0
2019-05-02,0.0,0.0,0.0,0.0
2019-05-03,0.0,0.0,0.0,0.0
2019-05-06,0.0,0.0,0.0,0.0
2019-05-07,0.0,0.0,0.0,0.0
2019-05-08,0.0,0.0,0.0,0.0
2019-05-09,0.0,0.0,0.0,0.0
2019-05-10,0.0,0.0,0.0,0.0
2019-05-13,0.0,0.0,0.0,0.0
2019-05-14,0.0,0.0,0.0,0.0
2019-05-15,0.0,0.0,0.0,0.0
2019-05-16,0.0,0.0,0.0,0.0
2019-05-17,0.0,0.0,0.0,0.0
2019-05-20,0.0,0.0,0.0,0.0
2019-05-21,0.0,0.0,0.0,0.0
2019-05-22,0.0,0.0,0.0,0.0
2019-05-23,0.0,0.0,0.0,0.0
2019-05-24,0.0,0.0,0.0,0.0
2019-05-28,0.8118432325498715,0.454865063472448,-1.0,1.0
2019-05-29,0.8010446804045372,0.4506043762122959,-1.0,1.0
2019-05-30,0.796721640769411,0.4546530022999088,-1.0,1.0
2019-05-31,0.7959185752265181,0.4157343819757971,-1.0,1.0
2019-06-03,0.7703592506702812,0.3673787772990044,-1.0,1.0
2019-06-04,0.808179956417462,0.3691139062834206,-1.0,1.0
2019-06-05,0.7091461043034888,0.3694762978930048,-1.0,1.0
2019-06-06,0.7195434508941576,0.35626591749085224,-1.0,1.0
2019-06-07,0.7112105530188152,0.3510598238182457,-1.0,1.0
2019-06-10,0.697584591160968,-0.3312063942863086,-1.0,1.0
2019-06-11,0.6975901957086625,-0.33105226241749075,1.0,1.0
2019-06-12,0.8615444923046678,-0.3304555877568752,1.0,1.0
2019-06-13,0.8902486207548315,-0.3208381627252527,1.0,1.0
2019-06-14,0.8925826699353092,-0.3098587877692271,1.0,1.0
2019-06-17,0.9107178488364696,-0.31418395581935593,1.0,1.0
2019-06-18,0.9233943332370119,-0.3148171859497653,1.0,1.0
2019-06-19,0.9118579799071204,-0.2911506404638536,1.0,1.0
2019-06-20,0.9256038780305619,-0.29124952928305353,1.0,1.0
2019-06-21,0.9119756184852419,-0.26222877655117743,0.8178120056802702,1.0
2019-06-24,0.9986741682621378,-0.28772443063257735,0.8215677004649087,1.0
2019-06-25,0.9970083775725029,-0.2886574522844457,0.8132320831162473,1.0
2019-06-26,0.9897013003418661,-0.289552861903837,0.8330109583160225,1.0
2019-06-27,1.0,-0.2825391508244965,0.8203441577856235,1.0
2019-06-28,1.0,-0.29936031170826327,0.8087634703650655,1.0
2019-07-01,1.0,-0.34245409154682777,0.8318170072984306,1.0
2019-07-02,1.0,-0.34359264453528976,0.7627808938323185,1.0
2019-07-03,1.0,-0.30350835369878376,0.7411256493579998,1.0
2019-07-05,1.0,-0.31933152544673243,0.734523047452662,1.0
2019-07-08,1.0,-0.32150746561449567,0.6887067880458793,1.0
2019-07-09,1.0,-0.32906771339745106,0.688205605328288,1.0
2019-07-10,1.0,-0.3339260053895939,0.7206546561804313,1.0
2019-07-11,1.0,-0.31150113529882867,0.7150893375296095,1.0
2019-07-12,1.0,-0.3441503602936118,0.7075556488259389,1.0
2019-07-15,1.0,-0.3468276651380014,0.7085132304719698,1.0
2019-07-16,1.0,-0.3415351495304481,0.7087296353268995,1.0
2019-07-17,1.0,-0.3220147374567207,0.7080994879063368,1.0
2019-07-18,1.0,-0.33418666103840144,0.704333373517644,1.0
2019-07-19,1.0,-0.3221439291684945,0.7072287609343303,1.0
2019-07-22,1.0,-0.3732018815231574,0.9977677940185083,1.0
2019-07-23,1.0,-0.37508158600392766,0.9980359060627202,1.0
2019-07-24,1.0,-0.3743598279953527,1.0,1.0
2019-07-25,1.0,-0.3696027069159952,1.0,1.0
2019-07-26,1.0,-0.389029835523244,1.0,1.0
2019-07-29,1.0,-0.38845857272412804,1.0,1.0
2019-07-30,1.0,-0.3887725205424077,1.0,1.0
2019-07-31,1.0,-0.380383125422194,1.0,1.0
2019-08-01,1.0,-0.4522701299615203,1.0,1.0
2019-08-02,1.0,-0.31660184292139015,1.0,1.0
2019-08-05,1.0,-0.3022002001287868,1.0,1.0
2019-08-06,0.8280605302202905,-0.29952898164835273,1.0,1.0
2019-08-07,0.7570765993348647,-0.296762228244041,1.0,1.0
2019-08-08,0.764395619442387,-0.3068351205367396,1.0,1.0
2019-08-09,0.6854361099322589,-0.29208158717968996,1.0,1.0
2019-08-12,0.6846915252227612,-0.27422985726379223,0.9965022823587191,1.0
2019-08-13,0.6672677695663276,-0.2732954140516172,0.9952585822436153,1.0
2019-08-14,0.6222473915605182,-0.2668602042004536,0.9930843384500408,1.0
2019-08-15,0.5497250801682096,-0.26012420474146636,0.9905290494719203,1.0
2019-08-16,0.5509751698427626,-0.263854439146247,0.9902714992743756,1.0
2019-08-19,0.5325781446190747,-0.2637006849519382,0.9712734664340974,1.0
2019-08-20,0.5245102860247838,-0.2599184516420682,0.9300825206571941,1.0
2019-08-21,0.5248776233011903,-0.26058813359975735,0.944906282841161,1.0
2019-08-22,0.5178052606976019,-0.26144172844026886,0.9422121696682976,1.0
2019-08-23,0.5185260344097721,-0.2612117023611157,0.9509821120374273,1.0
2019-08-26,0.49740498455855164,-0.2581059719476292,0.8648141858732358,1.0
2019-08-27,-0.4896994287571317,-0.25909546707420017,0.8629484059692047,1.0
2019-08-28,-0.4889731564493204,-0.25785864067948777,0.8564544504258856,1.0
2019-08-29,-0.48679247534760384,-0.25649286180619885,0.8579391113025585,1.0
2019-08-30,-0.4817547482289485,-0.3176230302967363,0.839677852651362,1.0
2019-09-03,-0.4837880720217144,-0.31825471890300167,0.8790496593911864,1.0
2019-09-04,-0.558637499717455,-0.3163368860393144,0.8467954092238822,1.0
2019-09-05,-0.5685060361228218,-0.29938353036686616,0.8486505164603932,1.0
2019-09-06,-0.5606510542568977,-0.33586005826607407,0.8279428865698814,1.0
2019-09-09,-0.5920138731160882,-0.3457191845806513,0.8289120608190867,1.0
2019-09-10,-0.5973399161361946,-0.35992924910060375,0.8270307645205093,1.0
2019-09-11,-0.6191307371101278,-0.35817816460053814,0.8207178230953003,1.0
2019-09-12,0.6445242678289775,-0.37170240567158963,0.8191312883855109,1.0
2019-09-13,0.8327214771987592,-0.3940832027738753,0.8389599995696412,1.0
2019-09-16,0.8274316975771938,-0.39887792925410265,0.8363614802624278,1.0
2019-09-17,0.8646369657681011,-0.20367326257358842,0.8213376315161666,1.0
2019-09-18,0.8913379980794502,-0.19187089219128428,0.8366785530265272,1.0
2019-09-19,0.9259161398412239,-0.19017367419234726,0.8379345055326172,1.0
2019-09-20,0.9550214411753019,-0.19077750515110992,0.8287516658236744,1.0
2019-09-23,0.9602307453164228,-0.19097947977370272,0.8264019052642848,1.0
2019-09-24,1.0,-0.192855894733626,0.8997788091181739,1.0
2019-09-25,1.0,-0.19115299076238548,0.8905511360115791,1.0
2019-09-26,1.0,0.19160907523565257,0.8335471252494052,1.0
2019-09-27,1.0,0.19216408024165416,0.8315685808999285,1.0
2019-09-30,1.0,0.1926816798782521,0.8365743878399683,1.0
2019-10-01,1.0,0.1918230785529482,0.7447373890729302,1.0
2019-10-02,1.0,0.1929969412657122,0.7863536206841322,1.0
2019-10-03,1.0,0.19841078633732484,0.7483614383694379,1.0
2019-10-04,1.0,0.1984491218263322,0.8456403493891997,1.0
2019-10-07,0.9947475681215427,0.1982842370810599,0.8551735205259657,1.0
2019-10-08,0.9879294912660505,-0.20077387592727894,0.8485255634640253,1.0
2019-10-09,0.9121981626596308,-0.2008215860601272,0.8661240800196534,1.0
2019-10-10,0.9039301865645208,-0.20320084683281664,0.8589545739628313,1.0
2019-10-11,0.8860403659030687,-0.20216563014329125,0.845014138510124,1.0
2019-10-14,0.8517525213318049,-0.20056467187205185,0.8352852887997376,1.0
2019-10-15,0.8523787889412991,-0.43410550856469443,0.8433898457764848,1.0
2019-10-16,0.821889483810697,-0.5601370612073011,0.8245097855849833,1.0
2019-10-17,0.8210146686159233,-0.5611673932231377,0.8113236134293014,1.0
2019-10-18,0.8197157614385246,-0.5466920232587376,0.8163304422147384,1.0
2019-10-21,0.8193673431437866,-0.5472808019397106,0.8246181641121747,1.0
2019-10-22,0.8172110593095017,-0.5596228087132311,0.8589599100175955,1.0
2019-10-23,0.8336785408505971,-0.5587355220115265,0.8725658149579425,1.0
2019-10-24,0.8371414230848976,-0.4916733944350882,0.9528936324945594,1.0
2019-10-25,0.8383260140374625,-0.49053807196157223,0.9396583583677109,1.0
2019-10-28,0.8432120038780812,-0.4922176950982137,0.9506070758728694,1.0
2019-10-29,0.8425155135424228,-0.5473309774406615,1.0,1.0
2019-10-30,0.9078340744393035,-0.5515524699520487,1.0,1.0
2019-10-31,1.0,-0.5749642646206515,1.0,1.0
2019-11-01,1.0,-0.552078242983749,1.0,1.0
2019-11-04,1.0,-0.48089674131709176,1.0,1.0
2019-11-05,1.0,-0.4815701197128651,1.0,1.0
2019-11-06,1.0,-0.4801543837637418,1.0,1.0
2019-11-07,1.0,-0.4639857088094151,1.0,1.0
2019-11-08,1.0,-0.46856944417733043,0.9738930701198341,1.0
2019-11-11,1.0,-0.48484876576166525,0.9952688155085152,1.0
2019-11-12,1.0,-0.5085371348987099,1.0,1.0
2019-11-13,1.0,-0.526913862655995,1.0,1.0
2019-11-14,1.0,-0.5296233141944011,1.0,-1.0
2019-11-15,1.0,-0.5278543252013544,1.0,-1.0
2019-11-18,1.0,0.5185196968902066,1.0,-1.0
2019-11-19,1.0,0.513774850589508,1.0,-1.0
2019-11-20,1.0,0.46274620538228356,1.0,-1.0
2019-11-21,1.0,0.45994358460365226,1.0,-1.0
2019-11-22,1.0,0.4374269821550422,-1.0,-1.0
2019-11-25,1.0,0.4301413319385188,-1.0,-1.0
2019-11-26,1.0,0.4398326307163466,-1.0,-1.0
2019-11-27,1.0,0.4410135075520567,-1.0,-1.0
2019-11-29,1.0,0.4435738877012849,-1.0,-1.0
2019-12-02,1.0,0.37220071016524675,-1.0,-1.0
2019-12-03,1.0,0.4015034693474799,-1.0,-1.0
2019-12-04,1.0,0.4023904221120573,-1.0,-1.0
2019-12-05,1.0,0.3644618625513224,-1.0,-1.0
2019-12-06,1.0,0.3706932625833478,-1.0,-1.0
2019-12-09,1.0,0.3712252770524826,-1.0,-1.0
2019-12-10,1.0,0.3706914478554567,-1.0,-1.0
2019-12-11,1.0,0.3722986023904898,-1.0,-1.0
2019-12-12,1.0,0.3701965190509134,-1.0,-1.0
2019-12-13,1.0,0.36989809243812716,-1.0,-1.0
2019-12-16,1.0,0.3680895476029733,-1.0,-1.0
2019-12-17,1.0,0.37247300731654925,-1.0,-1.0
2019-12-18,1.0,0.37535631843656,-1.0,-1.0
2019-12-19,1.0,0.41011745793994664,-1.0,-1.0
2019-12-20,1.0,0.4404053936202178,-1.0,-1.0
2019-12-23,1.0,0.45185895880978477,-1.0,-1.0
2019-12-24,1.0,0.46241296069260185,-1.0,-1.0
2019-12-26,1.0,0.4603222822463239,-1.0,-1.0
2019-12-27,1.0,0.4592244208523633,-1.0,-1.0
2019-12-30,1.0,0.4618209794559965,-1.0,-1.0
2019-12-31,1.0,0.6959644923095191,-1.0,-1.0
2020-01-02,1.0,0.6759595740544851,-1.0,-1.0
2020-01-03,1.0,0.675642961506597,-1.0,-1.0
2020-01-06,1.0,0.796060488323178,-1.0,-1.0
2020-01-07,1.0,0.7994699532778626,-1.0,-1.0
2020-01-08,1.0,0.7860080683534783,1.0,-1.0
2020-01-09,1.0,0.5077651717831295,1.0,-1.0
2020-01-10,1.0,0.5082621172147613,1.0,-1.0
2020-01-13,1.0,0.5076296346950558,1.0,-1.0
2020-01-14,1.0,0.49643373170940686,1.0,-1.0
2020-01-15,1.0,0.5102473074998719,1.0,-1.0
2020-01-16,1.0,0.5094069053187412,1.0,-1.0
2020-01-17,1.0,0.5091500968617154,1.0,-1.0
2020-01-21,1.0,0.5090339679807365,1.0,-1.0
2020-01-22,1.0,0.5116613379127618,1.0,-1.0
2020-01-23,1.0,0.48408073640078725,1.0,-1.0
2020-01-24,1.0,0.4719065924101808,1.0,-1.0
2020-01-27,1.0,0.46335947663966426,1.0,-1.0
2020-01-28,1.0,0.467280229775787,1.0,-1.0
2020-01-29,1.0,0.4618970761657611,1.0,-1.0
2020-01-30,1.0,0.4628917272554913,1.0,-1.0
2020-01-31,1.0,0.45383754837666496,1.0,1.0
2020-02-03,0.9700633791234579,0.45760184716973257,1.0,1.0
2020-02-04,0.971271960803623,-0.5242269691007095,1.0,1.0
2020-02-05,0.8826590920614031,-0.5391080933608546,1.0,1.0
2020-02-06,0.8604556377121267,-0.4736198764712457,1.0,1.0
2020-02-07,0.8709127449933504,-0.5598900171882661,1.0,1.0
2020-02-10,0.8611899535905067,-0.5624077740963098,1.0,1.0
2020-02-11,0.8525803213499087,-0.5592059827330471,1.0,1.0
2020-02-12,0.8640536813729316,-0.5465091410383608,1.0,1.0
2020-02-13,0.8561768295364556,-0.49157263118891026,1.0,1.0
2020-02-14,0.8548326162344794,-0.48557654008734047,1.0,1.0
2020-02-18,0.8640375094399821,-0.4856297612734232,1.0,1.0
2020-02-19,0.8596167165373376,-0.4858319284009564,1.0,1.0
2020-02-20,0.855872295347663,-0.4488279754603125,1.0,1.0
2020-02-21,0.845610311431057,-0.4661701205566793,1.0,1.0
2020-02-24,0.8235540878288854,-0.47998775414384154,1.0,1.0
2020-02-25,0.6485223783628195,-0.45130304114467074,1.0,1.0
2020-02-26,0.5920430894925669,-0.4341209395603089,0.8902139114166706,1.0
2020-02-27,0.608269798328686,-0.42423483138839213,0.8928453249395572,1.0
2020-02-28,0.470691418814212,-0.3997767771749985,0.89235890061157,1.0
2020-03-02,0.47523832105261316,-0.36167112391506295,0.5638678105798026,1.0
2020-03-03,0.4160794964505676,-0.31864269453073263,0.5398262285303834,1.0
2020-03-04,0.40782338443143484,-0.32494554970736556,0.48802364296575607,1.0
2020-03-05,0.37141084980425443,-0.3252399689025541,0.5081098120853503,1.0
2020-03-06,0.3590304164720917,-0.3327778514493529,0.4999191451410314,1.0
2020-03-09,0.3576523397580443,-0.24593656005611034,0.49996913245760316,1.0
2020-03-10,0.29403422559272707,-0.12615270588080432,0.49996636069822736,1.0
2020-03-11,-0.27092737852751153,-0.11475125125736256,0.4919846768561842,1.0
2020-03-12,-0.26149303368928817,-0.1147867946422936,0.4865557971286269,1.0
2020-03-13,-0.21887836475695518,-0.11569133156668461,0.4385106819505175,1.0
2020-03-16,-0.18159362840168125,-0.11560105180050281,0.3775137717343638,1.0
2020-03-17,-0.1635845032711095,-0.11313794212399884,0.3717810634668093,1.0
2020-03-18,-0.1596557087997951,-0.1129746928494042,0.3580210461096933,1.0
2020-03-19,-0.15979829239725873,-0.09413361033926351,0.3441759924019332,0.9558454787568317
2020-03-20,-0.15976524446996265,-0.0750731251853579,0.3454382877669069,0.944781279585361
2020-03-23,-0.15830160167004315,-0.07415049274188149,0.3530989899918872,0.9273362887076825
2020-03-24,-0.15019025999972946,-0.0731279976966684,0.304639510627937,0.8960623265241806
2020-03-25,-0.1347061075049716,-0.07253043784616621,0.26911775863714926,0.8806281037003303
2020-03-26,-0.13418946155821598,-0.0721360726282739,0.26678680845596814,0.8789477012736066
2020-03-27,-0.13173858224965138,-0.07176349782649194,0.2658826028106039,0.8786353924452838
2020-03-30,-0.13103377416907847,-0.07177103681723689,0.28382255558707203,0.9023309993577635
2020-03-31,-0.1313774904534356,-0.07257614301254073,0.2864239011017752,0.9009532938447851
2020-04-01,-0.13153871811602305,-0.0724067699496668,0.2908814150469242,0.9052432144497888
2020-04-02,-0.13225490655429428,-0.07240519123357002,0.2908586524126907,0.9050532728678546
2020-04-03,-0.13142812492006287,-0.062385472879833724,0.2835545061795655,0.9069029047203861
2020-04-06,-0.13148645070510728,-0.06121770348070113,0.2833451077991559,0.9324822107287208
2020-04-07,-0.13154307776591379,-0.06719682342617403,0.27657449035586945,0.9515510611757365
2020-04-08,-0.13354070155446948,-0.06785992917248826,0.276885544644517,1.0
2020-04-09,-0.13417574533113402,-0.06728890990094169,0.278116690466886,1.0
2020-04-13,-0.14693226477827476,-0.06653066086247093,0.27477138540186136,1.0
2020-04-14,-0.15850248367009243,-0.06656758959751709,0.3036707076736354,1.0
2020-04-15,-0.18300286387936268,-0.06640608100437809,0.31350462012390573,1.0
2020-04-16,-0.18204961469038086,-0.06674039110484972,0.3102052841475684,1.0
2020-04-17,-0.1863544931885456,-0.07591790683768893,0.32954173133903314,1.0
2020-04-20,-0.18564873138048477,-0.0887284640637049,0.32037816051572443,1.0
2020-04-21,-0.18310843604176683,-0.011277744299397381,0.3205426559411285,1.0
2020-04-22,-0.2111025413703168,-0.010646458760709186,0.3576257961719039,1.0
2020-04-23,-0.25277144269979923,-0.010495462078410131,0.4201102258705854,1.0
2020-04-24,-0.25230458765951175,-0.010439883037396484,0.43298292413472145,1.0
2020-04-27,-0.2721844101715736,-0.010422226820019158,0.43284431438273235,1.0
2020-04-28,-0.285054981593808,-0.010432387828170317,0.44213259247194253,1.0
2020-04-29,-0.2933010278830408,-0.010427598421306594,0.44223356511839834,1.0
2020-04-30,-0.2943567373632561,-0.010364940502651748,0.47038790879978487,1.0
2020-05-01,-0.32880222705656315,-0.010288245881102607,0.4626783212266332,1.0
2020-05-04,-0.31676368163220703,-0.010351135637205217,0.49823223113866066,1.0
2020-05-05,-0.3219721814139532,-0.010374061291742658,0.4972311135178303,1.0
2020-05-06,-0.39047094676622734,-0.010305686047267228,0.533712794354774,1.0
2020-05-07,-0.38702504293640644,-0.010297644401656739,0.5275158384181443,1.0
2020-05-08,-0.4105261400691599,-0.010312942904060308,0.501108797914025,1.0
2020-05-11,-0.4101261711725028,-0.010291689646866891,0.6337581127231772,1.0
2020-05-12,-0.4126260837428027,-0.010292984106918913,0.6314774150388621,1.0
2020-05-13,-0.4176228863025809,-0.01026844364196918,0.6338904077470895,1.0
2020-05-14,-0.4307069264121397,-0.010269442904479245,0.6588675481733074,1.0
2020-05-15,-0.42690328584772425,-0.010251847186704847,0.637531484921676,1.0
2020-05-18,-0.45906841776049445,-0.010230896849663603,0.6770994683301218,1.0
2020-05-19,-0.4339207063987749,-0.023724116408870535,0.6570593536359937,1.0
2020-05-20,-0.46163620014207835,-0.05844681015648492,0.6832787967570733,1.0
2020-05-21,-0.46656793777814254,-0.06971992003125353,0.8383221626903079,1.0
2020-05-22,-0.45991742608535124,-0.07315868679993297,0.7711869544357934,1.0
2020-05-26,-0.4693760764683481,-0.07257094351754546,0.76434825781099,1.0
2020-05-27,-0.4692768747511539,-0.0931251619029863,0.7193948075931014,1.0
2020-05-28,-0.4642993252332002,-0.09244882894682531,0.7177462627257408,1.0
2020-05-29,-0.49008270200822834,-0.10456540775423642,0.7204274393920735,1.0
2020-06-01,-0.5023871161162369,-0.13850051242856568,0.7181401528745558,1.0
2020-06-02,-0.5663760704364562,-0.13755249769198885,0.7215375598797495,1.0
2020-06-03,-0.5661989095461744,-0.13748913775864915,0.7171745347135852,1.0
2020-06-04,-0.5642093051177471,-0.19855913595570387,0.6790255843450659,1.0
2020-06-05,0.5745338580193003,-0.20471016896830024,0.6802723533297175,1.0
2020-06-08,0.5547630150378566,-0.20795385727259227,0.6656723665573286,1.0
2020-06-09,0.5607620189029722,-0.19761265637659206,0.6462712936464559,1.0
2020-06-10,0.5539747905342953,-0.2058221289335633,0.6446625259768428,1.0
2020-06-11,0.6174484561226764,0.21357672517918447,0.6472763727820658,1.0
2020-06-12,0.4283786625664196,0.18308541074083834,0.6376344059001087,1.0
2020-06-15,0.4301985258359822,0.19803842639254263,0.6604103448289053,1.0
2020-06-16,0.4279550291831714,0.2085167498221268,0.6688192170915117,1.0
2020-06-17,0.45909337583973353,0.22845794693395022,0.6832454270581744,1.0
2020-06-18,0.4646622118709919,0.22713736855260225,0.6909041872691941,1.0
2020-06-19,0.4720709000815498,0.22854207670362317,0.6928658930494798,1.0
2020-06-22,0.47215272141815806,0.2274573607013204,0.7156428185630151,1.0
2020-06-23,0.4561415215740919,0.23159893321429928,0.7198369647524433,1.0
2020-06-24,0.46183043641875543,0.23390041424223965,0.7719394081477233,1.0
2020-06-25,0.4454835051277853,0.22525812620054353,0.7665890498921287,1.0
2020-06-26,0.443807907757965,0.22661082144778444,0.7639904356265389,1.0
2020-06-29,0.42804908884632914,0.2377824760422249,0.7917957678236232,1.0
2020-06-30,0.4222817585628788,0.23415365127143467,0.7918541254289393,1.0
2020-07-01,0.4179063435944335,0.2392793815059544,0.7921231021460071,1.0
2020-07-02,0.42296424173662683,0.2391666087431401,0.8270478788863427,1.0
2020-07-06,0.4209700101432132,0.2375392511767098,0.8506049946188164,1.0
2020-07-07,0.43495185579713114,0.25660910696173717,1.0,1.0
2020-07-08,0.43752152451743587,0.26732195962813066,1.0,1.0
2020-07-09,0.4355151075130829,0.2694963578248791,1.0,1.0
2020-07-10,0.43506457730859915,0.2624829240155268,1.0,1.0
2020-07-13,0.6185471782358165,0.3431352917190241,1.0,1.0
2020-07-14,0.6077039561754289,0.33937129933836824,1.0,1.0
2020-07-15,0.6104922510885994,0.3456463480322621,1.0,1.0
2020-07-16,0.6290624685316601,0.3560279636472885,1.0,1.0
2020-07-17,0.6225678555384415,0.35604010850208717,1.0,1.0
2020-07-20,0.6223828813339103,0.3632377051727973,1.0,1.0
2020-07-21,0.6406576489691204,0.37302141658426535,1.0,1.0
2020-07-22,0.6805720610664414,0.3634511289418853,1.0,1.0
2020-07-23,0.6799902029011348,0.36358097489201147,1.0,1.0
2020-07-24,0.7458752288106719,0.46068948055894937,1.0,1.0
2020-07-27,0.7325608691830557,0.47049741233190934,1.0,1.0
2020-07-28,0.8441766071834391,0.47409162020522355,1.0,1.0
2020-07-29,0.8506931723101637,0.5018484907187343,1.0,1.0
2020-07-30,0.8601667788802667,0.5108055468476149,1.0,1.0
2020-07-31,0.8572943580326307,0.4605806402375245,1.0,1.0
2020-08-03,0.8663653410248282,0.4767193961302885,1.0,1.0
2020-08-04,0.8981731091760157,0.4616964337923984,1.0,1.0
2020-08-05,0.9604960785789635,0.451376280968371,1.0,1.0
2020-08-06,0.9731228392982599,0.44837850646351846,0.9700291985592177,1.0
2020-08-07,1.0,0.49747876419705606,1.0,1.0
2020-08-10,1.0,0.5023065198161614,0.8326100321604314,1.0
2020-08-11,1.0,0.49750566480062225,0.8326131605868445,1.0
2020-08-12,1.0,0.49267176268481705,0.5272678539250494,1.0
2020-08-13,1.0,0.48608852645000306,0.5275149599948993,1.0
2020-08-14,1.0,0.4871447820017925,0.5316402977064314,1.0
2020-08-17,1.0,0.4861392361549692,0.5193182852200182,1.0
2020-08-18,1.0,0.46989329502485416,0.4948680390148859,1.0
2020-08-19,1.0,0.5045264069136101,0.5000272735748363,1.0
2020-08-20,1.0,0.5049295994807871,0.474979907236558,1.0
2020-08-21,1.0,0.5267489121988926,0.47109916488719605,1.0
2020-08-24,1.0,0.5242708015227937,0.4715219003262883,1.0
2020-08-25,1.0,0.5249175450633015,0.4848352644272153,1.0
2020-08-26,1.0,0.52587714693423,0.48448281075492505,1.0
2020-08-27,1.0,0.5261963318998394,0.47399345862242825,1.0
2020-08-28,1.0,0.620998634974864,0.4711537656849181,1.0
2020-08-31,1.0,0.6209703774406015,0.45418248011676127,1.0
2020-09-01,1.0,0.6345423157783099,0.4541942957957961,1.0
2020-09-02,1.0,0.6615090227947524,0.4683401324645111,1.0
2020-09-03,1.0,0.583868198036532,0.4694594352517077,1.0
2020-09-04,0.7856704326591188,0.58543134240433,0.4768847927507948,1.0
2020-09-08,0.746600448602726,0.5051415509614426,0.4923783035465419,1.0
2020-09-09,0.6573271222256166,0.35330286985695486,0.49439568910228004,1.0
2020-09-10,0.6222628357036935,0.325641829323297,0.6447843377667117,1.0
2020-09-11,0.6034464042424238,0.3374457757708446,0.6425730957394905,1.0
2020-09-14,0.6031994183574425,0.3368849821866765,0.6488871269076434,1.0
2020-09-15,0.5839128904670324,0.3366283136706778,0.6537411962060679,1.0
2020-09-16,0.5826410300868162,0.33042697040555463,0.7451662462746311,1.0
2020-09-17,0.5808547147967766,0.2932541264780994,0.7557331475167434,1.0
2020-09-18,0.5765551217001663,0.28788045650310484,0.8183107466077884,1.0
2020-09-21,0.576720995605035,0.2880432256449253,0.8497891623455796,1.0
2020-09-22,0.5399462474291856,0.2717139700727457,0.7120219167556922,1.0
2020-09-23,0.5442474512294083,0.27157608620624757,0.7132113816979286,1.0
2020-09-24,0.5253925367062408,0.2741120403317497,0.6668834324057888,1.0
2020-09-25,0.5365232366383176,0.2727715625709234,0.7006196360714615,1.0
2020-09-28,0.516353055887137,0.2729653692130257,0.7082963214511091,1.0
2020-09-29,0.49644185211349673,0.27182770900170367,0.7997777000085254,1.0
2020-09-30,0.49635943750458694,0.2648491619065541,0.7640147616444686,1.0
2020-10-01,0.49883971027966967,0.2595351027259423,0.7644742357064307,1.0
2020-10-02,0.513090587717886,0.2558612260271913,0.7841382551851563,1.0
2020-10-05,0.5760643325248374,-0.2453432142846639,0.7830666247150775,1.0
2020-10-06,0.5635588771880586,-0.23096438101252945,0.7735953294587843,1.0
2020-10-07,0.6014761746592097,-0.26347591852892205,0.7731662435829768,1.0
2020-10-08,0.6132871006532908,-0.267395027238545,0.7706410057588279,1.0
2020-10-09,0.6427074411149338,-0.2660826127319988,0.7754849088138671,1.0
2020-10-12,0.6359552057902492,-0.2631983698936853,0.7292335960044986,1.0
2020-10-13,0.6283658601350216,0.25527856853653064,0.7409135973634021,1.0
2020-10-14,0.6206178699196261,0.2576382940100581,0.6981377760859871,1.0
2020-10-15,0.6174198688646232,0.2727290517842543,0.6897870272153453,1.0
2020-10-16,0.6265553229124016,-0.27600429702076146,0.7013411298332375,1.0
2020-10-19,0.6250543260579172,-0.2760540611269257,0.7095733346926891,-1.0
2020-10-20,0.6817828385858162,-0.29669658751862305,0.8372223181719023,-1.0
2020-10-21,0.6855825776106891,-0.29505773327173157,0.8370422513753413,-1.0
2020-10-22,0.7753698377036518,-0.28190714672864936,0.9707658167258829,-1.0
2020-10-23,0.7749811353809306,-0.2805982522448478,0.9081599612310145,-1.0
2020-10-26,0.8070554733577827,-0.2769290889701138,0.9232699841140694,-1.0
2020-10-27,0.7897114119332427,-0.26911932662240895,0.941029016302049,-1.0
2020-10-28,0.7907254575136486,-0.2714594607656693,0.9844318122718919,-1.0
2020-10-29,0.6145564641478659,-0.25345558695132125,0.8847244457754595,-1.0
2020-10-30,0.6013446035257177,-0.2556018333053528,0.9212515152224734,-1.0
2020-11-02,0.5964853472484649,-0.2682416251169848,0.90810708895731,-1.0
2020-11-03,0.6110482492451451,-0.2949183108195859,0.9059682092920767,-1.0
2020-11-04,0.5886381033314094,-0.30584326479883744,0.8867396666379717,-1.0
2020-11-05,0.5699895611841154,-0.28872008681089967,0.8969057892125211,-1.0
2020-11-06,0.546194448134139,-0.30002080462240854,0.7403701086285929,-1.0
2020-11-09,0.5526463317154707,-0.28459864913188004,0.7845780975415347,-1.0
2020-11-10,0.5630738944275826,-0.23464935765653727,0.5162828018550849,-1.0
2020-11-11,0.5684726626237846,-0.23297691855234348,0.5230936536136526,-1.0
2020-11-12,0.5697252583232558,-0.235088774557671,-0.5232344515244721,-1.0
2020-11-13,0.5606315239649045,-0.23469240026883031,-0.5201938355558724,-1.0
2020-11-16,0.5506023618243645,-0.23146473703003576,-0.5168065422479088,-1.0
2020-11-17,0.5586153115298393,-0.226815886130481,-0.5173748799779068,-1.0
2020-11-18,0.5546571633184186,-0.22790121595767568,-0.5177188064001876,-1.0
2020-11-19,0.5411877570633755,-0.23461907716991837,-0.5204856763096659,-1.0
2020-11-20,0.5414272410960375,-0.2354742351854179,-0.5263200548145576,-1.0
2020-11-23,0.5360160091047809,-0.2379827855344715,-0.5233311959496911,-1.0
2020-11-24,0.5609460856059978,-0.24464771833319188,-0.5053764878196834,-1.0
2020-11-25,0.5518028938175401,-0.23881425348803004,-0.4933306747594479,-1.0
2020-11-27,0.7202360861998737,-0.26678626111651405,-0.5048998613783524,-1.0
2020-11-30,0.7266999640690424,0.28206380486715593,-0.49871589786230575,-1.0
2020-12-01,0.761644259170503,0.2845105641875816,-0.5028571887862898,-1.0
2020-12-02,0.7630354232410402,0.2795041071764814,-0.4777612502589807,-1.0
2020-12-03,0.8001129105714849,0.2807890051176374,-0.4808236351315286,-1.0
2020-12-04,0.878326997452602,0.29040918954049233,-0.47933023435501604,-1.0
2020-12-07,0.9680316873657119,0.29358742522923115,-0.5251728301767888,-1.0
2020-12-08,0.9652811749321744,0.3232935333445265,-0.5100123549927337,-1.0
2020-12-09,1.0,0.46599613854159777,-0.7502701810617665,-1.0
2020-12-10,0.9676926020459593,0.48395322519730966,-0.7135011065401724,-1.0
2020-12-11,0.9791588645441743,0.4618706102609147,-0.7213502653364685,-1.0
2020-12-14,1.0,0.46566223860384165,-0.7270012034340964,-1.0
2020-12-15,1.0,0.5158043765907664,-0.7342748215758937,-1.0
2020-12-16,1.0,0.5468982001723683,-0.7027776361048387,-1.0
2020-12-17,1.0,0.5480753346648201,-0.7016282798565315,-1.0
2020-12-18,1.0,0.5472612867756972,-0.6662854242368932,-1.0
2020-12-21,1.0,0.5500512912489989,-0.6728335779539655,-1.0
2020-12-22,1.0,0.4782592896386776,-0.6751202054100531,-1.0
2020-12-23,1.0,0.47072052346146237,-0.7216837123644483,-1.0
2020-12-24,1.0,0.5333454854392122,-0.7905345773739549,-1.0
2020-12-28,1.0,0.5481179727341179,-0.7908968194903924,-1.0
2020-12-29,1.0,0.5349804408172183,-0.8451311615505522,-1.0
2020-12-30,1.0,0.5362005536722996,-0.8550682234385649,-1.0
2020-12-31,1.0,0.5669506732309478,-0.9720102801330552,-1.0
2021-01-04,1.0,0.5796464150034383,-0.9796411388939043,-1.0
2021-01-05,1.0,0.545887869797972,-0.7976396938738527,-1.0
2021-01-06,1.0,0.4443720194520122,-0.8001168073658338,-1.0
2021-01-07,1.0,0.45016993626641,-0.7047363407175745,-1.0
2021-01-08,1.0,0.45327409905453786,-0.7063533634847975,-1.0
2021-01-11,1.0,0.4380387750268271,-0.5622678852643147,-1.0
2021-01-12,1.0,0.4541867794818484,-0.5572287196186391,-1.0
2021-01-13,1.0,0.4529014938807385,-0.556727948437344,-1.0
2021-01-14,1.0,0.44732540514385194,-0.5577801278801283,-1.0
2021-01-15,1.0,0.44782841744196655,-0.5696562955515777,-1.0
2021-01-19,1.0,0.41998794138897577,-0.5604570443600908,-1.0
2021-01-20,1.0,0.4197446189381418,-0.5824956921933047,-1.0
2021-01-21,0.9930647654364313,0.4235841211721167,-0.563568651478219,-1.0
2021-01-22,1.0,0.46185201120089087,-0.5643169868340827,-1.0
2021-01-25,1.0,0.459854997092903,-0.5657150227364811,-1.0
2021-01-26,1.0,0.47386716650960076,-0.5674429077513258,-1.0
2021-01-27,1.0,0.47141616254228214,-0.5681059497855278,-1.0
2021-01-28,0.8266542124609948,0.48621371951553105,-0.5676843456067099,-1.0
2021-01-29,0.8096863303663149,0.4763488378739875,-0.5674176398152074,-1.0
2021-02-01,0.7310500591126482,0.4749419336078532,-0.5683692791417677,-1.0
2021-02-02,0.695747450567726,0.4550580396776011,-0.5633261765751015,-1.0
2021-02-03,0.7096266912038913,0.46958681402128205,-0.6211751899167673,-1.0
2021-02-04,0.7143039218567667,0.5699319436339995,-0.6249139767382219,-1.0
2021-02-05,0.7042692588133349,0.5744706449065735,-0.6241383764341891,-1.0
2021-02-08,0.7316654832211127,0.5721768595894611,-0.6041150893030174,-1.0
2021-02-09,0.7292245134135801,0.5978109666720032,-0.812026084950092,-1.0
2021-02-10,0.7397718285675847,0.6002711994006609,-0.8290293860311531,-1.0
2021-02-11,0.7390887034440828,0.6171201535680819,-0.8296266699204563,-1.0
2021-02-12,0.7391311718316488,0.6127668773934852,-0.8226757635452463,-1.0
2021-02-16,0.7416613104874318,0.5933739440958474,-0.8226613240609324,-1.0
2021-02-17,0.7574254337555194,0.6851560725427013,-0.811358222856094,-1.0
2021-02-18,0.7624787659309163,0.6715379959683015,-0.7834676235555146,-1.0
2021-02-19,0.7896168617243277,0.6366157607926716,-0.8449240005749573,-1.0
2021-02-22,0.7883514606776618,0.5720159241867421,-0.8423082745449264,-1.0
2021-02-23,0.7770611464630189,0.539538483340886,-0.761545796404786,-1.0
2021-02-24,0.7791103641871779,0.5378670208943093,-0.7616944268688867,-1.0
2021-02-25,0.7573850850905176,0.5287997219791458,-0.7600514989093308,-1.0
2021-02-26,0.7723944664854849,0.5290034120064716,-0.7397998165496023,-1.0
2021-03-01,0.7807186800199064,0.4598799484009439,-0.6572922040250643,-1.0
2021-03-02,0.7729792727309541,0.4449713953981908,-0.6660910694118571,-1.0
2021-03-03,0.7952400913158963,0.4416957403506101,-0.6691520947686558,-1.0
2021-03-04,0.7917744981133107,0.43757959148261083,-0.6853990384209007,-1.0
2021-03-05,0.7575911435962464,0.40130952674633236,-0.6840041265573028,-1.0
2021-03-08,0.7101844351751654,0.38127102507282284,-0.7512634468578574,-1.0
2021-03-09,0.7100988129653936,0.36892850857436055,-0.783158661797656,-1.0
2021-03-10,0.68676960295299,0.3624848277404427,-0.6978050384974208,-1.0
2021-03-11,0.6813715351266091,0.36248546282548205,-0.6961730818267688,-1.0
2021-03-12,0.667749346795695,0.35529434377739977,-0.6996856478694902,-1.0
2021-03-15,0.6680762408526817,0.35595442268960154,-0.7038459298038519,-1.0
2021-03-16,0.6660085236473228,0.35918027459013196,-0.6939381529271471,-1.0
2021-03-17,0.6658338788766363,0.3560683226731163,-0.7114663626305853,-1.0
2021-03-18,0.6651698421446286,0.35949486187031354,-0.7396121671388267,-1.0
2021-03-19,0.6413956851786838,0.2858395212439386,-0.7374335361842697,-1.0
2021-03-22,0.6416288838459111,0.28564200357770847,-0.731458230111201,-1.0
2021-03-23,0.6473933225305853,0.30045682737491425,-0.8006942493760043,-1.0
2021-03-24,0.6394674045189178,0.2649325561050223,-0.7941577027381479,-1.0
2021-03-25,0.6524201139441129,0.2433847425389656,-0.7856721545324071,-1.0
2021-03-26,0.7350609868261139,0.23395807882981404,-0.8089117262917153,-1.0
2021-03-29,0.705319548306879,0.22895351824622195,-1.0,-1.0
2021-03-30,0.7926402249231378,0.22966802945334772,-0.9585503471693126,-1.0
2021-03-31,0.8074043396964219,0.22936058434884984,-0.8910676984379302,-1.0
2021-04-01,0.8584852140777645,0.23004320715547621,-0.8226979051052729,-1.0
2021-04-05,0.9165176387231516,0.23133602482635623,-0.8315280328806021,-1.0
2021-04-06,0.9685744274234938,0.22986284695349432,-0.8326062020571132,-1.0
2021-04-07,0.9896103567016332,0.22909588426075392,-0.8673109642950596,-1.0
2021-04-08,1.0,0.22930035466102755,-1.0,-1.0
2021-04-09,1.0,0.22981117521322872,-1.0,-1.0
2021-04-12,1.0,0.23427911269037408,-0.9801281950591961,-1.0
2021-04-13,1.0,0.2336298685676065,-0.959818074275695,-1.0
2021-04-14,1.0,0.23284082346769863,-0.9438574179519548,-1.0
2021-04-15,1.0,0.21966221389175614,-0.9273657901395589,-1.0
2021-04-16,1.0,0.21955829368874463,-0.8432169231862376,-1.0
2021-04-19,1.0,0.24864860737381242,-0.8334154437681491,-1.0
2021-04-20,1.0,0.25169843261354324,-0.827248745898775,-1.0
2021-04-21,1.0,0.24983767114321062,-0.8266155992216366,-1.0
2021-04-22,1.0,0.27957603276757825,-0.8355627057470408,-1.0
2021-04-23,1.0,0.3174412443024637,-0.8224084427583233,-1.0
2021-04-26,1.0,0.34794109050786587,-0.8279172840396631,-1.0
2021-04-27,1.0,0.37921754944840214,-0.8298258221579248,-1.0
2021-04-28,1.0,0.37528753951451715,-0.8759994536115658,-1.0
2021-04-29,1.0,0.37964027131776507,-0.9914150880721893,-1.0
2021-04-30,1.0,0.3927654945642763,-1.0,-1.0
2021-05-03,1.0,0.4097835293733351,-1.0,-1.0
2021-05-04,1.0,0.5022458463704991,-1.0,-1.0
2021-05-05,1.0,0.49460531421592335,-1.0,-1.0
2021-05-06,1.0,0.493060130983374,-1.0,-1.0
2021-05-07,1.0,0.4785445170060966,-0.933435852715588,-1.0
2021-05-10,1.0,0.4824845914643652,-0.9529114790498863,-1.0
2021-05-11,1.0,0.4818165565810155,-0.9903680082358448,-1.0
2021-05-12,1.0,0.48243637273656753,-0.9995908660698645,-1.0
2021-05-13,0.9172663926920595,0.6313139939658877,-0.9933151738489067,-1.0
2021-05-14,0.9086172970041178,0.5266928251425773,-1.0,-1.0
2021-05-17,0.8426998584054163,0.49756068490928196,1.0,-1.0
2021-05-18,0.8473063477337243,0.4905673747321877,1.0,-1.0
2021-05-19,0.8417092260373962,0.49561803274968963,1.0,-1.0
2021-05-20,0.864932236091279,0.4570985547301185,1.0,-1.0
2021-05-21,0.8554857313086001,0.43832453032940855,1.0,-1.0
2021-05-24,0.8873702274274707,0.4226711433746392,1.0,-1.0
2021-05-25,0.8586839373469326,0.3854842506962712,1.0,-1.0
2021-05-26,0.8574519231579817,0.39001991026716537,1.0,-1.0
2021-05-27,0.8569266557469363,0.3940139708118743,1.0,-1.0
2021-05-28,0.8679807782853473,0.3995082742540944,1.0,-1.0
2021-06-01,0.882543985036415,0.41346430931942424,1.0,-1.0
2021-06-02,0.8838446191302765,0.4071938824316045,1.0,-1.0
2021-06-03,0.8982266260070618,0.40916386669167354,1.0,-1.0
2021-06-04,0.8930075674062621,0.40928060635096775,0.9870348304204479,-1.0
2021-06-07,0.8900187616081258,0.41611161494477245,1.0,-1.0
2021-06-08,0.90597184949969,0.4134734813798553,1.0,-1.0
2021-06-09,0.9415808672113024,0.4117813979174383,1.0,-1.0
2021-06-10,0.9749015426710451,0.41108305771974923,1.0,-1.0
2021-06-11,1.0,0.4134106856260232,1.0,-1.0
2021-06-14,1.0,0.46781962464666454,1.0,-1.0
2021-06-15,1.0,0.4844703119292853,1.0,-1.0
2021-06-16,1.0,0.4803114662713183,1.0,-1.0
2021-06-17,1.0,0.49302007963258265,1.0,-1.0
2021-06-18,1.0,0.55610426695545,0.6493725176160148,-1.0
2021-06-21,1.0,0.6216284751208061,0.6506048937369739,-1.0
2021-06-22,1.0,0.6079222074296052,0.6373655423193302,-1.0
2021-06-23,1.0,0.7142207017786302,0.6428288197376252,-1.0
2021-06-24,1.0,0.7141762053924341,0.6502123968463689,-1.0
2021-06-25,1.0,0.7149069821133225,0.6530770336036857,-1.0
2021-06-28,1.0,0.7140440133989381,0.6513168129658155,-1.0
2021-06-29,1.0,0.6774411585249444,0.6540210803382857,-1.0
2021-06-30,1.0,0.7176386542715615,0.651417708330191,-1.0
2021-07-01,1.0,0.7440374745729045,0.6477692748418665,-1.0
2021-07-02,1.0,0.6832808729317142,0.6753985431443134,-1.0
2021-07-06,1.0,0.6876018729323585,0.6918714794803286,-1.0
2021-07-07,1.0,0.6093059359006817,0.6865520378426088,-1.0
2021-07-08,1.0,0.5867434937387784,0.6796776705774282,-1.0
2021-07-09,1.0,0.5815169378844693,0.6806217895485721,1.0
2021-07-12,1.0,0.5513654895719169,0.6728039604345065,1.0
2021-07-13,1.0,0.5484286923361952,0.6790665488431015,1.0
2021-07-14,1.0,0.5375929907572357,0.6812014379613579,1.0
2021-07-15,1.0,0.4973406212195999,0.6716070612006165,1.0
2021-07-16,1.0,0.4760949165301417,-0.6719925976663877,1.0
2021-07-19,1.0,0.48781738742116393,1.0,1.0
2021-07-20,1.0,0.33594161534043676,1.0,1.0
2021-07-21,1.0,0.34762789712400133,1.0,1.0
2021-07-22,1.0,0.3150966038670966,1.0,1.0
2021-07-23,1.0,0.3075404645900989,1.0,1.0
2021-07-26,1.0,0.30760317170714,1.0,1.0
2021-07-27,1.0,0.3091544080303347,1.0,1.0
2021-07-28,1.0,0.3118196245558732,1.0,1.0
2021-07-29,1.0,0.3103437411139786,1.0,1.0
2021-07-30,1.0,0.30724624126454486,1.0,1.0
2021-08-02,1.0,0.314564063909535,1.0,1.0
2021-08-03,1.0,0.2991648763481641,1.0,1.0
2021-08-04,1.0,0.3041498058480127,1.0,1.0
2021-08-05,1.0,0.2943518049671081,1.0,1.0
2021-08-06,1.0,0.29321351202389273,1.0,1.0
2021-08-09,1.0,0.2997586623321384,0.9685611396226711,1.0
2021-08-10,1.0,0.2943431277553744,0.8511254294182763,1.0
2021-08-11,1.0,0.287740002270717,-0.8485605547811595,1.0
2021-08-12,1.0,0.29098404538068523,-0.8214645495251156,1.0
2021-08-13,1.0,0.2946641291701141,-0.8256688957168724,1.0
2021-08-16,1.0,0.2941923418902192,-0.7723699899240585,1.0
2021-08-17,1.0,0.37977397775968813,-0.7626954184002465,1.0
2021-08-18,1.0,0.38237979812309925,-0.7633070657669649,1.0
2021-08-19,1.0,0.4346005674487214,-0.7658161935366619,1.0
2021-08-20,1.0,0.44419217241682185,-0.7664173948761925,1.0
2021-08-23,1.0,0.4385776229961788,-0.76660130169823,1.0
2021-08-24,1.0,0.34853913973608125,-0.7372525440960283,1.0
2021-08-25,1.0,0.33053280750845476,-0.7370388564923793,1.0
2021-08-26,1.0,0.3297406250374952,-0.7213510973565348,1.0
2021-08-27,1.0,-0.3346584526206805,-0.781512516880474,1.0
2021-08-30,1.0,-0.3271051276339318,-0.760882996860895,1.0
2021-08-31,1.0,-0.34496970714831854,-0.7593462206332356,1.0
2021-09-01,1.0,-0.3448320123615087,-0.7609287216084103,1.0
2021-09-02,1.0,-0.3672950099778031,-0.760652215141857,1.0
2021-09-03,1.0,-0.36267632158471763,-0.7612608264311737,1.0
2021-09-07,1.0,-0.3635253630530481,-0.897765250856187,1.0
2021-09-08,1.0,-0.3755136574798963,-0.9221213046940983,1.0
2021-09-09,1.0,-0.3880352155486793,-0.9146581723735472,1.0
2021-09-10,1.0,-0.38570642837065056,-0.9555890490726007,1.0
2021-09-13,1.0,-0.3730220356998723,-0.945381267025546,1.0
2021-09-14,1.0,-0.3735854628025459,-1.0,1.0
2021-09-15,1.0,-0.3818987960792564,-1.0,1.0
2021-09-16,1.0,-0.36949938415969635,-1.0,1.0
2021-09-17,1.0,-0.38000836730822823,-0.8540827277540121,1.0
2021-09-20,1.0,-0.40269501950456443,-0.8527841165753858,1.0
2021-09-21,1.0,0.39972447303910674,-0.8372400377782697,1.0
2021-09-22,1.0,0.4868670243839904,-0.8629759472855034,1.0
2021-09-23,1.0,0.49943491630419923,-0.8638238829646014,1.0
2021-09-24,0.9538510979280391,0.49656555001461206,-0.8217013704124252,1.0
2021-09-27,0.9637732225993094,0.5132124780566225,-0.8232012215652224,1.0
2021-09-28,0.996472820916968,0.5126978104338722,-0.884442599832464,1.0
2021-09-29,0.8815088522341817,0.5103960428955083,-0.8745653151533962,1.0
2021-09-30,0.8783299270610809,0.5165968771989708,-0.873577302149635,-1.0
2021-10-01,0.8528547048542664,0.5170197299676463,-0.7619974259799606,-1.0
2021-10-04,0.8172255057881714,0.5301251349192335,-0.7610066554743127,-1.0
2021-10-05,0.7968569880767612,0.523833726738173,-0.7906953475092412,-1.0
2021-10-06,0.7653535969779469,0.5436754121511009,-0.8675193997408179,-1.0
2021-10-07,0.7572200664391603,0.50610047848017,-0.8680936711620659,-1.0
2021-10-08,0.7416834151908192,0.5377993465000639,-0.8743588184394941,-1.0
2021-10-11,0.749499196032623,0.5537474278712702,-0.8776623236207798,-1.0
2021-10-12,0.7449249323646566,0.5500271224873291,-0.8792316260289735,-1.0
2021-10-13,0.7480107072526735,0.5512116727644174,-0.8967331194534005,-1.0
2021-10-14,0.7616069813113191,0.5943701541358715,-0.7941677774117303,-1.0
2021-10-15,0.7063745356339463,0.5945234077505045,-0.9233519373459466,-1.0
2021-10-18,0.6978461336839585,0.6133713576135502,-0.8386176755358116,-1.0
2021-10-19,0.8356447620165461,0.7340358104436746,-0.8498648644596575,-1.0
2021-10-20,0.8291991875842839,0.7366479110147782,-0.8656932632186338,-1.0
2021-10-21,0.8429643036895949,0.7826192098487058,-0.8477547319247147,-1.0
2021-10-22,0.8751251552756335,0.6996311922455319,-0.9346192475018525,-1.0
2021-10-25,0.8737230840094917,0.6888587790731104,-0.918186436827782,-1.0
2021-10-26,0.875070825568799,0.7136932413827125,-0.9123172819082651,-1.0
2021-10-27,1.0,0.7192725580742193,-0.9170211886489247,-1.0
2021-10-28,1.0,0.6260798482026545,-0.9536410354226224,-1.0
2021-10-29,1.0,0.6255652354019763,-1.0,-1.0
2021-11-01,1.0,0.6280163928064986,-1.0,-1.0
2021-11-02,1.0,0.6682997250055634,-1.0,-1.0
2021-11-03,1.0,0.6886497653097999,-1.0,-1.0
2021-11-04,1.0,0.5744504093084992,-0.9405020623617446,-1.0
2021-11-05,1.0,0.5293848771740715,-0.8595315029229306,-1.0
2021-11-08,1.0,0.48585725615961034,0.825283059987749,-1.0
2021-11-09,1.0,0.4928384629699517,0.8230716953973269,-1.0
2021-11-10,1.0,0.4620192337577872,0.8230036361383749,-1.0
2021-11-11,1.0,0.4175436333447812,0.9002308039854702,-1.0
2021-11-12,1.0,0.4207442673917309,0.8860010156206835,-1.0
2021-11-15,1.0,0.4225566803335809,1.0,-1.0
2021-11-16,1.0,0.4226829990487745,1.0,-1.0
2021-11-17,1.0,0.42444467368260813,0.9810450955638398,-1.0
2021-11-18,1.0,0.40616838679205586,0.9783137250661893,-1.0
2021-11-19,1.0,0.4082314732404762,0.9650939324915798,-1.0
2021-11-22,1.0,0.386811558428798,0.9597958910303785,-1.0
2021-11-23,1.0,0.3831240005632403,0.785725701602274,-1.0
2021-11-24,1.0,0.3713624938133387,0.765295855928188,-1.0
2021-11-26,1.0,0.3810962018294506,0.7672046382993238,-1.0
2021-11-29,1.0,0.22098101011311097,0.7681568518342851,-1.0
2021-11-30,1.0,0.2168006197518535,0.7888939128746395,-1.0
2021-12-01,0.9672140036485825,0.20953871861852846,0.7950693079429958,-1.0
2021-12-02,0.9235350218085424,0.2099007531827307,0.7921459506400159,-1.0
2021-12-03,0.8610995885278183,0.2102186339778375,0.8052636290180135,-1.0
2021-12-06,0.8553261262503052,0.21128374025295962,0.8374698391196723,-1.0
2021-12-07,0.8193404188380204,0.20472890211634545,0.889293594601623,-1.0
2021-12-08,0.7288096657902763,0.19877935998559731,0.9004582882377288,-1.0
2021-12-09,0.7294552288321637,0.20230367901303503,0.9020004267317037,-1.0
2021-12-10,0.73188309025563,-0.2043357863800329,0.9405662248654514,-1.0
2021-12-13,0.7187532700079989,-0.20366050597927446,0.9651791402718183,-1.0
2021-12-14,0.7131339060947951,-0.2037248351777727,0.9673168937696183,-1.0
2021-12-15,0.706381756073828,-0.20388180318538082,0.9517718635280012,-1.0
2021-12-16,0.6729136871391967,-0.20372485246736657,0.9570252673603243,-1.0
2021-12-17,0.6636292814929343,-0.20361046471323746,-0.8474150630320239,-1.0
2021-12-20,0.6598780989526531,-0.2030959451458476,-0.8409732962858337,-1.0
2021-12-21,0.6305929908151658,-0.20302866879713616,-0.8402966753232058,-1.0
2021-12-22,0.5951568793013193,-0.1961368310314246,-1.0,-1.0
2021-12-23,0.5866903045364436,-0.1960925993772511,-1.0,-1.0
2021-12-27,0.583710752818302,-0.19517559100847606,-1.0,-1.0
2021-12-28,0.6186216382509208,-0.29635893808836083,-1.0,-1.0
2021-12-29,0.6291606243759057,-0.3017289266739078,-1.0,-1.0
2021-12-30,0.6785435699935949,-0.3569634087855995,-1.0,-1.0
2021-12-31,0.7087203645175902,-0.3628349419204033,1.0,-1.0
2022-01-03,0.7293142215035527,-0.34571255307495496,1.0,-1.0
2022-01-04,0.7475247346536865,-0.3472651137627276,1.0,-1.0
2022-01-05,0.761797176181283,-0.3851683565385326,1.0,-1.0
2022-01-06,0.7561987712004953,-0.41264372637577307,1.0,-1.0
2022-01-07,0.7576335429039888,-0.40478281793369564,0.8772627870595576,-1.0
2022-01-10,0.763131057499551,-0.41901328896651047,0.8805161954905337,-1.0
2022-01-11,0.7816549823571025,-0.41411283592009324,0.8855921464119184,-1.0
2022-01-12,0.7807448708948711,-0.3876359131694455,0.8541050951837087,-1.0
2022-01-13,0.7919602811421435,0.3909725201349882,0.8802441054892838,-1.0
2022-01-14,0.8029189207781499,0.38673926067908987,0.8839436644958397,-1.0
2022-01-18,0.8188385819834181,0.3871514043674679,0.9984100245692316,-1.0
2022-01-19,0.7616607962466609,0.40803150626765083,1.0,-1.0
2022-01-20,0.7969373016268186,0.4982480789065682,0.9163121854030201,-1.0
2022-01-21,0.8636036356486932,0.5500249590676008,0.9227328700451444,-1.0
2022-01-24,0.8315846935050709,0.507187370201591,0.9202017213529792,-1.0
2022-01-25,0.8449053940966169,0.46830765162135274,0.9199690305511371,-1.0
2022-01-26,0.9227345762996133,0.4625179418298502,0.9144215615857451,-1.0
2022-01-27,0.9249875673937361,0.45469174974156285,0.8610223126832196,-1.0
2022-01-28,0.9383651074948076,0.44550454676928375,0.7677582687328842,-1.0
2022-01-31,0.7330884038736809,0.4449550814874249,0.768692012937988,-1.0
2022-02-01,0.6643309336796773,0.48174829960349735,0.7764760475318461,-1.0
2022-02-02,-0.6619371593558034,0.47987656380533544,0.8242523330165948,-1.0
2022-02-03,-0.6457033344625713,0.47885545020764464,0.8346044039806594,-1.0
2022-02-04,-0.626417792023357,0.4683905914058876,0.8419206312482429,-1.0
2022-02-07,-0.6206463020647862,0.46598884520750317,0.9640287767299707,-1.0
2022-02-08,-0.620842668543149,0.4607243765700761,0.9506904041279576,-1.0
2022-02-09,-0.6106680224197525,0.4379719693850573,0.9482587291162474,-1.0
2022-02-10,-0.5971748962209353,0.48180088752307726,0.9860486967817194,-1.0
2022-02-11,-0.5768033478718898,0.48973811617286284,0.9940694729493337,-1.0
2022-02-14,-0.5631707228243342,0.45355048318426483,0.9981177592352369,-1.0
2022-02-15,-0.563957714978061,0.447425312776093,0.9290074309194145,-1.0
2022-02-16,-0.5587413886530985,0.3989426189771415,0.9096119511831652,-1.0
2022-02-17,-0.565401975754504,0.39942969743185197,0.9848182779806018,-1.0
2022-02-18,-0.541636612896936,0.38506067565846547,0.9018614227936267,-1.0
2022-02-22,-0.5630743101475835,0.39643753500598006,0.9178667676382216,-1.0
2022-02-23,-0.557668416481528,0.41327051152181477,0.9207208929549695,-1.0
2022-02-24,-0.545889682841334,0.4286609509270483,0.9271835023111796,-1.0
2022-02-25,-0.5292686984140431,0.43825368494922257,0.9914600162710915,-1.0
2022-02-28,-0.5014713152716526,0.4335539122832022,0.990501646348082,-1.0
2022-03-01,-0.5369917437180239,0.38365117643608687,1.0,-1.0
2022-03-02,-0.5516950384658774,0.2952349308037787,0.8777665820416541,-1.0
2022-03-03,-0.5292821515144145,0.2627183708930763,0.8201130830256644,-1.0
2022-03-04,-0.537076751649676,0.2529411691792189,0.8174661055789589,-1.0
2022-03-07,-0.5698366849653242,0.22965404639238404,0.796654601116346,-1.0
2022-03-08,-0.5210640900082969,0.2282355230182603,0.7769628452865026,-1.0
2022-03-09,-0.5202140615854599,0.22921823524612617,0.7200704434023533,-1.0
2022-03-10,-0.482326447784828,0.17194611035411247,0.597734297045242,-1.0
2022-03-11,-0.4980292848291276,0.1694139333983218,0.5974341257888601,-1.0
2022-03-14,-0.5038418906253096,0.16860132756384635,0.5858959485833498,-1.0
2022-03-15,-0.5189903453616881,0.16142310214130778,0.5665956710907774,-1.0
2022-03-16,-0.4880549545393415,0.15431904269487204,0.552496807577065,-1.0
2022-03-17,-0.4750623941588971,0.1561937645432068,0.5470830428704593,-1.0
2022-03-18,-0.4677449397003939,0.1469301538984739,0.5321712186085618,-1.0
2022-03-21,-0.48959500936321493,0.1478431266569477,0.5422713805005094,-1.0
2022-03-22,-0.4889311836810099,0.14324160875265596,0.5425090568451686,-1.0
2022-03-23,-0.4911523271815046,0.1429755262309493,0.5416643644071212,-1.0
2022-03-24,-0.5015236132551055,0.14289199931273738,0.5377237819811406,-1.0
2022-03-25,-0.5016158811655002,0.14143144738888033,0.5317829004489795,-1.0
2022-03-28,-0.5250046947581061,0.1421968390498267,0.5627552614726159,-1.0
2022-03-29,-0.5250054319830058,0.13628203756704038,0.5590382364585202,-1.0
2022-03-30,-0.5397317454162923,0.14265128103223973,0.5829633009939068,-1.0
2022-03-31,-0.5493398693524454,0.14743916814949337,0.5820583177278214,-1.0
2022-04-01,-0.5343061919557193,0.14200604754188065,0.5807184981474984,-1.0
2022-04-04,-0.5405576665739081,0.15039448089744104,0.5835890659071963,-1.0
2022-04-05,-0.6350115601472891,0.14936555356252068,0.6029616242372382,-1.0
2022-04-06,-0.6184024520521679,0.15210758617166292,0.6762100104186555,-1.0
2022-04-07,-0.6551720722074172,0.1717891488682661,0.773583176086554,-1.0
2022-04-08,-0.6604158987945514,0.17267994781711216,0.7670137055631172,-1.0
2022-04-11,-0.6909051123993315,0.17382267039790303,0.7695520316122527,-1.0
2022-04-12,-0.6530285795391528,0.17755136602434018,0.7938365266817885,-1.0
2022-04-13,-0.6990345998122158,0.17640452556487207,0.8100889985806184,-1.0
2022-04-14,-0.7585248324384265,0.17481966306937496,0.8445671697785446,-1.0
2022-04-18,-0.7533107315651415,0.19028930295450705,0.9131500791925535,-1.0
2022-04-19,-0.7533104861011785,0.19063673018096008,0.9279396896521495,-1.0
2022-04-20,-0.7219144190045391,0.19853695508614766,0.8599043515783203,-1.0
2022-04-21,-0.7469126771476432,0.19843621152915553,0.864816694676775,-1.0
2022-04-22,-0.7383261880391782,0.20138945439393816,0.8766042131234537,-1.0
2022-04-25,-0.6722003589392888,0.202046043790623,0.9161455196307552,-1.0
2022-04-26,-0.6707454012681475,0.20029798242228977,0.8215144848241348,-1.0
2022-04-27,-0.6121863139717448,0.21186842340583548,0.822792564043967,-1.0
2022-04-28,-0.6389095662632449,0.21278035401659695,0.8554164668683811,-1.0
2022-04-29,-0.5610895084655241,0.21324217611906762,0.8970621445216801,-1.0
2022-05-02,-0.49963528740050683,0.23817088174163986,0.8789979424828037,-1.0
2022-05-03,-0.4962438646200143,0.23917665299555413,0.7888889081559046,-1.0
2022-05-04,-0.5010679188510209,0.2435630801667937,0.7928031813156987,-1.0
2022-05-05,-0.4515466283605585,0.2297047984595384,0.7934348826745273,-1.0
2022-05-06,-0.41597242358453423,0.2524401061425918,0.788215387501647,-1.0
2022-05-09,-0.4181771791515754,0.25262514741379277,0.8013852551700065,-1.0
2022-05-10,-0.396596146058309,0.22832981312500264,0.7821186522337347,-1.0
2022-05-11,-0.39863737676621086,0.23173819198523196,0.7755407439714538,-1.0
2022-05-12,-0.39501451787540964,0.23665406168056838,0.8197884892046566,-1.0
2022-05-13,-0.40224009928254056,0.2436781126029937,0.8016751791209994,-1.0
2022-05-16,-0.3820454458467435,0.2377980292103855,0.7966887902398443,-1.0
2022-05-17,-0.3824470954583289,0.23282932771110157,-0.8078134684980364,-1.0
2022-05-18,-0.3787018468924692,0.24988296308673935,-0.819807062946599,-1.0
2022-05-19,-0.3535796666832297,0.2442328970665771,-0.8193321806993666,-1.0
2022-05-20,-0.35504064816501196,0.24198605287184427,-0.7572381766330457,-1.0
2022-05-23,-0.3653193720732805,0.2448280770460831,-0.7598395462700694,-1.0
2022-05-24,-0.35693263003021614,0.2489319791049171,-0.8232190358327841,-1.0
2022-05-25,-0.3699411170370188,0.25325584565752873,-0.804496399592705,-1.0
2022-05-26,-0.36746781934956313,0.2532612510785826,-0.7972165167180033,-1.0
2022-05-27,-0.3727603541861153,0.25271021195694837,-0.7979970202680635,-1.0
2022-05-31,-0.38707268858086236,0.25349340675986265,-0.830322175935449,-1.0
2022-06-01,-0.38687035870002806,0.2529864024458189,-1.0,-1.0
2022-06-02,-0.3860362705813401,0.26047122270457224,-1.0,-1.0
2022-06-03,-0.40178152592467026,0.27904870646729735,-0.9566638469024125,-1.0
2022-06-06,-0.43201060257350665,0.27760611767901683,-0.9195133209053395,-1.0
2022-06-07,-0.4327523182748169,0.2778577626507065,-0.9252296522155642,-1.0
2022-06-08,-0.47511069204862816,0.33233669087949413,-0.9701722317064568,-1.0
2022-06-09,-0.4677661468624884,0.35983331876976715,-1.0,-1.0
2022-06-10,-0.454570304436399,0.42176312077806183,-1.0,-1.0
2022-06-13,-0.4221953216732789,0.4159219762237826,-1.0,-1.0
2022-06-14,-0.40140865828771743,0.4616795477672533,-0.8873315938950039,-1.0
2022-06-15,-0.4014102080831643,0.48547004683445694,-0.8587559655142292,-1.0
2022-06-16,-0.40844674086027294,0.45257847271777396,-0.8577529466676728,-1.0
2022-06-17,-0.42425321450675707,0.47253260964952776,-0.7929871029405687,-1.0
2022-06-21,-0.4245076223106522,0.3475881518638102,-0.8277950099466088,-1.0
2022-06-22,-0.39643025604325427,0.3472588314174428,-0.8278048745112494,-1.0
2022-06-23,-0.40846375345268027,0.33163335958803686,-0.8308555845864223,-1.0
2022-06-24,-0.40526430029999805,0.3276797984935091,-0.8529560151091452,-1.0
2022-06-27,-0.38128310753463956,0.31203936765166984,-0.8774143949581946,-1.0
2022-06-28,-0.39235100204750967,0.3243783113716964,-0.8760645157058723,-1.0
2022-06-29,-0.4051014144307604,0.3191480419063199,-0.8781933085601891,-1.0
2022-06-30,-0.4050084722774544,0.315537139747376,-0.8820767684329028,-1.0
2022-07-01,-0.4048821415537059,0.30178634236189633,-0.8767696324662866,-1.0
2022-07-05,-0.41435778560709013,0.295659471748297,-0.940314156613283,-1.0
2022-07-06,-0.41844113759530316,0.24928277841290056,-0.8581227044446559,-1.0
2022-07-07,-0.41825504161940497,0.24947342399318323,-0.8169134453093887,-1.0
2022-07-08,-0.41306189099783874,0.23514514735154243,-0.8250844112586737,-1.0
2022-07-11,-0.4149670601656839,0.23597509827157687,-0.827126470178235,-1.0
2022-07-12,-0.4274058449571144,0.23600235048964663,-0.8255585652466729,-1.0
2022-07-13,-0.4544851695989807,0.21190073212983784,-0.8963875975657872,-1.0
2022-07-14,-0.5274350993449868,0.2115884802764664,-1.0,-1.0
2022-07-15,-0.5278130596321197,-0.21164205483529655,-0.9480086376627131,-1.0
2022-07-18,-0.5183649881726241,-0.2103819349667321,-0.9616975335135659,-1.0
2022-07-19,-0.5959203747301851,-0.20025608290027358,-1.0,-1.0
2022-07-20,-0.5498861060209028,-0.21488195630488868,-1.0,-1.0
2022-07-21,-0.6020320213941528,-0.21442206867661845,-1.0,-1.0
2022-07-22,-0.599195615423955,-0.2078972130345124,-1.0,-1.0
2022-07-25,-0.5911882539243978,-0.20799838140703958,-1.0,-1.0
2022-07-26,-0.6874430346089183,-0.21074101036883505,-1.0,-1.0
2022-07-27,-0.6686910402604017,-0.2124495259893918,-1.0,-1.0
2022-07-28,-0.6522548871142553,-0.2114996562069813,-0.9976196871144694,-1.0
2022-07-29,-0.644042241152798,-0.21203783472396082,-0.8547758167635817,-1.0
2022-08-01,-0.6474915754956961,-0.21332352922917827,-0.8389855108102339,-1.0
2022-08-02,-0.6453675909973275,-0.20928554994881288,-0.8349376260770774,-1.0
2022-08-03,-0.6341636390745483,-0.23845453895641675,-0.9653271689769662,-1.0
2022-08-04,-0.6196029872436979,-0.2309960564361417,-1.0,-1.0
2022-08-05,-0.6308694395315211,-0.24237937987315347,-0.9359552760979788,-1.0
2022-08-08,-0.6305272732025035,-0.24613119541376013,-0.9024829959808848,-1.0
2022-08-09,-0.6533911725504048,-0.2416258375836072,-0.906340501476069,1.0
2022-08-10,-0.6645026507930932,-0.28595141183892686,-0.9155947231130587,1.0
2022-08-11,-0.6434136148544871,-0.28317103787926395,-0.9218538009861288,1.0
2022-08-12,-0.6480045228490549,-0.2761674549780242,-1.0,1.0
2022-08-15,-0.6540976264387218,-0.2753608999535588,-1.0,1.0
2022-08-16,-0.6776210375069102,-0.30170154293785845,-1.0,1.0
2022-08-17,0.7524198006012559,-0.30115832725796676,-0.9854407529405784,1.0
2022-08-18,0.7300400969294423,-0.2945285014720615,-0.9774404556324942,1.0
2022-08-19,0.7360902140648786,-0.31644292121381995,-0.98568766505061,1.0
2022-08-22,0.7178980397583368,-0.31911588240331207,-0.9973850332823574,1.0
2022-08-23,0.639451135398322,-0.3271823852252467,-0.9796743508288589,1.0
2022-08-24,0.6606173533280207,-0.30766387058858335,-0.96243010672366,1.0
2022-08-25,0.7455404111892621,-0.3134402943810549,-0.9623977120784393,1.0
2022-08-26,0.7377545028893397,-0.3068485321943636,-1.0,1.0
2022-08-29,0.6116806577177039,-0.3141902065604049,-1.0,1.0
2022-08-30,0.608550017706872,-0.3202817672387702,-1.0,-1.0
2022-08-31,0.6021624840702391,-0.2834861866347397,-1.0,-1.0
2022-09-01,0.6282252985427164,-0.29447427903675694,-1.0,-1.0
2022-09-02,0.6252943132474864,-0.2888187009771443,-1.0,-1.0
2022-09-06,0.6174418825346885,-0.28906063782490726,-1.0,-1.0
2022-09-07,0.6176110357555721,-0.2938223608960528,-1.0,-1.0
2022-09-08,0.5803560462970173,-0.2662866821930176,-1.0,-1.0
2022-09-09,0.6228840201094387,-0.26493555819218373,-1.0,-1.0
2022-09-12,0.5933666397075621,-0.2576869711972042,-1.0,-1.0
2022-09-13,0.6119776246767017,-0.25948680396098495,-1.0,-1.0
2022-09-14,0.49617061983228405,-0.2654422995524887,-1.0,-1.0
2022-09-15,0.49464440472362786,-0.2730476559475682,-1.0,-1.0
2022-09-16,0.49236110067195366,-0.2634590114951969,-0.9935559512320008,-1.0
2022-09-19,0.4943984608726231,-0.2704790385995102,-0.9766946322765496,-1.0
2022-09-20,0.48457812956892926,-0.26990755471642136,-0.9780016174482362,-1.0
2022-09-21,-0.4978746963302287,-0.2687164920674888,-0.9895978401008562,-1.0
2022-09-22,-0.4882604906065963,-0.28427134418427735,-1.0,-1.0
2022-09-23,-0.489779496854073,-0.2860249091894572,-1.0,-1.0
2022-09-26,-0.5029575678541509,-0.2660418964729899,-0.9697980706159718,-1.0
2022-09-27,-0.5520948687316153,-0.26523308260230605,-0.9616630136956517,-1.0
2022-09-28,-0.5520168254420587,-0.27960503284588967,-0.9554425645273777,-1.0
2022-09-29,-0.518683191981964,-0.2736030503566229,-0.8046909869060138,-1.0
2022-09-30,-0.5023056479419193,-0.27618260073831347,-0.8089653586818647,-1.0
2022-10-03,-0.499644026798046,-0.28113443100935415,-0.8217504752178804,-1.0
2022-10-04,-0.462826109948849,-0.25608358753549987,-0.7590584791367022,-1.0
2022-10-05,-0.4224891433407703,-0.24746190350742664,-0.7165183375963736,-1.0
2022-10-06,-0.4356144377750484,-0.2729101426856713,-0.7224424397314048,-1.0
2022-10-07,-0.436720733646004,-0.27504373457868425,-0.7255202598203118,-1.0
2022-10-10,-0.43076171716982453,-0.2691220198583681,-0.722694033139721,-1.0
2022-10-11,-0.4402785640288657,-0.266599318517458,-0.6809268943823906,-1.0
2022-10-12,-0.5084763951788912,-0.2632854120378712,-0.6926212986385053,-1.0
2022-10-13,-0.5126582135788823,-0.2600714712957135,-0.6925983262866221,-1.0
2022-10-14,-0.47020090771034895,-0.2694759662654335,-0.745552320896826,-1.0
2022-10-17,-0.45434563605879014,-0.2561686294211687,-0.7025771138676933,-1.0
2022-10-18,-0.43170749380208434,-0.25647024476770663,-0.6893866619820441,-1.0
2022-10-19,-0.4277243831752987,-0.2512643967123282,-0.6882932414488528,-1.0
2022-10-20,-0.43541439266751636,-0.24660334738240836,-0.6691397835982695,-1.0
2022-10-21,-0.4356173103422435,-0.24668445860136007,-0.6709179720760201,-1.0
2022-10-24,-0.42466802170373674,-0.27263148753980554,-0.6782066596940273,-1.0
2022-10-25,-0.4257352646233634,-0.2802683395515036,-0.705673687608099,-1.0
2022-10-26,-0.4204753801791738,-0.28345485555133093,-0.7054991577515413,-1.0
2022-10-27,-0.4270197290673324,-0.29517752471162517,-0.7701231680876428,-1.0
2022-10-28,-0.44372190118388816,-0.2970017129835377,-0.7695540842367171,-1.0
2022-10-31,-0.4394530752806058,-0.3013064221738471,-0.7416381888100891,-1.0
2022-11-01,-0.45236509018935,-0.3281302260025327,-0.8202161981471717,-1.0
2022-11-02,-0.4882913825342145,-0.33949007737002296,-0.9005999365408451,-1.0
2022-11-03,-0.45847691958557957,-0.3374000335715444,-0.9026739609211782,-1.0
2022-11-04,-0.4575739839885896,-0.330918852357243,-0.8794911561136617,-1.0
2022-11-07,-0.48657698520254966,-0.3264033372775855,-0.7021531521194915,-1.0
2022-11-08,-0.4889261993251788,-0.32939212480298563,-0.7650786711901013,-1.0
2022-11-09,-0.49402184047014946,-0.3202399092875359,-0.6993161367633364,-1.0
2022-11-10,-0.4684569268335899,-0.31125887113667705,-0.7042172574878942,-1.0
2022-11-11,-0.39439922460529364,-0.31685309771768727,-0.6422692985373212,-1.0
2022-11-14,-0.41562581806494947,-0.3282889082201771,-0.6893794432337231,-1.0
2022-11-15,-0.42409433981816635,-0.30993444891599314,-0.694058961862676,-1.0
2022-11-16,-0.42553515037868817,-0.32301328672230617,-0.7028162888095496,-1.0
2022-11-17,-0.4248621387751287,-0.33400499459623784,-0.7480136104102493,-1.0
2022-11-18,-0.4283441763201496,-0.3054847209049434,-0.7275332610448912,-1.0
2022-11-21,-0.4439711831883299,-0.3029367294668617,-0.7287486044403293,-1.0
2022-11-22,-0.445873242065109,-0.3030009087121363,-0.71146557802447,-1.0
2022-11-23,-0.4486517561747342,-0.30071460738590383,-0.7107668878269732,-1.0
2022-11-25,-0.45202569379404933,-0.3016582332741595,-0.7133837376711419,-1.0
2022-11-28,-0.45451310530374645,-0.30380635038554493,0.7159598237728556,-1.0
2022-11-29,-0.462586044081589,-0.2998049222334885,0.7386350315417671,-1.0
2022-11-30,-0.46512867611543657,-0.2972960794529023,0.7435138788349823,-1.0
2022-12-01,0.43529620389842627,-0.2913835791546518,0.7407513808309177,-1.0
2022-12-02,0.4678149818596636,-0.29539340518881935,0.634243405709835,-1.0
2022-12-05,0.4769204647124769,-0.2969057880339558,0.6573566930608594,-1.0
2022-12-06,0.4606186126452926,-0.32699807026754246,0.6806441672839133,-1.0
2022-12-07,0.45076512111447553,-0.31768693261364644,0.6802601235141238,-1.0
2022-12-08,0.4507340531450538,-0.31838512232647886,0.7270643784421313,-1.0
2022-12-09,0.4721690631514872,-0.32762895338636416,0.7289800097142624,-1.0
2022-12-12,0.6975475539532509,-0.3318312358319924,0.8216081660213501,-1.0
2022-12-13,0.6828957131911575,-0.3300032861277051,0.8097607874420004,-1.0
2022-12-14,0.6866296362624522,-0.3190449974842307,0.7461480568587125,-1.0
2022-12-15,0.6899588682570333,-0.3104528382536123,0.7424806310434575,-1.0
2022-12-16,0.6208491398034445,-0.31049375719486294,0.6939795864269448,-1.0
2022-12-19,0.618155905814799,-0.3296185778759341,0.6955026020766714,-1.0
2022-12-20,0.6188615836539615,-0.3294572267729996,0.7001487522775431,-1.0
2022-12-21,0.6189475338755231,-0.32629641379517194,0.6856069958424771,-1.0
2022-12-22,0.6143352071316147,-0.3168614165404994,0.6853149609832585,-1.0
2022-12-23,0.603789446230752,-0.33567042172647105,0.6456690809792673,-1.0
2022-12-27,0.5989001251828915,-0.3332461977078113,0.6455267914442447,-1.0
2022-12-28,0.6170347680447272,-0.33496479645216054,0.6464760073226082,1.0
2022-12-29,0.6056765118399183,-0.3358730291626118,0.643510159446769,1.0
2022-12-30,0.6850915347721005,-0.35123861711611837,0.6424525005582844,1.0
2023-01-03,0.6861673024962506,-0.3418416917335311,0.784342213881855,1.0
2023-01-04,-0.6862112346902687,-0.3192145943403886,0.7665417500886024,1.0
2023-01-05,-0.7082244000162384,-0.30204816092121833,0.8297969476952417,1.0
2023-01-06,-0.7186059882944658,-0.3144359496739984,0.7970296868794748,1.0
2023-01-09,-0.6435445093482581,-0.3282374896636905,0.766738777165835,1.0
2023-01-10,-0.6506892682029286,-0.32820646107958806,0.765759269660028,1.0
2023-01-11,0.6508141980582997,-0.3292164320676403,0.7660671365965536,1.0
2023-01-12,0.6559813756043295,-0.3290364277084242,0.7966203031645492,1.0
2023-01-13,0.6619223284194596,-0.339947144480487,0.8424368524097021,1.0
2023-01-17,0.6650171116482506,-0.34434498818679693,0.8293296785386446,1.0
2023-01-18,0.7736458387704414,-0.3499027347648008,0.9225915434061016,1.0
2023-01-19,0.7303620212805646,-0.3615864543151277,0.919711251292901,1.0
2023-01-20,0.7277080325079296,-0.3620477124944949,0.9153918457027027,1.0
2023-01-23,0.6822400077165572,-0.3619661088771737,0.9718096450018567,1.0
2023-01-24,0.6909105541414378,-0.37684059776174006,0.9726322615128141,1.0
2023-01-25,0.7324380542213691,-0.3708431750011619,1.0,1.0
2023-01-26,0.7330515940599237,-0.38622272048983225,1.0,1.0
2023-01-27,0.7279973958595671,-0.38381839266355583,1.0,1.0
2023-01-30,0.772203013276512,-0.3781431682596763,1.0,1.0
2023-01-31,0.7637544969022505,-0.3677713916178306,1.0,1.0
2023-02-01,0.743164448882531,-0.3771857721466498,1.0,1.0
2023-02-02,0.7435196331888412,-0.3958622475485991,1.0,1.0
2023-02-03,0.7265432474689745,-0.5083828447956891,1.0,1.0
2023-02-06,0.7332587771845026,-0.45742849681420605,0.854631733212214,1.0
2023-02-07,0.788143233722044,-0.45363506844077645,0.9291715021123355,1.0
2023-02-08,0.7710326992327057,-0.4033406252583879,0.9333954106159551,1.0
2023-02-09,0.7388857096483212,-0.39746139077321135,0.9304835228864957,1.0
2023-02-10,0.7365694703645495,-0.4213441471377049,0.9190651579661839,1.0
2023-02-13,0.737265932048551,-0.4125219995479052,0.9683954290473827,1.0
2023-02-14,0.7206737938528947,-0.42224614606747957,1.0,1.0
2023-02-15,0.722393235604237,-0.417009491668943,1.0,1.0
2023-02-16,0.783181407153122,-0.4182287577645066,1.0,1.0
2023-02-17,0.7494829684099852,-0.42243529222352044,1.0,1.0
2023-02-21,0.8025759472453244,-0.4085088105519113,1.0,1.0
2023-02-22,0.7449186418282034,-0.4099366946612485,1.0,1.0
2023-02-23,0.7446569688190235,-0.3974987451957068,1.0,1.0
2023-02-24,0.7398584976493728,-0.3842428833168074,1.0,1.0
2023-02-27,0.7452000212256662,-0.3831035461826655,1.0,1.0
2023-02-28,0.743925485994721,-0.3870440045980054,1.0,1.0
2023-03-01,0.7692090591092452,-0.3885886146468514,1.0,-1.0
2023-03-02,0.8180742716552609,-0.3909169855234453,1.0,-1.0
2023-03-03,0.8344943401877142,-0.4188236728907891,1.0,-1.0
2023-03-06,0.8178909412289141,-0.4117156514046434,0.9787277299888653,-1.0
2023-03-07,0.837073061119793,-0.45803069929085344,1.0,-1.0
2023-03-08,0.7945296738962236,-0.4051810483870642,1.0,-1.0
2023-03-09,0.842858231762843,-0.45373090448365117,1.0,-1.0
2023-03-10,0.7954608611476476,-0.4621578988800387,1.0,-1.0
2023-03-13,0.7749023814123207,-0.45472302431763995,0.9899180420440417,-1.0
2023-03-14,0.7793927322733764,-0.45574737809537386,0.7882191812172902,-1.0
2023-03-15,0.7468633122137879,-0.3989936380580477,0.7956918666799501,-1.0
2023-03-16,0.7448631813279699,-0.3523138243415241,0.7785965448462338,-1.0
2023-03-17,0.6855723466139537,-0.3462465716542318,0.8062917903045586,-1.0
2023-03-20,0.7067055058136273,-0.34215763360040397,0.7028508597473982,-1.0
2023-03-21,-0.6972897306118273,-0.3423692034332418,0.7056198832392447,-1.0
2023-03-22,-0.7286089374945105,-0.3276201173993796,0.6363062048878867,-1.0
2023-03-23,-0.6881699270389448,-0.32771725927068757,0.6374430413831291,-1.0
2023-03-24,-0.6914875388167475,-0.3336814884111756,0.6082947023624045,-0.9351324235363611
2023-03-27,-0.703226795584611,-0.3375189704523306,0.6066868783059612,-0.9516911657919186
2023-03-28,-0.7041683282957774,-0.2969755139185286,0.5737338486843634,-0.9037951475850204
2023-03-29,-0.7055355870914867,-0.30104600030065937,0.5709353167659215,-0.8975047086067016
2023-03-30,-0.6848214524129649,-0.30245261325291184,0.567239888753737,0.9118866471651538
2023-03-31,-0.6871008352917242,-0.29776063434192546,0.5691324436672366,0.9239365917544633
2023-04-03,-0.6958676985124927,-0.2987044043852232,0.5635929496378637,0.9269731881277835
2023-04-04,-0.6948747194786133,-0.2611927205243584,0.563152430360048,0.9276413440628
2023-04-05,0.7319054304555178,-0.2726362741043635,0.5892305585804672,0.9232900140194189
2023-04-06,0.7284591250234546,-0.27438100979314334,0.5892513401386366,0.9268621107447432
2023-04-10,0.8153194659701493,-0.27653425305725476,0.5824492766725881,0.9261571768723977
2023-04-11,0.8999814546972222,-0.2753787972479123,0.5782003821973684,0.9418094322939092
2023-04-12,0.9043863859892661,-0.279362127180521,0.6301365690471027,1.0
2023-04-13,0.9495657924210241,-0.30757784874096133,0.6334245012122137,1.0
2023-04-14,0.9498957475565855,-0.3597340504142663,0.6237794114878045,1.0
2023-04-17,1.0,-0.35915202731494966,0.5825833942872014,1.0
2023-04-18,1.0,-0.36318016843056977,0.6422578049635527,1.0
2023-04-19,1.0,0.3617706282387086,0.6401424657859566,1.0
2023-04-20,1.0,0.3507644188652179,0.6960700321565294,1.0
2023-04-21,1.0,0.34039110871167344,0.694189603272432,1.0
2023-04-24,1.0,0.3462432718945559,0.7496220487090818,1.0
2023-04-25,1.0,0.35054802178803685,0.7514786664461317,1.0
2023-04-26,1.0,0.38180194345250473,0.800796256318263,1.0
2023-04-27,1.0,0.3511415216730315,0.8161237407490985,1.0
2023-04-28,0.9953817518430592,0.35102977541925867,0.8187912986828101,1.0
2023-05-01,0.9818299700203746,0.34483351806969237,0.829944857686647,1.0
2023-05-02,1.0,0.3453117911744407,0.8357194396078652,1.0
2023-05-03,0.9998707012298876,0.3821995373733919,0.7941593990569725,1.0
2023-05-04,0.9937874947583796,0.35609721117715737,0.8722893424368415,1.0
2023-05-05,0.9737191518644395,0.3559175028410782,0.8494536659509663,1.0
2023-05-08,0.8643097654631035,0.3193690890321724,0.7975806911966246,1.0
2023-05-09,0.8644464708897177,0.3075466268228373,0.8273784767336076,1.0
2023-05-10,0.85843196792608,-0.3151742294322472,0.8356931708927468,1.0
2023-05-11,0.8591992913276744,-0.324079937166822,0.8340552583122508,1.0
2023-05-12,0.9088340232979597,-0.32070545960943614,0.8809075888115498,1.0
2023-05-15,0.9095813574817305,-0.3224953579211988,1.0,1.0
2023-05-16,0.9100635191897727,-0.3179814377274014,1.0,1.0
2023-05-17,0.8987715602139723,-0.31848847570209254,0.9493791839858269,1.0
2023-05-18,0.855516138899455,-0.3074132340089132,0.9570433323876315,1.0
2023-05-19,0.8436369327550075,-0.3113850706047315,0.9272842561148235,1.0
2023-05-22,0.8421528091093894,-0.31303073079596716,0.9399807271908198,1.0
2023-05-23,0.8420776683597121,-0.31486786258185523,0.948001660442282,1.0
2023-05-24,0.8811250107907569,-0.3158083305633521,0.9508802800854402,1.0
2023-05-25,0.8666261027566559,-0.3272252443406363,0.9487751721934927,1.0
2023-05-26,0.9627805314868988,-0.3122877558332691,0.9217431352662808,1.0
2023-05-30,0.9282308214622098,-0.32143117493000445,0.9213311028011422,1.0
2023-05-31,0.9285874026508038,-0.3010480854615415,0.9020641747832043,1.0
2023-06-01,0.9694928976930187,-0.33132352538846105,0.9979112654071253,1.0
2023-06-02,0.9712531913419806,-0.3463181763932124,0.9973264784044479,1.0
2023-06-05,0.950733674873631,-0.33833636075619844,0.9994130037393322,1.0
2023-06-06,1.0,-0.3669571912690982,1.0,1.0
2023-06-07,1.0,-0.38111043035841524,1.0,-1.0
2023-06-08,1.0,-0.3794359840167761,1.0,-1.0
2023-06-09,1.0,-0.3783189389364247,0.9758099732219239,-1.0
2023-06-12,1.0,-0.3853364769026276,0.9921907000852129,-1.0
2023-06-13,1.0,-0.3490684658166286,0.9909309664685557,-1.0
2023-06-14,1.0,-0.3319134452320151,0.9895457867213624,-1.0
2023-06-15,1.0,-0.3283096278591521,1.0,-1.0
2023-06-16,1.0,-0.32183532387380565,1.0,-1.0
2023-06-20,1.0,-0.3200523654411049,1.0,-1.0
2023-06-21,1.0,-0.3158850131047983,1.0,-1.0
2023-06-22,1.0,-0.30557281382754603,1.0,-1.0
2023-06-23,1.0,-0.2884474454998781,1.0,-1.0
2023-06-26,1.0,-0.29373689187847585,1.0,-1.0
2023-06-27,1.0,-0.30496824947351375,1.0,-1.0
2023-06-28,1.0,-0.3015953031695186,1.0,-1.0
2023-06-29,1.0,-0.31425006362337377,1.0,-1.0
2023-06-30,1.0,-0.32006519874255845,1.0,-1.0
2023-07-03,1.0,-0.33070325049487703,-1.0,-1.0
2023-07-05,1.0,-0.33754833053093675,-1.0,-1.0
2023-07-06,1.0,-0.324634214189617,-1.0,-1.0
2023-07-07,1.0,-0.3251476414962247,-1.0,-1.0
2023-07-10,1.0,-0.31544536170591764,-1.0,-1.0
2023-07-11,1.0,-0.3177735390273578,-1.0,-1.0
2023-07-12,1.0,-0.31520428396117645,-1.0,-1.0
2023-07-13,1.0,-0.35210846636738813,-1.0,-1.0
2023-07-14,1.0,-0.3668119471749775,-1.0,-1.0
2023-07-17,1.0,-0.36429042608240014,-1.0,-1.0
2023-07-18,1.0,-0.375321362357344,-1.0,-1.0
2023-07-19,1.0,-0.3715123977317599,-1.0,-1.0
2023-07-20,1.0,-0.38012215140149125,-1.0,-1.0
2023-07-21,1.0,-0.3973142378336504,-1.0,-1.0
2023-07-24,1.0,-0.4596936380429835,-1.0,-1.0
2023-07-25,1.0,-0.4544750984460707,-1.0,-1.0
2023-07-26,1.0,0.45425956923927596,-1.0,-1.0
2023-07-27,1.0,0.4842000163530721,-1.0,-1.0
2023-07-28,1.0,0.5007315581961307,-1.0,-1.0
2023-07-31,1.0,0.5011318674544625,-1.0,-1.0
2023-08-01,1.0,0.49862221922247213,-1.0,-1.0
2023-08-02,1.0,0.511044793521133,-1.0,-1.0
2023-08-03,1.0,0.4898144287548831,-1.0,-1.0
2023-08-04,1.0,0.4718811938562478,-1.0,-1.0
2023-08-07,1.0,0.49237282648777836,-1.0,-1.0
2023-08-08,1.0,0.49444511042537237,-1.0,-1.0
2023-08-09,1.0,0.5137339203591803,-1.0,-1.0
2023-08-10,1.0,0.5074729794511101,-1.0,-1.0
2023-08-11,1.0,0.48401523388284357,-1.0,-1.0
2023-08-14,1.0,0.5141247943963291,-1.0,-1.0
2023-08-15,1.0,0.5334461391434651,-1.0,-1.0
2023-08-16,1.0,0.518782111652796,-1.0,-1.0
2023-08-17,1.0,0.49290650457564245,-1.0,-1.0
2023-08-18,1.0,0.48800774189777996,-1.0,-1.0
2023-08-21,1.0,0.4984283862612588,-1.0,-1.0
2023-08-22,1.0,0.5161896213108983,-1.0,-1.0
2023-08-23,1.0,0.5208540315187967,-1.0,-1.0
2023-08-24,1.0,0.5076644097456999,-1.0,-1.0
2023-08-25,1.0,0.5243529965953126,-1.0,-1.0
2023-08-28,1.0,0.5204026927820827,-1.0,-1.0
2023-08-29,1.0,0.5354071035447919,-1.0,-1.0
2023-08-30,0.9362138974293807,0.5246272051625502,-1.0,-1.0
2023-08-31,0.9988817445490196,0.5625188165447476,-1.0,-1.0
2023-09-01,1.0,0.5678418512729859,-1.0,-1.0
2023-09-05,1.0,0.5479569129412731,-1.0,-1.0
2023-09-06,1.0,0.551320962463508,-1.0,-1.0
2023-09-07,1.0,0.5538728964642318,-1.0,-1.0
2023-09-08,1.0,0.5653166688392521,-1.0,-1.0
2023-09-11,1.0,0.6008227141243976,-1.0,-1.0
2023-09-12,1.0,0.5986015060710518,-1.0,-1.0
2023-09-13,1.0,0.5907055590671194,-1.0,-1.0
2023-09-14,1.0,0.6359606027540446,-1.0,-1.0
2023-09-15,1.0,0.6970062054330091,-1.0,-1.0
2023-09-18,1.0,0.7031733504319453,-1.0,-1.0
2023-09-19,1.0,0.7059755693629979,-1.0,-1.0
2023-09-20,1.0,0.7178697903887578,-1.0,-1.0
2023-09-21,1.0,0.6951642676693629,-1.0,-1.0
2023-09-22,1.0,0.7653477154698198,-1.0,-1.0
2023-09-25,1.0,0.7684860275880965,-1.0,-1.0
2023-09-26,1.0,0.7513839050895958,-1.0,-1.0
2023-09-27,1.0,0.751971061895041,-1.0,-1.0
2023-09-28,1.0,0.6320483779973275,-1.0,-1.0
2023-09-29,1.0,0.5616072559246961,-1.0,-1.0
2023-10-02,1.0,0.5735908774691552,-1.0,-1.0
2023-10-03,1.0,0.5562980794434012,-1.0,-1.0
2023-10-04,1.0,0.5660186474440841,-1.0,-1.0
2023-10-05,-1.0,0.41586097616884055,-1.0,-1.0
2023-10-06,-1.0,0.4040655894918761,-1.0,-1.0
2023-10-09,-0.9877220121133913,0.40487943099818324,-1.0,-1.0
2023-10-10,-0.9884406725650925,0.3567782671097528,-1.0,-1.0
2023-10-11,-0.9806395569116683,0.36355332911060145,-1.0,-1.0
2023-10-12,-0.9719604269391706,0.3493859541746719,-1.0,-1.0
2023-10-13,-0.9951261372893485,0.358384794697671,-1.0,-1.0
2023-10-16,-0.989998248645898,0.30298344744925443,-0.7570165556913544,-1.0
2023-10-17,-0.9439999523311514,0.3029559190653262,-0.7582163066301078,-1.0
2023-10-18,-0.9443293482625537,0.3028973738945956,-0.7580517068053674,-1.0
2023-10-19,-0.9152730377848173,0.29868967827271936,-0.7165868190612494,-1.0
2023-10-20,-0.9855765497712459,0.2975192169172168,-0.7460090085399267,-1.0
2023-10-23,-0.934047772205791,0.297223163598707,-0.7406649992129377,-1.0
2023-10-24,-0.9449498308722453,0.2837835421472216,-0.7434507610534475,-1.0
2023-10-25,-0.9932262704538042,0.28180012500326146,-0.7618709391635633,-1.0
2023-10-26,-0.9227200861273198,0.292853254431571,-0.8290242640829258,-1.0
2023-10-27,-0.8997634785065011,0.29100374044070937,-0.8499716335713728,-1.0
2023-10-30,-0.8980985691828856,0.28122784809193063,-0.8766395816572842,-1.0
2023-10-31,-0.8461614308737785,0.2732316568520836,-0.9392044961331311,-1.0
2023-11-01,-0.8756466147716289,0.27265249542665904,-0.9237227356060997,-1.0
2023-11-02,-0.8611140421065991,0.30133199413363315,0.9243446531746409,-1.0
2023-11-03,-0.778176990333422,0.29906573343552434,0.9343592799804684,-1.0
2023-11-06,-0.7889405329378918,0.2933165818708261,0.937116875089664,-1.0
2023-11-07,-0.7961109428245204,0.3186441411365249,0.9251793741159422,-1.0
2023-11-08,-0.8003680229064818,0.2993595236003712,0.891359837244769,-1.0
2023-11-09,-0.8041079688485686,0.30069189458248113,0.8648520245846241,-1.0
2023-11-10,-0.7979784464861657,0.29959190246356227,0.8647949931651261,-1.0
2023-11-13,-0.7566286643954967,0.3493317603158448,1.0,-1.0
2023-11-14,-0.7734463481719167,0.34306196159572283,1.0,-1.0
2023-11-15,-0.7118976170889381,0.34306196159572283,1.0,-1.0
2023-11-16,-0.7513353858456104,-0.35055507216236864,1.0,-1.0
2023-11-17,-0.7759770132827781,-0.32917213181480404,1.0,-1.0
2023-11-20,-0.8297612202086861,-0.2963533922401978,1.0,-1.0
2023-11-21,-0.8316896776426645,-0.29786594543521555,1.0,-1.0
2023-11-22,-0.8261637213979198,-0.3006289021838684,1.0,-1.0
2023-11-23,-0.9207789904270511,-0.3073266136357779,1.0,-1.0
2023-11-24,-1.0,-0.31306927332850426,1.0,-1.0
2023-11-27,-1.0,-0.3248422545968325,1.0,-1.0
2023-11-28,1.0,-0.34175452381549465,1.0,-1.0
2023-11-29,1.0,-0.3342661702654978,1.0,-1.0
2023-11-30,1.0,-0.3276978604262105,1.0,-1.0
2023-12-01,1.0,-0.3322952221312174,1.0,-1.0
2023-12-04,1.0,-0.3314902349118759,0.9362822885834448,-1.0
2023-12-05,1.0,-0.33110290056255254,0.7866967027150326,-1.0
2023-12-06,1.0,-0.35714147647260913,0.7997193249779353,-1.0
2023-12-07,1.0,-0.34119018958714503,0.8162040093979939,1.0
2023-12-08,1.0,-0.34254588080216103,0.8202706223265721,1.0
2023-12-11,1.0,-0.33485310218866066,0.8247145176654169,1.0
2023-12-12,1.0,-0.3399338804134254,0.8007190558478123,1.0
2023-12-13,1.0,-0.3233799569703744,0.8143018027451033,1.0
2023-12-14,1.0,-0.32192185086180614,0.8140401487642851,1.0
2023-12-15,1.0,-0.3386462569075855,0.7309047672833989,1.0
2023-12-18,1.0,-0.37475762964826453,0.7264663258170946,1.0
2023-12-19,1.0,-0.38293585916916706,0.7277686382052633,1.0
2023-12-20,1.0,-0.37716930406969434,0.7402754131712409,1.0
2023-12-21,1.0,-0.37432959843905567,0.7431894817414881,1.0
2023-12-22,1.0,-0.3742448450200733,0.7432292156068768,1.0
2023-12-26,1.0,-0.3823276414851765,0.7362311757983563,1.0
2023-12-27,1.0,-0.36667504331035783,0.7382702258357995,1.0
2023-12-28,1.0,-0.36842708849337913,0.7480363853652037,1.0
2023-12-29,1.0,-0.36046421191376454,0.7453259059512591,1.0
2024-01-02,1.0,-0.3699180527167222,0.7429882835240097,1.0
2024-01-03,0.9956348973172824,-0.3760170190082527,0.792715779052693,1.0
2024-01-04,0.9718071982773429,-0.35464523960376226,0.8675497197885527,1.0
2024-01-05,0.9622078940488744,-0.35559229529766007,0.8669634778958473,1.0
2024-01-08,0.9762352074035366,-0.38593616274550596,0.8755621847962981,1.0
2024-01-09,0.9326214316713329,-0.3458652453506194,0.857934252457736,1.0
2024-01-10,0.9283184537401893,-0.3513743744965264,0.937717904944268,1.0
2024-01-11,0.924927552826315,-0.34838529831261383,0.981078912110087,1.0
2024-01-12,0.9237701413712995,-0.37989944393402403,0.9726188850554338,1.0
2024-01-16,0.9767137081801093,-0.3812498005564836,0.8952240461801543,1.0
2024-01-17,0.9690676602175843,-0.40220497044474496,1.0,1.0
2024-01-18,0.9698084528630392,-0.4024005974026256,1.0,1.0
2024-01-19,1.0,-0.39647607918226424,0.9892147217964168,1.0
2024-01-22,1.0,-0.39826073048012545,0.9983243626716731,1.0
2024-01-23,1.0,-0.3860887972882309,0.9955338295651672,1.0
2024-01-24,1.0,-0.38339905253457573,0.9962294175510062,1.0
2024-01-25,1.0,-0.3821941690518281,1.0,1.0
2024-01-26,1.0,-0.3783523549910133,1.0,1.0
2024-01-29,1.0,-0.38864105123127995,1.0,1.0
2024-01-30,1.0,-0.41244013737288987,1.0,1.0
2024-01-31,1.0,-0.410576632900026,1.0,1.0
2024-02-01,1.0,-0.39927626391897575,1.0,1.0
2024-02-02,1.0,-0.4015047342747319,1.0,1.0
2024-02-05,1.0,-0.3905700958367712,1.0,1.0
2024-02-06,1.0,-0.40314265358169116,1.0,1.0
2024-02-07,1.0,-0.4633982704677062,1.0,1.0
2024-02-08,1.0,-0.478642655269598,1.0,1.0
2024-02-09,1.0,-0.4493920324848079,1.0,1.0
2024-02-12,1.0,-0.4497952636894474,1.0,1.0
2024-02-13,1.0,-0.4510424995823546,1.0,1.0
2024-02-14,1.0,-0.44992177187271093,1.0,1.0
2024-02-15,1.0,-0.4360518750823206,1.0,1.0
2024-02-16,1.0,-0.439503511652505,1.0,1.0
2024-02-20,1.0,-0.4402788713552696,1.0,1.0
2024-02-21,1.0,-0.44801484917810164,1.0,1.0
2024-02-22,1.0,-0.4536670110231061,1.0,1.0
2024-02-23,0.8957852035707852,-0.4540592591381726,1.0,1.0
2024-02-26,0.898633144062526,-0.4570358139133593,1.0,1.0
2024-02-27,0.8908263741526659,-0.4514685753211778,1.0,1.0
2024-02-28,0.9031060102573777,-0.4521056783962563,1.0,1.0
2024-02-29,0.9013349794482887,-0.4574156784450793,1.0,1.0
2024-03-01,1.0,-0.48874225703486607,1.0,1.0
2024-03-04,1.0,0.5177343702297982,1.0,1.0
2024-03-05,1.0,0.5332997754752187,1.0,1.0
2024-03-06,1.0,0.525230083197135,1.0,1.0
2024-03-07,1.0,0.5212037525783499,1.0,1.0
2024-03-08,1.0,0.5197265852943556,1.0,1.0
2024-03-11,0.9878301797284128,0.5673886718453361,1.0,1.0
2024-03-12,0.9936285826529296,0.5711339713241702,1.0,1.0
2024-03-13,0.9580054274570725,0.5687884855338142,0.992360354591196,1.0
2024-03-14,1.0,0.5261682937621223,1.0,1.0
2024-03-15,1.0,0.5279429150164358,1.0,-1.0
2024-03-18,1.0,0.5424847511702472,1.0,-1.0
2024-03-19,0.8819001938351444,0.5300934050404545,1.0,-1.0
2024-03-20,0.8981560846783216,0.5439071847908282,1.0,-1.0
2024-03-21,0.8881943029254309,0.5087010089339048,1.0,-1.0
2024-03-22,1.0,0.5062433922694086,1.0,-1.0
2024-03-25,1.0,0.5582580791707935,0.974476817156733,-1.0
2024-03-26,1.0,0.5542569400793346,0.9936031083875658,-1.0
2024-03-27,0.9989153504954346,0.566928129846704,0.9897660508848253,-1.0
2024-03-28,0.9884381601951172,0.5677079550174535,0.9921742634549618,-1.0
2024-04-01,0.9890145736512792,0.541028640752637,0.9660167436450925,-1.0
2024-04-02,0.9997930219451462,0.5670803465879196,1.0,-1.0
2024-04-03,0.9768755667829712,0.579320758606282,1.0,-1.0
2024-04-04,1.0,0.5913844757537301,1.0,-1.0
2024-04-05,0.9540698491479379,0.589795707949743,1.0,-1.0
2024-04-08,0.9474089618072458,0.5945079329957653,0.9781429183156186,-1.0
2024-04-09,0.9681252750617678,0.6105245686555038,0.9924746183522677,-1.0
2024-04-10,0.9705364184017131,0.5811710213991512,0.9927176149509073,-1.0
2024-04-11,0.9618634930823761,0.5856945258284517,1.0,-1.0
2024-04-12,0.9488964677301226,0.6063689433716252,1.0,-1.0
2024-04-15,0.8783938619332976,0.6318470146060917,1.0,-1.0
2024-04-16,0.8641049869817475,0.6315899585855521,1.0,-1.0
2024-04-17,1.0,0.6723689045519302,1.0,-1.0
2024-04-18,1.0,0.5735017421357477,1.0,-1.0
2024-04-19,1.0,0.6164116316989823,1.0,-1.0
2024-04-22,1.0,0.6223029959191937,1.0,-1.0
2024-04-23,1.0,0.6247058131663918,0.7901351050971163,-1.0
2024-04-24,0.9731176236114636,0.6479178980751847,0.7868724541399426,-1.0
2024-04-25,0.9722133003228408,0.6441751572567999,0.7839843074022886,-1.0
2024-04-26,1.0,0.6388979616170366,0.7866054008999023,-1.0
2024-04-29,0.9562444799858266,0.6979110670508007,0.8058055530315699,-1.0
2024-04-30,0.9487892805789018,0.6743223416420926,0.8134699462093157,-1.0
2024-05-01,0.8911393404194744,0.716498705866131,0.7136293428848512,-1.0
2024-05-02,0.8927917706195119,0.5909975977596443,0.7467303358821101,-1.0
2024-05-03,0.9007609282498142,0.6203901414612741,0.7479767070240951,-1.0
2024-05-06,0.887478156611143,0.6246842526113394,0.8015698211313738,-1.0
2024-05-07,0.8545650888305215,0.6148548339134576,0.780970656113208,-1.0
2024-05-08,0.8545071635023997,0.6231179093300364,0.785961051264652,-1.0
2024-05-09,0.882116262110619,0.6342975895761469,0.7924556388855201,-1.0
2024-05-10,0.8884806998426374,0.6394811873776003,0.8047445809454927,-1.0
2024-05-13,0.9644908756398126,0.6459845670208212,0.7569853307946403,-1.0
2024-05-14,1.0,0.6208742639073809,0.7296795051142883,-1.0
2024-05-15,1.0,0.6122206120395146,0.7402700427998259,-1.0
2024-05-16,1.0,0.6900451741724826,0.7120545630782406,-1.0
2024-05-17,1.0,0.6773912198960041,0.7125738320464601,-1.0
2024-05-20,1.0,0.6633191470595464,0.6921246129227581,-1.0
2024-05-21,1.0,0.6634146401828392,0.8418862272535397,-1.0
2024-05-22,1.0,0.669524829342942,0.8330597309614666,-1.0
2024-05-23,1.0,0.630212617428612,0.7824987333447392,-1.0
2024-05-24,1.0,0.6455962431108212,0.6878231250837041,-1.0
2024-05-28,1.0,0.6263306496167771,0.6882319659985171,-1.0
2024-05-29,1.0,-0.5586811378682389,0.6781007836197642,-1.0
2024-05-30,1.0,-0.5596147163833339,0.761203099716235,-1.0
2024-05-31,1.0,-0.6517873252682359,0.7625801567188176,-1.0
2024-06-03,1.0,-0.6378580405543692,0.7465221615035711,-1.0
2024-06-04,1.0,-0.5414707195922156,0.7311420823724776,-1.0
2024-06-05,1.0,-0.538361361617006,0.7299292237413312,-1.0
2024-06-06,1.0,-0.5252513706138208,0.7090519732715859,-1.0
2024-06-07,1.0,-0.5017250837918964,0.7043385608122027,-1.0
2024-06-10,1.0,-0.5032701791393861,0.6150412332914249,-1.0
2024-06-11,1.0,-0.46376760273695267,0.6422514373708996,-1.0
2024-06-12,1.0,-0.4692794405332672,0.6604674536332767,-1.0
2024-06-13,1.0,-0.4752400174735085,0.6479834429489266,-1.0
2024-06-14,1.0,-0.47785916714123955,0.6545637946712723,-1.0
2024-06-17,1.0,-0.4805560928975152,0.6292962280916302,-1.0
2024-06-18,1.0,-0.45943590793460115,0.6500925154458259,-1.0
2024-06-20,1.0,-0.451221414956183,0.6531620786284993,-1.0
2024-06-21,1.0,-0.45270065997364806,0.6381308730493007,-1.0
2024-06-24,1.0,-0.45946600143240235,0.6308242651906817,-1.0
2024-06-25,1.0,-0.4621885413917719,0.6850627135794689,-1.0
2024-06-26,1.0,-0.45863964590349454,0.6808259306553174,1.0
2024-06-27,1.0,-0.48934672178561384,0.6896682100321357,1.0
2024-06-28,1.0,-0.4889789862408041,0.6749906925417499,1.0
2024-07-01,1.0,-0.5067550223142268,0.6748825559795117,1.0
2024-07-02,1.0,-0.498625687162829,0.6847814699286725,1.0
2024-07-03,1.0,-0.6104419673759861,0.6998250829735022,1.0
2024-07-05,1.0,-0.6458426566609701,0.6768034028011999,1.0
2024-07-08,1.0,-0.623443703821376,0.6772271788327735,1.0
2024-07-09,1.0,0.6226298099237374,0.6567063261174038,1.0
2024-07-10,1.0,0.6011528697192036,0.7814854955886558,1.0
2024-07-11,1.0,0.6739824568968594,0.7784974063576943,1.0
2024-07-12,1.0,0.672504854201783,0.7302575781335083,1.0
2024-07-15,1.0,0.6680924515349846,0.7480920768042182,1.0
2024-07-16,1.0,0.6636700843015977,0.8108283765543923,1.0
2024-07-17,1.0,0.6354403135043974,0.7956549743634115,1.0
2024-07-18,1.0,0.6256339924990296,0.8153940785090171,1.0
2024-07-19,1.0,0.6481687499830846,0.8174129530630944,1.0
2024-07-22,1.0,0.555185068372281,0.71221006818207,1.0
2024-07-23,1.0,0.5762458637790436,0.762562242687319,1.0
2024-07-24,1.0,0.5089671772096234,0.7634839322370974,1.0
2024-07-25,0.9463641278985363,0.5057331292456515,0.7743914766221832,1.0
2024-07-26,0.9389217627907819,0.4998330481146262,0.6687136755262725,1.0
2024-07-29,0.8965207820990826,0.5003321650299647,0.6661952004240103,1.0
2024-07-30,0.9017038556888044,0.48943244789621465,0.6655068176818713,1.0
2024-07-31,0.8951277328801224,-0.5255307806890485,0.652641202259934,1.0
2024-08-01,0.835858515458134,-0.4256034393427452,0.6486829153836056,1.0
2024-08-02,0.7971173744643986,-0.42541511812898847,0.6727395952888674,1.0
2024-08-05,0.7462323062597643,-0.3961159610011671,0.6856069126556954,1.0
2024-08-06,0.6453294905949607,-0.3964608422716245,0.7007664191719377,1.0
2024-08-07,0.6290630015668869,-0.395116354744896,0.6954527737535248,1.0
2024-08-08,0.6492413348685067,-0.37341006138725025,0.6985467498714117,1.0
2024-08-09,0.5810707030368564,-0.3695070045938656,0.7214892935325697,1.0
2024-08-12,0.5814463667494724,-0.36640095682547036,0.7192513391678244,1.0
2024-08-13,0.5838721782819765,-0.33086546723436294,0.6989434102187156,1.0
2024-08-14,0.5599532163873521,-0.32707294277001436,0.739234315211467,1.0
2024-08-15,0.5690469890361297,-0.33610053339616225,0.7201993135664001,1.0
2024-08-16,0.5500683471699022,-0.33075411669087135,0.7151450231848059,1.0
2024-08-19,0.5538097643010124,-0.34104821103243094,0.7639286902539462,1.0
2024-08-20,0.5552047599948192,-0.32899131225706546,0.7664189673831506,1.0
2024-08-21,0.5552804077991742,-0.3471745805865555,0.7677393446802436,1.0
2024-08-22,0.6018624772536838,-0.3374666438542326,0.7660986643383214,1.0
2024-08-23,0.5973437872714891,-0.3343541239286767,0.9118110357533025,1.0
2024-08-26,0.5976075112490358,-0.32506276372969795,0.9121021899299123,1.0
2024-08-27,0.596072379563101,-0.3124918749614877,0.9169612157237204,1.0
2024-08-28,0.6006640224174156,-0.3070927979496794,0.9419780212224227,1.0
2024-08-29,0.6163827223359254,-0.3311215363488459,0.937334756978693,1.0
2024-08-30,0.6403041644518488,-0.3310713486536563,0.9152494835240392,1.0
2024-09-03,0.6902054629178658,-0.33713429570392084,0.8619614151957288,1.0
2024-09-04,0.7704273468271573,-0.3105130022784587,0.898523105653068,1.0
2024-09-05,0.7742678604828254,-0.30830426721689774,0.9155764510494847,1.0
2024-09-06,0.787899114600385,-0.32128030725078266,0.9086886348153735,1.0
2024-09-09,0.813590886258203,-0.32173836088736185,0.923385466181792,1.0
2024-09-10,0.7924357107392849,-0.3183234188268661,0.9245592662693701,1.0
2024-09-11,0.7904126315803336,-0.33609451723428574,0.9679169642573722,1.0
2024-09-12,0.8259574737607795,-0.3225779939479064,0.967692368267069,1.0
2024-09-13,0.8175238270082867,-0.3110642620735948,0.9544543759898984,1.0
2024-09-16,0.8782828812604384,-0.31702989400924847,0.9262277999458454,1.0
2024-09-17,0.878591076681607,-0.3104954842959088,1.0,1.0
2024-09-18,0.9032708045897958,-0.31536377199619353,1.0,1.0
2024-09-19,0.9008989892669593,-0.31539566023094445,1.0,1.0
2024-09-20,0.8245859292394364,-0.32291616576817284,0.9994481912175112,1.0
2024-09-23,0.8423749057283876,-0.3263316888121145,1.0,1.0
2024-09-24,0.8257160835904527,-0.3311452376268843,1.0,1.0
2024-09-25,0.829225882681409,-0.34877506823091137,1.0,1.0
2024-09-26,0.8260959396773421,-0.34740823418807354,1.0,1.0
2024-09-27,0.8384683037612016,-0.3380550961281878,1.0,1.0
2024-09-30,0.835195436591049,-0.34500107464050195,1.0,1.0
2024-10-01,0.848631794629483,-0.35826840584004893,1.0,1.0
2024-10-02,0.9791616569360606,-0.3816618368609505,1.0,1.0
2024-10-03,0.9847066404206023,-0.3881778137489899,1.0,1.0
2024-10-04,0.9899597518838307,-0.3378545567949203,1.0,1.0
2024-10-07,1.0,-0.3490552098988553,1.0,1.0
2024-10-08,1.0,-0.33341138019059813,1.0,1.0
2024-10-09,1.0,-0.32827545090892224,1.0,1.0
2024-10-10,1.0,-0.3322099349206759,0.9991708937481111,1.0
2024-10-11,1.0,-0.3236178833192441,1.0,1.0
2024-10-14,1.0,-0.3238430208315319,1.0,1.0
2024-10-15,1.0,-0.3175860534085177,1.0,1.0
2024-10-16,1.0,-0.2943701256310593,1.0,1.0
2024-10-17,1.0,-0.29446000639667985,1.0,1.0
2024-10-18,1.0,-0.29678622623399326,1.0,1.0
2024-10-21,1.0,-0.29255990489466793,1.0,1.0
2024-10-22,1.0,-0.29304648717459963,1.0,1.0
2024-10-23,1.0,-0.2910995548841091,1.0,1.0
2024-10-24,1.0,-0.29508344035143874,1.0,1.0
2024-10-25,1.0,-0.3050078583156986,1.0,1.0
2024-10-28,1.0,-0.3003934625548408,1.0,1.0
2024-10-29,1.0,-0.26247013037664335,1.0,-1.0
2024-10-30,1.0,-0.26761370503285303,1.0,-1.0
2024-10-31,1.0,-0.26387224583143726,1.0,-1.0
2024-11-01,1.0,-0.28874611602579103,0.9639030506302281,-1.0
2024-11-04,1.0,-0.2898596985178601,0.9768689197612357,-1.0
2024-11-05,1.0,-0.296715159016026,0.9758289869178235,-1.0
2024-11-06,1.0,-0.32056097970688857,1.0,-1.0
2024-11-07,0.8877601437119462,-0.3205933896786127,0.7972986368808028,-1.0
2024-11-08,0.8789655176236177,-0.340437825340057,0.7789447927454669,-1.0
2024-11-11,0.8819561982540229,-0.3304123746361302,0.8106903138101591,-1.0
2024-11-12,0.8971496728933275,-0.32267614444184173,0.6720146084361256,-1.0
2024-11-13,0.9169057587004307,-0.35091260843126576,0.6752691948037809,-1.0
2024-11-14,0.9196378042953117,-0.35028862408201794,0.6755334733320915,-1.0
2024-11-15,0.9026193275883647,-0.35029485092464985,0.6839581295249857,-1.0
2024-11-18,0.8472112227487077,-0.34719613920696474,0.7010045255141308,-1.0
2024-11-19,0.8440288221124835,-0.33551839744054657,0.6521664837641922,-1.0
2024-11-20,0.8421750459672935,-0.34415757785267426,0.6553470904196401,-1.0
2024-11-21,0.8691112079087895,-0.34868631075632606,0.65430330413716,-1.0
2024-11-22,0.8635090480078691,-0.34367230056391884,0.6509298404973198,-1.0
2024-11-25,0.8635521136830626,-0.34817034147934356,0.6265190204534878,-1.0
2024-11-26,0.8629696270508069,-0.41367226661490186,0.5348560459738176,-1.0
2024-11-27,0.8586719595728509,-0.4136857097698615,0.5433280610743887,-1.0
2024-11-29,0.8569851533613209,-0.4266570222096717,0.5430199527494172,-1.0
2024-12-02,1.0,-0.4263310009672113,0.5563132500455858,-1.0
2024-12-03,1.0,-0.4267332174495197,0.5531900683390698,-1.0
2024-12-04,1.0,-0.4296339119367537,0.5510607943687335,-1.0
2024-12-05,1.0,-0.42088890626357484,0.5499361413785818,-1.0
2024-12-06,1.0,-0.4209566802470623,0.5961309083396388,-1.0
2024-12-09,1.0,-0.420151267801556,0.6080199730122532,-1.0
2024-12-10,1.0,-0.42781072577125034,0.5981929604745552,-1.0
2024-12-11,1.0,-0.469848595547478,0.6783730405832589,-1.0
2024-12-12,1.0,-0.4463314017579707,0.666912383808549,-1.0
2024-12-13,1.0,-0.44558376079553014,0.6336363642841364,-1.0
2024-12-16,1.0,-0.435608712935157,0.6186146011448733,-1.0
2024-12-17,1.0,-0.4595197748774375,0.6181294603531381,-1.0
2024-12-18,1.0,-0.49742195943968925,0.6457375058820439,-1.0
2024-12-19,0.964878463646426,-0.4956436324099463,0.6483553474810021,-1.0
2024-12-20,0.964932332498525,-0.493651645367262,0.6258264898986362,-1.0
2024-12-23,0.9743867628977063,-0.5082147549616854,0.6127782527256721,-1.0
2024-12-24,0.6991524539346584,-0.5255334386872859,0.635326551355318,-1.0
2024-12-26,0.6866519475264051,-0.5913655582529644,0.8147675386028134,-1.0
2024-12-27,0.6895042647348409,-0.5870813309104541,0.8039185652149441,-1.0
2024-12-30,0.6734954601045564,-0.5729134178840576,0.8013861400018173,-1.0
2024-12-31,0.662804018159778,-0.5846200932562565,0.810085616216363,-1.0
2025-01-02,0.6624688074270375,-0.5794216591032131,0.8040276261297019,-1.0
2025-01-03,0.662091084015926,-0.6074436063923828,0.7797353278877384,-1.0
2025-01-06,0.6460071515258364,-0.6590369523790021,0.7761942721809615,-1.0
2025-01-07,0.6421236495291024,-0.6551153920474386,0.7974977682796389,-1.0
2025-01-08,0.6311014956805865,-0.7101412878805029,0.7918592349990962,-1.0
2025-01-09,0.6329563010055385,0.6932599050529652,0.8116385591158006,-1.0
2025-01-10,0.6333085282515648,0.6903595273810004,0.8358388141623002,-1.0
2025-01-13,0.6266366714105632,0.6194420051255034,0.8620823066280181,-1.0
2025-01-14,0.6270233740744059,0.572893606416327,0.8969491003879123,-1.0
2025-01-15,0.6262428314811607,0.5489154839515658,0.9439398642225582,-1.0
2025-01-16,0.5925244350654012,0.5115593251146422,0.8950247504484563,-1.0
2025-01-17,0.5935829637166166,0.4944061820235944,0.8645995628659289,-1.0
2025-01-21,0.6892927683452305,0.48206861744457863,0.8694981166527983,-1.0
2025-01-22,0.6835133315551154,0.45054460633521015,1.0,-1.0
2025-01-23,0.6883494591696535,0.45096937277722937,1.0,-1.0
2025-01-24,0.8998396893136608,0.44425906170017454,1.0,-1.0
2025-01-27,0.9260560741967022,0.446911404597452,1.0,-1.0
2025-01-28,0.8640408764260104,0.4310348495107611,0.9693690130410104,-1.0
2025-01-29,0.8818651501500219,0.43463819788573127,0.98607389094936,-1.0
2025-01-30,0.9185012620136258,0.4246013097008092,1.0,-1.0
2025-01-31,0.9214711260800214,0.42746381680770434,0.9173962746660088,-1.0
2025-02-03,0.9139008794757831,0.4405384540692576,0.9232079102121059,-1.0
2025-02-04,0.9366468603504645,0.44261543616865984,0.9411817946922428,-1.0
2025-02-05,0.9302770392045457,0.4422537956944742,0.9518943688397808,-1.0
2025-02-06,0.9791695896819441,0.42927396486844716,0.9529739084114246,-1.0
2025-02-07,0.9775542112098802,0.432665797355569,0.922973412475903,-1.0
2025-02-10,0.9411223960908001,0.43430565830719425,0.9279252245571287,-1.0
2025-02-11,1.0,0.47617803138379516,0.8845671317922446,-1.0
2025-02-12,1.0,0.5172818249742936,0.9778380779584738,-1.0
2025-02-13,1.0,0.49714496729662216,0.9689007584576637,-1.0
2025-02-14,1.0,0.5954913303127962,1.0,-1.0
2025-02-18,1.0,0.607672327704688,0.9163742247322202,-1.0
2025-02-19,1.0,0.5735074717972909,0.8625408409695443,-1.0
2025-02-20,1.0,0.6122154903664904,0.8480909262512785,-1.0
2025-02-21,1.0,0.6093883188049372,0.8443903239093666,-1.0
2025-02-24,1.0,0.5509799620215851,0.8462335381399979,-1.0
2025-02-25,1.0,0.5482109426886351,0.8473240297424487,-1.0
2025-02-26,1.0,0.53430468985921,0.8436889171395864,-1.0
2025-02-27,1.0,0.5430709054956582,0.8598644815585248,-1.0
2025-02-28,1.0,-0.5055737292286023,0.8112921671881883,-1.0
2025-03-03,0.9638639526542676,-0.5036654671620929,0.819908039516223,-1.0
2025-03-04,0.8833061244795796,-0.48733129535166947,0.7555068873592065,-1.0
2025-03-05,0.861354494346206,-0.49438776895888503,0.7574660886067454,-1.0
2025-03-06,0.8392356425265071,-0.46530427882426817,0.7633995078880819,-1.0
2025-03-07,0.7902374273796924,-0.48123843975236924,0.769166467438925,1.0
2025-03-10,0.7843662319246253,-0.47349673650183366,0.7722086577880375,1.0
2025-03-11,-0.692557819514081,-0.47010279218482326,0.7685421037897581,1.0
2025-03-12,-0.7067452063515761,-0.4921399468179998,0.8132945615135935,1.0
2025-03-13,-0.6974334874974624,-0.4754206981692968,0.7960801614531808,1.0
2025-03-14,-0.6848266255535209,-0.4931435605779606,0.7544049205591298,1.0
2025-03-17,-0.6351103798178287,-0.4852488065728898,0.7574282095689084,1.0
2025-03-18,-0.6230225016240117,-0.48304910518823435,0.8118936956782564,1.0
2025-03-19,-0.622464549197129,-0.49798252957210565,0.8419030684650379,1.0
2025-03-20,-0.6045500222563851,-0.4994813837951223,0.8509096143928327,1.0
2025-03-21,-0.6044322002378042,-0.48260936895120865,0.8582256365114208,1.0
2025-03-24,-0.62192480849601,-0.5251317161082013,0.8393674062244505,1.0
2025-03-25,-0.5115687338103683,-0.5159407258584187,0.8384100286737634,1.0
2025-03-26,-0.5118433970451437,-0.5565341806502903,0.9155442280858862,1.0
2025-03-27,-0.5060916794136807,-0.5524434412027114,0.9146319284222653,1.0
2025-03-28,-0.5180818853273197,-0.6035704033600393,0.9431264210822781,1.0
2025-03-31,-0.5148043312930994,-0.6041507360529945,1.0,1.0
2025-04-01,-0.5249088797127532,-0.5664364331233788,1.0,1.0
2025-04-02,-0.5308485095596652,-0.5646022255708835,1.0,1.0
2025-04-03,-0.5359976261825112,-0.6630831356721291,1.0,1.0
2025-04-04,-0.4388627730163806,-0.3952713441302366,1.0,1.0
2025-04-07,-0.3587406233441715,-0.30298955833276375,0.7720796009217769,1.0
2025-04-08,-0.3683980295495379,-0.30102259896631856,0.6978570245010421,1.0
2025-04-09,-0.3663017379939668,-0.2994024666011844,0.7008623516701734,1.0
2025-04-10,-0.25349971616267347,-0.2791996489760982,0.6107621237800657,1.0
2025-04-11,-0.24699404608484524,-0.2710841997153959,0.5493664561190559,1.0
2025-04-14,-0.24794150707181978,-0.2659857706306993,0.5274876876460332,1.0
2025-04-15,-0.24767182589595552,-0.26664996990914475,0.5225629407311756,1.0
2025-04-16,-0.24826706592441644,-0.2669396340351624,0.5270239631493816,1.0
2025-04-17,-0.24658591184379963,-0.26339116720616695,0.47902206134725794,1.0
2025-04-21,-0.2464733757019851,-0.2551126991635495,0.4748348665966079,1.0
2025-04-22,-0.24378699882003999,-0.25177762483540406,0.455908251485118,1.0
2025-04-23,-0.24825764738871192,-0.24983773700395073,0.4559761401492085,1.0
2025-04-24,-0.24581223085265572,-0.24474481589919228,0.39724577220239654,1.0
2025-04-25,-0.24301011068053915,-0.24493086665987843,0.3939551108640468,1.0
2025-04-28,-0.24258970147761555,-0.2449540936398968,0.3862226090662878,1.0
2025-04-29,-0.24500932670640213,-0.24430918610219662,0.3835411954797466,1.0
2025-04-30,-0.24499792747114746,-0.25082240491155605,0.3836870433772045,1.0
2025-05-01,-0.24509605063657874,-0.24578222574050784,0.3828453780077819,1.0
2025-05-02,-0.24511061908091242,-0.24286511254542548,0.3617131708583594,1.0
2025-05-05,-0.26163501963499713,-0.2671959960188036,0.36625515886509336,1.0
2025-05-06,-0.29917035758710925,-0.31562144060640146,0.37818752358862295,1.0
2025-05-07,-0.2977816349385332,-0.3025878036347223,0.381005685269637,1.0
2025-05-08,-0.30292363407575323,-0.30307501203395254,0.3750740748845851,1.0
2025-05-09,-0.5092603866410288,-0.3188017268769684,0.36755028143402857,1.0
2025-05-12,-0.612618702178407,-0.33329950861337404,0.38529129366461323,1.0
2025-05-13,-0.5542332524161074,-0.33861130165560477,0.36409828030008107,1.0
2025-05-14,-0.5555891173653539,-0.32731411086825873,0.36410926631369345,1.0
2025-05-15,-0.5578686331535678,-0.32617902439884583,0.3575177454224344,1.0
2025-05-16,-0.6264175765291711,-0.3217448026492627,0.3795706861253185,1.0
2025-05-19,-0.6284262101133953,-0.3389471318714325,0.3773315807736468,1.0
2025-05-20,-0.7594744294118033,-0.3488815995169049,0.3953090424311769,1.0
2025-05-21,-0.8097358957306755,-0.3566071473970723,0.38686896499095513,1.0
2025-05-22,-0.7421702207438999,-0.37207717227339193,0.4220174420977889,1.0
2025-05-23,-0.7931586420404678,-0.3733055419782277,0.4307596692706386,1.0
2025-05-27,-0.7777101867959996,-0.3728685922862573,0.4234943396790609,1.0
2025-05-28,-0.723659546825441,-0.3756222986774448,0.4179345052468956,1.0
2025-05-29,0.7131269232284588,-0.387075799178392,0.41834264901721935,1.0
2025-05-30,0.713949734931192,-0.4219877631909995,0.417316676578831,1.0
2025-06-02,0.7136761302496544,-0.4297043087646654,0.4449008240346296,1.0
2025-06-03,0.7401859931726263,-0.4188469030434876,0.4266238919100558,1.0
2025-06-04,0.7526457384992765,-0.43599116123577,0.4437522815064655,1.0
2025-06-05,0.7745574850019062,-0.46505968179811086,0.4807340914764682,1.0
2025-06-06,0.7602383108876644,-0.4850513922620475,0.48220367201510167,1.0
2025-06-09,0.7513227950620469,-0.5141381715812768,0.5123835004839259,-1.0
2025-06-10,0.753338718342437,-0.5243630694544241,0.5199338508842596,-1.0
2025-06-11,1.0,-0.5301436866054462,0.6182927525326107,-1.0
2025-06-12,1.0,-0.4538436186818865,0.6205412763537564,-1.0
2025-06-13,1.0,-0.45852306979508833,0.6389132236878021,-1.0
2025-06-16,0.9690552709662962,-0.3583066311862177,0.6329836099863135,-1.0
2025-06-17,0.9548912669021631,-0.3474806406939638,0.639043807336127,-1.0
2025-06-18,0.9275606645446246,-0.3277622012690048,0.6516081223583211,-1.0
2025-06-20,0.9328371367324353,-0.3293363854386528,0.6759313885728078,-1.0
2025-06-23,1.0,-0.33740001718215973,0.6755003232509026,1.0
2025-06-24,1.0,0.24762606147874638,0.6804800663838596,1.0
2025-06-25,1.0,0.22363845535935142,0.6979870421462266,1.0
2025-06-26,1.0,0.22442863189348677,0.75778404694399,1.0
2025-06-27,1.0,0.22514441834766732,0.7583777037119945,1.0
2025-06-30,1.0,0.22682911953389479,0.7112354860621051,1.0
2025-07-01,1.0,0.22650197173212633,0.7152728285456792,1.0
2025-07-02,1.0,0.2297403751843352,0.8017917269978732,1.0
2025-07-03,1.0,0.22649452199561754,0.8065507996489748,1.0
2025-07-04,1.0,0.22674665052518478,0.8137945709082715,1.0
2025-07-07,1.0,0.22627198478345908,0.823368981522152,1.0
2025-07-08,1.0,0.22585158031706026,0.8408679889237612,1.0
2025-07-09,1.0,0.22613363431435188,0.8287543058574962,1.0
2025-07-10,1.0,0.22641074250035834,0.8305771212623424,1.0
2025-07-11,1.0,0.23439619821798316,0.8297656396807794,1.0
2025-07-14,1.0,0.23007397941726815,0.8814145135901756,1.0
2025-07-15,1.0,0.2632049905258845,0.9648779382254109,1.0
2025-07-16,1.0,0.26447080415266483,0.9865022648717802,1.0
2025-07-17,1.0,0.2845900696926975,0.9653310134665168,1.0
2025-07-18,1.0,0.2803363898979218,0.9624719236150969,1.0
2025-07-21,1.0,0.28034302652808046,0.969097723025904,1.0
2025-07-22,1.0,0.3856823318631891,0.8973933658975434,1.0
2025-07-23,1.0,0.5207535242523751,0.9940809266247156,1.0
2025-07-24,1.0,0.509947230949197,0.9147271748100104,1.0
2025-07-25,1.0,0.5036249022053108,0.8962743982690006,1.0
2025-07-28,1.0,0.4946561056783008,0.9716032012959127,1.0
2025-07-29,1.0,0.4705363339147958,0.9588942159406267,1.0
2025-07-30,1.0,0.42256544657938105,1.0,1.0
2025-07-31,1.0,0.44809937092792845,0.9994653831950434,-1.0
2025-08-01,1.0,0.4449031665996361,1.0,-1.0
2025-08-04,1.0,0.41779342465579156,0.9020305795642329,1.0
2025-08-05,1.0,0.4254719494680719,0.8845349920596816,1.0
2025-08-06,1.0,0.4195075199928074,0.9065461397938311,1.0
2025-08-07,1.0,0.41672118175036,0.9056668639354001,1.0
2025-08-08,1.0,0.43551349399236267,0.8982512966650722,1.0
2025-08-11,1.0,0.47430743087984584,0.8997178417165532,1.0
2025-08-12,1.0,0.4907348047213635,0.7435882721191689,1.0
2025-08-13,1.0,0.48665459077739476,0.7513542546039738,1.0
2025-08-14,1.0,0.48508376338276704,0.7581342187465699,1.0
2025-08-15,1.0,0.47775024702996466,0.7514244405287304,1.0
2025-08-18,1.0,0.4671470203987636,0.7543517731947444,1.0
2025-08-19,1.0,0.4599075528435588,0.8016712476184596,1.0
2025-08-20,1.0,0.4575596311583405,0.8343118724683043,1.0
2025-08-21,1.0,0.4533432588209437,0.8430487816936967,1.0
2025-08-22,1.0,0.45923442100589545,0.8528647372288586,1.0
2025-08-25,1.0,0.4646317879398765,0.8523294162974195,1.0
2025-08-26,1.0,0.476433811983848,0.8713015657521432,1.0
2025-08-27,1.0,0.5447449756566951,0.8711749373784435,1.0
2025-08-28,1.0,-0.5380438078262444,0.8957408670919139,1.0
2025-08-29,1.0,-0.5332266132861696,0.8863963872116095,1.0
2025-09-02,1.0,-0.5767849243812803,0.9210945090060981,1.0
2025-09-03,1.0,-0.5398644050335595,0.8207008963143274,1.0
2025-09-04,1.0,-0.5197175490851264,0.7997330350779529,1.0
2025-09-05,1.0,-0.5252849538875384,0.7784911746140281,1.0
2025-09-08,1.0,-0.4933924942090668,0.7589724714238945,1.0
2025-09-09,1.0,-0.49045511567898037,0.7698757321891876,1.0
2025-09-10,1.0,-0.48822141644520134,1.0,1.0
2025-09-11,1.0,-0.481484412759805,1.0,1.0
2025-09-12,1.0,-0.4650615684398264,1.0,1.0
2025-09-15,1.0,-0.48503491685484007,1.0,1.0
2025-09-16,1.0,-0.4966201028070853,1.0,1.0
2025-09-17,1.0,-0.4832514836978987,1.0,1.0
2025-09-18,1.0,-0.49635800328782254,1.0,1.0
2025-09-19,1.0,-0.5014916706790206,1.0,1.0
2025-09-22,1.0,-0.49241180467704715,1.0,1.0
2025-09-23,1.0,-0.4928283951852151,0.9564244032530475,1.0
2025-09-24,1.0,-0.5024728430367434,0.9582881772034181,1.0
2025-09-25,1.0,-0.5011343435403202,0.8524755689591309,1.0
2025-09-26,1.0,-0.5107919421959469,0.8491636790559954,1.0
2025-09-29,1.0,-0.5065913550490057,0.8438613808864375,1.0
2025-09-30,1.0,-0.45256480341107214,0.8443658197719375,1.0
2025-10-01,1.0,-0.47114691276184023,0.937200363778704,1.0
2025-10-02,1.0,-0.49369189894666127,0.9605366337273743,1.0
2025-10-03,1.0,-0.4771035766041808,0.9643350878466779,1.0
2025-10-06,1.0,-0.5030230406280547,0.9817062835127437,1.0
2025-10-07,1.0,-0.49516280228499027,0.9163790654395528,1.0
2025-10-08,1.0,-0.49729729003104534,0.91639912911211,1.0
2025-10-09,1.0,-0.5029821545527393,0.8785327760969691,1.0
2025-10-10,1.0,-0.5106876054640412,0.7109360238240278,1.0
2025-10-13,0.9728851149007447,-0.4368878535685683,0.7093825464936906,1.0
2025-10-14,0.9025844287753514,-0.4366198752707771,0.6109014373201858,1.0
2025-10-15,0.9030940833270722,-0.4535828938516094,0.6121518475694832,1.0
2025-10-16,0.9006612281015426,-0.4535737763876708,0.6177616023639488,1.0
2025-10-17,0.889535876337013,-0.4504879462060451,0.6184027329767667,1.0
2025-10-20,0.8859207925992875,-0.4527096239411293,0.5482108135309552,1.0
2025-10-21,0.9123757542596916,-0.4526240617177473,0.5073218117060713,1.0
2025-10-22,0.9240386404649497,-0.460305470921531,0.36867061531589945,1.0
2025-10-23,0.9176162890004012,-0.4887091372838756,0.3702385254864548,1.0
2025-10-24,0.9193088784316968,-0.3695824458309266,0.36536729548956903,1.0
2025-10-27,0.9111333567893062,-0.3739601506356225,0.3650613307107034,1.0
2025-10-28,0.8761638778717465,-0.4002232418010155,0.34652006194778606,1.0
2025-10-29,0.8774018530330541,-0.39848914989631573,0.34444997408168276,1.0
2025-10-30,0.8777616504646714,-0.3990931864992002,0.34480414912635504,1.0
2025-10-31,0.8459160452046053,-0.41149772677008556,0.3462280919397936,1.0
2025-11-03,0.8452975011983286,-0.4114367306352161,0.3468185080221869,1.0
2025-11-04,0.8474221489228815,-0.4169392818392613,0.3515207144955284,1.0
2025-11-05,0.8146381768900183,-0.4152368057720998,0.3489344804042623,1.0
2025-11-06,0.8197158595762997,-0.4156686903493219,0.3530765733253773,1.0
2025-11-07,0.7923427150615748,-0.4226213897180638,0.36475448792632037,1.0
2025-11-10,1.0,-0.4951165415144301,0.3653772502669314,1.0
2025-11-11,1.0,-0.49803534798380444,0.3724065719318029,1.0
2025-11-12,1.0,-0.49936436142227486,0.3735783705924622,1.0
2025-11-13,1.0,-0.42397671487115124,0.3632086846819558,1.0
2025-11-14,0.937103819297172,-0.4311054072875114,0.376583509890038,1.0
2025-11-17,0.9438615917461038,-0.4149730356002147,0.37398566011228435,1.0
2025-11-18,0.9544720049665553,-0.41432216694621943,0.4096446466112899,1.0
2025-11-19,0.9363371381672074,-0.41054862773365186,0.5554173928371642,1.0
2025-11-20,0.9381494165468522,-0.39785636277290826,0.5630557576295984,1.0
2025-11-21,0.8831482600611986,-0.5335543076600292,0.595462074146768,1.0
2025-11-24,0.8717651683394774,-0.5179461153946402,0.5927276792506682,1.0
2025-11-25,0.8439904712773324,-0.5034586694464749,0.6839931952564688,1.0
2025-11-26,0.8215150991200572,-0.5100152814004175,0.6861022271614351,1.0
2025-11-28,0.8075925999244271,-0.5022605454091883,0.6844692000791516,1.0
2025-12-01,0.8229689136685792,-0.5027540820808732,0.6706767322040683,1.0
2025-12-02,0.8196271719497251,-0.49486721180491283,0.6781324735268852,1.0
2025-12-03,0.8189796114450809,-0.4901466042987018,0.6490208432671101,1.0
2025-12-04,0.8525588993227423,-0.4898872933050354,0.6815383935699867,1.0
2025-12-05,0.8550600139770798,-0.4936684738284703,0.6853652784808096,1.0
2025-12-08,0.8975334895422118,-0.4920496749917491,0.6856528008463609,1.0
2025-12-09,0.8921045705301359,-0.4737631048089009,0.6758324438482542,1.0
2025-12-10,0.9690770810747114,-0.47196572649466695,0.7930506335293158,1.0
2025-12-11,0.9553959975470122,-0.48421469611483126,0.7914479849907395,1.0
2025-12-12,0.9538884702034235,-0.5781572097212851,0.8161087852497415,1.0
2025-12-15,1.0,-0.5793729867743811,0.8218042410620892,1.0
2025-12-16,1.0,-0.6362139187756979,1.0,1.0
2025-12-17,1.0,-0.5800332511566921,1.0,1.0
2025-12-18,1.0,-0.5851173354328569,1.0,1.0
2025-12-19,1.0,-0.6106359186561963,1.0,1.0
2025-12-22,1.0,-0.598532943962723,1.0,1.0
2025-12-23,1.0,-0.5706808397963222,0.9802276452170058,1.0
2025-12-24,1.0,-0.5825601071544932,0.9735555570715486,1.0
2025-12-26,1.0,-0.6035545375875965,0.9857815635567855,-1.0
2025-12-29,1.0,-0.5552018324414272,0.969298658226165,-1.0
2025-12-30,1.0,-0.5149768283945231,0.5794101887653421,-1.0
2025-12-31,1.0,-0.5266462041306986,0.5737514231247874,-1.0
2026-01-02,1.0,-0.5294220001368277,0.5786331572071549,-1.0
2026-01-05,1.0,-0.5320852108184361,0.5773425993786473,-1.0
2026-01-06,1.0,-0.5213831639572439,0.5266500341003061,-1.0
2026-01-07,1.0,-0.505107309807945,0.5237796179180723,-1.0
2026-01-08,1.0,-0.5051447470960264,0.5222432854274872,-1.0
2026-01-09,1.0,-0.45678438778251196,0.5218688141926325,-1.0
2026-01-12,1.0,-0.4360637478474436,0.5216810576904377,-1.0
2026-01-13,1.0,-0.4445595396404477,0.5117943820050805,-1.0
2026-01-14,1.0,-0.4229220088812942,0.5090916829053856,-1.0
2026-01-15,1.0,-0.42661801488477474,0.5081298255251397,-1.0
2026-01-16,1.0,-0.38358439657819177,0.5071864224658857,-1.0
2026-01-20,1.0,-0.38544797466891845,0.5049296481057741,-1.0
2026-01-21,1.0,-0.3821080081412706,0.4527887650339641,-1.0
2026-01-22,0.9656310598753745,-0.3827974863587356,0.44866559441997533,-1.0
2026-01-23,1.0,-0.3807472503340636,0.4517516503395706,-1.0
2026-01-26,1.0,-0.36481739529999896,0.4493211148602455,-1.0
2026-01-27,1.0,-0.3630780740390454,0.4423148502203411,-1.0
2026-01-28,1.0,-0.3699892956704847,0.4417119640722824,-1.0
2026-01-29,1.0,-0.37650451130335977,0.515939954335908,-1.0
2026-01-30,1.0,-0.358753034490689,0.513035468549106,-1.0
2026-02-02,1.0,0.3618207765649688,0.24730554993635923,-1.0
2026-02-03,1.0,0.31608514737547716,0.24395740956991815,-1.0
2026-02-04,1.0,0.3161666588315759,0.22902907349350943,-1.0
2026-02-05,1.0,0.316917749818274,0.2291289421978013,-1.0
2026-02-06,1.0,0.30990426095789086,0.2284082922288067,-1.0
2026-02-09,0.9021889273737863,0.31895396769294265,0.22768120484420176,-1.0
2026-02-10,0.9084135653432364,0.32312613869239615,0.2267289194578635,-1.0
2026-02-11,0.9068677817112761,0.3216033596029647,0.22759047126348703,-1.0
2026-02-12,0.9079090204175196,0.3297557329202011,0.22759557233416625,-1.0
2026-02-13,0.8459489361992111,0.31884819362976435,0.22197336723956126,-1.0
2026-02-17,0.8483047159031047,0.3570452493493137,0.22100038049262918,-1.0
2026-02-18,0.8468832919450651,0.3543193371777906,0.21679609302630484,-1.0
2026-02-19,0.9841410716080463,0.3257213701734283,0.22061408279615335,-1.0
2026-02-20,1.0,0.3225804935611396,0.22126895543191435,-1.0
2026-02-23,1.0,0.3325440560362428,0.22115763787864864,-1.0
2026-02-24,0.9880105742989571,0.3412582386311745,0.2185424564829195,-1.0
2026-02-25,0.9735630284126583,0.3398852424864553,0.21953865934797853,-1.0
2026-02-26,0.9524237663900044,0.35092203929020904,0.21923850589105853,-1.0
2026-02-27,0.9421801704013608,0.35264706298478415,0.22809786420101333,-1.0
2026-03-02,0.9375918190119195,0.36117382452337166,0.22755376052394344,-1.0
2026-03-03,0.9413053210901405,0.3049410641329022,0.36509206673038647,1.0
2026-03-04,0.930064684690252,0.3233350786760366,0.34457970115390163,1.0
2026-03-05,0.9270700068334956,0.3234554766930004,0.42350634132206294,1.0
2026-03-06,0.9242186763404818,0.26613390168721357,0.41831869539358,1.0
2026-03-09,0.91573401212933,0.2109406418877555,0.4189185327325451,1.0
2026-03-10,1.0,0.20984286282984732,0.4220297157945773,1.0
2026-03-11,1.0,0.15992503521920343,0.4122829617055725,1.0
2026-03-12,-1.0,0.15915714691702465,0.4103193768797174,1.0
2026-03-13,-0.9819035761036411,0.14945092169013963,0.4111615432162654,1.0
2026-03-16,-1.0,0.15317089290835684,0.4353987740123946,1.0
2026-03-17,-0.998856915477902,0.1455707078335742,0.4436914090031024,1.0
2026-03-18,-0.9960389620993052,0.14684347101789985,0.4778230542239777,1.0
2026-03-19,-0.9470278391941787,0.14701253202159037,0.474807494649361,1.0
2026-03-20,-0.9470170117627923,0.1463242049893566,0.37100115924899,1.0
2026-03-23,-0.9778999765319666,0.1469364541024535,0.38118294315516177,-1.0
2026-03-24,-0.9799592799494005,0.13013648469624195,0.38991231541574056,-1.0
2026-03-25,-1.0,0.12998769315637174,0.3887650357595731,-1.0
2026-03-26,-1.0,0.12888087817996108,0.3567032703275119,-1.0
2026-03-27,-0.9505174783498945,0.1286789607776664,0.339063992825637,-1.0
2026-03-30,-0.8844558142952978,0.1276865253647164,0.3254372905064861,-1.0
2026-03-31,-0.8882367702468986,0.12918156355204283,0.3278922494754918,-1.0
2026-04-01,-0.691539847631872,0.12887347991984352,0.3245675975848686,-1.0
2026-04-02,-0.6924883727090999,0.12829907464074225,0.30997085897599996,-1.0
2026-04-06,-0.6942911674946233,0.12410248178115967,0.3033505568721543,-1.0
2026-04-07,-0.7128876662591308,0.13488079325448252,0.30811117141731853,-1.0
2026-04-08,-0.7265752220784218,0.13589456899013888,0.3083464043731838,-1.0
2026-04-09,-0.6379014207260811,0.12312370350630705,0.31369394575029586,-1.0
2026-04-10,-0.6350680558590208,0.12360795011515317,0.3122767344325569,-1.0
2026-04-13,-0.6655526509774525,0.13097482777889327,0.312744310579623,-1.0
2026-04-14,-0.6654048514298337,0.13124339190646864,-0.3138936106883317,-1.0
2026-04-15,-0.6620301604121105,0.12793325205715353,-0.3099944173800571,-1.0
2026-04-16,-0.6581327068289079,0.12871494629027633,-0.30994187312846677,-1.0
2026-04-17,-0.6983282986904993,0.12744678568763507,-0.3157771852638652,-1.0
2026-04-20,-0.6941063691407399,0.1173063824663431,-0.37719361577917393,-1.0
2026-04-21,-0.6946942320983159,0.11423491160971888,-0.3751222435592828,-1.0
2026-04-22,-0.6798234009849214,0.12153247033785368,-0.39788009889508713,-1.0
2026-04-23,-0.6836642366958574,0.12309922912357445,-0.3981310665695739,-1.0
2026-04-24,-0.6755140493271867,0.12301927197967137,-0.4259082734533353,-1.0
2026-04-27,0.7486743618974828,0.12423706356605212,-0.49824147327733465,-1.0
2026-04-28,0.8618601034343976,0.12636802435714273,0.52074748933005,-1.0
2026-04-29,0.8555863970316838,0.1261001018625757,0.500946620114994,-1.0
2026-04-30,1.0,0.1225712126041818,-0.539450319838618,-1.0
2026-05-01,1.0,0.12243199013377387,-0.591005285965785,-1.0
2026-05-04,1.0,0.1332614476470823,-0.6652250150171222,-1.0
2026-05-05,1.0,0.1312316174897446,-0.6061745879481711,-1.0
2026-05-06,1.0,0.12994899279238706,-0.598158900526769,-1.0
2026-05-07,1.0,0.15791280556957032,-0.5650429251747767,-1.0
2026-05-08,1.0,0.16018736147685964,-0.5709778194308788,-1.0
2026-05-11,1.0,0.16043412356857775,-0.5715926925841374,-1.0
2026-05-12,1.0,0.16026521654203305,-0.5727992874770396,-1.0
2026-05-13,1.0,0.17080217854545698,-0.5963948597410303,-1.0
2026-05-14,1.0,0.17020582825444255,-0.595008655224982,-1.0
2026-05-15,1.0,0.1724351713892528,-0.5944711315440236,-1.0
2026-05-18,1.0,0.21586800825243957,-0.5699665405073607,-1.0
2026-05-19,1.0,0.2300246048344923,-0.5743593771013041,-1.0
2026-05-20,1.0,0.2302753060196156,-0.6054321287042432,-1.0
2026-05-21,1.0,0.19382411541473404,-0.6082585000043621,-1.0
2026-05-22,1.0,0.1949740391010748,-0.6083431009771135,-1.0
2026-05-26,1.0,0.19586875809291987,-0.6109110148849867,-1.0
2026-05-27,1.0,0.19450724567698907,-0.6166520690046321,-1.0
2026-05-28,1.0,0.19079224221704216,-0.6340985472162091,-1.0
2026-05-29,1.0,0.2110915224047324,-0.6257387574674922,-1.0
2026-06-01,1.0,0.21106404728547676,-0.6312122506506233,-1.0
2026-06-02,1.0,0.19895247673843647,-0.6013481449626649,-1.0
2026-06-03,1.0,0.20581652715859958,-0.656414721519319,-1.0
2026-06-04,1.0,0.20747214219383842,-0.6513213207548272,-1.0
2026-06-05,1.0,0.22443917074079767,-0.767458346996778,-1.0
2026-06-08,0.9374714690955822,0.22124086497268908,-0.65396203166188,-1.0
2026-06-09,0.9567258654483191,0.22107252895611562,-0.6610429452321325,-1.0
2026-06-10,0.955692277309845,0.22110904578047863,-0.643039230193817,-1.0
2026-06-11,0.8814782198323226,0.22880977107104458,-0.5595142726982554,-1.0
2026-06-12,0.8168889142625285,0.2269519695360386,-0.5684278867078071,-1.0
2026-06-15,0.8242996101573623,0.2242160615336265,-0.48487716387723273,-1.0
2026-06-16,0.7953442344318564,0.2308536042288103,-0.4646394168914169,-1.0
2026-06-17,0.7869559745902736,0.2319964450375584,-0.4643500299178159,-1.0
2026-06-18,0.7623162927398486,0.2286505298286772,-0.4642014111129101,-1.0
2026-06-22,0.7571678349124951,0.2631942587158503,-0.43458238830220663,-1.0
2026-06-23,0.7547039750559725,-0.26263334752247935,-0.4342346433399598,-1.0
2026-06-24,0.7225896942066762,-0.26389986625424,-0.431798299988806,-1.0
2026-06-25,0.7298563382151383,-0.26038651466482043,-0.4054065686860025,-1.0
2026-06-26,0.7300611390023719,-0.2660461199993379,-0.39987563049235664,-1.0
2026-06-29,0.7366305052372207,-0.2619063816261186,-0.3995876057388679,-1.0
2026-06-30,0.7049699214557562,-0.2540372262496958,-0.40794033146859293,-1.0
2026-07-01,0.6989894456757169,-0.29335762842923874,-0.41210434982512656,-1.0
2026-07-02,0.6994671346700486,-0.30519107818704,-0.4061569954640749,-1.0
2026-07-06,0.7053916082102956,-0.32259129005252785,-0.4012283651874524,-1.0
2026-07-07,0.6968389450785116,-0.32338768021004505,-0.4001223037790981,-1.0
2026-07-08,0.8287886466974114,-0.3031209921954187,-0.4244063747337231,-1.0
2026-07-09,0.8253572557834823,-0.27532602770968573,-0.41684616071993624,-1.0
2026-07-10,0.8181172029873228,-0.27982570467289464,-0.41530753630495826,-1.0
2026-07-13,0.8991292420288414,-0.2896197793646475,-0.45855809857467117,-1.0
2026-07-14,0.9405639557242934,-0.2191091005560086,-0.43365547472991606,-1.0
2026-07-15,0.9443864828176294,-0.22109515586865175,-0.46151725563423884,-1.0
2026-07-16,1.0,-0.23230253065082032,-0.5034175471061221,-1.0
2026-07-17,1.0,-0.2537345341182446,-0.4980496355575648,-1.0
2026-07-20,1.0,-0.24244101764728285,-0.49766511743826825,-1.0
2026-07-21,1.0,-0.2425979094958099,-0.5444239935291576,-1.0
2026-07-22,1.0,-0.24662610617472389,-0.5292673878886622,-1.0
2026-07-23,1.0,-0.2510033128615803,-0.5155028553720696,-1.0
2026-07-24,1.0,-0.2513811607952041,-0.5533557500576561,-1.0
2026-07-27,1.0,-0.23951147478761478,-0.5584660129502751,-1.0
2026-07-28,1.0,-0.2140828903854753,-0.5689746536839638,-1.0
2026-07-29,1.0,-0.20539711345695877,-0.5775989490009974,-1.0
2026-07-30,1.0,-0.19624650756748482,-0.5775649381265978,-1.0
2026-07-31,0.9990862914015494,-0.19668242927825455,-0.5667594151960418,-1.0
2026-08-03,0.9825014928114533,-0.19696154319054482,-0.5643296891293066,-1.0
2026-08-04,0.9297840159245951,-0.18594385683407222,-0.5741098426348222,-1.0
2026-08-05,0.851111419419003,-0.1765692202578108,-0.5535713281275062,-1.0
2026-08-06,0.8530931307059058,-0.18035751087705104,-0.49509304757401806,-1.0
2026-08-07,0.8628846141301179,-0.18017069723158421,-0.5036580648725157,-1.0
2026-08-10,0.8592054804090106,-0.18057467919516912,-0.48414660781354785,-1.0
2026-08-11,0.880554453706489,-0.1981839232373448,-0.5352486489854638,-1.0
2026-08-12,0.8749791173728209,-0.19835905070138768,-0.5448787889102231,-1.0
2026-08-13,0.8751264286175088,-0.19834261383789717,-0.5496987326888648,-1.0
2026-08-14,0.8780017488246155,-0.19630914885649126,-0.5602179048547513,-1.0
2026-08-17,0.9216157291663913,-0.20227428459848626,-0.5605663608913058,-1.0
2026-08-18,0.91165976370567,-0.20036808625389507,-0.5616144069491567,-1.0
2026-08-19,0.9023425566919986,-0.20160201569723826,-0.551278112264195,-1.0
2026-08-20,0.9033707689923537,-0.20301955047513667,-0.5254895926510345,-1.0
2026-08-21,0.9362391419651294,-0.2164418725952479,-0.588677148381264,-1.0
2026-08-24,0.9350511522253806,-0.22028252399219422,-0.5623034629320839,-1.0
2026-08-25,0.9290617900092039,-0.24911232098831146,-0.5634736391261491,-1.0
2026-08-26,0.9285946944846725,-0.2540767226445421,-0.5804784624186112,-1.0
2026-08-27,1.0,-0.29102570336150696,-0.5651642203643248,-1.0
2026-08-28,1.0,-0.2892966208502573,-0.5718895822202548,-1.0
2026-08-31,1.0,-0.291071687244884,0.5135282893934076,-1.0
2026-09-01,1.0,-0.3162737025065878,0.5041655874100767,-1.0
2026-09-02,1.0,-0.34635827586287854,0.4837221271502375,-1.0
2026-09-03,1.0,-0.35150920022346804,0.555525005449919,-1.0
2026-09-04,1.0,-0.35734684651756926,0.5099348269892869,-1.0
2026-09-07,1.0,-0.3567373357639216,0.5219337753559855,-1.0
