date,ES=F,CL=F,GC=F,ZN=F
2019-01-02,2511.0,46.540000915527344,1281.0,122.1875
2019-01-03,2447.75,47.09000015258789,1291.800048828125,123.15625
2019-01-04,2531.25,47.959999084472656,1282.699951171875,122.296875
2019-01-07,2550.5,48.52000045776367,1286.800048828125,122.046875
2019-01-08,2572.5,49.779998779296875,1283.199951171875,121.75
2019-01-09,2582.5,52.36000061035156,1289.300048828125,121.71875
2019-01-10,2594.0,52.59000015258789,1284.699951171875,121.71875
2019-01-11,2595.0,51.59000015258789,1287.0999755859375,121.953125
2019-01-14,2580.5,50.5099983215332,1289.0999755859375,121.90625
2019-01-15,2605.5,52.11000061035156,1286.199951171875,121.90625
2019-01-16,2613.25,52.310001373291016,1291.5999755859375,121.71875
2019-01-17,2635.25,52.06999969482422,1291.0,121.515625
2019-01-18,2671.5,53.79999923706055,1281.300048828125,121.171875
2019-01-22,2632.0,52.56999969482422,1282.5,121.578125
2019-01-23,2638.25,52.619998931884766,1283.0999755859375,121.390625
2019-01-24,2634.0,53.130001068115234,1279.0999755859375,121.75
2019-01-25,2663.5,53.689998626708984,1297.4000244140625,121.40625
2019-01-28,2642.0,51.9900016784668,1302.4000244140625,121.5
2019-01-29,2640.25,53.310001373291016,1308.199951171875,121.78125
2019-01-30,2682.5,54.22999954223633,1309.9000244140625,122.0
2019-01-31,2704.5,53.790000915527344,1319.699951171875,122.46875
2019-02-01,2704.25,55.2599983215332,1316.9000244140625,121.9375
2019-02-04,2721.25,54.560001373291016,1314.300048828125,121.71875
2019-02-05,2731.0,53.65999984741211,1314.199951171875,121.875
2019-02-06,2729.5,54.0099983215332,1309.5,121.890625
2019-02-07,2704.0,52.63999938964844,1309.4000244140625,122.28125
2019-02-08,2706.25,52.720001220703125,1313.699951171875,122.375
2019-02-11,2708.25,52.40999984741211,1307.0,122.125
2019-02-12,2744.75,53.099998474121094,1309.199951171875,121.953125
2019-02-13,2749.5,53.900001525878906,1310.800048828125,121.75
2019-02-14,2743.5,54.40999984741211,1309.800048828125,122.171875
2019-02-15,2777.0,55.59000015258789,1318.0999755859375,122.046875
2019-02-19,2778.75,56.09000015258789,1340.0999755859375,122.21875
2019-02-20,2787.0,56.91999816894531,1343.300048828125,122.15625
2019-02-21,2774.25,56.959999084472656,1323.5,121.90625
2019-02-22,2791.25,57.2599983215332,1329.199951171875,122.140625
2019-02-25,2797.0,55.47999954223633,1325.9000244140625,122.03125
2019-02-26,2791.5,55.5,1325.0999755859375,122.328125
2019-02-27,2795.0,56.939998626708984,1317.699951171875,121.921875
2019-02-28,2784.75,57.220001220703125,1312.800048828125,121.75
2019-03-01,2805.0,55.79999923706055,1296.4000244140625,121.4375
2019-03-04,2791.5,56.59000015258789,1284.800048828125,121.671875
2019-03-05,2791.5,56.560001373291016,1282.0,121.6875
2019-03-06,2771.5,56.220001220703125,1284.9000244140625,121.9375
2019-03-07,2750.0,56.65999984741211,1283.800048828125,122.421875
2019-03-08,2747.0,56.06999969482422,1297.0,122.515625
2019-03-11,2784.0,56.790000915527344,1288.800048828125,122.40625
2019-03-12,2792.0,56.869998931884766,1296.300048828125,122.609375
2019-03-13,2814.5,58.2599983215332,1307.5,122.59375
2019-03-14,2807.25,58.61000061035156,1293.4000244140625,122.453125
2019-03-15,2811.889892578125,58.52000045776367,1301.800048828125,122.703125
2019-03-18,2840.5,59.09000015258789,1300.300048828125,122.59375
2019-03-19,2836.5,59.029998779296875,1305.0,122.5
2019-03-20,2827.0,59.83000183105469,1300.5,122.6875
2019-03-21,2862.5,59.97999954223633,1306.0999755859375,123.359375
2019-03-22,2810.75,59.040000915527344,1311.5999755859375,124.03125
2019-03-25,2807.0,58.81999969482422,1321.9000244140625,124.328125
2019-03-26,2823.0,59.939998626708984,1314.300048828125,124.40625
2019-03-27,2810.5,59.40999984741211,1309.9000244140625,124.6875
2019-03-28,2821.0,59.29999923706055,1289.800048828125,124.5
2019-03-29,2837.75,60.13999938964844,1293.0,124.21875
2019-04-01,2870.5,61.59000015258789,1288.4000244140625,123.609375
2019-04-02,2867.0,62.58000183105469,1290.0,123.765625
2019-04-03,2879.75,62.459999084472656,1289.9000244140625,123.5
2019-04-04,2882.75,62.099998474121094,1289.0,123.546875
2019-04-05,2896.0,63.08000183105469,1290.4000244140625,123.59375
2019-04-08,2898.25,64.4000015258789,1297.0999755859375,123.453125
2019-04-09,2882.5,63.97999954223633,1303.5,123.640625
2019-04-10,2894.5,64.61000061035156,1309.0999755859375,123.796875
2019-04-11,2891.75,63.58000183105469,1288.5999755859375,123.5625
2019-04-12,2912.5,63.88999938964844,1290.5999755859375,123.09375
2019-04-15,2909.5,63.400001525878906,1286.800048828125,123.15625
2019-04-16,2911.5,64.05000305175781,1272.5999755859375,122.828125
2019-04-17,2900.5,63.7599983215332,1272.199951171875,122.859375
2019-04-18,2910.0,64.0,1271.9000244140625,123.140625
2019-04-22,2912.5,65.69999694824219,1273.5,122.9375
2019-04-23,2938.0,66.30000305175781,1269.300048828125,123.125
2019-04-24,2930.75,65.88999938964844,1275.5,123.53125
2019-04-25,2926.25,65.20999908447266,1275.800048828125,123.390625
2019-04-26,2941.5,63.29999923706055,1284.9000244140625,123.671875
2019-04-29,2943.0,63.5,1278.5999755859375,123.4375
2019-04-30,2948.5,63.90999984741211,1282.800048828125,123.671875
2019-05-01,2923.0,63.599998474121094,1281.4000244140625,123.578125
2019-05-02,2917.5,61.810001373291016,1269.699951171875,123.171875
2019-05-03,2947.5,61.939998626708984,1279.199951171875,123.34375
2019-05-06,2932.5,62.25,1281.699951171875,123.625
2019-05-07,2890.75,61.400001525878906,1283.5,124.015625
2019-05-08,2887.25,62.119998931884766,1279.4000244140625,123.75
2019-05-09,2872.75,61.70000076293945,1283.5,123.984375
2019-05-10,2887.0,61.65999984741211,1285.699951171875,123.984375
2019-05-13,2807.0,61.040000915527344,1300.0999755859375,124.421875
2019-05-14,2839.25,61.779998779296875,1294.699951171875,124.328125
2019-05-15,2855.0,62.02000045776367,1296.300048828125,124.671875
2019-05-16,2878.5,62.869998931884766,1285.0,124.421875
2019-05-17,2862.0,62.7599983215332,1274.5,124.484375
2019-05-20,2844.0,63.099998474121094,1276.0999755859375,124.28125
2019-05-21,2866.0,62.9900016784668,1272.0,124.140625
2019-05-22,2857.5,61.41999816894531,1273.5999755859375,124.4375
2019-05-23,2819.5,57.90999984741211,1284.800048828125,125.203125
2019-05-24,2831.75,58.630001068115234,1283.0,124.890625
2019-05-28,2805.0,59.13999938964844,1276.5,125.390625
2019-05-29,2780.0,58.810001373291016,1280.5999755859375,125.625
2019-05-30,2790.5,56.59000015258789,1287.0999755859375,125.6875
2019-05-31,2752.5,53.5,1305.800048828125,126.375
2019-06-03,2749.5,53.25,1322.699951171875,126.890625
2019-06-04,2805.0,53.47999954223633,1323.4000244140625,126.59375
2019-06-05,2827.75,51.68000030517578,1328.300048828125,126.640625
2019-06-06,2845.75,52.59000015258789,1337.5999755859375,126.609375
2019-06-07,2875.0,53.9900016784668,1341.199951171875,126.890625
2019-06-10,2889.25,53.2599983215332,1324.699951171875,126.4375
2019-06-11,2887.0,53.27000045776367,1326.4000244140625,126.4375
2019-06-12,2881.0,51.13999938964844,1331.9000244140625,126.640625
2019-06-13,2894.5,52.279998779296875,1339.199951171875,127.0
2019-06-14,2890.5,52.5099983215332,1340.0999755859375,126.9375
2019-06-17,2892.0,51.93000030517578,1338.699951171875,126.96875
2019-06-18,2921.75,53.900001525878906,1346.5999755859375,127.140625
2019-06-19,2929.0,53.7599983215332,1344.5999755859375,126.90625
2019-06-20,2955.75,56.650001525878906,1392.9000244140625,128.0625
2019-06-21,2953.89990234375,57.43000030517578,1396.199951171875,127.515625
2019-06-24,2952.0,57.900001525878906,1414.300048828125,127.9375
2019-06-25,2922.0,57.83000183105469,1414.9000244140625,128.125
2019-06-26,2918.0,59.380001068115234,1411.5999755859375,127.59375
2019-06-27,2931.0,59.43000030517578,1408.4000244140625,127.9375
2019-06-28,2944.25,58.470001220703125,1409.699951171875,127.96875
2019-07-01,2967.75,59.09000015258789,1385.5999755859375,127.6875
2019-07-02,2979.5,56.25,1404.5999755859375,128.140625
2019-07-03,3000.25,57.34000015258789,1417.699951171875,128.25
2019-07-05,2990.5,57.5099983215332,1396.699951171875,127.46875
2019-07-08,2978.5,57.65999984741211,1397.0,127.5
2019-07-09,2982.0,57.83000183105469,1397.5,127.296875
2019-07-10,2997.5,60.43000030517578,1410.0999755859375,127.4375
2019-07-11,3004.0,60.20000076293945,1404.300048828125,126.984375
2019-07-12,3015.5,60.209999084472656,1409.9000244140625,127.109375
2019-07-15,3017.25,59.58000183105469,1411.4000244140625,127.171875
2019-07-16,3007.0,57.619998931884766,1409.199951171875,126.921875
2019-07-17,2985.0,56.779998779296875,1421.300048828125,127.359375
2019-07-18,2997.5,55.29999923706055,1426.0999755859375,127.640625
2019-07-19,2977.0,55.630001068115234,1425.0999755859375,127.53125
2019-07-22,2989.0,56.220001220703125,1425.300048828125,127.59375
2019-07-23,3008.0,56.77000045776367,1420.0999755859375,127.359375
2019-07-24,3021.5,55.880001068115234,1422.800048828125,127.515625
2019-07-25,3006.5,56.02000045776367,1413.9000244140625,127.28125
2019-07-26,3024.5,56.20000076293945,1418.5,127.21875
2019-07-29,3021.75,56.869998931884766,1419.5999755859375,127.453125
2019-07-30,3012.25,58.04999923706055,1429.699951171875,127.34375
2019-07-31,2982.25,58.58000183105469,1426.0999755859375,127.421875
2019-08-01,2952.0,53.95000076293945,1420.9000244140625,128.6875
2019-08-02,2932.5,55.65999984741211,1445.5999755859375,128.859375
2019-08-05,2830.0,54.689998626708984,1464.5999755859375,129.84375
2019-08-06,2876.0,53.630001068115234,1472.4000244140625,129.765625
2019-08-07,2880.5,51.09000015258789,1507.300048828125,130.15625
2019-08-08,2940.0,52.540000915527344,1497.699951171875,129.921875
2019-08-09,2919.75,54.5,1496.5999755859375,129.6875
2019-08-12,2880.25,54.93000030517578,1505.300048828125,130.375
2019-08-13,2932.0,57.099998474121094,1502.199951171875,129.828125
2019-08-14,2840.75,55.22999954223633,1515.9000244140625,130.515625
2019-08-15,2848.5,54.470001220703125,1519.5999755859375,130.953125
2019-08-16,2891.5,54.869998931884766,1512.5,130.921875
2019-08-19,2923.75,56.209999084472656,1500.4000244140625,130.4375
2019-08-20,2898.25,56.34000015258789,1504.5999755859375,130.734375
2019-08-21,2929.25,55.68000030517578,1504.5999755859375,130.53125
2019-08-22,2922.25,55.349998474121094,1497.300048828125,130.296875
2019-08-23,2855.5,54.16999816894531,1526.5999755859375,130.953125
2019-08-26,2883.25,53.63999938964844,1526.300048828125,130.78125
2019-08-27,2865.5,54.93000030517578,1541.0,131.140625
2019-08-28,2889.75,55.779998779296875,1537.800048828125,131.359375
2019-08-29,2926.75,56.709999084472656,1526.5,130.953125
2019-08-30,2924.75,55.099998474121094,1519.0999755859375,131.046875
2019-09-03,2906.0,53.939998626708984,1545.9000244140625,131.453125
2019-09-04,2938.5,56.2599983215332,1550.300048828125,131.609375
2019-09-05,2972.0,56.29999923706055,1515.4000244140625,130.65625
2019-09-06,2980.75,56.52000045776367,1506.199951171875,130.734375
2019-09-09,2978.25,57.849998474121094,1502.199951171875,130.25
2019-09-10,2978.5,57.400001525878906,1490.300048828125,129.5625
2019-09-11,3002.0,55.75,1494.4000244140625,129.34375
2019-09-12,3011.75,55.09000015258789,1498.699951171875,128.890625
2019-09-13,3006.5,54.849998474121094,1490.9000244140625,128.078125
2019-09-16,2999.0,62.900001525878906,1503.0999755859375,128.53125
2019-09-17,3005.5,59.34000015258789,1505.0999755859375,128.71875
2019-09-18,3006.25,58.11000061035156,1507.5,128.8125
2019-09-19,3006.0,58.130001068115234,1498.4000244140625,128.921875
2019-09-20,3013.610107421875,58.09000015258789,1507.300048828125,129.6875
2019-09-23,2997.0,58.63999938964844,1523.699951171875,130.078125
2019-09-24,2970.25,57.290000915527344,1532.0999755859375,130.71875
2019-09-25,2986.25,56.4900016784668,1504.5999755859375,129.953125
2019-09-26,2980.5,56.40999984741211,1507.5,130.28125
2019-09-27,2963.75,55.90999984741211,1499.0999755859375,130.390625
2019-09-30,2978.5,54.06999969482422,1465.699951171875,130.3125
2019-10-01,2937.75,53.619998931884766,1482.0,130.65625
2019-10-02,2880.5,52.63999938964844,1501.0,131.140625
2019-10-03,2911.75,52.45000076293945,1507.0999755859375,131.75
2019-10-04,2951.0,52.810001373291016,1506.199951171875,131.90625
2019-10-07,2937.5,52.75,1497.699951171875,131.515625
2019-10-08,2892.5,52.630001068115234,1497.199951171875,131.703125
2019-10-09,2919.0,52.59000015258789,1506.0999755859375,131.28125
2019-10-10,2941.0,53.54999923706055,1494.800048828125,130.703125
2019-10-11,2970.75,54.70000076293945,1482.699951171875,129.875
2019-10-14,2965.5,53.59000015258789,1491.699951171875,130.21875
2019-10-15,2997.75,52.810001373291016,1477.5999755859375,129.765625
2019-10-16,2991.5,53.36000061035156,1488.0,129.984375
2019-10-17,2998.0,53.93000030517578,1492.300048828125,129.90625
2019-10-18,2988.25,53.779998779296875,1488.199951171875,130.03125
2019-10-21,3006.5,53.310001373291016,1482.4000244140625,129.625
2019-10-22,2994.5,54.15999984741211,1481.699951171875,129.8125
2019-10-23,3005.75,55.970001220703125,1489.9000244140625,129.859375
2019-10-24,3004.25,56.22999954223633,1498.9000244140625,129.84375
2019-10-25,3020.25,56.65999984741211,1499.5,129.53125
2019-10-28,3036.25,55.810001373291016,1490.0,129.15625
2019-10-29,3035.75,55.540000915527344,1487.0,129.265625
2019-10-30,3047.75,55.060001373291016,1493.199951171875,129.484375
2019-10-31,3035.75,54.18000030517578,1511.4000244140625,130.296875
2019-11-01,3063.25,56.20000076293945,1508.0,130.015625
2019-11-04,3075.75,56.540000915527344,1508.0,129.578125
2019-11-05,3072.0,57.22999954223633,1480.800048828125,128.921875
2019-11-06,3075.5,56.349998474121094,1490.199951171875,129.328125
2019-11-07,3086.0,57.150001525878906,1464.199951171875,128.390625
2019-11-08,3090.5,57.2400016784668,1461.300048828125,128.390625
2019-11-11,3087.5,56.86000061035156,1455.5,128.390625
2019-11-12,3092.0,56.79999923706055,1452.0999755859375,128.53125
2019-11-13,3095.5,57.119998931884766,1461.699951171875,128.890625
2019-11-14,3097.0,56.77000045776367,1471.800048828125,129.34375
2019-11-15,3118.25,57.720001220703125,1467.300048828125,129.140625
2019-11-18,3121.75,57.04999923706055,1470.9000244140625,129.328125
2019-11-19,3118.5,55.209999084472656,1473.300048828125,129.4375
2019-11-20,3109.0,57.11000061035156,1473.300048828125,129.796875
2019-11-21,3104.0,58.58000183105469,1463.0999755859375,129.484375
2019-11-22,3111.5,57.77000045776367,1463.0999755859375,129.453125
2019-11-25,3132.75,58.0099983215332,1456.5999755859375,129.515625
2019-11-26,3143.75,58.40999984741211,1459.800048828125,129.6875
2019-11-27,3153.75,58.11000061035156,1453.4000244140625,129.375
2019-11-29,3143.75,55.16999816894531,1465.5999755859375,129.296875
2019-12-02,3114.25,55.959999084472656,1462.300048828125,128.890625
2019-12-03,3091.0,56.099998474121094,1478.199951171875,129.96875
2019-12-04,3111.0,58.43000030517578,1474.0,129.40625
2019-12-05,3117.75,58.43000030517578,1476.9000244140625,129.3125
2019-12-06,3146.0,59.20000076293945,1459.0999755859375,128.90625
2019-12-09,3134.5,59.02000045776367,1459.300048828125,129.0
2019-12-10,3136.0,59.2400016784668,1462.5999755859375,128.9375
2019-12-11,3143.0,58.7599983215332,1469.4000244140625,129.296875
2019-12-12,3168.0,59.18000030517578,1466.699951171875,128.4375
2019-12-13,3172.0,60.06999969482422,1475.5999755859375,129.09375
2019-12-16,3194.25,60.209999084472656,1475.0,128.53125
2019-12-17,3192.0,60.939998626708984,1474.5999755859375,128.578125
2019-12-18,3194.75,60.93000030517578,1472.5999755859375,128.328125
2019-12-19,3207.0,61.220001220703125,1478.199951171875,128.5625
2019-12-20,3231.02001953125,60.439998626708984,1474.699951171875,128.25
2019-12-23,3227.25,60.52000045776367,1482.5,128.09375
2019-12-24,3225.75,61.11000061035156,1499.0999755859375,128.3125
2019-12-26,3244.5,61.68000030517578,1509.300048828125,128.375
2019-12-27,3237.5,61.720001220703125,1513.800048828125,128.65625
2019-12-30,3223.5,61.68000030517578,1514.5,128.53125
2019-12-31,3231.0,61.060001373291016,1519.5,128.421875
2020-01-02,3259.0,61.18000030517578,1524.5,128.625
2020-01-03,3235.5,63.04999923706055,1549.199951171875,129.390625
2020-01-06,3243.5,63.27000045776367,1566.199951171875,129.25
2020-01-07,3235.25,62.70000076293945,1571.800048828125,129.15625
2020-01-08,3260.25,59.61000061035156,1557.4000244140625,128.765625
2020-01-09,3276.0,59.560001373291016,1551.699951171875,128.890625
2020-01-10,3264.75,59.040000915527344,1557.5,129.078125
2020-01-13,3289.75,58.08000183105469,1548.4000244140625,128.921875
2020-01-14,3288.0,58.22999954223633,1542.4000244140625,129.140625
2020-01-15,3293.75,57.810001373291016,1552.0999755859375,129.34375
2020-01-16,3316.5,58.52000045776367,1549.0,129.15625
2020-01-17,3325.0,58.540000915527344,1558.800048828125,129.046875
2020-01-21,3319.5,58.34000015258789,1556.4000244140625,129.578125
2020-01-22,3319.75,56.7400016784668,1555.300048828125,129.546875
2020-01-23,3326.0,55.59000015258789,1564.5999755859375,129.78125
2020-01-24,3293.5,54.189998626708984,1571.0999755859375,130.28125
2020-01-27,3239.5,53.13999938964844,1576.800048828125,130.890625
2020-01-28,3278.25,53.47999954223633,1569.199951171875,130.609375
2020-01-29,3272.5,53.33000183105469,1569.800048828125,131.015625
2020-01-30,3289.75,52.13999938964844,1583.5,131.3125
2020-01-31,3224.0,51.560001373291016,1582.9000244140625,131.65625
2020-02-03,3245.5,50.11000061035156,1577.199951171875,131.578125
2020-02-04,3299.5,49.61000061035156,1550.4000244140625,130.890625
2020-02-05,3335.0,50.75,1557.800048828125,130.546875
2020-02-06,3345.25,50.95000076293945,1565.0999755859375,130.5625
2020-02-07,3325.5,50.31999969482422,1568.5999755859375,131.078125
2020-02-10,3353.0,49.56999969482422,1574.699951171875,131.359375
2020-02-11,3357.5,49.939998626708984,1565.5999755859375,131.0
2020-02-12,3380.5,51.16999816894531,1567.4000244140625,130.6875
2020-02-13,3377.5,51.41999816894531,1575.0999755859375,130.765625
2020-02-14,3381.0,52.04999923706055,1582.699951171875,130.984375
2020-02-18,3369.25,52.04999923706055,1600.0,131.203125
2020-02-19,3387.25,53.290000915527344,1607.5,131.078125
2020-02-20,3369.25,53.779998779296875,1616.5999755859375,131.4375
2020-02-21,3339.25,53.380001068115234,1644.5999755859375,131.859375
2020-02-24,3226.25,51.43000030517578,1672.4000244140625,132.65625
2020-02-25,3132.5,49.900001525878906,1646.9000244140625,133.125
2020-02-26,3110.25,48.72999954223633,1640.0,133.328125
2020-02-27,2957.0,47.09000015258789,1640.0,133.4375
2020-02-28,2951.0,44.7599983215332,1564.0999755859375,134.84375
2020-03-02,3065.0,46.75,1592.300048828125,135.265625
2020-03-03,2997.0,47.18000030517578,1642.0999755859375,136.0
2020-03-04,3114.75,46.779998779296875,1641.0999755859375,136.25
2020-03-05,3015.5,45.900001525878906,1666.4000244140625,136.765625
2020-03-06,2964.0,41.279998779296875,1670.800048828125,138.046875
2020-03-09,2747.75,31.1299991607666,1674.5,139.296875
2020-03-10,2865.75,34.36000061035156,1659.0999755859375,137.546875
2020-03-11,2740.25,32.97999954223633,1641.4000244140625,137.140625
2020-03-12,2469.0,31.5,1589.300048828125,136.890625
2020-03-13,2696.0,31.729999542236328,1515.699951171875,135.796875
2020-03-16,2416.25,28.700000762939453,1485.9000244140625,138.0625
2020-03-17,2495.5,26.950000762939453,1524.9000244140625,136.0625
2020-03-18,2414.0,20.3700008392334,1477.300048828125,134.375
2020-03-19,2403.25,25.219999313354492,1478.5999755859375,135.3125
2020-03-20,2437.97998046875,22.43000030517578,1484.0,136.5
2020-03-23,2220.5,23.360000610351562,1567.0,138.203125
2020-03-24,2438.0,24.010000228881836,1660.199951171875,137.453125
2020-03-25,2467.0,24.489999771118164,1632.300048828125,137.34375
2020-03-26,2608.0,22.600000381469727,1650.0999755859375,137.734375
2020-03-27,2524.0,21.510000228881836,1623.9000244140625,138.265625
2020-03-30,2611.25,20.09000015258789,1622.0,138.828125
2020-03-31,2569.75,20.479999542236328,1583.4000244140625,138.6875
2020-04-01,2448.0,20.309999465942383,1578.199951171875,138.984375
2020-04-02,2516.5,25.31999969482422,1625.699951171875,138.890625
2020-04-03,2482.75,28.34000015258789,1633.699951171875,139.140625
2020-04-06,2644.5,26.079999923706055,1677.0,138.40625
2020-04-07,2642.0,23.6299991607666,1664.800048828125,137.90625
2020-04-08,2735.0,25.09000015258789,1665.4000244140625,137.84375
2020-04-09,2779.75,22.760000228881836,1736.199951171875,138.25
2020-04-13,2759.25,22.40999984741211,1744.800048828125,138.078125
2020-04-14,2843.0,20.110000610351562,1756.699951171875,138.21875
2020-04-15,2775.0,19.8700008392334,1727.199951171875,139.15625
2020-04-16,2787.5,19.8700008392334,1720.4000244140625,139.234375
2020-04-17,2870.0,18.270000457763672,1689.199951171875,138.890625
2020-04-20,2806.5,-37.630001068115234,1701.5999755859375,139.109375
2020-04-21,2732.0,10.010000228881836,1678.199951171875,139.390625
2020-04-22,2788.5,13.779999732971191,1728.699951171875,139.046875
2020-04-23,2780.75,16.5,1733.300048828125,139.015625
2020-04-24,2829.5,16.940000534057617,1723.5,139.109375
2020-04-27,2869.0,12.779999732971191,1711.9000244140625,138.65625
2020-04-28,2867.25,12.34000015258789,1710.5,139.015625
2020-04-29,2941.0,15.0600004196167,1703.4000244140625,138.96875
2020-04-30,2902.5,18.84000015258789,1684.199951171875,139.0625
2020-05-01,2821.75,19.780000686645508,1694.5,138.875
2020-05-04,2825.25,20.389999389648438,1706.9000244140625,138.96875
2020-05-05,2858.25,24.559999465942383,1704.4000244140625,138.859375
2020-05-06,2833.5,23.989999771118164,1684.199951171875,138.546875
2020-05-07,2880.0,23.549999237060547,1721.800048828125,139.296875
2020-05-08,2928.5,24.739999771118164,1709.9000244140625,138.953125
2020-05-11,2922.75,24.139999389648438,1695.300048828125,138.625
2020-05-12,2852.5,25.780000686645508,1704.4000244140625,138.953125
2020-05-13,2813.0,25.290000915527344,1713.9000244140625,139.21875
2020-05-14,2847.0,27.559999465942383,1738.0999755859375,139.421875
2020-05-15,2846.5,29.43000030517578,1753.4000244140625,139.328125
2020-05-18,2948.0,31.81999969482422,1731.800048828125,138.59375
2020-05-19,2918.75,32.5,1744.199951171875,138.859375
2020-05-20,2968.5,33.4900016784668,1750.5999755859375,139.078125
2020-05-21,2937.0,33.91999816894531,1720.5,139.0625
2020-05-22,2953.0,33.25,1734.5999755859375,139.15625
2020-05-26,2994.5,34.349998474121094,1704.800048828125,138.953125
2020-05-27,3035.5,32.810001373291016,1710.300048828125,139.125
2020-05-28,3038.0,33.709999084472656,1713.300048828125,138.953125
2020-05-29,3042.0,35.4900016784668,1736.9000244140625,139.375
2020-06-01,3054.0,35.439998626708984,1737.800048828125,139.328125
2020-06-02,3077.0,36.810001373291016,1725.199951171875,139.1875
2020-06-03,3117.75,37.290000915527344,1697.800048828125,138.5625
2020-06-04,3110.5,37.40999984741211,1718.9000244140625,138.203125
2020-06-05,3186.75,39.54999923706055,1676.199951171875,137.546875
2020-06-08,3227.5,38.189998626708984,1698.300048828125,137.734375
2020-06-09,3205.5,38.939998626708984,1714.699951171875,138.15625
2020-06-10,3186.0,39.599998474121094,1713.300048828125,138.875
2020-06-11,3010.25,36.34000015258789,1732.0,139.421875
2020-06-12,3034.75,36.2599983215332,1729.300048828125,139.109375
2020-06-15,3073.0,37.119998931884766,1720.300048828125,139.109375
2020-06-16,3128.75,38.380001068115234,1729.5999755859375,138.796875
2020-06-17,3118.0,37.959999084472656,1729.199951171875,138.96875
2020-06-18,3109.0,38.84000015258789,1724.800048828125,139.203125
2020-06-19,3161.260009765625,39.75,1745.9000244140625,139.15625
2020-06-22,3110.75,40.459999084472656,1756.699951171875,138.703125
2020-06-23,3118.5,40.369998931884766,1772.0999755859375,138.75
2020-06-24,3049.0,38.0099983215332,1765.800048828125,138.875
2020-06-25,3070.75,38.720001220703125,1762.0999755859375,138.90625
2020-06-26,3007.0,38.4900016784668,1772.5,139.21875
2020-06-29,3047.75,39.70000076293945,1774.800048828125,139.328125
2020-06-30,3090.25,39.27000045776367,1793.0,139.171875
2020-07-01,3103.0,39.81999969482422,1773.199951171875,138.953125
2020-07-02,3129.0,40.650001525878906,1784.0,139.09375
2020-07-06,3172.0,40.630001068115234,1788.5,138.984375
2020-07-07,3136.5,40.619998931884766,1804.199951171875,139.203125
2020-07-08,3163.5,40.900001525878906,1815.5,139.1875
2020-07-09,3141.0,39.619998931884766,1799.199951171875,139.5
2020-07-10,3178.5,40.54999923706055,1798.199951171875,139.21875
2020-07-13,3148.25,40.099998474121094,1811.0,139.21875
2020-07-14,3183.5,40.290000915527344,1810.5999755859375,139.421875
2020-07-15,3219.5,41.20000076293945,1811.4000244140625,139.34375
2020-07-16,3194.5,40.75,1798.699951171875,139.484375
2020-07-17,3214.0,40.59000015258789,1808.300048828125,139.359375
2020-07-20,3245.25,40.810001373291016,1815.9000244140625,139.390625
2020-07-21,3251.25,41.959999084472656,1842.4000244140625,139.515625
2020-07-22,3265.5,41.900001525878906,1864.0999755859375,139.5625
2020-07-23,3227.5,41.06999969482422,1889.0999755859375,139.625
2020-07-24,3204.0,41.290000915527344,1897.300048828125,139.578125
2020-07-27,3232.25,41.599998474121094,1931.0,139.46875
2020-07-28,3213.0,41.040000915527344,1944.699951171875,139.703125
2020-07-29,3252.5,41.27000045776367,1953.5,139.75
2020-07-30,3248.75,39.91999816894531,1942.300048828125,140.015625
2020-07-31,3263.5,40.27000045776367,1962.800048828125,140.078125
2020-08-03,3288.5,41.0099983215332,1966.0,139.9375
2020-08-04,3300.0,41.70000076293945,2001.199951171875,140.328125
2020-08-05,3316.0,42.189998626708984,2031.0999755859375,140.078125
2020-08-06,3344.25,41.95000076293945,2051.5,140.15625
2020-08-07,3344.75,41.220001220703125,2010.0999755859375,139.953125
2020-08-10,3352.75,41.939998626708984,2024.4000244140625,139.875
2020-08-11,3330.0,41.61000061035156,1932.5999755859375,139.25
2020-08-12,3370.0,42.66999816894531,1934.9000244140625,139.1875
2020-08-13,3367.75,42.2400016784668,1956.699951171875,138.96875
2020-08-14,3361.5,42.0099983215332,1937.0,139.125
2020-08-17,3379.75,42.88999938964844,1985.0,139.328125
2020-08-18,3387.0,42.88999938964844,1999.4000244140625,139.390625
2020-08-19,3372.75,42.93000030517578,1958.699951171875,139.375
2020-08-20,3380.75,42.58000183105469,1933.800048828125,139.5625
2020-08-21,3392.5,42.34000015258789,1934.5999755859375,139.5625
2020-08-24,3427.5,42.619998931884766,1927.699951171875,139.515625
2020-08-25,3443.0,43.349998474121094,1911.800048828125,139.3125
2020-08-26,3480.25,43.38999938964844,1940.699951171875,139.3125
2020-08-27,3485.25,43.040000915527344,1921.5999755859375,138.96875
2020-08-28,3504.5,42.970001220703125,1964.5999755859375,139.25
2020-08-31,3499.0,42.61000061035156,1967.5999755859375,139.40625
2020-09-01,3527.0,42.7599983215332,1968.199951171875,139.578125
2020-09-02,3579.25,41.5099983215332,1934.4000244140625,139.703125
2020-09-03,3461.5,41.369998931884766,1927.5999755859375,139.921875
2020-09-04,3417.5,39.77000045776367,1923.9000244140625,139.203125
2020-09-08,3335.5,36.7599983215332,1933.0,139.5625
2020-09-09,3400.25,38.04999923706055,1944.699951171875,139.46875
2020-09-10,3340.5,37.29999923706055,1954.199951171875,139.59375
2020-09-11,3333.75,37.33000183105469,1937.800048828125,139.765625
2020-09-14,3382.5,37.2599983215332,1953.0999755859375,139.734375
2020-09-15,3405.25,38.279998779296875,1956.300048828125,139.671875
2020-09-16,3389.5,40.15999984741211,1960.199951171875,139.640625
2020-09-17,3361.5,40.970001220703125,1940.0,139.640625
2020-09-18,3353.60009765625,41.11000061035156,1952.0999755859375,139.609375
2020-09-21,3275.0,39.310001373291016,1901.199951171875,139.765625
2020-09-22,3299.25,39.599998474121094,1898.5999755859375,139.625
2020-09-23,3231.25,39.93000030517578,1859.9000244140625,139.5
2020-09-24,3238.0,40.310001373291016,1868.300048828125,139.578125
2020-09-25,3287.25,40.25,1857.699951171875,139.640625
2020-09-28,3346.0,40.599998474121094,1872.800048828125,139.625
2020-09-29,3333.75,39.290000915527344,1894.300048828125,139.78125
2020-09-30,3352.0,40.220001220703125,1887.5,139.53125
2020-10-01,3367.75,38.720001220703125,1908.4000244140625,139.546875
2020-10-02,3339.25,37.04999923706055,1900.199951171875,139.4375
2020-10-05,3393.0,39.220001220703125,1912.5,138.921875
2020-10-06,3353.25,40.66999816894531,1901.0999755859375,139.046875
2020-10-07,3406.75,39.95000076293945,1883.5999755859375,138.71875
2020-10-08,3437.5,41.189998626708984,1888.5999755859375,138.921875
2020-10-09,3473.25,40.599998474121094,1919.5,138.828125
2020-10-12,3532.75,39.43000030517578,1922.5,138.90625
2020-10-13,3504.75,40.20000076293945,1888.5,139.203125
2020-10-14,3481.0,41.040000915527344,1901.300048828125,139.21875
2020-10-15,3475.5,40.959999084472656,1903.199951171875,139.125
2020-10-16,3462.25,40.880001068115234,1900.800048828125,139.0625
2020-10-19,3422.75,40.83000183105469,1906.4000244140625,138.921875
2020-10-20,3432.25,41.459999084472656,1910.4000244140625,138.703125
2020-10-21,3432.5,40.029998779296875,1924.5999755859375,138.578125
2020-10-22,3449.25,40.63999938964844,1901.0999755859375,138.328125
2020-10-23,3451.75,39.849998474121094,1902.0,138.359375
2020-10-26,3393.5,38.560001373291016,1902.699951171875,138.640625
2020-10-27,3383.0,39.56999969482422,1908.800048828125,138.84375
2020-10-28,3263.5,37.38999938964844,1876.199951171875,138.796875
2020-10-29,3302.25,36.16999816894531,1865.5999755859375,138.40625
2020-10-30,3264.75,35.790000915527344,1877.4000244140625,138.21875
2020-11-02,3300.5,36.810001373291016,1890.4000244140625,138.296875
2020-11-03,3361.5,37.65999984741211,1908.5,138.09375
2020-11-04,3435.0,39.150001525878906,1894.5999755859375,138.984375
2020-11-05,3504.75,38.790000915527344,1945.300048828125,138.875
2020-11-06,3500.75,37.13999938964844,1950.300048828125,138.546875
2020-11-09,3544.0,40.290000915527344,1853.199951171875,137.578125
2020-11-10,3541.0,41.36000061035156,1875.4000244140625,137.4375
2020-11-11,3568.0,41.45000076293945,1860.699951171875,137.609375
2020-11-12,3532.5,41.119998931884766,1872.5999755859375,138.15625
2020-11-13,3582.0,40.130001068115234,1885.699951171875,138.109375
2020-11-16,3623.0,41.34000015258789,1887.300048828125,138.03125
2020-11-17,3606.75,41.43000030517578,1884.5,138.296875
2020-11-18,3565.0,41.81999969482422,1873.5,138.1875
2020-11-19,3580.0,41.7400016784668,1861.0999755859375,138.359375
2020-11-20,3554.25,42.150001525878906,1872.5999755859375,138.5
2020-11-23,3576.0,43.060001373291016,1837.800048828125,138.3125
2020-11-24,3632.75,44.90999984741211,1804.800048828125,138.25
2020-11-25,3627.25,45.709999084472656,1805.699951171875,138.265625
2020-11-27,3636.5,45.529998779296875,1781.9000244140625,138.546875
2020-11-30,3623.25,45.34000015258789,1775.699951171875,138.53125
2020-12-01,3660.5,44.54999923706055,1814.0999755859375,137.84375
2020-12-02,3667.25,45.279998779296875,1825.699951171875,137.84375
2020-12-03,3664.5,45.63999938964844,1836.800048828125,138.078125
2020-12-04,3698.0,46.2599983215332,1835.9000244140625,137.8125
2020-12-07,3690.75,45.7599983215332,1861.800048828125,138.140625
2020-12-08,3702.0,45.599998474121094,1870.800048828125,138.21875
2020-12-09,3672.5,45.52000045776367,1834.5999755859375,138.046875
2020-12-10,3668.5,46.779998779296875,1833.5999755859375,138.3125
2020-12-11,3661.25,46.56999969482422,1839.800048828125,138.5
2020-12-14,3646.5,46.9900016784668,1828.699951171875,138.5
2020-12-15,3694.5,47.619998931884766,1852.300048828125,138.296875
2020-12-16,3700.75,47.81999969482422,1856.0999755859375,138.328125
2020-12-17,3721.25,48.36000061035156,1887.199951171875,138.296875
2020-12-18,3726.25,49.099998474121094,1885.699951171875,138.203125
2020-12-21,3685.75,47.7400016784668,1879.199951171875,138.40625
2020-12-22,3677.25,47.02000045776367,1866.5999755859375,137.984375
2020-12-23,3681.5,48.119998931884766,1874.699951171875,137.765625
2020-12-24,3695.0,48.22999954223633,1879.9000244140625,137.875
2020-12-28,3727.5,47.619998931884766,1877.199951171875,137.921875
2020-12-29,3720.0,48.0,1879.699951171875,137.921875
2020-12-30,3724.25,48.400001525878906,1891.0,137.96875
2020-12-31,3748.75,48.52000045776367,1893.0999755859375,138.078125
2021-01-04,3692.25,47.619998931884766,1944.699951171875,138.125
2021-01-05,3718.25,49.93000030517578,1952.699951171875,137.84375
2021-01-06,3740.5,50.630001068115234,1906.9000244140625,137.203125
2021-01-07,3795.5,50.83000183105469,1912.300048828125,136.953125
2021-01-08,3817.5,52.2400016784668,1834.0999755859375,136.65625
2021-01-11,3792.0,52.25,1849.5999755859375,136.421875
2021-01-12,3794.5,53.209999084472656,1842.9000244140625,136.390625
2021-01-13,3803.75,52.90999984741211,1853.5999755859375,136.765625
2021-01-14,3791.25,53.56999969482422,1850.300048828125,136.5625
2021-01-15,3762.25,52.36000061035156,1829.300048828125,136.859375
2021-01-19,3790.5,52.97999954223633,1839.5,136.9375
2021-01-20,3845.0,53.2400016784668,1865.9000244140625,136.96875
2021-01-21,3846.0,53.130001068115234,1865.300048828125,136.890625
2021-01-22,3834.25,52.27000045776367,1855.699951171875,137.03125
2021-01-25,3848.5,52.77000045776367,1854.9000244140625,137.375
2021-01-26,3842.5,52.61000061035156,1850.699951171875,137.375
2021-01-27,3744.25,52.849998474121094,1844.9000244140625,137.53125
2021-01-28,3779.25,52.34000015258789,1837.9000244140625,137.25
2021-01-29,3705.25,52.20000076293945,1847.300048828125,137.03125
2021-02-01,3765.75,53.54999923706055,1860.800048828125,137.1875
2021-02-02,3818.25,54.7599983215332,1830.5,136.9375
2021-02-03,3823.5,55.689998626708984,1832.199951171875,136.796875
2021-02-04,3864.5,56.22999954223633,1788.9000244140625,136.796875
2021-02-05,3880.25,56.849998474121094,1810.9000244140625,136.6875
2021-02-08,3908.0,57.970001220703125,1831.9000244140625,136.6875
2021-02-09,3905.5,58.36000061035156,1835.300048828125,136.71875
2021-02-10,3903.0,58.68000030517578,1840.5999755859375,136.921875
2021-02-11,3912.0,58.2400016784668,1824.9000244140625,136.859375
2021-02-12,3931.0,59.470001220703125,1821.5999755859375,136.546875
2021-02-16,3927.75,60.04999923706055,1797.199951171875,135.78125
2021-02-17,3928.0,61.13999938964844,1771.0999755859375,135.75
2021-02-18,3909.5,60.52000045776367,1773.4000244140625,135.859375
2021-02-19,3903.0,59.2400016784668,1775.800048828125,135.453125
2021-02-22,3873.5,61.4900016784668,1806.699951171875,135.328125
2021-02-23,3878.0,61.66999816894531,1804.4000244140625,135.421875
2021-02-24,3922.5,63.220001220703125,1796.4000244140625,135.15625
2021-02-25,3828.0,63.529998779296875,1774.4000244140625,133.671875
2021-02-26,3809.25,61.5,1728.0999755859375,133.796875
2021-03-01,3898.75,60.63999938964844,1722.5,134.28125
2021-03-02,3867.5,59.75,1733.0999755859375,134.640625
2021-03-03,3816.75,61.279998779296875,1715.300048828125,134.140625
2021-03-04,3765.5,63.83000183105469,1700.199951171875,133.5
2021-03-05,3839.0,66.08999633789062,1698.0,133.453125
2021-03-08,3819.25,65.05000305175781,1677.699951171875,132.984375
2021-03-09,3873.25,64.01000213623047,1716.5999755859375,133.40625
2021-03-10,3896.5,64.44000244140625,1721.5,133.625
2021-03-11,3936.75,66.0199966430664,1722.300048828125,133.71875
2021-03-12,3942.25,65.61000061035156,1719.5,132.90625
2021-03-15,3967.5,65.38999938964844,1728.9000244140625,133.078125
2021-03-16,3962.5,64.80000305175781,1730.5999755859375,133.078125
2021-03-17,3974.0,64.5999984741211,1726.800048828125,133.234375
2021-03-18,3916.5,60.0,1732.199951171875,132.4375
2021-03-19,3912.6201171875,61.41999816894531,1741.4000244140625,132.359375
2021-03-22,3930.0,61.54999923706055,1737.800048828125,132.75
2021-03-23,3899.75,57.7599983215332,1724.699951171875,131.921875
2021-03-24,3880.75,61.18000030517578,1732.9000244140625,132.09375
2021-03-25,3900.5,58.560001373291016,1724.9000244140625,132.140625
2021-03-26,3964.75,60.970001220703125,1732.199951171875,131.765625
2021-03-29,3959.0,61.560001373291016,1712.0999755859375,131.359375
2021-03-30,3947.75,60.54999923706055,1683.9000244140625,131.1875
2021-03-31,3967.5,59.15999984741211,1713.800048828125,130.9375
2021-04-01,4010.0,61.45000076293945,1726.5,131.421875
2021-04-05,4067.75,58.650001525878906,1727.0,131.109375
2021-04-06,4064.0,59.33000183105469,1741.5,131.6875
2021-04-07,4070.0,59.77000045776367,1740.0999755859375,131.828125
2021-04-08,4089.0,59.599998474121094,1756.800048828125,132.0
2021-04-09,4119.5,59.31999969482422,1743.300048828125,131.734375
2021-04-12,4120.25,59.70000076293945,1731.199951171875,131.625
2021-04-13,4132.75,60.18000030517578,1746.199951171875,132.078125
2021-04-14,4118.0,63.150001525878906,1734.9000244140625,131.921875
2021-04-15,4162.5,63.459999084472656,1765.4000244140625,132.65625
2021-04-16,4176.25,63.130001068115234,1779.0,132.375
2021-04-19,4155.5,63.380001068115234,1769.4000244140625,132.234375
2021-04-20,4126.5,62.439998626708984,1777.300048828125,132.5625
2021-04-21,4164.75,61.349998474121094,1792.300048828125,132.53125
2021-04-22,4127.75,61.43000030517578,1781.199951171875,132.546875
2021-04-23,4171.5,62.13999938964844,1777.0,132.4375
2021-04-26,4179.5,61.90999984741211,1779.199951171875,132.375
2021-04-27,4179.0,62.939998626708984,1778.0,132.03125
2021-04-28,4176.25,63.86000061035156,1773.199951171875,132.09375
2021-04-29,4203.5,65.01000213623047,1768.0999755859375,131.984375
2021-04-30,4174.5,63.58000183105469,1767.300048828125,132.03125
2021-05-03,4185.75,64.48999786376953,1791.4000244140625,132.328125
2021-05-04,4158.25,65.69000244140625,1775.800048828125,132.421875
2021-05-05,4160.0,65.62999725341797,1784.0999755859375,132.546875
2021-05-06,4194.25,64.70999908447266,1815.5,132.671875
2021-05-07,4225.25,64.9000015258789,1831.0999755859375,132.75
2021-05-10,4183.5,64.91999816894531,1837.5,132.609375
2021-05-11,4146.25,65.27999877929688,1835.9000244140625,132.453125
2021-05-12,4058.75,66.08000183105469,1822.5999755859375,131.921875
2021-05-13,4107.0,63.81999969482422,1823.800048828125,132.1875
2021-05-14,4169.0,65.37000274658203,1837.9000244140625,132.40625
2021-05-17,4157.75,66.2699966430664,1867.5,132.34375
2021-05-18,4123.0,65.48999786376953,1867.800048828125,132.390625
2021-05-19,4111.5,63.36000061035156,1881.300048828125,132.03125
2021-05-20,4154.25,62.04999923706055,1881.800048828125,132.484375
2021-05-21,4151.75,63.58000183105469,1876.699951171875,132.4375
2021-05-24,4193.75,66.05000305175781,1884.5999755859375,132.625
2021-05-25,4185.5,66.06999969482422,1898.0999755859375,132.96875
2021-05-26,4193.0,66.20999908447266,1901.300048828125,132.90625
2021-05-27,4199.0,66.8499984741211,1895.699951171875,132.6875
2021-05-28,4202.5,66.31999969482422,1902.5,132.859375
2021-06-01,4198.5,67.72000122070312,1902.9000244140625,132.734375
2021-06-02,4206.25,68.83000183105469,1907.5,132.859375
2021-06-03,4191.25,68.80999755859375,1871.199951171875,132.53125
2021-06-04,4228.25,69.62000274658203,1889.800048828125,133.125
2021-06-07,4225.5,69.2300033569336,1896.800048828125,133.03125
2021-06-08,4225.75,70.05000305175781,1892.199951171875,133.359375
2021-06-09,4218.5,69.95999908447266,1893.199951171875,133.640625
2021-06-10,4238.0,70.29000091552734,1894.199951171875,133.796875
2021-06-11,4245.75,70.91000366210938,1877.4000244140625,133.703125
2021-06-14,4254.75,70.87999725341797,1864.0,133.421875
2021-06-15,4246.5,72.12000274658203,1854.5,133.4375
2021-06-16,4223.0,72.1500015258789,1859.5,132.703125
2021-06-17,4222.25,71.04000091552734,1773.800048828125,132.90625
2021-06-18,4187.25,71.63999938964844,1767.9000244140625,133.15625
2021-06-21,4213.75,73.66000366210938,1781.800048828125,133.0625
2021-06-22,4236.25,73.05999755859375,1776.300048828125,132.359375
2021-06-23,4231.5,73.08000183105469,1782.300048828125,132.1875
2021-06-24,4256.0,73.30000305175781,1775.5999755859375,132.171875
2021-06-25,4271.25,74.05000305175781,1776.5999755859375,131.859375
2021-06-28,4280.5,72.91000366210938,1779.5999755859375,132.265625
2021-06-29,4282.0,72.9800033569336,1762.800048828125,132.265625
2021-06-30,4288.5,73.47000122070312,1770.800048828125,132.5
2021-07-01,4310.75,75.2300033569336,1775.9000244140625,132.265625
2021-07-02,4342.75,75.16000366210938,1782.5999755859375,132.671875
2021-07-06,4334.0,73.37000274658203,1793.5,133.21875
2021-07-07,4349.75,72.19999694824219,1801.5,133.546875
2021-07-08,4313.0,72.94000244140625,1799.5999755859375,133.890625
2021-07-09,4360.0,74.55999755859375,1810.0,133.421875
2021-07-12,4376.5,74.0999984741211,1805.5,133.40625
2021-07-13,4361.25,75.25,1809.4000244140625,132.984375
2021-07-14,4367.75,73.12999725341797,1824.300048828125,133.453125
2021-07-15,4352.0,71.6500015258789,1828.4000244140625,133.796875
2021-07-16,4318.5,71.80999755859375,1814.5,133.78125
2021-07-19,4251.25,66.41999816894531,1808.699951171875,134.6875
2021-07-20,4315.5,67.41999816894531,1810.9000244140625,134.671875
2021-07-21,4350.5,70.30000305175781,1802.9000244140625,134.109375
2021-07-22,4359.5,71.91000366210938,1805.0,134.25
2021-07-23,4403.0,72.06999969482422,1801.4000244140625,134.140625
2021-07-26,4414.25,71.91000366210938,1798.699951171875,134.203125
2021-07-27,4394.5,71.6500015258789,1799.5,134.46875
2021-07-28,4393.75,72.38999938964844,1799.5,134.265625
2021-07-29,4411.75,73.62000274658203,1831.199951171875,134.21875
2021-07-30,4389.5,73.94999694824219,1812.5999755859375,134.453125
2021-08-02,4379.75,71.26000213623047,1818.0999755859375,135.0
2021-08-03,4415.0,70.55999755859375,1810.0999755859375,135.0
2021-08-04,4394.75,68.1500015258789,1810.5,134.828125
2021-08-05,4421.5,69.08999633789062,1805.0999755859375,134.5
2021-08-06,4429.5,68.27999877929688,1760.0,134.0
2021-08-09,4425.75,66.4800033569336,1723.4000244140625,133.78125
2021-08-10,4430.0,68.29000091552734,1728.800048828125,133.546875
2021-08-11,4440.5,69.25,1750.4000244140625,133.578125
2021-08-12,4454.5,69.08999633789062,1749.0,133.453125
2021-08-13,4462.5,68.44000244140625,1775.199951171875,133.953125
2021-08-16,4474.0,67.29000091552734,1786.9000244140625,134.328125
2021-08-17,4443.5,66.58999633789062,1785.0,134.265625
2021-08-18,4394.5,65.45999908447266,1781.5999755859375,134.140625
2021-08-19,4401.5,63.689998626708984,1780.199951171875,134.328125
2021-08-20,4437.0,62.31999969482422,1781.0,134.125
2021-08-23,4475.5,65.63999938964844,1803.199951171875,134.21875
2021-08-24,4482.5,67.54000091552734,1805.5999755859375,133.984375
2021-08-25,4493.0,68.36000061035156,1788.199951171875,133.625
2021-08-26,4466.5,67.41999816894531,1792.199951171875,133.59375
2021-08-27,4505.5,68.73999786376953,1816.5999755859375,133.890625
2021-08-30,4525.25,69.20999908447266,1809.0,134.125
2021-08-31,4520.5,68.5,1815.0,134.046875
2021-09-01,4521.25,68.58999633789062,1813.0999755859375,134.046875
2021-09-02,4535.25,69.98999786376953,1808.699951171875,134.125
2021-09-03,4534.5,69.29000091552734,1830.9000244140625,134.0
2021-09-07,4519.25,68.3499984741211,1795.9000244140625,133.625
2021-09-08,4512.5,69.30000305175781,1790.699951171875,133.859375
2021-09-09,4492.25,68.13999938964844,1797.4000244140625,134.09375
2021-09-10,4458.25,69.72000122070312,1789.5999755859375,133.765625
2021-09-13,4469.0,70.44999694824219,1792.0,133.921875
2021-09-14,4444.5,70.45999908447266,1804.699951171875,134.203125
2021-09-15,4481.75,72.61000061035156,1792.4000244140625,134.0
2021-09-16,4474.25,72.61000061035156,1754.5999755859375,133.703125
2021-09-17,4464.330078125,71.97000122070312,1749.4000244140625,133.40625
2021-09-20,4348.25,70.29000091552734,1761.800048828125,133.84375
2021-09-21,4343.25,70.55999755859375,1776.0,133.859375
2021-09-22,4384.0,72.2300033569336,1776.699951171875,132.984375
2021-09-23,4438.0,73.30000305175781,1747.699951171875,132.375
2021-09-24,4445.75,73.9800033569336,1749.699951171875,132.015625
2021-09-27,4433.0,75.44999694824219,1750.0,131.796875
2021-09-28,4343.5,75.29000091552734,1735.800048828125,131.46875
2021-09-29,4349.75,74.83000183105469,1721.5,131.46875
2021-09-30,4297.75,75.02999877929688,1755.300048828125,131.609375
2021-10-01,4343.75,75.87999725341797,1757.0,132.171875
2021-10-04,4291.25,77.62000274658203,1766.199951171875,132.078125
2021-10-05,4334.0,78.93000030517578,1759.5999755859375,131.734375
2021-10-06,4354.0,77.43000030517578,1760.5,131.71875
2021-10-07,4390.0,78.30000305175781,1757.9000244140625,131.390625
2021-10-08,4382.25,79.3499984741211,1756.300048828125,131.140625
2021-10-11,4351.0,80.5199966430664,1754.5999755859375,130.84375
2021-10-12,4340.75,80.63999938964844,1758.300048828125,131.140625
2021-10-13,4355.0,80.44000244140625,1793.699951171875,131.21875
2021-10-14,4429.0,81.30999755859375,1796.699951171875,131.5
2021-10-15,4462.5,82.27999877929688,1767.199951171875,130.96875
2021-10-18,4477.5,82.44000244140625,1764.800048828125,130.765625
2021-10-19,4511.25,82.95999908447266,1769.699951171875,130.5625
2021-10-20,4528.0,83.87000274658203,1784.0999755859375,130.640625
2021-10-21,4541.75,82.5,1781.199951171875,130.1875
2021-10-22,4536.5,83.76000213623047,1795.5,130.34375
2021-10-25,4558.0,83.76000213623047,1806.0,130.5625
2021-10-26,4565.25,84.6500015258789,1792.699951171875,130.609375
2021-10-27,4544.5,82.66000366210938,1797.9000244140625,131.171875
2021-10-28,4587.5,82.80999755859375,1801.5999755859375,130.75
2021-10-29,4597.0,83.56999969482422,1783.0,130.703125
2021-11-01,4605.75,84.05000305175781,1795.0999755859375,130.65625
2021-11-02,4623.5,83.91000366210938,1788.699951171875,130.96875
2021-11-03,4652.25,80.86000061035156,1763.5999755859375,130.765625
2021-11-04,4673.25,78.80999755859375,1793.0,131.3125
2021-11-05,4690.25,81.2699966430664,1816.4000244140625,131.828125
2021-11-08,4694.0,81.93000030517578,1827.4000244140625,131.296875
2021-11-09,4678.25,84.1500015258789,1830.199951171875,131.84375
2021-11-10,4642.0,81.33999633789062,1847.5999755859375,130.734375
2021-11-11,4643.0,81.58999633789062,1863.199951171875,130.328125
2021-11-12,4678.25,80.79000091552734,1867.9000244140625,130.53125
2021-11-15,4679.0,80.87999725341797,1866.0999755859375,130.296875
2021-11-16,4696.0,80.76000213623047,1853.5999755859375,130.171875
2021-11-17,4686.25,78.36000061035156,1869.699951171875,130.453125
2021-11-18,4701.5,79.01000213623047,1861.0,130.578125
2021-11-19,4694.5,76.0999984741211,1851.199951171875,130.875
2021-11-22,4679.75,76.75,1806.0,130.0
2021-11-23,4688.5,78.5,1783.5,129.78125
2021-11-24,4699.0,78.38999938964844,1784.0999755859375,129.828125
2021-11-26,4595.75,68.1500015258789,1785.300048828125,131.171875
2021-11-29,4651.0,69.94999694824219,1782.300048828125,131.046875
2021-11-30,4566.25,66.18000030517578,1773.5999755859375,131.546875
2021-12-01,4508.5,65.56999969482422,1781.5999755859375,131.640625
2021-12-02,4575.75,66.5,1760.699951171875,131.3125
2021-12-03,4537.5,66.26000213623047,1782.0,132.125
2021-12-06,4590.0,69.48999786376953,1777.5,131.34375
2021-12-07,4685.0,72.05000305175781,1782.5999755859375,131.03125
2021-12-08,4699.0,72.36000061035156,1783.4000244140625,130.921875
2021-12-09,4667.0,70.94000244140625,1774.5999755859375,131.078125
2021-12-10,4711.0,71.66999816894531,1782.9000244140625,131.09375
2021-12-13,4668.75,71.29000091552734,1786.300048828125,131.515625
2021-12-14,4637.0,70.7300033569336,1770.4000244140625,131.296875
2021-12-15,4709.5,70.87000274658203,1762.5999755859375,131.15625
2021-12-16,4668.75,72.37999725341797,1796.5999755859375,131.765625
2021-12-17,4636.4599609375,70.86000061035156,1803.800048828125,131.828125
2021-12-20,4558.5,68.2300033569336,1793.699951171875,131.828125
2021-12-21,4640.75,71.12000274658203,1787.9000244140625,131.21875
2021-12-22,4686.0,72.76000213623047,1801.5999755859375,130.734375
2021-12-23,4715.75,73.79000091552734,1811.199951171875,130.546875
2021-12-27,4782.25,75.56999969482422,1808.0999755859375,130.5625
2021-12-28,4778.5,75.9800033569336,1810.199951171875,130.609375
2021-12-29,4784.5,76.55999755859375,1805.0999755859375,130.21875
2021-12-30,4772.25,76.98999786376953,1812.699951171875,130.40625
2021-12-31,4758.5,75.20999908447266,1827.5,130.46875
2022-01-03,4786.0,76.08000183105469,1799.4000244140625,129.4375
2022-01-04,4784.25,76.98999786376953,1814.0,129.28125
2022-01-05,4692.5,77.8499984741211,1824.5999755859375,128.84375
2022-01-06,4687.5,79.45999908447266,1788.699951171875,128.53125
2022-01-07,4667.75,78.9000015258789,1797.0,128.296875
2022-01-10,4662.25,78.2300033569336,1798.4000244140625,128.140625
2022-01-11,4705.0,81.22000122070312,1818.5999755859375,128.390625
2022-01-12,4716.25,82.63999938964844,1827.199951171875,128.578125
2022-01-13,4652.0,82.12000274658203,1821.199951171875,128.71875
2022-01-14,4654.75,83.81999969482422,1816.5,128.1875
2022-01-18,4571.25,85.43000030517578,1812.300048828125,127.375
2022-01-19,4524.25,86.95999908447266,1843.0999755859375,127.671875
2022-01-20,4474.75,86.9000015258789,1842.5,127.703125
2022-01-21,4390.0,85.13999938964844,1831.800048828125,128.3125
2022-01-24,4403.75,83.30999755859375,1841.699951171875,128.515625
2022-01-25,4349.0,85.5999984741211,1852.699951171875,128.125
2022-01-26,4341.5,87.3499984741211,1829.9000244140625,127.515625
2022-01-27,4317.75,86.61000061035156,1793.300048828125,127.65625
2022-01-28,4423.25,86.81999969482422,1784.9000244140625,127.953125
2022-01-31,4504.25,88.1500015258789,1795.0,127.96875
2022-02-01,4535.0,88.19999694824219,1800.300048828125,127.875
2022-02-02,4577.25,88.26000213623047,1809.199951171875,128.125
2022-02-03,4469.0,90.2699966430664,1803.0,127.640625
2022-02-04,4492.5,92.30999755859375,1806.5999755859375,126.765625
2022-02-07,4475.75,91.31999969482422,1820.5999755859375,126.90625
2022-02-08,4512.5,89.36000061035156,1826.5999755859375,126.578125
2022-02-09,4577.75,89.66000366210938,1835.199951171875,126.75
2022-02-10,4497.5,89.87999725341797,1836.199951171875,125.796875
2022-02-11,4409.5,93.0999984741211,1840.800048828125,126.390625
2022-02-14,4394.0,95.45999908447266,1868.0,125.984375
2022-02-15,4464.5,92.06999969482422,1854.800048828125,125.734375
2022-02-16,4470.0,93.66000366210938,1870.199951171875,125.8125
2022-02-17,4374.5,91.76000213623047,1900.699951171875,126.421875
2022-02-18,4343.5,91.06999969482422,1898.5999755859375,126.671875
2022-02-22,4300.0,92.3499984741211,1906.0999755859375,126.46875
2022-02-23,4222.0,92.0999984741211,1909.199951171875,126.28125
2022-02-24,4284.0,92.80999755859375,1925.0999755859375,126.46875
2022-02-25,4380.0,91.58999633789062,1886.5,126.25
2022-02-28,4368.0,95.72000122070312,1899.4000244140625,127.453125
2022-03-01,4303.75,103.41000366210938,1942.4000244140625,128.71875
2022-03-02,4381.75,110.5999984741211,1920.9000244140625,127.3125
2022-03-03,4359.25,107.66999816894531,1934.4000244140625,127.5625
2022-03-04,4327.25,115.68000030517578,1965.0999755859375,128.53125
2022-03-07,4198.5,119.4000015258789,1993.9000244140625,128.078125
2022-03-08,4168.75,123.69999694824219,2040.0999755859375,127.171875
2022-03-09,4275.25,108.69999694824219,1985.9000244140625,126.59375
2022-03-10,4257.25,106.0199966430664,1998.0999755859375,126.09375
2022-03-11,4201.5,109.33000183105469,1982.699951171875,126.015625
2022-03-14,4172.0,103.01000213623047,1959.5999755859375,124.953125
2022-03-15,4262.0,96.44000244140625,1928.5,124.8125
2022-03-16,4358.0,95.04000091552734,1908.0,124.453125
2022-03-17,4410.25,102.9800033569336,1942.0999755859375,124.515625
2022-03-18,4409.35009765625,104.69999694824219,1928.199951171875,124.8125
2022-03-21,4452.25,112.12000274658203,1928.5999755859375,123.4375
2022-03-22,4505.0,111.76000213623047,1920.699951171875,122.921875
2022-03-23,4447.5,114.93000030517578,1936.5999755859375,123.140625
2022-03-24,4512.5,112.33999633789062,1961.5999755859375,122.921875
2022-03-25,4536.5,113.9000015258789,1953.800048828125,121.546875
2022-03-28,4568.0,105.95999908447266,1939.5999755859375,121.703125
2022-03-29,4625.5,104.23999786376953,1912.0,122.328125
2022-03-30,4596.0,107.81999969482422,1933.5,122.625
2022-03-31,4530.75,100.27999877929688,1949.199951171875,122.875
2022-04-01,4539.25,99.2699966430664,1919.0999755859375,122.234375
2022-04-04,4577.75,103.27999877929688,1929.199951171875,122.09375
2022-04-05,4520.25,101.95999908447266,1922.9000244140625,120.921875
2022-04-06,4475.75,96.2300033569336,1918.4000244140625,120.6875
2022-04-07,4496.25,96.02999877929688,1933.800048828125,120.546875
2022-04-08,4483.5,98.26000213623047,1941.5999755859375,120.125
2022-04-11,4409.0,94.29000091552734,1944.300048828125,119.75
2022-04-12,4393.0,100.5999984741211,1972.0999755859375,120.5
2022-04-13,4442.25,104.25,1981.0,120.796875
2022-04-14,4387.5,106.94999694824219,1970.9000244140625,119.9375
2022-04-18,4386.75,108.20999908447266,1982.9000244140625,119.640625
2022-04-19,4459.25,102.55999755859375,1955.699951171875,119.109375
2022-04-20,4455.5,102.75,1952.300048828125,119.5
2022-04-21,4390.5,103.79000091552734,1944.9000244140625,118.75
2022-04-22,4267.25,102.06999969482422,1931.0,118.9375
2022-04-25,4292.75,98.54000091552734,1893.199951171875,119.609375
2022-04-26,4170.5,101.69999694824219,1901.4000244140625,120.046875
2022-04-27,4180.25,102.0199966430664,1885.9000244140625,119.796875
2022-04-28,4283.5,105.36000061035156,1888.699951171875,119.359375
2022-04-29,4127.5,104.69000244140625,1909.300048828125,119.15625
2022-05-02,4151.0,105.16999816894531,1861.800048828125,118.34375
2022-05-03,4169.25,102.41000366210938,1868.800048828125,118.515625
2022-05-04,4295.25,107.80999755859375,1867.0,119.15625
2022-05-05,4143.25,108.26000213623047,1874.0,118.0625
2022-05-06,4119.5,109.7699966430664,1881.199951171875,117.796875
2022-05-09,3987.5,103.08999633789062,1857.0999755859375,118.1875
2022-05-10,3996.75,99.76000213623047,1839.9000244140625,118.78125
2022-05-11,3930.25,105.70999908447266,1852.5999755859375,119.265625
2022-05-12,3927.25,106.12999725341797,1823.800048828125,120.0
2022-05-13,4019.75,110.48999786376953,1807.4000244140625,119.171875
2022-05-16,4004.75,114.19999694824219,1813.5,119.671875
2022-05-17,4084.75,112.4000015258789,1818.199951171875,118.859375
2022-05-18,3922.75,109.58999633789062,1815.9000244140625,119.4375
2022-05-19,3897.75,112.20999908447266,1841.199951171875,119.703125
2022-05-20,3899.5,113.2300033569336,1841.800048828125,120.125
2022-05-23,3971.75,110.29000091552734,1847.800048828125,119.578125
2022-05-24,3940.5,109.7699966430664,1865.0999755859375,120.375
2022-05-25,3976.75,110.33000183105469,1846.199951171875,120.59375
2022-05-26,4055.75,114.08999633789062,1847.4000244140625,120.59375
2022-05-27,4155.75,115.06999969482422,1851.300048828125,120.484375
2022-05-31,4131.25,114.66999816894531,1842.699951171875,119.84375
2022-06-01,4099.0,115.26000213623047,1843.300048828125,119.046875
2022-06-02,4175.25,116.87000274658203,1866.5,119.28125
2022-06-03,4107.0,118.87000274658203,1845.4000244140625,119.046875
2022-06-06,4120.5,118.5,1839.199951171875,118.453125
2022-06-07,4158.75,119.41000366210938,1847.5,118.953125
2022-06-08,4114.0,122.11000061035156,1851.9000244140625,118.609375
2022-06-09,4016.25,121.51000213623047,1848.800048828125,118.421875
2022-06-10,3899.0,120.66999816894531,1871.5,117.3125
2022-06-13,3750.5,120.93000030517578,1828.0,115.796875
2022-06-14,3736.75,118.93000030517578,1809.5,114.96875
2022-06-15,3789.25,115.30999755859375,1815.300048828125,115.6875
2022-06-16,3668.25,117.58999633789062,1845.699951171875,116.34375
2022-06-17,3663.760009765625,109.55999755859375,1835.5999755859375,116.6875
2022-06-21,3767.75,110.6500015258789,1834.5999755859375,116.34375
2022-06-22,3762.75,106.19000244140625,1834.300048828125,116.953125
2022-06-23,3799.75,104.2699966430664,1825.699951171875,117.65625
2022-06-24,3916.25,107.62000274658203,1826.5,117.34375
2022-06-27,3903.75,109.56999969482422,1820.9000244140625,116.8125
2022-06-28,3825.5,111.76000213623047,1817.5,116.703125
2022-06-29,3821.25,109.77999877929688,1813.699951171875,117.515625
2022-06-30,3789.5,105.76000213623047,1804.0999755859375,118.53125
2022-07-01,3827.25,108.43000030517578,1798.9000244140625,119.265625
2022-07-05,3834.0,99.5,1761.800048828125,119.921875
2022-07-06,3848.25,98.52999877929688,1734.9000244140625,119.046875
2022-07-07,3905.0,102.7300033569336,1737.9000244140625,118.265625
2022-07-08,3901.25,104.79000091552734,1740.5999755859375,117.625
2022-07-11,3856.75,104.08999633789062,1730.0,118.375
2022-07-12,3823.75,95.83999633789062,1723.300048828125,118.65625
2022-07-13,3804.5,96.30000305175781,1734.199951171875,118.921875
2022-07-14,3793.25,95.77999877929688,1704.5,118.5
2022-07-15,3865.0,97.58999633789062,1702.4000244140625,118.640625
2022-07-18,3833.75,102.5999984741211,1709.199951171875,118.46875
2022-07-19,3937.5,104.22000122070312,1710.0,117.96875
2022-07-20,3962.5,102.26000213623047,1699.5,117.78125
2022-07-21,4001.25,96.3499984741211,1712.699951171875,118.90625
2022-07-22,3965.0,94.69999694824219,1727.0999755859375,119.890625
2022-07-25,3970.0,96.69999694824219,1719.0,119.65625
2022-07-26,3923.25,94.9800033569336,1717.699951171875,119.859375
2022-07-27,4024.5,97.26000213623047,1719.0999755859375,120.421875
2022-07-28,4073.5,96.41999816894531,1750.300048828125,120.984375
2022-07-29,4133.5,98.62000274658203,1762.9000244140625,121.140625
2022-08-01,4120.5,93.88999938964844,1769.0,121.359375
2022-08-02,4093.75,94.41999816894531,1771.0999755859375,120.125
2022-08-03,4156.25,90.66000366210938,1758.0,120.09375
2022-08-04,4152.25,88.54000091552734,1788.5,120.734375
2022-08-05,4146.75,89.01000213623047,1772.9000244140625,119.375
2022-08-08,4141.75,90.76000213623047,1786.800048828125,119.859375
2022-08-09,4124.5,90.5,1794.0,119.484375
2022-08-10,4210.0,91.93000030517578,1795.5999755859375,119.75
2022-08-11,4209.75,94.33999633789062,1789.699951171875,119.09375
2022-08-12,4281.0,92.08999633789062,1798.5999755859375,119.265625
2022-08-15,4298.25,89.41000366210938,1781.4000244140625,119.703125
2022-08-16,4307.75,86.52999877929688,1773.199951171875,119.390625
2022-08-17,4276.75,88.11000061035156,1760.300048828125,118.765625
2022-08-18,4286.5,90.5,1755.300048828125,118.84375
2022-08-19,4231.5,90.7699966430664,1747.5999755859375,118.109375
2022-08-22,4141.25,90.2300033569336,1734.0,117.71875
2022-08-23,4130.5,93.73999786376953,1746.800048828125,117.625
2022-08-24,4142.75,94.88999938964844,1747.800048828125,117.25
2022-08-25,4201.0,92.5199966430664,1757.699951171875,117.78125
2022-08-26,4059.5,93.05999755859375,1736.0999755859375,117.578125
2022-08-29,4031.25,97.01000213623047,1736.5999755859375,117.03125
2022-08-30,3987.5,91.63999938964844,1723.199951171875,117.0
2022-08-31,3956.5,89.55000305175781,1712.800048828125,116.875
2022-09-01,3968.75,86.61000061035156,1696.5999755859375,115.984375
2022-09-02,3924.5,86.87000274658203,1709.800048828125,116.65625
2022-09-06,3910.5,86.87999725341797,1700.4000244140625,115.609375
2022-09-07,3980.0,81.94000244140625,1715.300048828125,116.171875
2022-09-08,4005.5,83.54000091552734,1708.0,115.96875
2022-09-09,4067.25,86.79000091552734,1716.199951171875,115.734375
2022-09-12,4110.75,87.77999877929688,1728.0999755859375,115.59375
2022-09-13,3931.25,87.30999755859375,1705.0,114.921875
2022-09-14,3947.5,88.4800033569336,1696.5,114.953125
2022-09-15,3902.0,85.0999984741211,1665.4000244140625,114.484375
2022-09-16,3871.239990234375,85.11000061035156,1671.699951171875,114.75
2022-09-19,3917.25,85.7300033569336,1666.199951171875,114.359375
2022-09-20,3872.75,84.44999694824219,1659.699951171875,113.84375
2022-09-21,3806.25,82.94000244140625,1664.5999755859375,113.625
2022-09-22,3772.0,83.48999786376953,1670.800048828125,112.75
2022-09-23,3709.0,78.73999786376953,1645.300048828125,112.625
2022-09-26,3670.0,76.70999908447266,1623.300048828125,111.359375
2022-09-27,3661.0,78.5,1626.699951171875,110.890625
2022-09-28,3732.0,82.1500015258789,1660.4000244140625,112.859375
2022-09-29,3654.25,81.2300033569336,1658.5,112.453125
2022-09-30,3601.5,79.48999786376953,1662.4000244140625,112.0625
2022-10-03,3690.25,83.62999725341797,1692.9000244140625,113.203125
2022-10-04,3803.25,86.5199966430664,1721.0999755859375,113.5
2022-10-05,3794.0,87.76000213623047,1711.4000244140625,112.53125
2022-10-06,3756.75,88.44999694824219,1711.699951171875,111.9375
2022-10-07,3653.25,92.63999938964844,1700.5,111.484375
2022-10-10,3625.25,91.12999725341797,1667.300048828125,111.015625
2022-10-11,3599.25,89.3499984741211,1678.699951171875,111.140625
2022-10-12,3588.5,87.2699966430664,1670.300048828125,111.484375
2022-10-13,3681.75,89.11000061035156,1670.0,111.015625
2022-10-14,3597.5,85.61000061035156,1641.699951171875,110.59375
2022-10-17,3689.25,85.45999908447266,1657.0,110.703125
2022-10-18,3732.75,82.81999969482422,1649.0,110.90625
2022-10-19,3707.25,85.55000305175781,1627.5,110.0
2022-10-20,3675.25,85.9800033569336,1630.800048828125,109.359375
2022-10-21,3764.0,85.05000305175781,1651.0,109.796875
2022-10-24,3809.25,84.58000183105469,1648.699951171875,109.734375
2022-10-25,3870.25,85.31999969482422,1652.800048828125,110.5625
2022-10-26,3841.0,87.91000366210938,1664.0,111.09375
2022-10-27,3819.5,89.08000183105469,1660.699951171875,111.6875
2022-10-28,3911.25,87.9000015258789,1639.5999755859375,111.0
2022-10-31,3883.0,86.52999877929688,1635.9000244140625,110.59375
2022-11-01,3866.0,88.37000274658203,1645.0,110.578125
2022-11-02,3768.75,90.0,1645.699951171875,110.625
2022-11-03,3727.75,88.16999816894531,1627.300048828125,110.03125
2022-11-04,3779.5,92.61000061035156,1672.5,110.046875
2022-11-07,3815.25,91.79000091552734,1676.5,109.640625
2022-11-08,3835.25,88.91000366210938,1712.0999755859375,110.28125
2022-11-09,3755.5,85.83000183105469,1710.0999755859375,110.328125
2022-11-10,3961.0,86.47000122070312,1750.300048828125,112.515625
2022-11-11,4000.25,88.95999908447266,1766.0,112.3125
2022-11-14,3966.0,85.87000274658203,1773.5999755859375,112.125
2022-11-15,3999.5,86.91999816894531,1773.800048828125,112.5625
2022-11-16,3968.5,85.58999633789062,1773.0,113.203125
2022-11-17,3955.25,81.63999938964844,1760.800048828125,112.625
2022-11-18,3974.0,80.08000183105469,1751.9000244140625,112.296875
2022-11-21,3958.0,79.7300033569336,1737.4000244140625,112.3125
2022-11-22,4010.25,80.94999694824219,1738.300048828125,112.609375
2022-11-23,4033.0,77.94000244140625,1744.9000244140625,112.953125
2022-11-25,4032.5,76.27999877929688,1753.300048828125,113.03125
2022-11-28,3970.25,77.23999786376953,1740.0999755859375,112.921875
2022-11-29,3962.0,78.19999694824219,1748.4000244140625,112.71875
2022-11-30,4081.25,80.55000305175781,1746.0,113.21875
2022-12-01,4081.75,81.22000122070312,1801.0999755859375,114.296875
2022-12-02,4075.5,79.9800033569336,1795.9000244140625,114.359375
2022-12-05,4003.25,76.93000030517578,1767.4000244140625,113.59375
2022-12-06,3945.0,74.25,1769.300048828125,114.09375
2022-12-07,3936.75,72.01000213623047,1785.5,114.859375
2022-12-08,3965.75,71.45999908447266,1788.699951171875,114.1875
2022-12-09,3936.25,71.0199966430664,1798.0999755859375,113.828125
2022-12-12,3991.75,73.16999816894531,1780.5,113.59375
2022-12-13,4022.25,75.38999938964844,1813.9000244140625,114.53125
2022-12-14,3998.0,77.27999877929688,1807.5,114.453125
2022-12-15,3897.0,76.11000061035156,1777.199951171875,114.703125
2022-12-16,3871.469970703125,74.29000091552734,1790.0,114.671875
2022-12-19,3845.5,75.19000244140625,1787.699951171875,114.046875
2022-12-20,3849.25,76.08999633789062,1815.9000244140625,113.453125
2022-12-21,3905.75,78.29000091552734,1815.9000244140625,113.5625
2022-12-22,3849.25,77.48999786376953,1787.0,113.546875
2022-12-23,3869.75,79.55999755859375,1795.9000244140625,113.078125
2022-12-27,3855.0,79.52999877929688,1814.800048828125,112.328125
2022-12-28,3807.5,78.95999908447266,1807.9000244140625,112.1875
2022-12-29,3871.75,78.4000015258789,1819.5,112.4375
2022-12-30,3861.0,80.26000213623047,1819.699951171875,112.296875
2023-01-03,3846.0,76.93000030517578,1839.699951171875,112.640625
2023-01-04,3874.5,72.83999633789062,1852.800048828125,113.1875
2023-01-05,3829.0,73.66999816894531,1834.800048828125,113.015625
2023-01-06,3915.5,73.7699966430664,1864.199951171875,114.21875
2023-01-09,3913.75,74.62999725341797,1872.699951171875,114.625
2023-01-10,3940.75,75.12000274658203,1871.5999755859375,114.0
2023-01-11,3990.0,77.41000366210938,1874.5999755859375,114.4375
2023-01-12,4003.5,78.38999938964844,1895.5,115.234375
2023-01-13,4018.25,79.86000061035156,1918.4000244140625,114.765625
2023-01-17,4009.5,80.18000030517578,1907.199951171875,114.671875
2023-01-18,3945.75,79.4800033569336,1904.4000244140625,115.90625
2023-01-19,3915.5,80.33000183105469,1922.0999755859375,115.640625
2023-01-20,3988.5,81.30999755859375,1926.4000244140625,115.0625
2023-01-23,4036.5,81.62000274658203,1927.0999755859375,114.6875
2023-01-24,4032.75,80.12999725341797,1933.9000244140625,115.03125
2023-01-25,4032.0,80.1500015258789,1941.199951171875,115.140625
2023-01-26,4075.5,81.01000213623047,1929.0999755859375,114.859375
2023-01-27,4084.25,79.68000030517578,1928.5999755859375,114.609375
2023-01-30,4032.5,77.9000015258789,1922.9000244140625,114.28125
2023-01-31,4090.0,78.87000274658203,1929.5,114.515625
2023-02-01,4132.25,76.41000366210938,1927.800048828125,115.484375
2023-02-02,4191.5,75.87999725341797,1916.300048828125,115.546875
2023-02-03,4147.75,73.38999938964844,1862.9000244140625,114.421875
2023-02-06,4123.5,74.11000061035156,1866.199951171875,113.5
2023-02-07,4175.75,77.13999938964844,1871.699951171875,113.234375
2023-02-08,4130.5,78.47000122070312,1877.4000244140625,113.40625
2023-02-09,4091.75,78.05999755859375,1866.199951171875,113.03125
2023-02-10,4099.75,79.72000122070312,1862.800048828125,112.6875
2023-02-13,4147.25,80.13999938964844,1851.9000244140625,112.78125
2023-02-14,4145.5,79.05999755859375,1854.0,112.328125
2023-02-15,4158.25,78.58999633789062,1834.199951171875,112.046875
2023-02-16,4099.75,78.48999786376953,1842.0,111.890625
2023-02-17,4087.5,76.33999633789062,1840.4000244140625,112.0
2023-02-21,4005.75,76.16000366210938,1833.0,111.0625
2023-02-22,3999.0,73.94999694824219,1832.0,111.203125
2023-02-23,4018.75,75.38999938964844,1818.0,111.4375
2023-02-24,3975.75,76.31999969482422,1808.800048828125,110.921875
2023-02-27,3988.0,75.68000030517578,1817.0,111.140625
2023-02-28,3975.5,77.05000305175781,1828.9000244140625,111.171875
2023-03-01,3956.5,77.69000244140625,1837.699951171875,110.5625
2023-03-02,3984.75,78.16000366210938,1833.5,110.09375
2023-03-03,4049.75,79.68000030517578,1847.699951171875,110.65625
2023-03-06,4052.5,80.45999908447266,1847.9000244140625,110.5625
2023-03-07,3989.75,77.58000183105469,1813.9000244140625,110.515625
2023-03-08,3995.0,76.66000366210938,1812.699951171875,110.453125
2023-03-09,3920.0,75.72000122070312,1829.300048828125,111.015625
2023-03-10,3862.75,76.68000030517578,1862.0,112.625
2023-03-13,3856.75,74.80000305175781,1911.699951171875,114.140625
2023-03-14,3920.5,71.33000183105469,1906.199951171875,113.34375
2023-03-15,3892.75,67.61000061035156,1926.5999755859375,114.53125
2023-03-16,3960.5,68.3499984741211,1919.0,113.65625
2023-03-17,3957.050048828125,66.73999786376953,1969.800048828125,115.125
2023-03-20,3983.0,67.63999938964844,1979.199951171875,114.59375
2023-03-21,4035.75,69.33000183105469,1938.0,113.640625
2023-03-22,3970.5,70.9000015258789,1946.800048828125,113.71875
2023-03-23,3978.0,69.95999908447266,1993.800048828125,115.984375
2023-03-24,4001.25,69.26000213623047,1982.0999755859375,116.109375
2023-03-27,4007.25,72.80999755859375,1952.4000244140625,114.984375
2023-03-28,4001.5,73.19999694824219,1972.4000244140625,114.640625
2023-03-29,4057.5,72.97000122070312,1966.0999755859375,114.53125
2023-03-30,4080.0,74.37000274658203,1980.300048828125,114.578125
2023-03-31,4137.75,75.66999816894531,1969.0,114.921875
2023-04-03,4153.75,80.41999816894531,1983.9000244140625,115.453125
2023-04-04,4129.0,80.70999908447266,2022.199951171875,116.25
2023-04-05,4117.25,80.61000061035156,2020.9000244140625,116.578125
2023-04-06,4132.0,80.69999694824219,2011.9000244140625,116.546875
2023-04-10,4136.25,79.73999786376953,1989.0999755859375,115.515625
2023-04-11,4136.5,81.52999877929688,2004.800048828125,115.375
2023-04-12,4119.0,83.26000213623047,2010.9000244140625,115.703125
2023-04-13,4172.75,82.16000366210938,2041.300048828125,115.453125
2023-04-14,4163.75,82.5199966430664,2002.199951171875,114.859375
2023-04-17,4176.75,80.83000183105469,1994.199951171875,114.359375
2023-04-18,4180.0,80.86000061035156,2007.4000244140625,114.484375
2023-04-19,4178.5,79.16000366210938,1995.199951171875,114.1875
2023-04-20,4152.5,77.29000091552734,2007.5999755859375,114.65625
2023-04-21,4156.75,77.87000274658203,1979.5,114.46875
2023-04-24,4159.5,78.76000213623047,1989.0999755859375,114.875
2023-04-25,4093.25,77.06999969482422,1994.0,115.796875
2023-04-26,4076.0,74.30000305175781,1985.699951171875,115.546875
2023-04-27,4153.75,74.76000213623047,1989.9000244140625,114.734375
2023-04-28,4188.5,76.77999877929688,1990.0999755859375,115.203125
2023-05-01,4185.75,75.66000366210938,1983.4000244140625,114.5
2023-05-02,4136.75,71.66000366210938,2014.300048828125,115.5625
2023-05-03,4107.5,68.5999984741211,2028.5999755859375,115.90625
2023-05-04,4075.75,68.55999755859375,2048.0,116.5625
2023-05-05,4150.25,71.33999633789062,2017.4000244140625,115.71875
2023-05-08,4152.75,73.16000366210938,2026.300048828125,115.171875
2023-05-09,4134.0,73.70999908447266,2036.199951171875,115.1875
2023-05-10,4152.0,72.55999755859375,2030.5,115.90625
2023-05-11,4143.75,70.87000274658203,2014.699951171875,116.046875
2023-05-12,4138.0,70.04000091552734,2014.5,115.4375
2023-05-15,4150.0,71.11000061035156,2018.0,115.234375
2023-05-16,4123.0,70.86000061035156,1988.4000244140625,114.921875
2023-05-17,4171.5,72.83000183105469,1980.699951171875,114.578125
2023-05-18,4212.0,71.86000061035156,1956.5,113.921875
2023-05-19,4204.75,71.55000305175781,1978.699951171875,113.5625
2023-05-22,4205.0,71.98999786376953,1974.800048828125,113.46875
2023-05-23,4158.75,72.91000366210938,1972.4000244140625,113.609375
2023-05-24,4126.0,74.33999633789062,1962.800048828125,113.421875
2023-05-25,4159.75,71.83000183105469,1943.0999755859375,112.625
2023-05-26,4213.25,72.66999816894531,1944.0999755859375,112.40625
2023-05-30,4215.0,69.45999908447266,1958.0,113.171875
2023-05-31,4190.5,68.08999633789062,1963.9000244140625,113.625
2023-06-01,4228.0,70.0999984741211,1978.0,113.921875
2023-06-02,4288.0,71.73999786376953,1952.4000244140625,113.046875
2023-06-05,4281.0,72.1500015258789,1958.0,113.109375
2023-06-06,4289.75,71.73999786376953,1965.5,113.03125
2023-06-07,4274.25,72.52999877929688,1942.699951171875,112.53125
2023-06-08,4298.25,71.29000091552734,1963.5999755859375,113.03125
2023-06-09,4304.75,70.16999816894531,1962.199951171875,112.65625
2023-06-12,4342.75,67.12000274658203,1955.300048828125,112.703125
2023-06-13,4371.75,69.41999816894531,1944.5999755859375,112.015625
2023-06-14,4374.25,68.2699966430664,1955.300048828125,112.203125
2023-06-15,4426.5,70.62000274658203,1957.800048828125,112.828125
2023-06-16,4453.35009765625,71.77999877929688,1958.4000244140625,112.40625
2023-06-20,4434.75,70.5,1935.5,112.671875
2023-06-21,4409.25,72.52999877929688,1933.300048828125,112.46875
2023-06-22,4423.75,69.51000213623047,1912.699951171875,112.734375
2023-06-23,4389.0,69.16000366210938,1919.0999755859375,113.078125
2023-06-26,4370.25,69.37000274658203,1923.699951171875,113.234375
2023-06-27,4418.75,67.69999694824219,1914.0,112.828125
2023-06-28,4417.5,69.55999755859375,1912.300048828125,113.25
2023-06-29,4435.75,69.86000061035156,1909.199951171875,112.125
2023-06-30,4488.25,70.63999938964844,1921.0999755859375,112.265625
2023-07-03,4492.25,69.79000091552734,1921.699951171875,111.9375
2023-07-05,4483.75,71.79000091552734,1919.5999755859375,111.359375
2023-07-06,4447.0,71.80000305175781,1908.699951171875,110.609375
2023-07-07,4434.0,73.86000061035156,1926.199951171875,110.671875
2023-07-10,4444.25,72.98999786376953,1925.0,111.140625
2023-07-11,4473.5,74.83000183105469,1931.300048828125,111.265625
2023-07-12,4507.5,75.75,1956.199951171875,112.265625
2023-07-13,4543.5,76.88999938964844,1959.199951171875,113.046875
2023-07-14,4536.75,75.41999816894531,1960.0999755859375,112.5625
2023-07-17,4553.75,74.1500015258789,1952.4000244140625,112.71875
2023-07-18,4587.75,75.75,1977.199951171875,112.75
2023-07-19,4597.0,75.3499984741211,1977.5,113.0
2023-07-20,4565.5,75.62999725341797,1968.300048828125,112.140625
2023-07-21,4564.75,77.06999969482422,1964.300048828125,112.234375
2023-07-24,4583.5,78.73999786376953,1960.300048828125,112.0625
2023-07-25,4596.0,79.62999725341797,1962.0999755859375,111.609375
2023-07-26,4595.25,78.77999877929688,1968.9000244140625,112.140625
2023-07-27,4564.25,80.08999633789062,1945.4000244140625,111.015625
2023-07-28,4606.5,80.58000183105469,1960.4000244140625,111.34375
2023-07-31,4614.5,81.80000305175781,1970.5,111.40625
2023-08-01,4601.25,81.37000274658203,1940.699951171875,110.875
2023-08-02,4537.25,79.48999786376953,1937.4000244140625,110.796875
2023-08-03,4521.75,81.55000305175781,1932.0,110.234375
2023-08-04,4498.0,82.81999969482422,1939.5999755859375,111.140625
2023-08-07,4537.75,81.94000244140625,1933.5,111.125
2023-08-08,4518.5,82.91999816894531,1924.0999755859375,111.40625
2023-08-09,4485.75,84.4000015258789,1915.4000244140625,111.390625
2023-08-10,4485.75,82.81999969482422,1914.4000244140625,110.859375
2023-08-11,4480.75,83.19000244140625,1912.9000244140625,110.1875
2023-08-14,4506.0,82.51000213623047,1910.5999755859375,110.0
2023-08-15,4454.0,80.98999786376953,1902.5,109.765625
2023-08-16,4420.0,79.37999725341797,1896.0999755859375,109.5625
2023-08-17,4384.5,80.38999938964844,1884.0999755859375,109.28125
2023-08-18,4382.75,81.25,1886.0999755859375,109.640625
2023-08-21,4412.5,80.72000122070312,1893.300048828125,109.078125
2023-08-22,4399.25,80.3499984741211,1896.4000244140625,109.0625
2023-08-23,4447.0,78.88999938964844,1918.5,109.90625
2023-08-24,4386.0,79.05000305175781,1918.199951171875,109.59375
2023-08-25,4414.25,79.83000183105469,1911.0999755859375,109.4375
2023-08-28,4442.25,80.0999984741211,1917.9000244140625,109.640625
2023-08-29,4506.75,81.16000366210938,1936.5,110.328125
2023-08-30,4524.25,81.62999725341797,1944.300048828125,110.359375
2023-08-31,4516.0,83.62999725341797,1938.199951171875,110.5625
2023-09-01,4521.5,85.55000305175781,1939.800048828125,110.15625
2023-09-05,4502.5,86.69000244140625,1926.199951171875,109.546875
2023-09-06,4471.5,87.54000091552734,1918.0999755859375,109.28125
2023-09-07,4456.25,86.87000274658203,1917.5,109.609375
2023-09-08,4461.75,87.51000213623047,1918.4000244140625,109.53125
2023-09-11,4490.25,87.29000091552734,1923.300048828125,109.40625
2023-09-12,4465.0,88.83999633789062,1911.300048828125,109.515625
2023-09-13,4468.75,88.5199966430664,1909.0999755859375,109.640625
2023-09-14,4506.0,90.16000366210938,1910.0,109.359375
2023-09-15,4491.72021484375,90.7699966430664,1923.699951171875,109.171875
2023-09-18,4501.5,91.4800033569336,1931.5,109.203125
2023-09-19,4490.0,91.19999694824219,1932.0,108.828125
2023-09-20,4447.0,90.27999877929688,1945.5999755859375,109.1875
2023-09-21,4372.0,89.62999725341797,1919.199951171875,108.421875
2023-09-22,4361.0,90.02999877929688,1925.4000244140625,108.6875
2023-09-25,4378.75,89.68000030517578,1916.5999755859375,108.171875
2023-09-26,4314.75,90.38999938964844,1900.4000244140625,108.109375
2023-09-27,4313.5,93.68000030517578,1871.5999755859375,107.578125
2023-09-28,4337.5,91.70999908447266,1860.4000244140625,107.859375
2023-09-29,4325.5,90.79000091552734,1848.0999755859375,108.0625
2023-10-02,4324.25,88.81999969482422,1830.0,107.328125
2023-10-03,4264.75,89.2300033569336,1824.5999755859375,106.640625
2023-10-04,4297.75,84.22000122070312,1818.5,107.109375
2023-10-05,4290.75,82.30999755859375,1816.5999755859375,107.3125
2023-10-06,4341.5,82.79000091552734,1830.199951171875,106.84375
2023-10-09,4368.75,86.37999725341797,1849.5,107.84375
2023-10-10,4391.5,85.97000122070312,1861.0,107.71875
2023-10-11,4409.75,83.48999786376953,1872.800048828125,107.9375
2023-10-12,4380.5,82.91000366210938,1869.300048828125,107.234375
2023-10-13,4357.25,87.69000244140625,1927.4000244140625,107.71875
2023-10-16,4401.0,86.66000366210938,1921.0999755859375,107.203125
2023-10-17,4401.75,86.66000366210938,1922.699951171875,106.21875
2023-10-18,4342.25,88.31999969482422,1955.300048828125,105.875
2023-10-19,4303.0,89.37000274658203,1968.4000244140625,105.421875
2023-10-20,4248.5,88.75,1982.5,106.0
2023-10-23,4241.75,85.48999786376953,1976.300048828125,106.484375
2023-10-24,4271.25,83.73999786376953,1975.0,106.359375
2023-10-25,4209.75,85.38999938964844,1984.0999755859375,105.671875
2023-10-26,4156.5,83.20999908447266,1987.199951171875,106.34375
2023-10-27,4137.75,85.54000091552734,1988.5999755859375,106.421875
2023-10-30,4185.75,82.30999755859375,1996.199951171875,106.21875
2023-10-31,4212.25,81.0199966430664,1985.199951171875,106.171875
2023-11-01,4256.0,80.44000244140625,1978.800048828125,106.859375
2023-11-02,4335.75,82.45999908447266,1985.5999755859375,107.484375
2023-11-03,4376.0,80.51000213623047,1991.5,108.359375
2023-11-06,4384.25,80.81999969482422,1981.5999755859375,107.59375
2023-11-07,4396.0,77.37000274658203,1966.800048828125,108.125
2023-11-08,4399.5,75.33000183105469,1951.5,108.328125
2023-11-09,4362.25,75.73999786376953,1964.199951171875,107.53125
2023-11-10,4430.5,77.16999816894531,1932.5999755859375,107.421875
2023-11-13,4425.25,78.26000213623047,1945.5,107.4375
2023-11-14,4511.0,78.26000213623047,1961.800048828125,108.90625
2023-11-15,4519.25,76.66000366210938,1960.0999755859375,108.21875
2023-11-16,4523.25,72.9000015258789,1983.9000244140625,108.859375
2023-11-17,4527.5,75.88999938964844,1981.5999755859375,108.75
2023-11-20,4562.25,77.5999984741211,1977.699951171875,108.84375
2023-11-21,4551.25,77.7699966430664,1999.300048828125,108.9375
2023-11-22,4567.25,77.0999984741211,1991.4000244140625,108.8125
2023-11-23,4569.5,77.0999984741211,1991.4000244140625,108.59375
2023-11-24,4568.25,75.54000091552734,2002.199951171875,108.390625
2023-11-27,4561.0,74.86000061035156,2011.800048828125,109.0
2023-11-28,4563.0,76.41000366210938,2039.699951171875,109.53125
2023-11-29,4559.25,77.86000061035156,2047.0999755859375,109.9375
2023-11-30,4576.75,75.95999908447266,2038.0999755859375,109.46875
2023-12-01,4600.75,74.06999969482422,2071.0,110.34375
2023-12-04,4576.5,73.04000091552734,2024.0999755859375,109.890625
2023-12-05,4575.0,72.31999969482422,2018.5,110.625
2023-12-06,4556.0,69.37999725341797,2030.5,110.8125
2023-12-07,4589.5,69.33999633789062,2029.9000244140625,110.84375
2023-12-08,4607.5,71.2300033569336,1998.300048828125,109.96875
2023-12-11,4626.0,71.31999969482422,1978.0,110.03125
2023-12-12,4645.75,68.61000061035156,1977.800048828125,110.25
2023-12-13,4708.25,69.47000122070312,1982.300048828125,111.609375
2023-12-14,4721.75,71.58000183105469,2030.199951171875,112.234375
2023-12-15,4694.27001953125,71.43000030517578,2021.0999755859375,112.109375
2023-12-18,4793.0,72.47000122070312,2026.300048828125,111.953125
2023-12-19,4820.25,73.44000244140625,2038.4000244140625,112.1875
2023-12-20,4749.75,74.22000122070312,2034.5,112.78125
2023-12-21,4796.75,73.88999938964844,2039.0999755859375,112.671875
2023-12-22,4805.25,73.55999755859375,2057.10009765625,112.59375
2023-12-26,4825.0,75.56999969482422,2058.199951171875,112.71875
2023-12-27,4833.5,74.11000061035156,2081.89990234375,113.328125
2023-12-28,4832.25,71.7699966430664,2073.89990234375,112.890625
2023-12-29,4820.0,71.6500015258789,2062.39990234375,112.890625
2024-01-02,4787.25,70.37999725341797,2064.39990234375,112.296875
2024-01-03,4746.5,72.69999694824219,2034.199951171875,112.515625
2024-01-04,4729.5,72.19000244140625,2042.300048828125,111.984375
2024-01-05,4734.75,73.80999755859375,2042.4000244140625,111.71875
2024-01-08,4801.25,70.7699966430664,2026.5999755859375,112.046875
2024-01-09,4792.75,72.23999786376953,2026.4000244140625,111.90625
2024-01-10,4820.25,71.37000274658203,2021.699951171875,111.875
2024-01-11,4815.5,72.0199966430664,2014.300048828125,112.34375
2024-01-12,4816.5,72.68000030517578,2046.699951171875,112.59375
2024-01-16,4798.5,72.4000015258789,2026.0,111.84375
2024-01-17,4771.25,72.55999755859375,2002.5999755859375,111.421875
2024-01-18,4811.25,74.08000183105469,2018.5999755859375,111.203125
2024-01-19,4869.5,73.41000366210938,2026.5,111.125
2024-01-22,4881.0,75.19000244140625,2019.800048828125,111.5
2024-01-23,4895.0,74.37000274658203,2023.699951171875,111.21875
2024-01-24,4898.0,75.08999633789062,2013.9000244140625,110.96875
2024-01-25,4923.25,77.36000061035156,2016.9000244140625,111.3125
2024-01-26,4916.25,78.01000213623047,2016.800048828125,111.03125
2024-01-29,4954.5,76.77999877929688,2025.199951171875,111.515625
2024-01-30,4951.0,77.81999969482422,2031.5,111.625
2024-01-31,4870.5,75.8499984741211,2048.39990234375,112.328125
2024-02-01,4928.5,73.81999969482422,2053.0,112.890625
2024-02-02,4980.25,72.27999877929688,2036.0999755859375,111.65625
2024-02-05,4962.0,72.77999877929688,2025.699951171875,110.78125
2024-02-06,4974.75,73.30999755859375,2034.5,111.28125
2024-02-07,5015.25,73.86000061035156,2035.199951171875,111.1875
2024-02-08,5017.75,76.22000122070312,2032.199951171875,110.75
2024-02-09,5044.0,76.83999633789062,2023.300048828125,110.578125
2024-02-12,5041.25,76.91999816894531,2018.199951171875,110.71875
2024-02-13,4971.25,77.87000274658203,1992.9000244140625,109.625
2024-02-14,5018.0,76.63999938964844,1990.300048828125,110.015625
2024-02-15,5046.5,78.02999877929688,2002.0999755859375,110.171875
2024-02-16,5019.75,79.19000244140625,2011.5,109.75
2024-02-20,4991.5,78.18000030517578,2027.5,109.9375
2024-02-21,4996.25,77.91000366210938,2022.300048828125,109.625
2024-02-22,5097.75,78.61000061035156,2019.699951171875,109.5
2024-02-23,5101.5,76.48999786376953,2038.5999755859375,109.875
2024-02-26,5080.25,77.58000183105469,2028.5,109.609375
2024-02-27,5090.0,78.87000274658203,2034.0,109.53125
2024-02-28,5081.0,78.54000091552734,2033.0,109.8125
2024-02-29,5103.75,78.26000213623047,2045.699951171875,109.921875
2024-03-01,5146.0,79.97000122070312,2086.89990234375,110.5
2024-03-04,5138.25,78.73999786376953,2117.699951171875,110.21875
2024-03-05,5085.75,78.1500015258789,2133.5,110.75
2024-03-06,5111.75,79.12999725341797,2150.300048828125,110.921875
2024-03-07,5161.75,78.93000030517578,2158.0,111.078125
2024-03-08,5129.0,78.01000213623047,2178.60009765625,111.140625
2024-03-11,5123.0,77.93000030517578,2182.5,111.015625
2024-03-12,5177.25,77.55999755859375,2160.39990234375,110.609375
2024-03-13,5168.0,79.72000122070312,2175.39990234375,110.40625
2024-03-14,5153.75,81.26000213623047,2163.0,109.734375
2024-03-15,5101.669921875,81.04000091552734,2157.300048828125,109.609375
2024-03-18,5214.75,82.72000122070312,2160.699951171875,109.359375
2024-03-19,5241.75,83.47000122070312,2156.300048828125,109.671875
2024-03-20,5286.75,81.68000030517578,2157.89990234375,110.4375
2024-03-21,5302.5,81.06999969482422,2182.39990234375,110.390625
2024-03-22,5293.25,80.62999725341797,2158.10009765625,110.75
2024-03-25,5278.25,81.94999694824219,2174.800048828125,110.515625
2024-03-26,5265.25,81.62000274658203,2175.60009765625,110.640625
2024-03-27,5308.25,81.3499984741211,2190.60009765625,110.875
2024-03-28,5308.5,83.16999816894531,2217.39990234375,110.796875
2024-04-01,5295.25,83.70999908447266,2236.5,109.921875
2024-04-02,5260.5,85.1500015258789,2261.0,109.71875
2024-04-03,5266.5,85.43000030517578,2294.39990234375,109.796875
2024-04-04,5197.25,86.58999633789062,2288.800048828125,110.125
2024-04-05,5253.0,86.91000366210938,2325.699951171875,109.65625
2024-04-08,5253.25,86.43000030517578,2331.699951171875,109.265625
2024-04-09,5260.25,85.2300033569336,2343.5,109.640625
2024-04-10,5207.75,86.20999908447266,2329.60009765625,108.203125
2024-04-11,5243.25,85.0199966430664,2354.800048828125,108.109375
2024-04-12,5167.5,85.66000366210938,2356.199951171875,108.6875
2024-04-15,5104.0,85.41000366210938,2365.800048828125,107.890625
2024-04-16,5092.5,85.36000061035156,2390.800048828125,107.671875
2024-04-17,5062.25,82.69000244140625,2371.699951171875,108.15625
2024-04-18,5049.0,82.7300033569336,2382.300048828125,107.703125
2024-04-19,5003.75,83.13999938964844,2398.39990234375,107.90625
2024-04-22,5047.5,82.8499984741211,2332.199951171875,107.859375
2024-04-23,5106.5,83.36000061035156,2327.699951171875,108.078125
2024-04-24,5107.5,82.80999755859375,2324.5,107.734375
2024-04-25,5082.25,83.56999969482422,2329.800048828125,107.359375
2024-04-26,5131.5,83.8499984741211,2334.800048828125,107.578125
2024-04-29,5147.0,82.62999725341797,2345.39990234375,107.953125
2024-04-30,5067.0,81.93000030517578,2291.39990234375,107.4375
2024-05-01,5046.5,79.0,2299.89990234375,108.109375
2024-05-02,5091.5,78.94999694824219,2299.199951171875,108.359375
2024-05-03,5154.75,78.11000061035156,2299.0,108.859375
2024-05-06,5206.5,78.4800033569336,2321.60009765625,108.890625
2024-05-07,5213.75,78.37999725341797,2315.199951171875,109.015625
2024-05-08,5212.75,78.98999786376953,2313.60009765625,108.828125
2024-05-09,5239.0,79.26000213623047,2332.10009765625,109.09375
2024-05-10,5246.25,78.26000213623047,2367.300048828125,108.703125
2024-05-13,5245.5,79.12000274658203,2336.10009765625,108.828125
2024-05-14,5269.5,78.0199966430664,2353.39990234375,109.09375
2024-05-15,5333.0,78.62999725341797,2388.699951171875,109.71875
2024-05-16,5320.25,79.2300033569336,2380.0,109.484375
2024-05-17,5327.25,80.05999755859375,2412.199951171875,109.1875
2024-05-20,5331.75,79.80000305175781,2433.89990234375,109.09375
2024-05-21,5345.25,79.26000213623047,2421.699951171875,109.234375
2024-05-22,5328.0,77.56999969482422,2389.199951171875,109.03125
2024-05-23,5285.25,76.87000274658203,2335.0,108.71875
2024-05-24,5321.5,77.72000122070312,2332.5,108.703125
2024-05-28,5324.75,79.83000183105469,2355.199951171875,108.296875
2024-05-29,5284.0,79.2300033569336,2340.300048828125,107.765625
2024-05-30,5253.0,77.91000366210938,2342.89990234375,108.234375
2024-05-31,5295.5,76.98999786376953,2322.89990234375,108.484375
2024-06-03,5297.25,74.22000122070312,2346.60009765625,109.25
2024-06-04,5304.0,73.25,2325.5,109.703125
2024-06-05,5366.0,74.06999969482422,2354.10009765625,109.984375
2024-06-06,5364.0,75.55000305175781,2370.300048828125,110.0625
2024-06-07,5355.75,75.52999877929688,2305.199951171875,109.046875
2024-06-10,5371.25,77.73999786376953,2307.699951171875,108.828125
2024-06-11,5384.0,77.9000015258789,2307.5,109.28125
2024-06-12,5427.5,78.5,2336.0,110.03125
2024-06-13,5438.5,78.62000274658203,2300.199951171875,110.421875
2024-06-14,5437.5,78.44999694824219,2331.39990234375,110.46875
2024-06-17,5478.5,80.33000183105469,2312.39990234375,110.0625
2024-06-18,5491.0,81.56999969482422,2330.39990234375,110.484375
2024-06-20,5476.75,82.16999816894531,2353.800048828125,110.546875
2024-06-21,5471.89013671875,80.7300033569336,2316.39990234375,110.5
2024-06-24,5517.0,81.62999725341797,2330.0,110.53125
2024-06-25,5537.0,80.83000183105469,2316.60009765625,110.59375
2024-06-26,5543.5,80.9000015258789,2299.199951171875,110.0625
2024-06-27,5546.0,81.73999786376953,2324.5,110.25
2024-06-28,5521.5,81.54000091552734,2327.699951171875,109.984375
2024-07-01,5533.75,83.37999725341797,2327.60009765625,109.171875
2024-07-02,5568.75,82.80999755859375,2323.0,109.46875
2024-07-03,5590.25,83.87999725341797,2359.800048828125,110.046875
2024-07-05,5621.5,83.16000366210938,2388.5,110.609375
2024-07-08,5625.25,82.33000183105469,2355.199951171875,110.59375
2024-07-09,5631.25,81.41000366210938,2360.10009765625,110.40625
2024-07-10,5688.0,82.0999984741211,2372.199951171875,110.5
2024-07-11,5639.75,82.62000274658203,2415.0,111.15625
2024-07-12,5664.75,82.20999908447266,2414.0,111.1875
2024-07-15,5683.0,81.91000366210938,2422.89990234375,110.984375
2024-07-16,5717.25,80.76000213623047,2462.39990234375,111.328125
2024-07-17,5639.0,82.8499984741211,2454.800048828125,111.4375
2024-07-18,5594.5,82.81999969482422,2451.800048828125,111.21875
2024-07-19,5553.75,80.12999725341797,2395.5,110.828125
2024-07-22,5610.75,79.77999877929688,2392.0,110.71875
2024-07-23,5599.25,76.95999908447266,2404.60009765625,110.875
2024-07-24,5472.0,77.58999633789062,2413.300048828125,110.671875
2024-07-25,5441.25,78.27999877929688,2351.89990234375,110.796875
2024-07-26,5499.0,77.16000366210938,2380.0,111.203125
2024-07-29,5503.0,75.80999755859375,2377.300048828125,111.34375
2024-07-30,5472.5,74.7300033569336,2405.0,111.5625
2024-07-31,5558.0,77.91000366210938,2426.5,111.8125
2024-08-01,5480.25,76.30999755859375,2435.0,112.734375
2024-08-02,5376.0,73.5199966430664,2425.699951171875,114.140625
2024-08-05,5217.5,72.94000244140625,2401.699951171875,114.078125
2024-08-06,5266.25,73.19999694824219,2389.10009765625,113.390625
2024-08-07,5227.5,75.2300033569336,2390.5,112.890625
2024-08-08,5348.25,76.19000244140625,2422.199951171875,112.65625
2024-08-09,5370.25,76.83999633789062,2432.10009765625,112.953125
2024-08-12,5369.75,80.05999755859375,2462.39990234375,113.234375
2024-08-13,5459.0,78.3499984741211,2466.699951171875,113.625
2024-08-14,5477.0,76.9800033569336,2439.39990234375,113.765625
2024-08-15,5567.5,78.16000366210938,2453.10009765625,112.953125
2024-08-16,5578.25,76.6500015258789,2498.60009765625,113.109375
2024-08-19,5630.0,74.37000274658203,2501.800048828125,113.21875
2024-08-20,5619.75,74.04000091552734,2511.300048828125,113.5625
2024-08-21,5641.5,71.93000030517578,2508.39990234375,113.890625
2024-08-22,5594.0,73.01000213623047,2478.89990234375,113.296875
2024-08-23,5652.5,74.83000183105469,2508.39990234375,113.703125
2024-08-26,5637.0,77.41999816894531,2517.699951171875,113.59375
2024-08-27,5644.75,75.52999877929688,2516.0,113.515625
2024-08-28,5610.25,74.5199966430664,2501.0,113.53125
2024-08-29,5610.0,75.91000366210938,2525.699951171875,113.3125
2024-08-30,5661.0,73.55000305175781,2493.800048828125,113.046875
2024-09-03,5541.75,70.33999633789062,2489.89990234375,113.484375
2024-09-04,5530.0,69.19999694824219,2493.39990234375,114.03125
2024-09-05,5512.25,69.1500015258789,2511.39990234375,114.234375
2024-09-06,5419.5,67.66999816894531,2493.5,114.515625
2024-09-09,5479.5,68.70999908447266,2501.800048828125,114.515625
2024-09-10,5504.0,65.75,2512.300048828125,114.921875
2024-09-11,5561.25,67.30999755859375,2512.10009765625,114.78125
2024-09-12,5602.25,68.97000122070312,2551.199951171875,114.6875
2024-09-13,5629.75,68.6500015258789,2581.300048828125,114.921875
2024-09-16,5638.0,70.08999633789062,2580.39990234375,115.078125
2024-09-17,5639.0,71.19000244140625,2564.300048828125,114.921875
2024-09-18,5620.75,70.91000366210938,2570.699951171875,114.640625
2024-09-19,5717.75,71.94999694824219,2588.0,114.328125
2024-09-20,5699.990234375,71.91999816894531,2619.89990234375,114.84375
2024-09-23,5776.75,70.37000274658203,2626.5,114.765625
2024-09-24,5792.0,71.55999755859375,2651.199951171875,114.84375
2024-09-25,5779.0,69.69000244140625,2659.199951171875,114.546875
2024-09-26,5804.5,67.66999816894531,2669.89990234375,114.40625
2024-09-27,5791.25,68.18000030517578,2644.300048828125,114.734375
2024-09-30,5814.25,68.16999816894531,2636.10009765625,114.28125
2024-10-01,5759.75,69.83000183105469,2667.300048828125,114.6875
2024-10-02,5760.25,70.0999984741211,2647.10009765625,114.421875
2024-10-03,5749.5,73.70999908447266,2657.10009765625,113.90625
2024-10-04,5800.0,74.37999725341797,2645.800048828125,112.84375
2024-10-07,5744.75,77.13999938964844,2644.800048828125,112.484375
2024-10-08,5800.5,73.56999969482422,2615.0,112.46875
2024-10-09,5841.25,73.23999786376953,2606.0,112.203125
2024-10-10,5829.0,75.8499984741211,2620.60009765625,112.078125
2024-10-11,5859.75,75.55999755859375,2657.60009765625,112.25
2024-10-14,5908.25,73.83000183105469,2647.800048828125,111.859375
2024-10-15,5862.75,70.58000183105469,2661.39990234375,112.4375
2024-10-16,5887.0,70.38999938964844,2674.0,112.53125
2024-10-17,5887.0,70.66999816894531,2691.0,112.046875
2024-10-18,5906.0,69.22000122070312,2713.699951171875,112.21875
2024-10-21,5896.25,70.55999755859375,2723.10009765625,111.515625
2024-10-22,5892.5,72.08999633789062,2744.199951171875,111.34375
2024-10-23,5837.75,70.7699966430664,2714.39990234375,111.03125
2024-10-24,5849.0,70.19000244140625,2734.89990234375,111.28125
2024-10-25,5846.0,71.77999877929688,2740.89990234375,111.0625
2024-10-28,5861.5,67.37999725341797,2742.89990234375,110.703125
2024-10-29,5871.0,67.20999908447266,2768.39990234375,110.75
2024-10-30,5852.0,68.61000061035156,2788.5,110.703125
2024-10-31,5738.5,69.26000213623047,2738.300048828125,110.46875
2024-11-01,5758.25,69.48999786376953,2738.60009765625,110.03125
2024-11-04,5743.25,71.47000122070312,2736.10009765625,110.359375
2024-11-05,5812.25,71.98999786376953,2740.300048828125,110.40625
2024-11-06,5958.25,71.69000244140625,2667.60009765625,109.546875
2024-11-07,6003.75,72.36000061035156,2698.39990234375,110.1875
2024-11-08,6025.25,70.37999725341797,2687.5,110.28125
2024-11-11,6031.75,68.04000091552734,2611.199951171875,109.90625
2024-11-12,6013.0,68.12000274658203,2600.0,109.421875
2024-11-13,6016.0,68.43000030517578,2580.800048828125,109.421875
2024-11-14,5978.25,68.69999694824219,2568.199951171875,109.546875
2024-11-15,5896.5,67.0199966430664,2565.699951171875,109.53125
2024-11-18,5920.0,69.16000366210938,2610.60009765625,109.625
2024-11-19,5938.75,69.38999938964844,2627.10009765625,109.84375
2024-11-20,5937.75,68.87000274658203,2648.199951171875,109.6875
2024-11-21,5970.5,70.0999984741211,2672.10009765625,109.5
2024-11-22,5987.0,71.23999786376953,2709.89990234375,109.640625
2024-11-25,6006.5,68.94000244140625,2616.800048828125,110.53125
2024-11-26,6038.25,68.7699966430664,2620.300048828125,110.328125
2024-11-27,6015.0,68.72000122070312,2639.89990234375,110.734375
2024-11-29,6051.5,68.0,2657.0,111.015625
2024-12-02,6061.75,68.0999984741211,2634.89990234375,110.953125
2024-12-03,6063.25,69.94000244140625,2644.699951171875,110.8125
2024-12-04,6098.5,68.54000091552734,2653.800048828125,111.109375
2024-12-05,6088.75,68.30000305175781,2626.60009765625,111.0625
2024-12-06,6099.0,67.19999694824219,2638.60009765625,111.328125
2024-12-09,6065.75,68.37000274658203,2664.89990234375,111.0625
2024-12-10,6046.25,68.58999633789062,2697.60009765625,110.875
2024-12-11,6092.75,70.29000091552734,2733.800048828125,110.609375
2024-12-12,6060.75,70.0199966430664,2687.5,110.3125
2024-12-13,6055.5,71.29000091552734,2656.0,109.828125
2024-12-16,6080.5,70.70999908447266,2651.39990234375,109.8125
2024-12-17,6053.75,70.08000183105469,2644.39990234375,109.890625
2024-12-18,5872.25,70.58000183105469,2636.5,109.0625
2024-12-19,5868.75,69.91000366210938,2592.199951171875,108.703125
2024-12-20,5840.259765625,69.45999908447266,2628.699951171875,108.96875
2024-12-23,6036.0,69.23999786376953,2612.300048828125,108.46875
2024-12-24,6098.0,70.0999984741211,2620.0,108.5625
2024-12-26,6095.25,69.62000274658203,2638.800048828125,108.65625
2024-12-27,6027.0,70.5999984741211,2617.199951171875,108.4375
2024-12-30,5958.75,70.98999786376953,2606.10009765625,108.96875
2024-12-31,5935.75,71.72000122070312,2629.199951171875,108.75
2025-01-02,5916.5,73.12999725341797,2658.89990234375,108.8125
2025-01-03,5989.5,73.95999908447266,2645.0,108.640625
2025-01-06,6020.5,73.55999755859375,2638.39990234375,108.53125
2025-01-07,5954.25,74.25,2656.699951171875,108.171875
2025-01-08,5959.25,73.31999969482422,2664.5,108.140625
2025-01-09,5944.75,73.91999816894531,2683.800048828125,108.21875
2025-01-10,5866.25,76.56999969482422,2708.5,107.390625
2025-01-13,5874.5,78.81999969482422,2673.5,107.234375
2025-01-14,5882.25,77.5,2677.5,107.359375
2025-01-15,5989.0,80.04000091552734,2712.5,108.328125
2025-01-16,5975.5,78.68000030517578,2746.39990234375,108.609375
2025-01-17,6033.5,77.87999725341797,2744.300048828125,108.546875
2025-01-21,6084.25,75.88999938964844,2755.0,108.734375
2025-01-22,6120.5,75.44000244140625,2767.60009765625,108.5625
2025-01-23,6152.0,74.62000274658203,2763.10009765625,108.375
2025-01-24,6133.25,74.66000366210938,2777.300048828125,108.46875
2025-01-27,6046.75,73.16999816894531,2737.5,109.15625
2025-01-28,6097.0,73.7699966430664,2766.800048828125,109.03125
2025-01-29,6067.5,72.62000274658203,2769.10009765625,108.953125
2025-01-30,6099.25,72.7300033569336,2823.0,109.234375
2025-01-31,6067.25,72.52999877929688,2812.5,108.84375
2025-02-03,6022.25,73.16000366210938,2833.89990234375,108.953125
2025-02-04,6063.0,72.69999694824219,2853.300048828125,109.203125
2025-02-05,6086.5,71.02999877929688,2871.60009765625,109.75
2025-02-06,6106.0,70.61000061035156,2856.0,109.578125
2025-02-07,6049.5,71.0,2867.300048828125,109.234375
2025-02-10,6088.75,72.31999969482422,2914.300048828125,109.21875
2025-02-11,6092.25,73.31999969482422,2912.5,108.953125
2025-02-12,6072.75,71.37000274658203,2909.0,108.265625
2025-02-13,6135.25,71.29000091552734,2925.89990234375,108.96875
2025-02-14,6132.0,70.73999786376953,2883.60009765625,109.3125
2025-02-18,6146.75,71.8499984741211,2931.60009765625,108.84375
2025-02-19,6163.0,72.25,2919.39990234375,108.953125
2025-02-20,6136.5,72.56999969482422,2940.0,109.171875
2025-02-21,6029.0,70.4000015258789,2937.60009765625,109.6875
2025-02-24,6000.75,70.69999694824219,2947.89990234375,109.875
2025-02-25,5970.0,68.93000030517578,2904.5,110.515625
2025-02-26,5970.75,68.62000274658203,2916.800048828125,110.84375
2025-02-27,5876.25,70.3499984741211,2883.199951171875,110.609375
2025-02-28,5963.25,69.76000213623047,2836.800048828125,111.0625
2025-03-03,5860.75,68.37000274658203,2890.199951171875,111.375
2025-03-04,5789.5,68.26000213623047,2909.60009765625,111.21875
2025-03-05,5851.25,66.30999755859375,2915.300048828125,110.84375
2025-03-06,5746.25,66.36000061035156,2916.60009765625,110.78125
2025-03-07,5776.0,67.04000091552734,2904.699951171875,110.546875
2025-03-10,5620.75,66.02999877929688,2891.0,111.28125
2025-03-11,5577.0,66.25,2912.89990234375,110.8125
2025-03-12,5604.75,67.68000030517578,2939.10009765625,110.625
2025-03-13,5527.5,66.55000305175781,2984.300048828125,110.90625
2025-03-14,5640.0,67.18000030517578,2994.5,110.625
2025-03-17,5680.25,67.58000183105469,3000.0,110.59375
2025-03-18,5618.0,66.9000015258789,3035.10009765625,110.78125
2025-03-19,5678.5,67.16000366210938,3035.89990234375,110.984375
2025-03-20,5662.5,68.26000213623047,3040.0,111.15625
2025-03-21,5617.7998046875,68.27999877929688,3018.199951171875,111.09375
2025-03-24,5815.5,69.11000061035156,3013.10009765625,110.546875
2025-03-25,5826.5,69.0,3023.699951171875,110.75
2025-03-26,5759.5,69.6500015258789,3020.89990234375,110.5625
2025-03-27,5739.25,69.91999816894531,3060.199951171875,110.421875
2025-03-28,5623.0,69.36000061035156,3086.5,111.203125
2025-03-31,5653.25,71.4800033569336,3122.800048828125,111.21875
2025-04-01,5674.5,71.19999694824219,3118.89990234375,111.78125
2025-04-02,5712.25,71.70999908447266,3139.89990234375,111.5
2025-04-03,5432.75,66.94999694824219,3097.0,112.640625
2025-04-04,5110.25,61.9900016784668,3012.0,113.046875
2025-04-07,5097.25,60.70000076293945,2951.300048828125,112.0625
2025-04-08,5020.25,59.58000183105469,2968.39990234375,111.46875
2025-04-09,5491.0,62.349998474121094,3056.5,110.328125
2025-04-10,5302.0,60.06999969482422,3155.199951171875,110.59375
2025-04-11,5391.25,61.5,3222.199951171875,109.734375
2025-04-14,5440.75,61.529998779296875,3204.800048828125,110.75
2025-04-15,5428.25,61.33000183105469,3218.699951171875,111.078125
2025-04-16,5305.75,62.470001220703125,3326.60009765625,111.421875
2025-04-17,5312.75,64.68000030517578,3308.699951171875,111.171875
2025-04-21,5184.75,63.08000183105469,3406.199951171875,110.8125
2025-04-22,5314.75,64.30999755859375,3400.800048828125,110.796875
2025-04-23,5401.75,62.27000045776367,3276.300048828125,110.65625
2025-04-24,5511.25,62.790000915527344,3332.0,111.21875
2025-04-25,5549.75,63.02000045776367,3282.39990234375,111.515625
2025-04-28,5553.0,62.04999923706055,3332.5,111.90625
2025-04-29,5583.75,60.41999816894531,3318.800048828125,112.15625
2025-04-30,5587.0,58.209999084472656,3305.0,112.21875
2025-05-01,5623.25,59.2400016784668,3210.0,111.859375
2025-05-02,5709.0,58.290000915527344,3231.89990234375,111.15625
2025-05-05,5671.75,57.130001068115234,3311.300048828125,111.0625
2025-05-06,5625.75,59.09000015258789,3411.39990234375,111.3125
2025-05-07,5652.0,58.06999969482422,3381.39990234375,111.546875
2025-05-08,5684.5,59.90999984741211,3296.60009765625,110.796875
2025-05-09,5678.0,61.02000045776367,3335.39990234375,110.8125
2025-05-12,5865.0,61.95000076293945,3220.0,110.15625
2025-05-13,5904.5,63.66999816894531,3240.300048828125,109.96875
2025-05-14,5908.5,63.150001525878906,3181.39990234375,109.71875
2025-05-15,5933.25,61.619998931884766,3220.699951171875,110.25
2025-05-16,5975.5,62.4900016784668,3182.0,110.328125
2025-05-19,5982.5,62.689998626708984,3228.89990234375,110.140625
2025-05-20,5959.75,62.560001373291016,3280.300048828125,110.203125
2025-05-21,5861.25,61.56999969482422,3309.300048828125,109.5
2025-05-22,5856.75,61.20000076293945,3292.300048828125,109.828125
2025-05-23,5817.0,61.529998779296875,3363.60009765625,110.078125
2025-05-27,5934.25,60.88999938964844,3299.10009765625,110.515625
2025-05-28,5902.75,61.84000015258789,3293.60009765625,110.21875
2025-05-29,5922.75,60.939998626708984,3317.10009765625,110.640625
2025-05-30,5916.0,60.790000915527344,3288.89990234375,110.71875
2025-06-02,5947.25,62.52000045776367,3370.60009765625,110.46875
2025-06-03,5981.5,63.40999984741211,3350.199951171875,110.453125
2025-06-04,5981.0,62.849998474121094,3373.5,111.09375
2025-06-05,5946.0,63.369998931884766,3350.699951171875,110.78125
2025-06-06,6006.75,64.58000183105469,3322.699951171875,109.9375
2025-06-09,6010.25,65.29000091552734,3332.10009765625,110.171875
2025-06-10,6045.0,64.9800033569336,3320.89990234375,110.21875
2025-06-11,6029.0,68.1500015258789,3321.300048828125,110.6875
2025-06-12,6049.5,68.04000091552734,3380.89990234375,111.046875
2025-06-13,5979.25,72.9800033569336,3431.199951171875,110.625
2025-06-16,6035.75,71.7699966430664,3396.39990234375,110.5
2025-06-17,5985.0,74.83999633789062,3386.60009765625,110.84375
2025-06-18,5981.5,75.13999938964844,3389.800048828125,111.0625
2025-06-20,6010.2099609375,74.93000030517578,3368.10009765625,110.984375
2025-06-23,6077.0,68.51000213623047,3377.699951171875,111.453125
2025-06-24,6146.25,64.37000274658203,3317.39990234375,111.65625
2025-06-25,6147.0,64.91999816894531,3327.10009765625,111.6875
2025-06-26,6195.0,65.23999786376953,3333.5,112.015625
2025-06-27,6223.75,65.5199966430664,3273.699951171875,111.8125
2025-06-30,6253.75,65.11000061035156,3294.39990234375,112.125
2025-07-01,6248.75,65.44999694824219,3336.699951171875,111.859375
2025-07-02,6275.0,67.44999694824219,3348.0,111.625
2025-07-03,6324.25,67.0,3331.60009765625,111.21875
2025-07-04,6283.5,66.5,3332.5,111.359375
2025-07-07,6276.0,67.93000030517578,3332.199951171875,110.921875
2025-07-08,6272.0,68.33000183105469,3307.0,110.78125
2025-07-09,6307.25,68.37999725341797,3311.60009765625,111.265625
2025-07-10,6324.25,66.56999969482422,3317.39990234375,111.21875
2025-07-11,6300.0,68.44999694824219,3356.0,110.71875
2025-07-14,6311.0,66.9800033569336,3351.5,110.765625
2025-07-15,6284.0,66.5199966430664,3329.800048828125,110.28125
2025-07-16,6303.25,66.37999725341797,3352.5,110.625
2025-07-17,6340.5,67.54000091552734,3340.10009765625,110.515625
2025-07-18,6334.75,67.33999633789062,3353.0,110.78125
2025-07-21,6344.75,67.19999694824219,3401.89990234375,111.1875
2025-07-22,6346.75,66.20999908447266,3439.199951171875,111.40625
2025-07-23,6396.25,65.25,3394.10009765625,111.015625
2025-07-24,6401.5,66.02999877929688,3371.0,110.828125
2025-07-25,6425.0,65.16000366210938,3334.0,110.984375
2025-07-28,6422.75,66.70999908447266,3309.10009765625,110.765625
2025-07-29,6406.0,69.20999908447266,3323.39990234375,111.359375
2025-07-30,6396.25,70.0,3295.800048828125,111.0
2025-07-31,6374.25,69.26000213623047,3293.199951171875,111.0625
2025-08-01,6264.5,67.33000183105469,3347.699951171875,112.203125
2025-08-04,6356.0,66.29000091552734,3374.39990234375,112.375
2025-08-05,6325.25,65.16000366210938,3381.89990234375,112.296875
2025-08-06,6371.0,64.3499984741211,3380.0,112.234375
2025-08-07,6366.5,63.880001068115234,3400.300048828125,112.09375
2025-08-08,6413.5,63.880001068115234,3439.10009765625,111.828125
2025-08-11,6399.75,63.959999084472656,3353.10009765625,111.890625
2025-08-12,6468.5,63.16999816894531,3348.89990234375,111.8125
2025-08-13,6488.75,62.650001525878906,3358.699951171875,112.171875
2025-08-14,6490.5,63.959999084472656,3335.199951171875,111.796875
2025-08-15,6471.5,62.79999923706055,3336.0,111.59375
2025-08-18,6469.25,63.41999816894531,3331.699951171875,111.515625
2025-08-19,6432.5,62.349998474121094,3313.39990234375,111.765625
2025-08-20,6413.25,63.209999084472656,3343.39990234375,111.859375
2025-08-21,6388.25,63.52000045776367,3336.89990234375,111.546875
2025-08-22,6483.25,63.65999984741211,3374.39990234375,112.140625
2025-08-25,6455.5,64.80000305175781,3373.800048828125,111.96875
2025-08-26,6482.5,63.25,3388.60009765625,112.203125
2025-08-27,6496.0,64.1500015258789,3404.60009765625,112.40625
2025-08-28,6517.5,64.5999984741211,3431.800048828125,112.53125
2025-08-29,6472.75,64.01000213623047,3473.699951171875,112.453125
2025-09-02,6425.5,65.58999633789062,3549.39990234375,112.140625
2025-09-03,6457.25,63.970001220703125,3593.199951171875,112.59375
2025-09-04,6510.75,63.47999954223633,3565.800048828125,112.828125
2025-09-05,6489.75,61.869998931884766,3613.199951171875,113.359375
2025-09-08,6506.0,62.2599983215332,3638.10009765625,113.5
2025-09-09,6521.75,62.630001068115234,3643.300048828125,113.3125
2025-09-10,6539.75,63.66999816894531,3643.60009765625,113.515625
2025-09-11,6592.5,62.369998931884766,3636.89990234375,113.59375
2025-09-12,6588.25,62.689998626708984,3649.39990234375,113.25
2025-09-15,6621.5,63.29999923706055,3682.199951171875,113.40625
2025-09-16,6610.75,64.5199966430664,3688.89990234375,113.515625
2025-09-17,6601.25,64.05000305175781,3681.800048828125,113.09375
2025-09-18,6635.0,63.56999969482422,3643.699951171875,112.96875
2025-09-19,6658.77001953125,62.68000030517578,3671.5,112.828125
2025-09-22,6752.5,62.63999938964844,3740.699951171875,112.703125
2025-09-23,6715.0,63.40999984741211,3780.60009765625,112.875
2025-09-24,6692.25,64.98999786376953,3732.10009765625,112.640625
2025-09-25,6659.75,64.9800033569336,3736.89990234375,112.328125
2025-09-26,6696.5,65.72000122070312,3775.300048828125,112.265625
2025-09-29,6713.5,63.45000076293945,3820.89990234375,112.515625
2025-09-30,6738.75,62.369998931884766,3840.800048828125,112.5
2025-10-01,6761.5,61.779998779296875,3867.5,112.84375
2025-10-02,6766.75,60.47999954223633,3839.699951171875,112.921875
2025-10-03,6764.0,60.880001068115234,3880.800048828125,112.671875
2025-10-06,6788.75,61.689998626708984,3948.5,112.390625
2025-10-07,6761.5,61.72999954223633,3976.60009765625,112.671875
2025-10-08,6801.25,62.54999923706055,4043.300048828125,112.609375
2025-10-09,6779.25,61.5099983215332,3946.300048828125,112.484375
2025-10-10,6595.25,58.900001525878906,3975.89990234375,113.140625
2025-10-13,6694.75,59.4900016784668,4108.60009765625,113.15625
2025-10-14,6686.5,58.70000076293945,4138.7001953125,113.40625
2025-10-15,6715.0,58.27000045776367,4176.89990234375,113.234375
2025-10-16,6668.75,57.459999084472656,4280.2001953125,113.75
2025-10-17,6702.5,57.540000915527344,4189.89990234375,113.46875
2025-10-20,6773.75,57.52000045776367,4336.39990234375,113.59375
2025-10-21,6773.25,57.81999969482422,4087.699951171875,113.75
2025-10-22,6737.0,58.5,4044.39990234375,113.796875
2025-10-23,6775.0,61.790000915527344,4125.5,113.484375
2025-10-24,6827.0,61.5,4118.39990234375,113.4375
2025-10-27,6908.25,61.310001373291016,4001.89990234375,113.421875
2025-10-28,6925.75,60.150001525878906,3966.199951171875,113.46875
2025-10-29,6922.75,60.47999954223633,3983.699951171875,112.90625
2025-10-30,6855.5,60.56999969482422,4001.300048828125,112.703125
2025-10-31,6874.0,60.97999954223633,3982.199951171875,112.671875
2025-11-03,6882.75,61.04999923706055,4000.300048828125,112.671875
2025-11-04,6801.75,60.560001373291016,3947.699951171875,112.78125
2025-11-05,6825.25,59.599998474121094,3980.300048828125,112.328125
2025-11-06,6747.5,59.43000030517578,3979.89990234375,112.828125
2025-11-07,6753.75,59.75,3999.39990234375,112.859375
2025-11-10,6856.75,60.130001068115234,4111.7998046875,112.6875
2025-11-11,6871.5,61.040000915527344,4106.7998046875,113.03125
2025-11-12,6875.75,58.4900016784668,4204.39990234375,113.0
2025-11-13,6760.0,58.689998626708984,4186.89990234375,112.765625
2025-11-14,6755.25,60.09000015258789,4087.60009765625,112.53125
2025-11-17,6692.0,59.90999984741211,4068.300048828125,112.640625
2025-11-18,6639.75,60.7400016784668,4061.300048828125,112.78125
2025-11-19,6661.5,59.439998626708984,4077.699951171875,112.6875
2025-11-20,6557.5,59.13999938964844,4056.5,112.875
2025-11-21,6620.25,58.060001373291016,4076.699951171875,113.25
2025-11-24,6721.25,58.84000015258789,4091.89990234375,113.375
2025-11-25,6781.5,57.95000076293945,4139.2001953125,113.640625
2025-11-26,6828.0,58.650001525878906,4165.2001953125,113.625
2025-11-28,6859.5,58.54999923706055,4218.2998046875,113.421875
2025-12-01,6826.75,59.31999969482422,4239.2998046875,112.9375
2025-12-02,6840.25,58.63999938964844,4186.60009765625,113.0
2025-12-03,6862.0,58.95000076293945,4199.2998046875,113.21875
2025-12-04,6866.75,59.66999816894531,4211.7998046875,112.84375
2025-12-05,6878.25,60.08000183105469,4212.89990234375,112.640625
2025-12-08,6855.75,58.880001068115234,4187.2001953125,112.390625
2025-12-09,6848.25,58.25,4206.7001953125,112.234375
2025-12-10,6891.75,58.459999084472656,4196.39990234375,112.359375
2025-12-11,6907.25,57.599998474121094,4285.5,112.609375
2025-12-12,6830.75,57.439998626708984,4300.10009765625,112.34375
2025-12-15,6823.0,56.81999969482422,4306.7001953125,112.453125
2025-12-16,6801.0,55.27000045776367,4304.5,112.6875
2025-12-17,6726.5,55.939998626708984,4347.5,112.671875
2025-12-18,6778.25,56.150001525878906,4339.5,112.9375
2025-12-19,6796.5400390625,56.65999984741211,4361.39990234375,112.703125
2025-12-22,6930.25,58.0099983215332,4444.60009765625,112.34375
2025-12-23,6961.0,58.380001068115234,4482.7998046875,112.296875
2025-12-24,6982.5,58.349998474121094,4480.60009765625,112.515625
2025-12-26,6979.25,56.7400016784668,4529.10009765625,112.578125
2025-12-29,6955.0,58.08000183105469,4325.10009765625,112.71875
2025-12-30,6944.25,57.95000076293945,4370.10009765625,112.640625
2025-12-31,6892.5,57.41999816894531,4325.60009765625,112.4375
2026-01-02,6900.5,57.31999969482422,4314.39990234375,112.203125
2026-01-05,6943.75,58.31999969482422,4436.89990234375,112.421875
2026-01-06,6987.75,57.130001068115234,4482.2001953125,112.328125
2026-01-07,6963.25,55.9900016784668,4449.2998046875,112.578125
2026-01-08,6962.0,57.7599983215332,4449.7001953125,112.25
2026-01-09,7005.0,59.119998931884766,4490.2998046875,112.21875
2026-01-12,7016.5,59.5,4604.2998046875,112.140625
2026-01-13,7001.75,61.150001525878906,4589.2001953125,112.265625
2026-01-14,6966.25,62.02000045776367,4626.2998046875,112.46875
2026-01-15,6981.75,59.189998626708984,4616.2998046875,112.21875
2026-01-16,6976.75,59.439998626708984,4588.39990234375,111.75
2026-01-20,6829.5,60.34000015258789,4759.60009765625,111.421875
2026-01-21,6910.0,60.619998931884766,4831.7998046875,111.65625
2026-01-22,6945.0,59.36000061035156,4908.7998046875,111.59375
2026-01-23,6945.75,61.06999969482422,4976.2001953125,111.671875
2026-01-26,6981.25,60.630001068115234,5079.7001953125,111.828125
2026-01-27,7008.5,62.38999938964844,5079.89990234375,111.796875
2026-01-28,7007.25,63.209999084472656,5301.60009765625,111.640625
2026-01-29,6992.75,65.41999816894531,5318.39990234375,111.859375
2026-01-30,6965.75,65.20999908447266,4713.89990234375,111.828125
2026-02-02,7002.5,62.13999938964844,4622.5,111.59375
2026-02-03,6941.75,63.209999084472656,4903.7001953125,111.59375
2026-02-04,6906.25,65.13999938964844,4920.39990234375,111.609375
2026-02-05,6820.75,63.290000915527344,4861.39990234375,112.125
2026-02-06,6952.75,63.54999923706055,4951.2001953125,112.109375
2026-02-09,6983.25,64.36000061035156,5050.89990234375,112.1875
2026-02-10,6961.5,63.959999084472656,5003.7998046875,112.515625
2026-02-11,6960.5,64.62999725341797,5071.60009765625,112.28125
2026-02-12,6851.0,62.84000015258789,4923.7001953125,112.796875
2026-02-13,6850.5,62.88999938964844,5022.0,113.171875
2026-02-17,6860.5,62.33000183105469,4882.89990234375,113.125
2026-02-18,6894.25,65.19000244140625,4986.5,112.953125
2026-02-19,6877.0,66.43000030517578,4975.89990234375,112.96875
2026-02-20,6923.25,66.38999938964844,5059.2998046875,112.9375
2026-02-23,6851.5,66.30999755859375,5204.7001953125,113.375
2026-02-24,6903.75,65.62999725341797,5155.7998046875,113.296875
2026-02-25,6959.75,65.41999816894531,5206.39990234375,113.171875
2026-02-26,6920.0,65.20999908447266,5176.5,113.421875
2026-02-27,6889.0,67.0199966430664,5230.5,113.859375
2026-03-02,6888.25,71.2300033569336,5294.39990234375,113.15625
2026-03-03,6824.75,74.55999755859375,5107.39990234375,113.109375
2026-03-04,6876.0,74.66000366210938,5120.2001953125,112.90625
2026-03-05,6835.25,81.01000213623047,5065.2998046875,112.421875
2026-03-06,6743.75,90.9000015258789,5146.10009765625,112.5625
2026-03-09,6801.0,94.7699966430664,5091.5,112.484375
2026-03-10,6787.25,83.44999694824219,5229.7001953125,112.578125
2026-03-11,6779.5,87.25,5167.39990234375,112.125
2026-03-12,6677.5,95.7300033569336,5115.7998046875,111.5625
2026-03-13,6636.0,98.70999908447266,5052.5,111.5625
2026-03-16,6704.75,93.5,4994.0,112.03125
2026-03-17,6721.75,96.20999908447266,5001.0,112.140625
2026-03-18,6626.0,96.31999969482422,4889.89990234375,111.6875
2026-03-19,6609.25,96.13999938964844,4600.7001953125,111.359375
2026-03-20,6594.6298828125,98.31999969482422,4570.39990234375,110.796875
2026-03-23,6634.75,88.12999725341797,4404.10009765625,110.921875
2026-03-24,6606.0,92.3499984741211,4399.2998046875,110.421875
2026-03-25,6640.75,90.31999969482422,4549.7998046875,110.890625
2026-03-26,6525.0,94.4800033569336,4375.5,110.171875
2026-03-27,6412.25,99.63999938964844,4492.0,110.15625
2026-03-30,6388.25,102.87999725341797,4526.0,110.8125
2026-03-31,6570.75,101.37999725341797,4647.60009765625,111.046875
2026-04-01,6617.75,100.12000274658203,4783.2001953125,110.984375
2026-04-02,6622.25,111.54000091552734,4651.5,111.015625
2026-04-06,6651.0,112.41000366210938,4656.7998046875,110.8125
2026-04-07,6656.75,112.94999694824219,4657.10009765625,110.859375
2026-04-08,6823.75,94.41000366210938,4749.5,111.234375
2026-04-09,6863.25,97.87000274658203,4792.2001953125,111.234375
2026-04-10,6855.25,96.56999969482422,4761.89990234375,111.09375
2026-04-13,6922.75,99.08000183105469,4742.39990234375,111.234375
2026-04-14,7004.75,91.27999877929688,4825.0,111.53125
2026-04-15,7060.5,91.29000091552734,4800.0,111.359375
2026-04-16,7077.0,94.69000244140625,4785.39990234375,111.21875
2026-04-17,7161.5,83.8499984741211,4857.60009765625,111.71875
2026-04-20,7148.0,89.61000061035156,4806.60009765625,111.65625
2026-04-21,7100.0,92.12999725341797,4698.39990234375,111.296875
2026-04-22,7171.25,92.95999908447266,4732.5,111.28125
2026-04-23,7143.5,95.8499984741211,4705.10009765625,111.046875
2026-04-24,7194.75,94.4000015258789,4722.2998046875,111.21875
2026-04-27,7206.0,96.37000274658203,4675.39990234375,111.03125
2026-04-28,7171.0,99.93000030517578,4591.5,110.859375
2026-04-29,7168.0,106.87999725341797,4545.2001953125,110.359375
2026-04-30,7243.75,105.06999969482422,4614.7001953125,110.59375
2026-05-01,7258.0,101.94000244140625,4629.89990234375,110.640625
2026-05-04,7230.25,106.41999816894531,4519.5,110.171875
2026-05-05,7287.25,102.2699966430664,4555.7998046875,110.34375
2026-05-06,7389.5,95.08000183105469,4681.89990234375,110.796875
2026-05-07,7363.0,94.80999755859375,4699.7998046875,110.515625
2026-05-08,7419.0,95.41999816894531,4720.39990234375,110.75
2026-05-11,7436.75,98.06999969482422,4718.7001953125,110.40625
2026-05-12,7426.5,102.18000030517578,4677.60009765625,110.03125
2026-05-13,7469.5,101.0199966430664,4697.7001953125,110.0
2026-05-14,7525.5,101.16999816894531,4678.10009765625,110.109375
2026-05-15,7432.25,105.41999816894531,4555.7998046875,109.171875
2026-05-18,7425.75,108.66000366210938,4552.5,109.015625
2026-05-19,7378.0,107.7699966430664,4506.2998046875,108.703125
2026-05-20,7451.75,98.26000213623047,4531.2998046875,109.40625
2026-05-21,7466.0,96.3499984741211,4539.7998046875,109.234375
2026-05-22,7491.0,96.5999984741211,4521.0,109.25
2026-05-26,7537.0,93.88999938964844,4500.39990234375,109.828125
2026-05-27,7540.0,88.68000030517578,4447.5,109.90625
2026-05-28,7581.75,88.9000015258789,4499.2998046875,110.046875
2026-05-29,7595.75,87.36000061035156,4560.5,110.078125
2026-06-01,7613.25,92.16000366210938,4475.2001953125,109.859375
2026-06-02,7623.75,93.76000213623047,4489.10009765625,109.953125
2026-06-03,7571.75,96.0199966430664,4436.7001953125,109.71875
2026-06-04,7601.0,93.04000091552734,4475.7998046875,109.84375
2026-06-05,7400.5,90.54000091552734,4337.10009765625,109.34375
2026-06-08,7416.0,91.30000305175781,4335.89990234375,109.296875
2026-06-09,7392.75,88.19999694824219,4260.0,109.484375
2026-06-10,7278.5,90.02999877929688,4108.2001953125,109.40625
2026-06-11,7396.0,87.70999908447266,4090.300048828125,109.9375
2026-06-12,7435.0,84.87999725341797,4215.0,109.78125
2026-06-15,7561.25,80.75,4328.0,109.90625
2026-06-16,7518.5,76.05000305175781,4330.89990234375,110.1875
2026-06-17,7424.5,76.79000091552734,4358.89990234375,109.8125
2026-06-18,7508.43017578125,76.5999984741211,4224.10009765625,109.921875
2026-06-22,7541.25,74.81999969482422,4181.89990234375,109.234375
2026-06-23,7437.5,73.20999908447266,4129.89990234375,109.375
2026-06-24,7428.25,70.33999633789062,3990.300048828125,110.0
2026-06-25,7423.25,71.91999816894531,4030.5,110.09375
2026-06-26,7401.75,69.2300033569336,4078.699951171875,110.265625
2026-06-29,7500.25,70.75,4022.300048828125,110.1875
2026-06-30,7548.25,69.5,4022.89990234375,109.890625
2026-07-01,7543.5,68.58000183105469,4068.300048828125,109.578125
2026-07-02,7528.25,68.69000244140625,4112.7001953125,109.578125
2026-07-06,7591.5,68.55000305175781,4155.10009765625,109.640625
2026-07-07,7551.25,70.44000244140625,4145.2998046875,109.328125
2026-07-08,7528.75,73.5199966430664,4070.89990234375,109.0
2026-07-09,7588.75,72.08000183105469,4130.60009765625,109.265625
2026-07-10,7620.25,71.41000366210938,4104.10009765625,109.03125
2026-07-13,7563.0,78.13999938964844,3997.0,108.703125
2026-07-14,7591.25,79.33999633789062,4061.10009765625,108.921875
2026-07-15,7614.75,79.5999984741211,4044.0,109.296875
2026-07-16,7577.75,78.94999694824219,3985.60009765625,109.140625
2026-07-17,7497.75,82.48999786376953,4012.699951171875,109.265625
2026-07-20,7484.25,83.2300033569336,4010.300048828125,108.859375
2026-07-21,7545.75,84.91000366210938,4071.10009765625,108.640625
2026-07-22,7540.25,86.83000183105469,4146.89990234375,108.421875
2026-07-23,7445.0,92.19000244140625,4046.60009765625,108.09375
2026-07-24,7447.5,89.30999755859375,4067.60009765625,108.328125
2026-07-27,7448.25,82.61000061035156,4074.5,108.578125
2026-07-28,7465.25,79.26000213623047,4036.300048828125,108.8125
2026-07-29,7351.25,84.45999908447266,4034.699951171875,108.78125
2026-07-30,7472.5,83.58999633789062,4100.10009765625,108.546875
2026-07-31,7519.25,84.66999816894531,4049.10009765625,108.0
2026-08-03,7628.25,80.33999633789062,4033.699951171875,108.421875
2026-08-04,7765.5,75.7699966430664,4095.39990234375,108.84375
2026-08-05,7749.5,75.22000122070312,4245.7998046875,108.890625
2026-08-06,7734.75,77.29000091552734,4242.0,108.5
2026-08-07,7779.75,78.18000030517578,4340.7001953125,108.640625
2026-08-10,7776.75,82.12999725341797,4361.7998046875,108.375
2026-08-11,7747.5,83.19999694824219,4383.0,108.484375
2026-08-12,7770.5,83.2699966430664,4408.89990234375,108.546875
2026-08-13,7822.5,81.25,4363.60009765625,108.921875
2026-08-14,7805.0,82.4000015258789,4380.39990234375,108.578125
2026-08-17,7768.75,84.5,4417.7998046875,108.453125
2026-08-18,7714.0,84.94000244140625,4366.0,108.5625
2026-08-19,7729.0,85.83000183105469,4489.39990234375,108.78125
2026-08-20,7662.5,87.83000183105469,4516.2998046875,108.5
2026-08-21,7691.25,87.05999755859375,4624.10009765625,108.265625
2026-08-24,7669.75,85.01000213623047,4640.7998046875,108.453125
2026-08-25,7692.0,82.36000061035156,4638.10009765625,108.859375
2026-08-26,7690.0,82.2300033569336,4598.2001953125,108.65625
2026-08-27,7742.5,83.52999877929688,4609.7001953125,108.578125
2026-08-28,7722.0,83.4000015258789,4478.10009765625,108.109375
2026-08-31,7699.0,85.76000213623047,4431.10009765625,107.90625
2026-09-01,7642.75,90.22000122070312,4348.0,107.625
2026-09-02,7676.5,91.01000213623047,4366.2998046875,107.671875
2026-09-03,7754.75,91.30000305175781,4491.7001953125,107.921875
2026-09-04,7722.0,91.4800033569336,4429.7998046875,107.734375
2026-09-07,7722.0,91.4800033569336,4476.60009765625,107.46875
